# Mirrorly browser-ready derivative; original source and license metadata remain in this folder.
# Rebuild with scripts/Build-Mirrorly3DAssets.ps1. Shape: Buzz
mtllib mirrorly.mtl
# This is a mesh file for MakeHuman
#
# This asset was explicitly released as CC0 in september 2020. The license
# text for CC0 can be found in the root of this repository.
#
# The copyright holders at the point of the release to CC0 were:
#
# Copyright (C) 2020 Data Collection AB, https://www.datacollection.se
# Copyright (C) 2020 Joel Palmius
# Copyright (C) 2020 Jonas Hauquier
#
# The primary legal contact for MakeHuman is Data Collection AB.
#
# For more information, see homepage at http://www.makehumancommunity.org
#
# basemesh hm08
v 0.589004 7.989580 1.111118
v 0.596336 7.941785 1.064118
v 0.593892 7.953885 1.040430
v 0.578852 8.009380 1.080192
v 0.772398 8.008940 0.220468
v 0.766664 8.054205 0.157018
v 0.791292 8.078075 0.213230
v 0.786780 8.027640 0.270006
v 0.464078 8.420175 0.337780
v 0.415950 8.438820 0.334114
v 0.390664 8.442505 0.458852
v 0.437476 8.426335 0.463646
v 0.534108 7.986995 1.263022
v 0.493406 7.999425 1.303348
v 0.492936 7.985015 1.310022
v 0.528374 7.974620 1.269884
v 0.330504 8.321010 -0.115770
v 0.296476 8.336025 -0.137672
v 0.285666 8.374360 -0.035682
v 0.323924 8.357255 -0.018010
v 0.130002 7.667775 -0.308000
v 0.089300 7.671295 -0.309034
v 0.094376 7.737130 -0.347950
v 0.137334 7.736415 -0.339302
v 0.586936 8.240930 -0.051286
v 0.539936 8.255945 -0.060028
v 0.585902 8.303685 0.005490
v 0.632526 8.277505 0.038390
v 0.751060 7.990515 0.181082
v 0.734610 8.032370 0.116974
v 0.442928 8.282235 -0.068864
v 0.400252 8.293840 -0.079862
v 0.419334 8.341305 -0.001090
v 0.465300 8.330965 -0.005790
v 0.740438 8.100185 0.097234
v 0.706410 8.140830 0.061420
v 0.713742 8.166625 0.131920
v 0.766476 8.127850 0.164350
v 0.770142 8.168550 0.406964
v 0.792326 8.113275 0.422850
v 0.792326 8.107170 0.353196
v 0.772962 8.161290 0.323492
v 0.544354 7.673550 -0.061156
v 0.517094 7.604855 -0.006448
v 0.460976 7.619595 -0.059464
v 0.489458 7.678555 -0.114266
v 0.753786 7.935460 0.328192
v 0.770236 7.943820 0.361280
v 0.609214 8.341635 0.358178
v 0.560522 8.372435 0.351598
v 0.544918 8.386515 0.474738
v 0.602258 8.354120 0.481600
v 0.712614 8.264305 0.379986
v 0.658658 8.310780 0.362878
v 0.650480 8.318150 0.478028
v 0.694096 8.273930 0.476336
v 0.583740 7.667390 0.014326
v 0.559676 7.602050 0.065462
v 0.742412 7.922700 0.302060
v 0.735550 7.900205 0.377354
v 0.719194 7.890800 0.367672
v 0.089206 8.373755 -0.211086
v -0.002820 8.376780 -0.220486
v -0.011374 8.433430 -0.112856
v 0.093906 8.418030 -0.082682
v 0.684696 8.176195 0.020812
v 0.662982 8.210405 -0.013686
v 0.664956 8.239335 0.069974
v 0.677646 8.203310 0.099678
v 0.497824 8.069660 -0.209582
v 0.460130 8.084510 -0.240884
v 0.471222 8.128730 -0.205916
v 0.503934 8.110800 -0.174238
v 0.383520 7.468015 0.000790
v 0.390476 7.454540 0.007840
v 0.344792 7.452615 -0.040852
v 0.337930 7.466585 -0.048278
v 0.477520 7.477640 0.123930
v 0.481092 7.465320 0.128630
v 0.436818 7.458610 0.066496
v 0.432212 7.471975 0.060292
v 0.543790 7.489465 0.244344
v 0.545294 7.478410 0.249608
v 0.519444 7.472195 0.191986
v 0.517376 7.484020 0.188038
v 0.549900 7.737185 -0.097440
v 0.500644 7.746865 -0.149798
v 0.503652 7.807530 -0.171512
v 0.544636 7.797300 -0.115112
v 0.049162 7.803405 -0.378594
v -0.000376 7.803570 -0.380286
v 0.000658 7.863410 -0.406324
v 0.052076 7.863850 -0.398052
v 0.632526 7.720685 0.051362
v 0.597652 7.722720 -0.038596
v 0.592106 7.784540 -0.056644
v 0.628202 7.773595 0.022222
v 0.323736 7.780910 -0.282902
v 0.290178 7.785805 -0.305932
v 0.302586 7.847845 -0.323886
v 0.333794 7.842785 -0.300010
v 0.621716 7.660955 0.228270
v 0.632056 7.662110 0.176288
v 0.653582 7.712655 0.135492
v 0.655180 7.705615 0.210034
v 0.452892 7.757590 -0.193226
v 0.405986 7.765235 -0.236466
v 0.409088 7.828100 -0.244550
v 0.454678 7.818365 -0.212026
v 0.677740 7.829970 0.142918
v 0.658564 7.849055 0.060668
v 0.669938 7.887335 0.047790
v 0.693438 7.863190 0.127878
v 0.476016 7.977920 -0.239004
v 0.435032 7.989305 -0.268050
v 0.448286 8.038200 -0.262128
v 0.486168 8.025385 -0.228194
v 0.553378 7.949870 -0.148670
v 0.519726 7.964940 -0.203284
v 0.521136 8.010810 -0.187586
v 0.555540 7.993485 -0.139176
v 0.059126 8.032865 -0.424748
v -0.001034 8.033745 -0.423996
v 0.000564 8.089790 -0.414596
v 0.062040 8.089185 -0.406982
v 0.641080 7.911425 -0.033238
v 0.592200 7.931830 -0.092552
v 0.599250 7.973300 -0.088698
v 0.646532 7.948880 -0.032298
v 0.358610 8.006850 -0.309692
v 0.322232 8.013010 -0.323980
v 0.332008 8.063940 -0.316178
v 0.371206 8.057450 -0.305462
v 0.413130 8.199350 -0.206104
v 0.377974 8.209250 -0.223494
v 0.394518 8.255230 -0.158164
v 0.427042 8.241315 -0.142278
v 0.706692 7.950915 0.141226
v 0.690712 7.984520 0.069034
v 0.707162 8.009985 0.091030
v 0.725210 7.971705 0.156736
v 0.525460 8.152765 -0.130622
v 0.482408 8.169375 -0.159574
v 0.511454 8.213595 -0.119342
v 0.563342 8.197370 -0.114266
v 0.631492 8.107280 -0.090202
v 0.573682 8.130710 -0.121880
v 0.625570 8.170035 -0.088980
v 0.658376 8.141105 -0.042920
v 0.063450 8.257100 -0.328586
v -0.002444 8.253140 -0.313452
v -0.005170 8.312155 -0.274536
v 0.074636 8.314575 -0.275758
v 0.685730 8.046285 0.025606
v 0.658940 8.079010 -0.032486
v 0.683568 8.109480 0.006430
v 0.711486 8.073565 0.057190
v 0.109040 8.528745 0.588854
v 0.120038 8.529845 0.436386
v 0.026320 8.537215 0.431874
v 0.026414 8.528085 0.579736
v 0.418112 8.429690 0.582180
v 0.376752 8.451525 0.577480
v 0.571802 8.200835 1.222320
v 0.560146 8.243680 1.156520
v 0.507976 8.265240 1.187164
v 0.521418 8.225530 1.271576
v 0.574340 8.036000 1.039584
v 0.582800 7.974400 1.002548
v 0.588628 8.111130 1.136686
v 0.586372 8.165305 1.181524
v 0.550558 8.088635 1.231438
v 0.546234 8.068560 1.186882
v 0.364062 8.446960 0.328662
v 0.450918 8.429965 0.195370
v 0.391792 8.449655 0.184372
v 0.420932 7.627900 -0.111728
v 0.438134 7.689390 -0.158822
v 0.423940 8.247145 1.331078
v 0.380794 8.259300 1.358714
v 0.393202 8.164205 1.465216
v 0.438040 8.158705 1.431846
v 0.643712 8.202155 1.020220
v 0.589944 8.237685 1.047198
v 0.604702 8.210790 1.118356
v 0.615700 8.156945 1.070980
v 0.698044 8.087755 0.959684
v 0.619930 8.054315 0.999728
v 0.623220 7.998325 0.950942
v 0.675202 8.022360 0.903942
v 0.749650 8.174105 0.562064
v 0.756136 8.172510 0.486300
v 0.721356 8.223990 0.479156
v 0.710358 8.225970 0.564696
v 0.665708 8.271510 0.569020
v 0.626134 8.317985 0.575882
v 0.552344 8.273435 1.081696
v 0.508916 8.304345 1.113280
v 0.143820 7.800490 -0.360170
v 0.098324 7.801700 -0.374458
v 0.102460 7.863025 -0.394198
v 0.151152 7.860770 -0.385550
v 0.639952 7.694010 0.294258
v 0.680372 7.752420 0.186534
v 0.651514 7.736360 0.282320
v 0.612598 7.658315 0.316348
v 0.711486 7.823370 0.271322
v 0.692404 7.797025 0.278936
v 0.731884 7.908070 0.283824
v 0.722202 7.891625 0.272262
v 0.645686 8.264360 0.735306
v 0.598874 8.307810 0.751474
v 0.591260 8.296810 0.831374
v 0.640892 8.254515 0.811540
v 0.748334 8.170585 0.693570
v 0.745326 8.156725 0.773188
v 0.769860 8.078735 0.745364
v 0.775030 8.100405 0.670446
v 0.572084 7.577245 0.287584
v 0.589568 7.613215 0.258350
v 0.600566 7.617010 0.336370
v 0.591448 7.583735 0.344360
v 0.544260 8.341855 0.767830
v 0.496132 8.375075 0.781272
v 0.517752 8.369905 0.872170
v 0.543132 8.334265 0.850832
v 0.062040 8.411650 1.223824
v 0.014006 8.410605 1.218090
v 0.005076 8.382555 1.349690
v 0.069842 8.378375 1.339350
v 0.106126 8.519340 0.270570
v 0.185368 8.505205 0.278842
v 0.150870 8.454880 0.191610
v 0.081874 8.468520 0.170742
v 0.628108 7.687960 0.336182
v 0.620306 7.654520 0.367484
v 0.301740 8.463075 0.808250
v 0.300706 8.459885 0.908078
v 0.348176 8.443825 0.900840
v 0.346672 8.445640 0.803362
v 0.064578 8.303685 1.477530
v 0.017390 8.310835 1.449424
v 0.015604 8.220855 1.566078
v 0.071064 8.217390 1.574350
v 0.214790 8.243130 -0.299634
v 0.151904 8.252700 -0.325296
v 0.166098 8.312375 -0.277920
v 0.233590 8.301760 -0.253198
v 0.445936 8.402960 0.791706
v 0.458156 8.406205 0.888620
v 0.170140 8.029400 -0.403410
v 0.117500 8.031490 -0.417980
v 0.120790 8.086600 -0.397394
v 0.174182 8.082640 -0.378782
v 0.569640 8.350820 0.579830
v 0.516812 8.381455 0.582274
v 0.083848 8.517525 0.831468
v 0.090240 8.513510 0.710678
v 0.029610 8.527700 0.711994
v 0.035156 8.523410 0.838424
v 0.211876 8.507460 0.588008
v 0.240546 8.504050 0.440710
v 0.188094 8.518460 0.432156
v 0.169200 8.519725 0.589512
v 0.158672 8.025660 1.490032
v 0.108100 8.040510 1.486084
v 0.100674 8.020050 1.492194
v 0.148520 8.006025 1.496800
v 0.399406 8.410165 0.983184
v 0.400628 8.425235 0.895200
v 0.346108 8.426665 0.992678
v 0.660162 7.723490 0.342950
v 0.704436 7.802195 0.338908
v 0.692216 7.775135 0.333268
v 0.701240 7.896410 0.122332
v 0.676048 7.922865 0.045064
v 0.685918 7.955920 0.053242
v 0.698796 7.925890 0.129664
v 0.187342 8.302090 1.452620
v 0.240264 8.294280 1.431564
v 0.217892 8.342185 1.304100
v 0.169106 8.350105 1.318294
v 0.332760 8.274755 1.391520
v 0.365660 8.314300 1.269132
v 0.314994 8.324915 1.280694
v 0.231146 8.486450 0.327252
v 0.272036 8.472975 0.324526
v 0.270720 8.459610 0.186440
v 0.219960 8.452735 0.185594
v 0.175592 8.502345 0.822538
v 0.167790 8.496405 0.923588
v 0.210748 8.485350 0.919264
v 0.217328 8.490850 0.818026
v 0.220712 7.795430 -0.332440
v 0.183112 7.799225 -0.343344
v 0.194298 7.858240 -0.373330
v 0.233778 7.855545 -0.361486
v 0.300988 8.225365 -0.250284
v 0.259346 8.233285 -0.270400
v 0.287452 8.291145 -0.226972
v 0.329940 8.281960 -0.200934
v 0.255868 8.022415 -0.363460
v 0.216482 8.026705 -0.385268
v 0.214978 8.076700 -0.354530
v 0.255210 8.072300 -0.335448
v 0.301176 8.486560 0.590734
v 0.302492 8.469400 0.455374
v 0.270438 8.486890 0.448512
v 0.254082 8.499485 0.591392
v 0.163372 8.476935 1.018246
v 0.206612 8.470830 1.015332
v 0.297228 8.443495 0.999070
v 0.452516 8.005585 1.343016
v 0.416138 8.005365 1.381744
v 0.418958 7.987215 1.388888
v 0.455806 7.988480 1.351570
v 0.345638 8.003110 1.440964
v 0.307098 8.005750 1.460046
v 0.309824 7.985895 1.463806
v 0.347988 7.984520 1.444066
v 0.609966 7.883100 1.009504
v 0.610342 7.890580 0.983936
v 0.233496 8.013120 1.480162
v 0.202664 8.020435 1.483452
v 0.189974 7.999370 1.490126
v 0.227762 7.992055 1.484392
v 0.049820 8.063060 1.477530
v -0.003854 8.064820 1.476684
v -0.007238 8.039850 1.484768
v 0.045308 8.038860 1.485708
v 0.459284 7.554475 -0.031640
v 0.445184 7.526205 0.017616
v 0.396304 7.516855 -0.060028
v 0.412472 7.562450 -0.089450
v 0.531382 7.565970 0.117632
v 0.511642 7.538580 0.159650
v 0.486638 7.527800 0.082946
v 0.502336 7.564100 0.047132
v 0.566726 7.575045 0.249420
v 0.555916 7.543255 0.267844
v 0.536834 7.540065 0.222724
v 0.556480 7.569655 0.190670
v 0.334640 7.493920 -0.074786
v 0.314430 7.486000 -0.119530
v 0.323642 7.523400 -0.152994
v 0.357952 7.521365 -0.106370
v 0.379102 7.498870 -0.011712
v 0.554976 7.516965 0.274706
v 0.538714 7.512180 0.235414
v 0.568042 7.500740 0.313716
v 0.567008 7.510475 0.309016
v 0.582894 7.528185 0.360152
v 0.581766 7.519605 0.362126
v 0.177472 8.133735 -0.349172
v 0.125678 8.139235 -0.371074
v 0.131412 8.193520 -0.350206
v 0.197212 8.187415 -0.340242
v 0.426196 7.499695 0.050892
v 0.508916 7.508000 0.180518
v 0.473854 7.503875 0.114812
v 0.716562 7.872045 0.266528
v 0.386246 8.107830 -0.288260
v 0.346390 8.114870 -0.303206
v 0.360208 8.163380 -0.265982
v 0.396680 8.154690 -0.250754
v 0.573682 8.033470 -0.129870
v 0.532040 8.052775 -0.170102
v 0.540594 8.090450 -0.137766
v 0.593704 8.071090 -0.114830
v 0.064296 8.142590 -0.379534
v 0.007144 8.144845 -0.393446
v 0.001974 8.199625 -0.352556
v 0.067304 8.195445 -0.342122
v 0.660914 7.984190 -0.023556
v 0.617956 8.010535 -0.083998
v 0.641174 8.045350 -0.065762
v 0.673698 8.016805 -0.003534
v 0.714870 7.849110 0.266998
v 0.267900 8.124165 -0.320596
v 0.224848 8.129060 -0.329056
v 0.246750 8.182300 -0.317400
v 0.287264 8.177405 -0.298788
v 0.707632 7.850430 0.334866
v 0.709794 7.823315 0.339378
v 0.716750 7.862145 0.339754
v 0.584116 7.543805 0.354606
v 0.586936 7.560360 0.348778
v 0.594362 7.565915 0.380832
v 0.590414 7.549470 0.387036
v 0.741848 8.020545 0.713686
v 0.760366 8.035340 0.662268
v 0.786968 8.116850 0.499272
v 0.779260 8.115695 0.566106
v 0.776910 8.054865 0.564884
v 0.786686 8.058935 0.509142
v 0.748992 7.953995 0.567140
v 0.764220 7.959935 0.529446
v 0.706222 7.979845 0.799414
v 0.665426 7.958835 0.845380
v 0.664110 7.814680 0.755234
v 0.659410 7.840805 0.703722
v 0.683756 7.905320 0.652398
v 0.700018 7.927540 0.622976
v 0.704624 7.905815 0.546836
v 0.722578 7.911865 0.524276
v 0.638636 7.689775 0.704850
v 0.650856 7.745600 0.672514
v 0.682346 7.822875 0.554920
v 0.702556 7.851860 0.555296
v 0.610718 7.617505 0.374910
v 0.601318 7.587365 0.376038
v 0.588158 7.536270 0.389574
v 0.566162 7.548865 0.298488
v 0.626228 7.691150 0.856096
v 0.630176 7.689720 0.800824
v 0.638730 7.772495 0.838894
v 0.628954 7.763035 0.896704
v 0.645310 7.935130 0.886552
v 0.605548 7.911040 0.940132
v 0.640986 7.784375 0.801670
v 0.724552 7.916540 0.493162
v 0.777380 7.963400 0.490812
v 0.793454 8.057230 0.451238
v 0.793924 8.053050 0.389010
v 0.155852 7.918410 -0.398710
v 0.106502 7.920665 -0.402000
v 0.634124 8.240600 0.879878
v 0.582048 8.280365 0.903566
v 0.592952 8.266120 0.975570
v 0.631210 8.221130 0.948310
v 0.745138 8.135605 0.841056
v 0.734516 8.121855 0.893978
v 0.728688 8.047165 0.850268
v 0.755948 8.066525 0.797346
v 0.542850 8.319800 0.929510
v 0.501302 8.353680 0.954608
v 0.500080 8.333110 1.030936
v 0.546610 8.299945 1.003300
v 0.059596 8.491675 1.057914
v 0.005922 8.485900 1.048326
v 0.010058 8.454000 1.132926
v 0.060818 8.449435 1.124654
v 0.402884 8.344055 1.153418
v 0.399782 8.380960 1.067878
v 0.353816 8.400705 1.089216
v 0.355132 8.362040 1.169868
v 0.160552 8.400265 1.207186
v 0.207176 8.396140 1.201358
v 0.202758 8.437665 1.107734
v 0.158766 8.446080 1.112434
v 0.307098 8.377770 1.186318
v 0.300706 8.418580 1.099086
v 0.589380 7.610465 0.147054
v 0.604702 7.612005 0.212478
v 0.723142 8.002065 0.757772
v 0.672006 7.869130 0.662080
v 0.661854 7.797080 0.596750
v 0.115996 7.478080 -0.227442
v 0.128310 7.532310 -0.265794
v 0.228044 7.523125 -0.235902
v 0.215166 7.481270 -0.198302
v 0.679808 7.749065 0.334584
v 0.672100 7.767050 0.282414
v 0.677270 7.792515 0.160026
v 0.659974 7.808190 0.079562
v 0.778320 7.954710 0.401606
v 0.731320 7.907135 0.428584
v 0.733482 7.907190 0.404802
v 0.635910 7.820235 -0.009456
v 0.588252 7.837175 -0.076384
v 0.794018 8.043150 0.327628
v 0.797402 8.092320 0.285704
v 0.772962 8.147375 0.239738
v 0.689490 8.228610 0.184748
v 0.709512 8.252370 0.274142
v 0.742788 8.208920 0.296890
v 0.732072 8.192860 0.204958
v 0.629612 8.303685 0.138406
v 0.618614 8.324200 0.252240
v 0.664674 8.291255 0.261358
v 0.665990 8.266065 0.160590
v 0.543696 8.361160 0.109736
v 0.544260 8.387505 0.235320
v 0.576972 8.354780 0.243404
v 0.589286 8.333605 0.123554
v 0.385682 8.407745 0.077682
v 0.441424 8.398615 0.084638
v 0.223156 8.420010 0.063112
v 0.281624 8.417260 0.068188
v 0.077550 8.433265 0.040552
v 0.156604 8.418690 0.051926
v 0.549994 7.851530 -0.136168
v 0.514086 7.861430 -0.196798
v 0.467086 7.873200 -0.239568
v 0.419804 7.883815 -0.266076
v 0.343852 7.900095 -0.312418
v 0.310294 7.905760 -0.332534
v 0.276830 7.910160 -0.351146
v 0.285102 7.965105 -0.354436
v 0.318284 7.960815 -0.334602
v 0.174558 8.368145 -0.185330
v 0.237256 8.353900 -0.169632
v 0.055836 7.921875 -0.414690
v 0.000376 7.921820 -0.423996
v 0.553566 8.030005 1.148530
v 0.551216 8.049200 1.141950
v 0.563718 7.988865 1.201640
v 0.583082 7.960595 1.151162
v 0.595584 7.923690 1.097488
v 0.623784 7.760285 0.919640
v 0.510420 8.398615 0.344078
v 0.488424 8.407910 0.469568
v 0.491526 8.412200 0.206180
v 0.559958 7.970275 1.214988
v 0.559582 7.962245 1.219594
v 0.530066 8.045185 1.211604
v 0.508916 8.053545 1.245444
v 0.368292 8.308360 -0.096782
v 0.373650 8.348675 -0.000150
v 0.365284 8.268980 -0.175648
v 0.242614 8.393830 -0.057208
v 0.618332 7.694010 0.901122
v 0.622656 7.690490 0.881476
v 0.618990 7.761825 0.944080
v 0.489552 8.271290 -0.065762
v 0.511830 8.317270 -0.009080
v 0.466146 8.227675 -0.128742
v 0.730286 8.217665 0.389198
v 0.615136 7.660295 0.091876
v 0.386340 7.632850 -0.166342
v 0.393202 7.700170 -0.196798
v 0.658658 7.760505 0.099678
v 0.168260 8.406810 -0.087476
v 0.003478 7.444805 -0.193978
v 0.002256 7.458390 -0.207326
v 0.104434 7.446400 -0.203566
v 0.101520 7.430725 -0.182228
v 0.006580 7.493315 -0.240132
v 0.298826 7.466035 -0.087476
v 0.303902 7.450030 -0.076572
v 0.557420 7.497605 0.282132
v 0.558548 7.487540 0.286926
v 0.046436 7.737955 -0.352838
v -0.001410 7.739935 -0.353214
v 0.359926 7.774475 -0.257052
v 0.368480 7.836240 -0.273314
v 0.516248 7.915715 -0.203566
v 0.471222 7.927925 -0.242200
v 0.428170 7.938430 -0.271434
v 0.594362 7.886455 -0.093116
v 0.552438 7.902075 -0.148200
v 0.110920 7.975665 -0.413468
v 0.056212 7.977590 -0.417510
v 0.000282 7.978360 -0.422398
v 0.641268 7.867205 -0.027316
v 0.396022 7.998930 -0.291174
v 0.409746 8.048595 -0.286850
v 0.387374 7.947395 -0.293900
v 0.351278 7.954765 -0.314016
v 0.448004 8.185490 -0.184108
v 0.435690 8.143635 -0.232706
v 0.567102 7.526645 0.304504
v 0.145794 8.512080 0.709550
v 0.414164 8.438160 0.700902
v 0.363216 8.454825 0.702594
v 0.505156 8.381125 0.685298
v 0.467086 8.408295 0.583308
v 0.458814 8.409890 0.690468
v 0.550558 8.130655 1.296204
v 0.506190 8.143030 1.346682
v 0.633936 8.108215 1.037046
v 0.581202 8.065480 1.103504
v 0.322608 8.463570 0.327440
v 0.332008 8.460930 0.190764
v 0.346296 8.456530 0.455750
v 0.344040 7.636260 -0.211180
v 0.356166 7.708035 -0.237688
v 0.047564 7.672505 -0.315144
v 0.471880 8.235980 1.303630
v 0.475828 8.151500 1.384658
v 0.456182 8.282400 1.214706
v 0.416890 8.302310 1.248452
v 0.672100 8.140775 0.990798
v 0.686670 8.178725 0.921614
v 0.743540 8.173995 0.633128
v 0.700770 8.223440 0.644502
v 0.770048 8.111295 0.625514
v 0.654240 8.269970 0.655688
v 0.605642 8.311715 0.667250
v 0.007802 7.545785 -0.267298
v 0.692310 8.217995 0.716882
v 0.692498 8.210405 0.789168
v 0.003854 7.672065 -0.320408
v 0.558172 8.350325 0.678530
v 0.112894 8.406865 1.216492
v 0.125772 8.361490 1.331360
v 0.109134 8.445145 1.116288
v -0.004136 8.513180 0.267844
v 0.002162 8.471105 0.158804
v 0.317720 8.469785 0.700808
v 0.272788 8.482600 0.703158
v 0.256056 8.474845 0.812386
v 0.253894 8.474350 0.915128
v 0.135360 8.313365 1.456098
v 0.130848 8.212495 1.575478
v 0.393484 8.424850 0.798286
v 0.162902 7.973795 -0.405854
v 0.090334 8.514995 0.940790
v 0.016450 8.523410 0.964290
v 0.121260 8.503280 0.934680
v 0.132540 8.512410 0.827520
v 0.209902 7.971815 -0.393164
v 0.191666 8.507185 0.708046
v 0.231428 8.494535 0.705320
v 0.455712 8.392895 0.978014
v 0.449226 8.359235 1.051522
v 0.607146 7.872925 1.048326
v 0.593704 7.916650 1.111212
v 0.593234 7.912525 1.115160
v 0.606394 7.870725 1.053214
v 0.194110 8.204080 1.569368
v 0.252578 8.195005 1.551602
v 0.291494 8.279430 1.407594
v 0.268840 8.336630 1.295170
v 0.303996 8.183345 1.521616
v 0.347800 8.171135 1.498774
v 0.115432 8.482820 1.026894
v 0.256056 7.790425 -0.321912
v 0.270626 7.852025 -0.346070
v 0.340562 8.217885 -0.238628
v 0.324864 8.170915 -0.282056
v 0.288110 8.017850 -0.341276
v 0.294220 8.068780 -0.323604
v 0.250040 7.968460 -0.373894
v 0.335016 8.467200 0.572216
v 0.135266 8.167175 1.617684
v 0.213192 8.156120 1.590424
v 0.256338 8.460710 1.008282
v 0.252390 8.430570 1.105008
v 0.482596 8.066085 1.292632
v 0.445090 8.072630 1.342922
v 0.381922 8.002835 1.413986
v 0.383426 7.984685 1.419344
v 0.423846 8.080055 1.390392
v 0.356636 8.098755 1.473488
v 0.383050 8.091110 1.447544
v 0.267994 8.008940 1.471420
v 0.266396 7.987380 1.474898
v 0.333136 8.111735 1.513344
v 0.249382 8.147705 1.589108
v 0.306722 8.132745 1.553764
v 0.075952 8.173830 1.619470
v 0.004042 8.173445 1.621726
v 0.371206 7.568885 -0.135886
v 0.331444 7.574000 -0.179032
v 0.006956 7.608980 -0.289106
v 0.130660 7.604140 -0.278484
v 0.423846 8.097325 -0.266922
v 0.730850 7.877600 0.346146
v 0.307568 8.119765 -0.312982
v 0.768074 8.047660 0.618464
v 0.725868 7.942500 0.595434
v 0.698702 7.879745 0.556330
v 0.629988 7.681745 0.752226
v 0.587688 7.528570 0.390702
v 0.724740 7.912250 0.462800
v 0.780294 7.960650 0.445880
v 0.198716 7.440570 -0.140680
v 0.201160 7.459765 -0.165308
v 0.683756 8.193960 0.856284
v 0.452798 8.327225 1.137532
v 0.257936 8.389485 1.195248
v 0.494064 8.382940 0.096294
v 0.334170 8.412035 0.075614
v 0.021244 8.459830 0.028050
v 0.379854 7.893000 -0.289858
v 0.242050 7.913515 -0.368724
v 0.534296 8.012955 1.244974
v 0.490304 8.028410 1.279284
v 0.203792 7.915605 -0.388558
v 0.609308 7.876445 1.033944
v 0.232274 7.591710 -0.253574
v 0.238948 7.655895 -0.277074
v 0.245810 7.724755 -0.297754
v 0.258124 8.045185 1.457696
v 0.231898 8.055305 1.459670
v 0.380230 8.040895 1.391614
v 0.342348 8.042050 1.424608
v 0.613444 7.767820 0.962880
v 0.612880 7.764960 0.958180
v 0.217046 8.062840 1.458636
v 0.174558 8.071585 1.464558
v 0.112330 8.080440 1.466156
v 0.055178 8.093915 1.461832
v 0.302962 8.042380 1.442280
v 0.418582 8.041005 1.355424
v 0.453644 8.039630 1.318200
v 0.609402 7.705560 0.932612
v 0.612974 7.699345 0.921520
v 0.578946 7.942885 1.169398
v 0.580450 7.949045 1.164416
v 0.005922 8.098095 1.462772
v 0.212816 7.730035 -0.311948
v 0.176532 7.733500 -0.326330
v -0.579510 7.983805 1.111400
v -0.581296 7.994365 1.093352
v -0.600848 7.958065 1.041934
v -0.602258 7.940905 1.073048
v -0.787814 8.003220 0.219810
v -0.801538 8.018620 0.260418
v -0.767416 8.073510 0.213606
v -0.761494 8.056130 0.160684
v -0.477896 8.416655 0.331576
v -0.481656 8.442065 0.463740
v -0.436254 8.462525 0.460168
v -0.436912 8.436015 0.318134
v -0.535800 7.979460 1.252870
v -0.531758 7.973025 1.257006
v -0.511736 7.987270 1.273268
v -0.514556 7.995080 1.275994
v -0.344980 8.329260 -0.152242
v -0.363498 8.377660 -0.066702
v -0.302868 8.393445 -0.076008
v -0.288016 8.338775 -0.169538
v -0.132352 7.667830 -0.296250
v -0.135454 7.737130 -0.326142
v -0.092966 7.738670 -0.338550
v -0.090334 7.668050 -0.311008
v -0.583176 8.229820 -0.035682
v -0.585526 8.260675 0.048636
v -0.556198 8.279650 0.028144
v -0.545012 8.252315 -0.062190
v -0.778884 7.985895 0.182398
v -0.756512 8.035395 0.113120
v -0.464360 8.280090 -0.099696
v -0.498670 8.318095 -0.013968
v -0.460976 8.335530 -0.036434
v -0.428546 8.297030 -0.114924
v -0.733388 8.102330 0.106446
v -0.741848 8.123450 0.166324
v -0.711298 8.167065 0.126374
v -0.696070 8.141875 0.060198
v -0.795898 8.174160 0.382712
v -0.774466 8.158980 0.306384
v -0.817518 8.105355 0.331294
v -0.833780 8.113770 0.407622
v -0.527434 7.683890 -0.053260
v -0.486074 7.689665 -0.107310
v -0.479118 7.630980 -0.076196
v -0.526024 7.623335 -0.025624
v -0.775312 7.899875 0.349342
v -0.787720 7.909445 0.381208
v -0.614102 8.349005 0.345394
v -0.623972 8.366660 0.462048
v -0.579510 8.399385 0.458006
v -0.562026 8.372325 0.343326
v -0.722766 8.276680 0.356768
v -0.736772 8.294445 0.462988
v -0.683474 8.338940 0.457630
v -0.690524 8.320955 0.349906
v -0.565692 7.675915 0.006524
v -0.555822 7.624105 0.042996
v -0.761682 7.889590 0.323868
v -0.737524 7.840145 0.406494
v -0.751342 7.850375 0.418150
v -0.093906 8.370785 -0.212496
v -0.091274 8.419680 -0.102892
v -0.654898 8.173995 0.025606
v -0.673228 8.203640 0.093192
v -0.634312 8.237025 0.065838
v -0.619554 8.203145 -0.008046
v -0.520384 8.071365 -0.234586
v -0.528374 8.114925 -0.195576
v -0.491808 8.132965 -0.227818
v -0.485040 8.087480 -0.271246
v -0.360772 7.497715 0.007276
v -0.326274 7.491555 -0.032392
v -0.329188 7.475880 -0.025812
v -0.363028 7.482865 0.012070
v -0.436912 7.502335 0.102310
v -0.397526 7.502005 0.054182
v -0.398748 7.488145 0.058036
v -0.439262 7.489465 0.105130
v -0.517564 7.501345 0.215016
v -0.478084 7.500575 0.152318
v -0.477426 7.488530 0.155890
v -0.516154 7.489355 0.218306
v -0.526306 7.742795 -0.081084
v -0.531476 7.799335 -0.106934
v -0.488236 7.809840 -0.159198
v -0.478836 7.752585 -0.126392
v -0.050478 7.802965 -0.378782
v -0.052922 7.862915 -0.407546
v -0.600942 7.724205 0.044500
v -0.618802 7.770020 0.006242
v -0.581578 7.783000 -0.063600
v -0.573588 7.732895 -0.025624
v -0.327778 7.779315 -0.288354
v -0.344134 7.839980 -0.319562
v -0.307098 7.846195 -0.335636
v -0.292716 7.784925 -0.308658
v -0.629612 7.663870 0.239174
v -0.647566 7.703030 0.206932
v -0.634876 7.711115 0.109642
v -0.627074 7.665740 0.145926
v -0.442646 7.759680 -0.178186
v -0.457592 7.816605 -0.211556
v -0.425068 7.822765 -0.260060
v -0.405516 7.766060 -0.225562
v -0.708666 7.814845 0.116034
v -0.719382 7.849110 0.108514
v -0.693532 7.879855 0.021752
v -0.686670 7.839430 0.030870
v -0.492936 7.977645 -0.257240
v -0.500738 8.025935 -0.246618
v -0.460318 8.038915 -0.278484
v -0.453550 7.989195 -0.292396
v -0.571802 7.948385 -0.169444
v -0.583270 7.993815 -0.165026
v -0.541910 8.010920 -0.208924
v -0.532134 7.963950 -0.217008
v -0.059408 8.033140 -0.415348
v -0.064202 8.087810 -0.405760
v -0.658564 7.906255 -0.056268
v -0.673792 7.947175 -0.058524
v -0.628296 7.973355 -0.117180
v -0.613820 7.929905 -0.116992
v -0.372898 8.007400 -0.335730
v -0.382768 8.058825 -0.326048
v -0.343758 8.066030 -0.340806
v -0.338588 8.013890 -0.356410
v -0.419710 8.200340 -0.218982
v -0.436536 8.242470 -0.159292
v -0.398654 8.254735 -0.175742
v -0.382204 8.211450 -0.235996
v -0.767980 7.939860 0.123460
v -0.773620 7.965600 0.150532
v -0.747676 8.010865 0.075426
v -0.738652 7.983530 0.044406
v -0.538432 8.153205 -0.150268
v -0.558642 8.191815 -0.103080
v -0.510702 8.209030 -0.115488
v -0.496884 8.171080 -0.175836
v -0.628202 8.109865 -0.086818
v -0.640234 8.143580 -0.033520
v -0.599908 8.169320 -0.068582
v -0.583646 8.133570 -0.123572
v -0.072286 8.248850 -0.299728
v -0.080746 8.305775 -0.257710
v -0.709324 8.050300 0.011412
v -0.722860 8.078460 0.054464
v -0.679996 8.113660 0.007276
v -0.666460 8.083135 -0.039066
v -0.071534 8.534245 0.570900
v -0.096538 8.512355 0.338532
v -0.479964 8.456860 0.589324
v -0.433152 8.476880 0.594494
v -0.599344 8.142975 1.267628
v -0.566068 8.200890 1.284642
v -0.574340 8.250115 1.234258
v -0.591260 8.211285 1.198820
v -0.607710 8.027145 1.058102
v -0.626980 7.982595 0.998036
v -0.592952 8.065810 1.170244
v -0.543602 8.035285 1.189608
v -0.515778 8.057175 1.235762
v -0.611940 8.110195 1.216774
v -0.389818 8.450590 0.317100
v -0.388972 8.418580 0.197532
v -0.426290 8.401310 0.208718
v -0.438228 7.697365 -0.154216
v -0.431554 7.637910 -0.122444
v -0.478554 8.272280 1.338974
v -0.439074 8.159695 1.393588
v -0.388784 8.173830 1.445476
v -0.383144 8.302750 1.349314
v -0.689020 8.197480 1.045130
v -0.673886 8.139290 1.131328
v -0.634218 8.179495 1.171372
v -0.665144 8.230040 1.101436
v -0.736772 8.098150 0.958744
v -0.742036 8.041995 0.919828
v -0.702462 8.018455 0.964196
v -0.691746 8.067350 1.011008
v -0.829550 8.192750 0.554074
v -0.775030 8.248410 0.566200
v -0.774560 8.243240 0.457160
v -0.821090 8.184665 0.464962
v -0.721262 8.298240 0.567986
v -0.660538 8.335640 0.573250
v -0.602258 8.262270 1.142138
v -0.541346 8.290265 1.152290
v -0.143538 7.800215 -0.364400
v -0.151998 7.859450 -0.394292
v -0.103776 7.861595 -0.401812
v -0.098418 7.802195 -0.372578
v -0.651044 7.687190 0.346522
v -0.648412 7.721290 0.317570
v -0.678210 7.739660 0.172998
v -0.635910 7.654630 0.377260
v -0.680466 7.779205 0.281474
v -0.691652 7.802030 0.274236
v -0.733576 7.864455 0.290028
v -0.746078 7.878590 0.304316
v -0.688080 8.283115 0.747056
v -0.674732 8.268265 0.821598
v -0.639106 8.312705 0.855438
v -0.633842 8.324255 0.761532
v -0.814134 8.182355 0.724308
v -0.825978 8.108875 0.704662
v -0.815638 8.096720 0.758336
v -0.791856 8.163875 0.787288
v -0.590978 7.590005 0.299992
v -0.604514 7.596440 0.433190
v -0.619930 7.623665 0.404990
v -0.614478 7.622675 0.265776
v -0.582894 8.362040 0.775444
v -0.590602 8.355330 0.868222
v -0.527716 8.384920 0.883826
v -0.524990 8.389595 0.788322
v -0.043522 8.411375 1.214048
v -0.032242 8.382170 1.332676
v -0.084318 8.497395 0.281756
v -0.084224 8.475780 0.152788
v -0.164782 8.479080 0.158334
v -0.167132 8.492390 0.284482
v -0.632150 7.653585 0.431498
v -0.649728 7.679655 0.407622
v -0.332290 8.502235 0.839176
v -0.387468 8.474845 0.824324
v -0.394612 8.474900 0.917102
v -0.319130 8.483920 0.927160
v -0.032900 8.311275 1.432410
v -0.047658 8.222175 1.560626
v -0.197212 8.235925 -0.275570
v -0.209902 8.290320 -0.230262
v -0.147204 8.296535 -0.235714
v -0.138180 8.243790 -0.290328
v -0.468496 8.417095 0.795842
v -0.482032 8.419130 0.896516
v -0.166756 8.029565 -0.404068
v -0.172302 8.082090 -0.384046
v -0.119286 8.084895 -0.391378
v -0.114492 8.031490 -0.407546
v -0.613444 8.370235 0.582744
v -0.564094 8.403785 0.581992
v -0.046812 8.536555 0.851678
v -0.051700 8.537160 0.713968
v -0.230300 8.532375 0.587256
v -0.148520 8.528085 0.592708
v -0.201442 8.538535 0.409126
v -0.254176 8.516425 0.422004
v -0.133762 8.001845 1.495484
v -0.128968 7.975445 1.497928
v -0.095504 7.996125 1.494826
v -0.098888 8.023020 1.488058
v -0.428640 8.424465 1.004898
v -0.351090 8.444430 1.017400
v -0.423282 8.441460 0.909300
v -0.671442 7.703525 0.386660
v -0.712238 7.760890 0.370774
v -0.706316 7.777060 0.364664
v -0.737900 7.880295 0.102592
v -0.755384 7.911040 0.106258
v -0.723988 7.950805 0.026170
v -0.705188 7.916375 0.021376
v -0.141000 8.316775 1.431188
v -0.143820 8.386570 1.326096
v -0.201724 8.378980 1.307202
v -0.205390 8.308140 1.415114
v -0.347800 8.304180 1.343016
v -0.315464 8.350820 1.267816
v -0.379572 8.338445 1.258698
v -0.236692 8.478695 0.312494
v -0.236128 8.472260 0.168392
v -0.301740 8.458400 0.178262
v -0.293092 8.475450 0.309392
v -0.177284 8.538040 0.863334
v -0.259158 8.524565 0.852994
v -0.218268 8.501520 0.949062
v -0.156134 8.498495 0.947088
v -0.224566 7.793395 -0.341840
v -0.235094 7.854885 -0.364964
v -0.196366 7.857470 -0.379910
v -0.185650 7.797300 -0.354906
v -0.305406 8.228335 -0.269930
v -0.315652 8.273050 -0.202438
v -0.272506 8.284875 -0.223682
v -0.250134 8.232185 -0.277544
v -0.260944 8.023460 -0.390250
v -0.265080 8.075270 -0.363366
v -0.221464 8.079175 -0.374364
v -0.215730 8.026650 -0.399274
v -0.347612 8.516810 0.603330
v -0.294314 8.528635 0.596750
v -0.313208 8.501245 0.425200
v -0.355884 8.489640 0.446444
v -0.134608 8.462690 1.019656
v -0.198904 8.468190 1.022664
v -0.311704 8.456585 1.012042
v -0.487672 8.012185 1.297520
v -0.485792 8.000195 1.293666
v -0.459190 8.018950 1.324498
v -0.457122 8.033250 1.319892
v -0.385870 8.032865 1.395938
v -0.392544 8.013505 1.399980
v -0.360396 7.991670 1.434196
v -0.353722 8.012460 1.433162
v -0.622280 7.915055 0.985910
v -0.612128 7.905540 1.008188
v -0.245528 7.982870 1.481854
v -0.250040 7.963620 1.481760
v -0.199468 7.966150 1.490596
v -0.200314 7.985950 1.489092
v -0.054896 8.051070 1.479316
v -0.055272 8.024065 1.486460
v -0.478084 7.574055 -0.049594
v -0.429110 7.578620 -0.096406
v -0.400158 7.546335 -0.046680
v -0.438698 7.544575 -0.001278
v -0.552814 7.580215 0.070914
v -0.521700 7.573780 0.003140
v -0.476768 7.539460 0.049670
v -0.511454 7.535115 0.105600
v -0.595772 7.582195 0.211350
v -0.576220 7.577960 0.135680
v -0.542662 7.537535 0.174972
v -0.574058 7.551230 0.255248
v -0.326462 7.524115 -0.050064
v -0.361712 7.546170 -0.088228
v -0.325616 7.545290 -0.122632
v -0.301176 7.519660 -0.084938
v -0.360772 7.526700 -0.002312
v -0.559488 7.527195 0.283354
v -0.520008 7.524115 0.202232
v -0.567008 7.502995 0.381960
v -0.573400 7.517790 0.484702
v -0.576126 7.527580 0.485266
v -0.569640 7.513445 0.379234
v -0.177942 8.132745 -0.350206
v -0.182548 8.181420 -0.303676
v -0.133386 8.190275 -0.332440
v -0.126148 8.138080 -0.366468
v -0.399500 7.529890 0.044876
v -0.487860 7.521365 0.139534
v -0.446594 7.525820 0.087928
v -0.721544 7.844545 0.280816
v -0.397432 8.109150 -0.314862
v -0.416420 8.160740 -0.279706
v -0.371958 8.169485 -0.300386
v -0.354568 8.115915 -0.326988
v -0.594080 8.035560 -0.146602
v -0.605266 8.073785 -0.117744
v -0.567196 8.095345 -0.159950
v -0.557514 8.054645 -0.192944
v -0.073320 8.142480 -0.392600
v -0.073884 8.202485 -0.357914
v -0.683474 7.986115 -0.043484
v -0.692686 8.019335 -0.019984
v -0.647942 8.049145 -0.072342
v -0.635346 8.013120 -0.097628
v -0.706974 7.825240 0.274236
v -0.272130 8.125155 -0.334508
v -0.283128 8.175700 -0.303676
v -0.237350 8.176690 -0.297660
v -0.227104 8.128455 -0.340148
v -0.705376 7.793120 0.363160
v -0.708478 7.807145 0.367296
v -0.713930 7.819630 0.379798
v -0.581390 7.546995 0.479626
v -0.581390 7.553045 0.513372
v -0.589286 7.575485 0.497580
v -0.589850 7.571030 0.462424
v -0.806426 8.022965 0.738220
v -0.826166 8.034680 0.687930
v -0.845342 8.120040 0.478310
v -0.843086 8.049200 0.504160
v -0.846564 8.048760 0.570430
v -0.849478 8.119215 0.564508
v -0.804170 7.930730 0.537718
v -0.795710 7.929300 0.578890
v -0.761964 7.993650 0.828272
v -0.698326 7.856865 0.732298
v -0.687610 7.827825 0.769428
v -0.729628 7.977480 0.872076
v -0.743164 7.903505 0.680786
v -0.763468 7.916540 0.650424
v -0.734704 7.876335 0.544110
v -0.726526 7.870890 0.566670
v -0.659222 7.769470 0.662362
v -0.643900 7.709960 0.731546
v -0.730004 7.829200 0.617806
v -0.727278 7.848945 0.604176
v -0.602540 7.599905 0.474080
v -0.618144 7.625755 0.455374
v -0.577630 7.535390 0.519482
v -0.580074 7.560910 0.340882
v -0.623408 7.687960 0.912590
v -0.627826 7.787235 0.918700
v -0.640986 7.787345 0.864838
v -0.628390 7.674540 0.865120
v -0.679902 7.957295 0.909206
v -0.645028 7.799335 0.813984
v -0.646062 7.937055 0.940602
v -0.806144 7.930895 0.496452
v -0.745326 7.877710 0.521362
v -0.837258 8.039245 0.377918
v -0.840924 8.045680 0.437232
v -0.157826 7.918245 -0.412716
v -0.107536 7.920115 -0.416852
v -0.694284 8.257595 0.898960
v -0.694848 8.223330 0.992678
v -0.637696 8.260455 1.021066
v -0.638260 8.292025 0.933458
v -0.780388 8.150400 0.841714
v -0.806050 8.082915 0.814360
v -0.786028 8.065425 0.865872
v -0.787720 8.127025 0.905916
v -0.599250 8.333440 0.964854
v -0.595208 8.294005 1.060734
v -0.546610 8.335530 1.083294
v -0.545106 8.370675 0.984406
v -0.030362 8.472975 1.035824
v -0.039668 8.448060 1.123808
v -0.418112 8.349830 1.166014
v -0.360866 8.369960 1.164416
v -0.359550 8.414290 1.090156
v -0.426948 8.397020 1.091096
v -0.142034 8.422540 1.208502
v -0.139778 8.444595 1.109520
v -0.189504 8.437170 1.100026
v -0.200220 8.415115 1.193838
v -0.304748 8.387890 1.170432
v -0.297228 8.424355 1.091566
v -0.609308 7.620915 0.180518
v -0.585996 7.621685 0.107856
v -0.788002 8.011360 0.780050
v -0.717690 7.885740 0.701560
v -0.706034 7.799995 0.628898
v -0.107442 7.504205 -0.200276
v -0.219396 7.516580 -0.146978
v -0.233496 7.543145 -0.190782
v -0.114492 7.546060 -0.238346
v -0.664580 7.753465 0.288900
v -0.683004 7.727890 0.374816
v -0.700582 7.777005 0.130604
v -0.663358 7.798510 0.055874
v -0.763186 7.859725 0.439018
v -0.766194 7.866325 0.465808
v -0.797684 7.918740 0.417680
v -0.646532 7.816550 -0.027880
v -0.600284 7.832775 -0.098944
v -0.826072 8.032425 0.310238
v -0.789224 8.089405 0.269160
v -0.759614 8.142590 0.231184
v -0.696634 8.232405 0.164350
v -0.734798 8.189395 0.193584
v -0.751248 8.211945 0.284012
v -0.718442 8.258530 0.261922
v -0.598216 8.293565 0.132484
v -0.645874 8.266340 0.145644
v -0.666554 8.300495 0.233158
v -0.605642 8.323540 0.236730
v -0.512864 8.334045 0.113308
v -0.554412 8.317655 0.123554
v -0.553096 8.344330 0.232970
v -0.506284 8.363690 0.227236
v -0.401474 8.391465 0.076084
v -0.436442 8.370125 0.089808
v -0.253894 8.452790 0.014326
v -0.312738 8.439425 0.029272
v -0.088830 8.467695 -0.003628
v -0.174934 8.465880 0.002576
v -0.549054 7.848945 -0.145286
v -0.510702 7.861045 -0.194260
v -0.474888 7.871660 -0.241636
v -0.434092 7.881835 -0.279518
v -0.358422 7.897895 -0.336670
v -0.322232 7.903010 -0.357444
v -0.283880 7.908070 -0.373048
v -0.332102 7.959990 -0.361956
v -0.295724 7.964445 -0.382824
v -0.224096 8.346475 -0.172828
v -0.167414 8.356540 -0.184014
v -0.055460 7.921380 -0.422586
v -0.555164 8.008225 1.142890
v -0.555822 8.020655 1.137814
v -0.556386 7.972970 1.202392
v -0.582800 7.951465 1.161784
v -0.591354 7.925890 1.106042
v -0.618708 7.788610 0.949626
v -0.525178 8.427380 0.454246
v -0.515496 8.394600 0.339566
v -0.463044 8.381125 0.219434
v -0.556104 7.962520 1.222038
v -0.554412 7.957075 1.229558
v -0.534296 8.028355 1.188198
v -0.499610 8.039960 1.247324
v -0.419146 8.358300 -0.049406
v -0.390946 8.314520 -0.132220
v -0.358328 8.264195 -0.187962
v -0.235846 8.406700 -0.090202
v -0.610248 7.716835 0.966264
v -0.607898 7.791305 0.987132
v -0.617016 7.700775 0.936372
v -0.533544 8.297690 0.006524
v -0.502430 8.264855 -0.085972
v -0.470940 8.226630 -0.137672
v -0.759426 8.226795 0.369176
v -0.602070 7.672670 0.076460
v -0.392262 7.703635 -0.193414
v -0.382204 7.644950 -0.157130
v -0.657530 7.755940 0.075896
v -0.170422 8.412200 -0.095842
v -0.112612 7.460205 -0.152524
v -0.107912 7.475110 -0.170572
v -0.293750 7.486880 -0.060874
v -0.298732 7.470655 -0.052884
v -0.553566 7.504150 0.296232
v -0.551874 7.494965 0.300086
v -0.048034 7.740100 -0.346916
v -0.385870 7.832115 -0.297754
v -0.365566 7.772935 -0.260436
v -0.524050 7.914010 -0.214282
v -0.481374 7.926275 -0.252540
v -0.442834 7.936615 -0.288354
v -0.607240 7.883980 -0.112198
v -0.562684 7.900370 -0.163428
v -0.111390 7.976710 -0.416852
v -0.056870 7.978085 -0.422962
v -0.648976 7.863630 -0.045458
v -0.420650 8.050025 -0.304616
v -0.412284 7.999425 -0.318152
v -0.404106 7.945800 -0.318246
v -0.365942 7.953940 -0.339114
v -0.457028 8.186700 -0.198208
v -0.454020 8.148200 -0.255642
v -0.573776 7.534400 0.366450
v -0.171456 8.532925 0.704756
v -0.448756 8.451360 0.703440
v -0.410498 8.478420 0.713310
v -0.541064 8.397680 0.689810
v -0.493312 8.425565 0.696014
v -0.517282 8.430185 0.584436
v -0.496132 8.076425 1.270448
v -0.495944 8.108215 1.295170
v -0.697198 8.104585 1.072390
v -0.594456 8.040455 1.110460
v -0.344134 8.464560 0.315972
v -0.346860 8.436400 0.186722
v -0.396304 8.478145 0.451708
v -0.337460 7.651000 -0.185330
v -0.347706 7.710895 -0.223776
v -0.044274 7.669535 -0.319938
v -0.465582 8.132140 1.356646
v -0.536740 8.252755 1.313030
v -0.513992 8.290870 1.250050
v -0.443680 8.319580 1.254562
v -0.745044 8.167340 1.008282
v -0.744104 8.182685 0.947370
v -0.829362 8.188570 0.646758
v -0.768732 8.248355 0.656910
v -0.836600 8.116685 0.638674
v -0.696634 8.290045 0.661798
v -0.632714 8.327225 0.671762
v -0.748616 8.237850 0.736998
v -0.742600 8.227950 0.804302
v -0.592482 8.366770 0.680598
v -0.087796 8.421000 1.216680
v -0.092496 8.382555 1.332582
v -0.089488 8.446135 1.117792
v -0.368198 8.497560 0.717540
v -0.322608 8.511145 0.719044
v -0.302116 8.514995 0.841620
v -0.263106 8.492445 0.940132
v -0.084318 8.314080 1.427710
v -0.091556 8.220745 1.557806
v -0.436630 8.449655 0.807592
v -0.162150 7.974510 -0.410648
v -0.044368 8.516590 0.979800
v -0.110732 8.507515 0.946148
v -0.122576 8.533695 0.864838
v -0.209808 7.971485 -0.407170
v -0.200408 8.523740 0.714156
v -0.261320 8.524235 0.725812
v -0.489270 8.369245 1.089968
v -0.477332 8.400760 0.997190
v -0.602164 7.888050 1.066280
v -0.599438 7.884200 1.076902
v -0.591542 7.914065 1.139412
v -0.592106 7.918245 1.129730
v -0.151810 8.215795 1.542484
v -0.226258 8.208975 1.515506
v -0.249006 8.309900 1.414080
v -0.272412 8.356870 1.277310
v -0.278992 8.199185 1.483546
v -0.332196 8.187360 1.471702
v -0.093906 8.461755 1.032158
v -0.271566 7.850925 -0.350488
v -0.259346 7.789545 -0.325954
v -0.345544 8.220800 -0.251882
v -0.326462 8.174105 -0.306496
v -0.304842 8.071035 -0.352180
v -0.301740 8.019335 -0.376338
v -0.255492 7.967690 -0.398428
v -0.396586 8.495580 0.593084
v -0.152844 8.156285 1.592210
v -0.086010 8.160905 1.605464
v -0.247690 8.461480 1.011948
v -0.248630 8.428095 1.079534
v -0.479494 8.043590 1.284830
v -0.462668 8.057890 1.313500
v -0.426760 8.026210 1.358338
v -0.421872 8.043480 1.352416
v -0.433622 8.085115 1.346776
v -0.414634 8.100075 1.381086
v -0.368950 8.116080 1.457508
v -0.300612 7.967140 1.468976
v -0.293938 7.986665 1.468036
v -0.333324 8.124220 1.470762
v -0.292058 8.132415 1.508456
v -0.237068 8.140555 1.543800
v -0.079054 8.167175 1.605558
v -0.384742 7.585165 -0.136732
v -0.345262 7.589070 -0.169162
v -0.121448 7.604745 -0.258368
v -0.439168 8.098865 -0.299258
v -0.723988 7.830080 0.394274
v -0.313490 8.121525 -0.331312
v -0.838574 8.044195 0.630214
v -0.781422 7.926110 0.617712
v -0.722578 7.863520 0.586222
v -0.634594 7.684385 0.801106
v -0.575468 7.526590 0.518730
v -0.803324 7.926660 0.455938
v -0.756606 7.872815 0.494572
v -0.218268 7.478960 -0.119718
v -0.223720 7.464055 -0.108908
v -0.747300 8.209195 0.871136
v -0.485886 8.324145 1.165356
v -0.249664 8.399770 1.179456
v -0.474606 8.351755 0.101464
v -0.373556 8.415170 0.053336
v -0.395458 7.890525 -0.310162
v -0.244964 7.912250 -0.384140
v -0.537210 7.992385 1.235856
v -0.513052 8.009435 1.261330
v -0.205108 7.915330 -0.399462
v -0.605642 7.894870 1.041088
v -0.230958 7.601280 -0.208360
v -0.238478 7.659525 -0.253104
v -0.240734 7.729595 -0.277074
v -0.277676 8.054480 1.446228
v -0.225130 8.053160 1.463806
v -0.417360 8.070815 1.339632
v -0.377504 8.080110 1.373848
v -0.602352 7.797520 1.019092
v -0.603104 7.793670 1.011666
v -0.197588 8.056515 1.468506
v -0.142410 8.073565 1.466814
v -0.096820 8.081870 1.463806
v -0.046906 8.093640 1.461362
v -0.339434 8.078955 1.403458
v -0.455618 8.054700 1.312560
v -0.479118 8.046065 1.273174
v -0.601036 7.738835 0.999916
v -0.604796 7.729815 0.990704
v -0.570862 7.936945 1.190078
v -0.572460 7.941235 1.181242
v -0.170986 7.736690 -0.305556
v -0.206518 7.734380 -0.287414
v 0.741848 7.930345 0.494102
v 0.618050 7.655730 0.351128
v 0.586654 7.533520 0.380926
v 0.585996 7.525435 0.382618
v 0.699548 7.834810 0.307982
v 0.597464 7.586100 0.365040
v 0.611564 7.719805 0.942670
v 0.740438 7.898775 0.342574
v 0.634500 7.699675 0.761062
v 0.607992 7.726075 0.941260
v 0.630364 7.713150 0.866718
v 0.616734 7.715185 0.922272
v 0.669468 7.759350 0.316536
v 0.649258 7.730585 0.328944
v 0.634594 7.707045 0.809472
v 0.728970 7.886950 0.326030
v 0.753880 7.916980 0.389292
v 0.716374 7.873750 0.317476
v 0.642490 7.722115 0.719702
v 0.737242 7.928310 0.528224
v 0.716656 7.922095 0.553886
v 0.691746 7.843445 0.577574
v 0.746266 7.910600 0.363818
v 0.650198 7.785310 0.691408
v 0.675860 7.814625 0.600134
v 0.592294 7.564045 0.371056
v 0.695224 7.811270 0.314280
v 0.705000 7.854720 0.316066
v 0.673322 7.787235 0.311178
v 0.625194 7.712545 0.892098
v 0.754914 7.922975 0.423414
v 0.607710 7.616955 0.362690
v 0.630082 7.690380 0.321988
v 0.588064 7.546390 0.376602
v 0.688550 7.872540 0.580112
v 0.695318 7.910490 0.583966
v 0.745326 7.926495 0.460262
v 0.755196 7.953445 0.243122
v 0.607898 7.661340 0.267468
v 0.783114 8.007510 0.472388
v 0.575938 7.512510 0.339848
v 0.715810 7.959220 0.681538
v 0.576220 7.521035 0.335712
v 0.576690 7.536985 0.329320
v 0.650292 7.701655 0.260042
v 0.739122 7.935900 0.223288
v 0.702274 7.809840 0.211820
v 0.651138 7.859945 0.834476
v 0.675954 7.740320 0.248386
v 0.722108 7.918190 0.209658
v 0.735550 7.977260 0.647040
v 0.623032 7.840640 0.885706
v 0.788566 8.002835 0.421064
v 0.620964 7.827990 0.932800
v 0.577254 7.555630 0.323398
v 0.773526 8.006740 0.521174
v 0.764126 8.002010 0.565260
v 0.688174 7.938650 0.714156
v 0.789224 7.981880 0.317476
v 0.716844 7.839375 0.204582
v 0.665426 7.914890 0.746868
v 0.773244 7.968790 0.273014
v 0.619648 7.823150 0.954138
v 0.590790 7.616130 0.301496
v 0.648224 7.879580 0.797252
v 0.690148 7.777445 0.233628
v 0.581578 7.579885 0.318698
v 0.715716 7.896960 0.202138
v 0.610248 7.820180 0.999446
v 0.614196 7.820565 0.978296
v 0.610906 7.820015 0.995028
v 0.791480 7.994200 0.370116
v 0.753692 7.991945 0.605116
v 0.718912 7.870010 0.199036
v -0.821278 7.979185 0.418620
v -0.732824 7.821720 0.203548
v -0.720510 7.930455 0.780708
v -0.789130 7.948605 0.282602
v -0.763280 7.920335 0.230996
v -0.695694 7.909830 0.819060
v -0.759708 7.900205 0.213418
v -0.599626 7.593745 0.379610
v -0.751812 7.946020 0.745176
v -0.708384 7.790975 0.210598
v -0.607710 7.846470 1.002172
v -0.605830 7.843445 1.027646
v -0.640892 7.874355 0.887116
v -0.580168 7.541495 0.434882
v -0.751624 7.875730 0.201950
v -0.665144 7.891185 0.850644
v -0.604796 7.842455 1.037798
v -0.575186 7.521365 0.442684
v -0.777568 7.960430 0.708986
v -0.798718 7.970385 0.672984
v -0.833780 7.987215 0.520892
v -0.621716 7.860715 0.937406
v -0.827482 7.983475 0.575788
v -0.572460 7.510970 0.443436
v -0.587218 7.566795 0.414954
v -0.742788 7.851200 0.199036
v -0.772962 7.936615 0.254120
v -0.826636 7.985235 0.469568
v -0.806238 7.959605 0.325184
v -0.616734 7.622730 0.344078
v -0.621998 7.699620 0.289464
v -0.651326 7.733885 0.252804
v -0.612128 7.852795 0.964854
v -0.814698 7.970990 0.369552
v -0.818364 7.979130 0.626548
v -0.622750 7.659855 0.319356
v -0.677176 7.764905 0.228176
v -0.648318 7.741695 0.732768
v -0.666742 7.779645 0.317100
v -0.665614 7.764355 0.322646
v -0.686200 7.790315 0.668566
v -0.714682 7.828760 0.649484
v -0.747018 7.897290 0.577386
v -0.637320 7.702920 0.868034
v -0.752846 7.900370 0.545050
v -0.625100 7.718045 0.923776
v -0.763468 7.898225 0.483762
v -0.740438 7.868470 0.405836
v -0.577066 7.532200 0.509894
v -0.603198 7.598585 0.462142
v -0.653206 7.681690 0.389104
v -0.691276 7.800325 0.320390
v -0.600566 7.758250 1.010350
v -0.633842 7.653805 0.415236
v -0.699360 7.831675 0.345394
v -0.615982 7.625370 0.438548
v -0.752094 7.873970 0.431780
v -0.757264 7.898005 0.513842
v -0.601788 7.752310 1.003676
v -0.734610 7.869185 0.381396
v -0.589568 7.573890 0.487992
v -0.574528 7.522905 0.509236
v -0.643524 7.713370 0.803738
v -0.717690 7.863355 0.357238
v -0.581296 7.550735 0.504348
v -0.715716 7.852025 0.630966
v -0.727936 7.878370 0.624010
v -0.618238 7.730970 0.951036
v -0.753880 7.878205 0.459980
v -0.740250 7.890250 0.604646
v -0.676424 7.706880 0.365228
v -0.608650 7.744225 0.981680
v -0.697668 7.822215 0.335618
v -0.680466 7.736305 0.333738
v 0.277112 7.483415 -0.156002
v 0.245810 7.482150 -0.180254
v 0.315370 7.716450 -0.266358
v 0.278522 7.719805 -0.282902
v 0.288862 7.522685 -0.186740
v 0.259722 7.523015 -0.211932
v 0.303432 7.644345 -0.244738
v 0.269028 7.650395 -0.262128
v 0.297228 7.579500 -0.214376
v 0.262730 7.585880 -0.239380
v 0.266584 7.447500 -0.104302
v 0.231052 7.444530 -0.123948
v 0.264610 7.463725 -0.120000
v 0.234812 7.462295 -0.146132
v 0.130754 7.428415 -0.167940
v 0.166662 7.432540 -0.154592
v 0.151058 7.477640 -0.218606
v 0.183488 7.479785 -0.210522
v 0.159988 7.533190 -0.251788
v 0.196836 7.529560 -0.239380
v 0.167508 7.599520 -0.276792
v 0.200784 7.596055 -0.265794
v 0.128686 7.445685 -0.190594
v 0.170516 7.457455 -0.178656
v 0.168260 7.664970 -0.306684
v 0.207928 7.659745 -0.295310
v 0.050196 7.609200 -0.287132
v 0.091556 7.607605 -0.281304
v 0.091650 7.534675 -0.275570
v 0.048786 7.540725 -0.273126
v 0.081404 7.480445 -0.229604
v 0.042112 7.488585 -0.239098
v 0.040138 7.451900 -0.209582
v 0.075012 7.446345 -0.209488
v 0.037318 7.439470 -0.194260
v 0.072474 7.436005 -0.193038
v -0.031302 7.497990 -0.229416
v -0.068996 7.501730 -0.216726
v -0.033652 7.453825 -0.184108
v -0.071064 7.459655 -0.170854
v -0.036190 7.465485 -0.199712
v -0.072004 7.470930 -0.189184
v -0.036848 7.607605 -0.286662
v -0.082626 7.605130 -0.276322
v -0.033182 7.548755 -0.258086
v -0.074824 7.548480 -0.247652
v -0.161680 7.603590 -0.242012
v -0.197118 7.602490 -0.224058
v -0.145230 7.505800 -0.183262
v -0.181702 7.513280 -0.165308
v -0.198340 7.542540 -0.208266
v -0.159894 7.543145 -0.222648
v -0.169670 7.667885 -0.278296
v -0.203980 7.665355 -0.265606
v -0.152280 7.475275 -0.152806
v -0.188940 7.476595 -0.140022
v -0.154160 7.461525 -0.140398
v -0.192982 7.461470 -0.127802
v -0.300988 7.593140 -0.189090
v -0.265174 7.597980 -0.197362
v -0.273634 7.467850 -0.073564
v -0.249570 7.466255 -0.090672
v -0.269216 7.483965 -0.083998
v -0.247596 7.482975 -0.100072
v -0.309448 7.717825 -0.246712
v -0.274386 7.723985 -0.264572
v -0.298920 7.656115 -0.207984
v -0.270062 7.657600 -0.231202
v -0.297228 7.544685 -0.150174
v -0.268464 7.543805 -0.172358
v -0.277676 7.517075 -0.110600
v -0.250510 7.517350 -0.130622
v 0.615606 7.696650 0.911368
v 0.114492 8.065095 1.475180
v -0.485886 8.024120 1.289342
v 0.167696 8.051675 1.478094
v -0.592294 7.922205 1.117698
v 0.492748 8.015485 1.293384
v 0.054238 8.083300 1.468318
v 0.378914 8.026760 1.402142
v 0.206612 8.042820 1.474616
v 0.594644 7.920170 1.104350
v -0.241016 8.016970 1.478470
v -0.380042 8.059155 1.385410
v 0.535330 8.000415 1.255220
v -0.347236 8.048485 1.421976
v 0.340562 8.028410 1.433726
v 0.223250 8.034075 1.474898
v 0.415198 8.026595 1.368960
v -0.607898 7.723325 0.978484
v 0.451388 8.025330 1.331454
v -0.455994 8.046890 1.313688
v -0.285290 8.020490 1.464464
v 0.581672 7.954710 1.157742
v -0.605078 7.792295 1.000010
v -0.206706 8.019995 1.482606
v -0.513334 8.002615 1.267910
v 0.302210 8.028905 1.451680
v -0.053580 8.079505 1.467472
v -0.604796 7.891790 1.053026
v -0.556950 7.967910 1.211886
v -0.140060 8.041555 1.482888
v -0.417830 8.060420 1.344238
v 0.608368 7.874685 1.041182
v 0.562214 7.979460 1.208690
v 0.263388 8.030445 1.465592
v -0.102084 8.060035 1.474616
v -0.536082 7.986445 1.243752
v -0.577818 7.946295 1.170996
v 0.616452 7.763365 0.952352
v -0.000282 8.086270 1.468788
v 0.614478 7.717605 0.932048
v 0.612222 7.820235 0.986756
v -0.606582 7.844930 1.015332
v -0.604514 7.748405 0.993242
v 0.371864 8.063115 1.437392
v -0.481186 8.044635 1.277404
v 0.491902 8.040620 1.255126
v -0.453550 8.055580 1.312184
v -0.378068 8.088305 1.368114
v 0.011186 8.111130 1.535904
v -0.354944 8.089130 1.428838
v -0.219772 8.083465 1.534870
v -0.608462 7.900590 1.023228
v -0.047658 8.104860 1.551226
v 0.185932 8.091770 1.551132
v -0.557796 7.983860 1.187446
v 0.099922 8.095620 1.554610
v 0.563624 8.002065 1.188762
v 0.525272 8.023350 1.225892
v 0.621998 7.692360 0.886552
v 0.610154 7.879855 1.021630
v -0.256808 8.080000 1.520676
v -0.503746 8.037485 1.238676
v -0.322420 8.077745 1.457508
v -0.595490 7.933315 1.087618
v -0.539372 8.002065 1.223354
v -0.586654 7.962740 1.144582
v -0.417830 8.074555 1.337094
v 0.583646 7.969945 1.138660
v 0.596524 7.929520 1.085832
v 0.293374 8.063170 1.493510
v -0.145982 8.106180 1.566078
v 0.468496 8.046890 1.303348
v 0.621246 7.761220 0.932424
v 0.052076 8.108050 1.543800
v 0.441894 8.053435 1.354672
v -0.097572 8.096060 1.545210
v -0.612504 7.790370 0.969554
v 0.216012 8.083905 1.540228
v 0.333888 8.061080 1.453466
v 0.262542 8.077360 1.523120
v 0.408336 8.056185 1.407030
v -0.612974 7.709575 0.952164
v 0.620870 7.713535 0.907326
v 0.617298 7.821885 0.965700
v -0.610530 7.849550 0.984030
v -0.613820 7.738945 0.967392
v -0.189692 8.379805 1.311808
v -0.256338 8.343175 -0.172640
v -0.260568 8.532210 0.591110
v -0.286042 8.506580 0.419184
v -0.263764 8.477650 0.309674
v -0.268370 8.467420 0.172998
v -0.182736 7.916925 -0.407358
v -0.223532 8.233835 -0.275288
v -0.239794 8.289000 -0.230920
v -0.176438 8.215685 1.538160
v -0.158672 7.989470 1.495202
v -0.135172 7.544465 -0.232424
v -0.154912 7.964885 1.495860
v -0.190162 8.061080 1.466720
v -0.176908 8.158265 1.584502
v -0.284914 8.444485 0.020436
v -0.164594 7.798950 -0.360076
v -0.174746 7.858185 -0.387054
v -0.165722 8.442725 1.105102
v -0.231052 8.524730 0.722804
v -0.174370 8.418580 1.204366
v -0.172490 8.467145 1.017964
v -0.153784 7.736965 -0.315990
v -0.183582 8.501685 0.952352
v -0.185462 7.973025 -0.408956
v -0.275702 8.399935 -0.081930
v -0.219866 8.536885 0.859762
v -0.190914 8.028025 -0.402282
v -0.202382 8.130435 -0.344660
v -0.196930 8.080660 -0.379346
v -0.180386 8.309735 1.424044
v -0.206330 8.177680 -0.297942
v -0.142410 7.604085 -0.250190
v -0.126430 7.505030 -0.192004
v -0.152844 7.667720 -0.285628
v -0.127182 7.476705 -0.161454
v -0.133950 7.461415 -0.146320
v -0.172490 8.027585 1.485332
v -0.213568 8.087865 1.542578
v -0.347142 8.119050 1.469164
v -0.360396 8.190000 1.465310
v -0.333982 8.118720 -0.329526
v -0.326838 8.447125 1.008940
v -0.409934 8.305940 -0.123478
v -0.415762 8.470005 0.459416
v -0.388878 8.487605 0.716130
v -0.248254 7.599850 -0.201780
v -0.309448 8.067735 1.426488
v -0.378538 8.259520 -0.182134
v -0.349680 8.345155 1.262646
v -0.352030 8.303630 1.341512
v -0.367728 8.487385 0.821504
v -0.315464 7.962135 -0.372578
v -0.328812 8.376175 1.165920
v -0.439732 8.346365 -0.047808
v -0.327214 8.419845 1.097394
v -0.236692 7.465155 -0.099884
v -0.231146 7.479950 -0.109942
v -0.418112 8.380300 0.083040
v -0.336614 8.484470 0.925750
v -0.302774 7.905265 -0.367032
v -0.412754 8.444100 0.317100
v -0.409652 8.411210 0.202514
v -0.257560 7.726680 -0.270870
v -0.255868 7.656995 -0.242388
v -0.276078 7.787180 -0.317306
v -0.363780 8.216070 -0.243986
v -0.250134 7.543145 -0.182416
v -0.235752 7.517075 -0.138800
v -0.351748 8.173115 -0.304428
v -0.417078 8.483590 0.592144
v -0.321574 8.016420 -0.366844
v -0.324394 8.068670 -0.346634
v -0.289238 7.848560 -0.342968
v -0.334358 7.976160 1.455064
v -0.328812 7.997225 1.455722
v -0.318284 8.034900 1.445382
v -0.332478 8.080825 1.451586
vt 0.4283 0.6610
vt 0.4406 0.6396
vt 0.4508 0.6474
vt 0.4392 0.6742
vt 0.6494 0.6847
vt 0.6580 0.7044
vt 0.6438 0.7095
vt 0.6367 0.6889
vt 0.6075 0.8458
vt 0.6085 0.8581
vt 0.5809 0.8637
vt 0.5802 0.8515
vt 0.3877 0.6648
vt 0.3752 0.6742
vt 0.3714 0.6668
vt 0.3849 0.6596
vt 0.7178 0.8397
vt 0.7235 0.8486
vt 0.7001 0.8625
vt 0.6957 0.8520
vt 0.8847 0.6181
vt 0.8945 0.6208
vt 0.8879 0.6510
vt 0.8776 0.6482
vt 0.6905 0.7834
vt 0.6950 0.7931
vt 0.6742 0.7994
vt 0.6683 0.7873
vt 0.6606 0.6803
vt 0.6704 0.6993
vt 0.7035 0.8133
vt 0.7080 0.8224
vt 0.6860 0.8328
vt 0.6835 0.8227
vt 0.6666 0.7234
vt 0.6716 0.7399
vt 0.6559 0.7455
vt 0.6503 0.7286
vt 0.5996 0.7349
vt 0.5986 0.7142
vt 0.6135 0.7141
vt 0.6168 0.7344
vt 0.7750 0.5882
vt 0.7812 0.5582
vt 0.7960 0.5688
vt 0.7904 0.5960
vt 0.6420 0.6667
vt 0.6303 0.6695
vt 0.6041 0.8046
vt 0.6050 0.8193
vt 0.5792 0.8241
vt 0.5788 0.8076
vt 0.6017 0.7707
vt 0.6038 0.7900
vt 0.5804 0.7917
vt 0.5820 0.7739
vt 0.7591 0.5775
vt 0.7655 0.5489
vt 0.6512 0.6622
vt 0.6420 0.6667
vt 0.6339 0.6488
vt 0.6422 0.6450
vt 0.6354 0.6321
vt 0.6281 0.6356
vt 0.6256 0.6289
vt 0.6329 0.6258
vt 0.7556 0.8910
vt 0.7702 0.9094
vt 0.7396 0.9321
vt 0.7230 0.9082
vt 0.6770 0.7540
vt 0.6811 0.7668
vt 0.6639 0.7731
vt 0.6604 0.7602
vt 0.7483 0.7414
vt 0.7558 0.7505
vt 0.7431 0.7632
vt 0.7364 0.7535
vt 0.8268 0.4934
vt 0.8277 0.4868
vt 0.8402 0.4925
vt 0.8393 0.4993
vt 0.7958 0.4826
vt 0.7968 0.4767
vt 0.8130 0.4814
vt 0.8121 0.4878
vt 0.7625 0.4723
vt 0.7635 0.4669
vt 0.7794 0.4716
vt 0.7781 0.4772
vt 0.7704 0.6136
vt 0.7842 0.6230
vt 0.7783 0.6465
vt 0.7652 0.6367
vt 0.8930 0.6821
vt 0.9053 0.6852
vt 0.8983 0.7117
vt 0.8855 0.7078
vt 0.7385 0.5919
vt 0.7571 0.6021
vt 0.7512 0.6257
vt 0.7352 0.6138
vt 0.8278 0.6527
vt 0.8361 0.6577
vt 0.8272 0.6813
vt 0.8194 0.6762
vt 0.7178 0.5461
vt 0.7274 0.5554
vt 0.7229 0.5795
vt 0.7096 0.5669
vt 0.7965 0.6320
vt 0.8090 0.6399
vt 0.8014 0.6632
vt 0.7906 0.6553
vt 0.6977 0.6220
vt 0.7123 0.6369
vt 0.7079 0.6521
vt 0.6937 0.6361
vt 0.7683 0.7127
vt 0.7770 0.7209
vt 0.7670 0.7366
vt 0.7586 0.7280
vt 0.7476 0.6932
vt 0.7587 0.7036
vt 0.7498 0.7186
vt 0.7400 0.7078
vt 0.8575 0.7755
vt 0.8710 0.7826
vt 0.8590 0.8045
vt 0.8452 0.7967
vt 0.7226 0.6680
vt 0.7360 0.6814
vt 0.7289 0.6955
vt 0.7167 0.6813
vt 0.7924 0.7347
vt 0.7995 0.7404
vt 0.7889 0.7572
vt 0.7818 0.7511
vt 0.7405 0.7919
vt 0.7463 0.7992
vt 0.7272 0.8114
vt 0.7227 0.8031
vt 0.6770 0.6678
vt 0.6888 0.6856
vt 0.6802 0.6931
vt 0.6698 0.6746
vt 0.7219 0.7642
vt 0.7289 0.7743
vt 0.7129 0.7845
vt 0.7076 0.7738
vt 0.7076 0.7402
vt 0.7168 0.7528
vt 0.7004 0.7598
vt 0.6934 0.7470
vt 0.8009 0.8568
vt 0.8138 0.8679
vt 0.7948 0.8886
vt 0.7802 0.8746
vt 0.6901 0.7105
vt 0.6990 0.7261
vt 0.6865 0.7332
vt 0.6790 0.7174
vt 0.5465 0.9443
vt 0.5840 0.9444
vt 0.5860 0.9690
vt 0.5457 0.9665
vt 0.5537 0.8543
vt 0.5539 0.8670
vt 0.4186 0.7536
vt 0.4329 0.7690
vt 0.4240 0.7813
vt 0.4067 0.7660
vt 0.4492 0.6836
vt 0.4586 0.6542
vt 0.4342 0.7246
vt 0.4264 0.7412
vt 0.4137 0.7229
vt 0.4187 0.7090
vt 0.6099 0.8698
vt 0.6085 0.8581
vt 0.6368 0.8490
vt 0.6398 0.8625
vt 0.8083 0.5774
vt 0.8037 0.6049
vt 0.3876 0.7829
vt 0.3789 0.7912
vt 0.3588 0.7670
vt 0.3702 0.7601
vt 0.4644 0.7484
vt 0.4570 0.7653
vt 0.4421 0.7542
vt 0.4507 0.7369
vt 0.4773 0.7031
vt 0.4643 0.6924
vt 0.4731 0.6647
vt 0.4874 0.6748
vt 0.5663 0.7350
vt 0.5826 0.7355
vt 0.5824 0.7554
vt 0.5642 0.7557
vt 0.5618 0.7746
vt 0.5596 0.7933
vt 0.4487 0.7803
vt 0.4408 0.7944
vt 0.8701 0.6744
vt 0.8812 0.6784
vt 0.8734 0.7037
vt 0.8622 0.6991
vt 0.7004 0.5578
vt 0.7096 0.5669
vt 0.7031 0.5882
vt 0.6922 0.5753
vt 0.7102 0.5387
vt 0.7004 0.5578
vt 0.6942 0.5490
vt 0.7004 0.5306
vt 0.6846 0.6077
vt 0.6798 0.6202
vt 0.6679 0.6066
vt 0.6715 0.5941
vt 0.6654 0.6501
vt 0.6587 0.6565
vt 0.6491 0.6401
vt 0.6548 0.6341
vt 0.5260 0.7723
vt 0.5213 0.7909
vt 0.5038 0.7872
vt 0.5095 0.7685
vt 0.5380 0.7320
vt 0.5209 0.7266
vt 0.5277 0.6969
vt 0.5442 0.7054
vt 0.7216 0.4996
vt 0.7155 0.5165
vt 0.7072 0.5115
vt 0.7144 0.4972
vt 0.5160 0.8079
vt 0.5117 0.8238
vt 0.4926 0.8178
vt 0.4982 0.8042
vt 0.3804 0.8930
vt 0.3747 0.9040
vt 0.3436 0.8863
vt 0.3544 0.8739
vt 0.6250 0.9397
vt 0.6225 0.9186
vt 0.6526 0.9157
vt 0.6596 0.9330
vt 0.6876 0.5425
vt 0.6851 0.5393
vt 0.6897 0.5217
vt 0.6931 0.5246
vt 0.4991 0.8782
vt 0.4764 0.8741
vt 0.4801 0.8622
vt 0.5019 0.8661
vt 0.3198 0.8441
vt 0.3161 0.8573
vt 0.2918 0.8297
vt 0.2987 0.8193
vt 0.7747 0.8305
vt 0.7860 0.8420
vt 0.7661 0.8584
vt 0.7552 0.8461
vt 0.5079 0.8389
vt 0.4870 0.8352
vt 0.8335 0.7623
vt 0.8449 0.7687
vt 0.8327 0.7886
vt 0.8213 0.7810
vt 0.5572 0.8100
vt 0.5556 0.8260
vt 0.4827 0.9347
vt 0.5123 0.9400
vt 0.5087 0.9590
vt 0.4772 0.9478
vt 0.5482 0.9125
vt 0.5836 0.9074
vt 0.5853 0.9235
vt 0.5473 0.9255
vt 0.2728 0.7201
vt 0.2620 0.7279
vt 0.2595 0.7180
vt 0.2702 0.7096
vt 0.4645 0.8428
vt 0.4835 0.8490
vt 0.4801 0.8622
vt 0.4597 0.8554
vt 0.6739 0.5574
vt 0.6576 0.5525
vt 0.6647 0.5851
vt 0.6595 0.5956
vt 0.6527 0.5887
vt 0.6559 0.5770
vt 0.6890 0.6489
vt 0.7027 0.6652
vt 0.6959 0.6765
vt 0.6833 0.6594
vt 0.3425 0.8260
vt 0.3523 0.8174
vt 0.3770 0.8416
vt 0.3690 0.8510
vt 0.3689 0.8008
vt 0.3789 0.7912
vt 0.3982 0.8123
vt 0.3913 0.8225
vt 0.6118 0.9047
vt 0.6123 0.8936
vt 0.6445 0.8880
vt 0.6486 0.8995
vt 0.4903 0.9113
vt 0.4659 0.9073
vt 0.4693 0.8965
vt 0.4932 0.9005
vt 0.8518 0.6666
vt 0.8604 0.6707
vt 0.8522 0.6947
vt 0.8433 0.6906
vt 0.7585 0.8138
vt 0.7659 0.8215
vt 0.7460 0.8359
vt 0.7381 0.8277
vt 0.8144 0.7508
vt 0.8233 0.7565
vt 0.8121 0.7743
vt 0.8034 0.7684
vt 0.5493 0.8890
vt 0.5813 0.8864
vt 0.5824 0.8968
vt 0.5483 0.9014
vt 0.4430 0.8995
vt 0.4470 0.8897
vt 0.4557 0.8676
vt 0.3619 0.6814
vt 0.3486 0.6853
vt 0.3443 0.6757
vt 0.3579 0.6721
vt 0.3255 0.6921
vt 0.3142 0.6986
vt 0.3106 0.6878
vt 0.3213 0.6829
vt 0.4533 0.6127
vt 0.4623 0.6172
vt 0.2960 0.7127
vt 0.2896 0.7199
vt 0.2804 0.7059
vt 0.2898 0.6999
vt 0.2501 0.7504
vt 0.2377 0.7521
vt 0.2336 0.7366
vt 0.2454 0.7330
vt 0.8012 0.5411
vt 0.8041 0.5190
vt 0.8215 0.5260
vt 0.8147 0.5498
vt 0.7688 0.5250
vt 0.7719 0.5047
vt 0.7897 0.5113
vt 0.7838 0.5338
vt 0.7388 0.5085
vt 0.7441 0.4920
vt 0.7565 0.4969
vt 0.7526 0.5160
vt 0.8373 0.5138
vt 0.8467 0.5189
vt 0.8429 0.5395
vt 0.8321 0.5328
vt 0.8215 0.5260
vt 0.8235 0.5074
vt 0.7489 0.4799
vt 0.7603 0.4832
vt 0.7334 0.4691
vt 0.7324 0.4731
vt 0.7248 0.4725
vt 0.7264 0.4688
vt 0.8082 0.7988
vt 0.8192 0.8072
vt 0.8048 0.8255
vt 0.7930 0.8148
vt 0.8094 0.5005
vt 0.7759 0.4886
vt 0.7929 0.4950
vt 0.6706 0.6424
vt 0.6833 0.6594
vt 0.6770 0.6678
vt 0.6654 0.6501
vt 0.7695 0.7661
vt 0.7765 0.7728
vt 0.7620 0.7869
vt 0.7559 0.7799
vt 0.7308 0.7203
vt 0.7399 0.7316
vt 0.7292 0.7426
vt 0.7208 0.7313
vt 0.8316 0.8166
vt 0.8443 0.8251
vt 0.8291 0.8472
vt 0.8165 0.8360
vt 0.7090 0.6928
vt 0.7208 0.7076
vt 0.7106 0.7175
vt 0.7001 0.7025
vt 0.6757 0.6322
vt 0.6706 0.6424
vt 0.6596 0.6265
vt 0.6638 0.6173
vt 0.7905 0.7847
vt 0.7984 0.7913
vt 0.7831 0.8068
vt 0.7752 0.8001
vt 0.6509 0.6139
vt 0.6467 0.6104
vt 0.6498 0.5982
vt 0.6565 0.6065
vt 0.6468 0.6222
vt 0.6428 0.6153
vt 0.7165 0.4775
vt 0.7132 0.4854
vt 0.7104 0.4846
vt 0.7132 0.4772
vt 0.5341 0.6728
vt 0.5467 0.6797
vt 0.5821 0.7138
vt 0.5674 0.7123
vt 0.5693 0.6889
vt 0.5820 0.6917
vt 0.5813 0.6705
vt 0.5707 0.6673
vt 0.5718 0.6468
vt 0.5815 0.6508
vt 0.5226 0.6247
vt 0.5088 0.6091
vt 0.5197 0.5795
vt 0.5335 0.5912
vt 0.5414 0.6462
vt 0.5505 0.6548
vt 0.5820 0.6354
vt 0.5745 0.6304
vt 0.5762 0.6223
vt 0.5830 0.6271
vt 0.5370 0.5658
vt 0.5288 0.5371
vt 0.5321 0.5223
vt 0.5414 0.5484
vt 0.5685 0.5933
vt 0.5672 0.6066
vt 0.5558 0.6312
vt 0.5478 0.6208
vt 0.7088 0.4950
vt 0.7009 0.5075
vt 0.6979 0.5059
vt 0.7058 0.4938
vt 0.7009 0.5075
vt 0.6931 0.5246
vt 0.7165 0.4775
vt 0.7186 0.4717
vt 0.7248 0.4725
vt 0.7223 0.4797
vt 0.7194 0.4872
vt 0.7269 0.4890
vt 0.4947 0.5360
vt 0.5063 0.5324
vt 0.5001 0.5623
vt 0.4884 0.5593
vt 0.4989 0.6005
vt 0.4877 0.5931
vt 0.5001 0.5623
vt 0.5095 0.5672
vt 0.5820 0.6354
vt 0.5904 0.6383
vt 0.5912 0.6539
vt 0.5815 0.6508
vt 0.5951 0.6927
vt 0.6091 0.6931
vt 0.4727 0.6250
vt 0.8539 0.7217
vt 0.8649 0.7266
vt 0.4944 0.7638
vt 0.4878 0.7819
vt 0.4728 0.7751
vt 0.4794 0.7569
vt 0.5062 0.7186
vt 0.4941 0.7140
vt 0.5022 0.6845
vt 0.5156 0.6922
vt 0.4812 0.7983
vt 0.4745 0.8132
vt 0.4581 0.8058
vt 0.4655 0.7905
vt 0.4263 0.9219
vt 0.4202 0.9344
vt 0.3987 0.9202
vt 0.4058 0.9089
vt 0.4264 0.8193
vt 0.4457 0.8324
vt 0.4390 0.8440
vt 0.4201 0.8307
vt 0.3948 0.8724
vt 0.4012 0.8630
vt 0.4241 0.8786
vt 0.4195 0.8887
vt 0.4135 0.8418
vt 0.4337 0.8568
vt 0.7475 0.5404
vt 0.7343 0.5315
vt 0.5156 0.6922
vt 0.5230 0.6647
vt 0.5414 0.6462
vt 0.5320 0.6358
vt 0.5449 0.6043
vt 0.5478 0.6208
vt 0.5685 0.5933
vt 0.5618 0.5796
vt 0.5623 0.5707
vt 0.5740 0.5832
vt 0.8821 0.5268
vt 0.8772 0.5512
vt 0.8696 0.5487
vt 0.8741 0.5264
vt 0.6647 0.5851
vt 0.6586 0.5702
vt 0.6758 0.5800
vt 0.6715 0.5941
vt 0.6922 0.5753
vt 0.6869 0.5921
vt 0.6758 0.5800
vt 0.6839 0.5665
vt 0.7008 0.6062
vt 0.7155 0.6203
vt 0.6198 0.6382
vt 0.6095 0.6400
vt 0.6084 0.6325
vt 0.6168 0.6318
vt 0.7324 0.6335
vt 0.7471 0.6463
vt 0.6303 0.6695
vt 0.6174 0.6715
vt 0.6134 0.6539
vt 0.6243 0.6512
vt 0.6283 0.7112
vt 0.6230 0.6919
vt 0.6343 0.7321
vt 0.6283 0.7112
vt 0.6424 0.7651
vt 0.6231 0.7690
vt 0.6201 0.7524
vt 0.6392 0.7502
vt 0.6485 0.7936
vt 0.6258 0.7996
vt 0.6246 0.7850
vt 0.6453 0.7790
vt 0.6538 0.8192
vt 0.6283 0.8257
vt 0.6271 0.8129
vt 0.6510 0.8063
vt 0.6649 0.8541
vt 0.6607 0.8428
vt 0.6790 0.8887
vt 0.6741 0.8760
vt 0.6940 0.9220
vt 0.6868 0.9030
vt 0.7598 0.6576
vt 0.7727 0.6673
vt 0.7842 0.6765
vt 0.7942 0.6843
vt 0.8109 0.6973
vt 0.8185 0.7027
vt 0.8262 0.7075
vt 0.8169 0.7272
vt 0.8093 0.7223
vt 0.8185 0.7027
vt 0.7411 0.8754
vt 0.7332 0.8618
vt 0.8769 0.7318
vt 0.8904 0.7369
vt 0.4191 0.6800
vt 0.4268 0.6965
vt 0.4206 0.6530
vt 0.4088 0.6682
vt 0.4049 0.6628
vt 0.4172 0.6492
vt 0.4345 0.6344
vt 0.4314 0.6319
vt 0.4683 0.5856
vt 0.4776 0.5885
vt 0.6062 0.8334
vt 0.5795 0.8384
vt 0.6343 0.8390
vt 0.4000 0.6552
vt 0.3981 0.6517
vt 0.4187 0.7090
vt 0.4062 0.6975
vt 0.3965 0.7096
vt 0.7122 0.8309
vt 0.6893 0.8423
vt 0.7272 0.8114
vt 0.7317 0.8193
vt 0.7332 0.8618
vt 0.7060 0.8745
vt 0.7004 0.7598
vt 0.7076 0.7738
vt 0.4815 0.5367
vt 0.4853 0.5360
vt 0.4790 0.5577
vt 0.4753 0.5582
vt 0.6993 0.8037
vt 0.6814 0.8125
vt 0.7180 0.7942
vt 0.6790 0.7174
vt 0.6011 0.7542
vt 0.6201 0.7524
vt 0.7475 0.5404
vt 0.7444 0.5660
vt 0.8204 0.5855
vt 0.8151 0.6133
vt 0.6281 0.6356
vt 0.6339 0.6488
vt 0.6243 0.6512
vt 0.6198 0.6382
vt 0.7204 0.6010
vt 0.7411 0.8754
vt 0.7178 0.8900
vt 0.7802 0.8746
vt 0.6934 0.7470
vt 0.7498 0.7186
vt 0.7586 0.7280
vt 0.9086 0.5071
vt 0.9081 0.5132
vt 0.9014 0.5122
vt 0.9020 0.5035
vt 0.9066 0.5294
vt 0.8985 0.5280
vt 0.8393 0.4993
vt 0.8499 0.5046
vt 0.8509 0.4967
vt 0.8121 0.4878
vt 0.7929 0.4950
vt 0.7781 0.4772
vt 0.7603 0.4832
vt 0.7512 0.4707
vt 0.7521 0.4659
vt 0.8879 0.6510
vt 0.8996 0.6538
vt 0.9115 0.6568
vt 0.7444 0.5660
vt 0.8189 0.6468
vt 0.8109 0.6702
vt 0.7659 0.6866
vt 0.7765 0.6957
vt 0.7858 0.7036
vt 0.7420 0.6651
vt 0.7543 0.6764
vt 0.8557 0.7481
vt 0.8679 0.7542
vt 0.8810 0.7602
vt 0.7278 0.6517
vt 0.7849 0.7282
vt 0.7746 0.7441
vt 0.7943 0.7106
vt 0.8019 0.7168
vt 0.8093 0.7223
vt 0.7347 0.7835
vt 0.7431 0.7632
vt 0.7496 0.7720
vt 0.7389 0.4798
vt 0.7415 0.4724
vt 0.7106 0.7175
vt 0.7208 0.7313
vt 0.8048 0.8255
vt 0.8165 0.8360
vt 0.7001 0.7025
vt 0.5159 0.9252
vt 0.5473 0.9255
vt 0.5272 0.8549
vt 0.5253 0.8678
vt 0.5329 0.8260
vt 0.5556 0.8260
vt 0.5544 0.8408
vt 0.5307 0.8407
vt 0.4027 0.7391
vt 0.3900 0.7483
vt 0.4421 0.7542
vt 0.4573 0.7199
vt 0.4397 0.7006
vt 0.4507 0.7369
vt 0.6108 0.8811
vt 0.6402 0.8754
vt 0.5813 0.8864
vt 0.5814 0.8752
vt 0.8327 0.5918
vt 0.8256 0.6210
vt 0.9047 0.6233
vt 0.3967 0.7743
vt 0.3812 0.7545
vt 0.4151 0.7923
vt 0.4064 0.8024
vt 0.4704 0.7268
vt 0.4868 0.7375
vt 0.4794 0.7569
vt 0.5509 0.7343
vt 0.5470 0.7546
vt 0.5541 0.7101
vt 0.5674 0.7123
vt 0.5433 0.7742
vt 0.5395 0.7926
vt 0.4655 0.7905
vt 0.7425 0.4678
vt 0.6798 0.6202
vt 0.6757 0.6322
vt 0.6587 0.6565
vt 0.6512 0.6622
vt 0.9030 0.5586
vt 0.8945 0.5560
vt 0.5313 0.7527
vt 0.5158 0.7492
vt 0.9155 0.6251
vt 0.5358 0.8099
vt 0.5329 0.8260
vt 0.3878 0.8824
vt 0.3619 0.8603
vt 0.4126 0.8986
vt 0.4058 0.9089
vt 0.6344 0.9652
vt 0.6682 0.9517
vt 0.5244 0.8797
vt 0.5253 0.8678
vt 0.5223 0.8913
vt 0.4962 0.8896
vt 0.4725 0.8858
vt 0.3359 0.8368
vt 0.3086 0.8092
vt 0.5272 0.8549
vt 0.5047 0.8531
vt 0.4835 0.8490
vt 0.7831 0.8068
vt 0.8443 0.7425
vt 0.4572 0.9268
vt 0.4461 0.9436
vt 0.4604 0.9180
vt 0.4869 0.9225
vt 0.8340 0.7373
vt 0.5184 0.9131
vt 0.5204 0.9020
vt 0.5483 0.9014
vt 0.4685 0.8299
vt 0.4516 0.8197
vt 0.6595 0.5956
vt 0.6679 0.6066
vt 0.6638 0.6173
vt 0.6565 0.6065
vt 0.4429 0.6085
vt 0.4276 0.6290
vt 0.4260 0.6272
vt 0.4410 0.6075
vt 0.3168 0.7990
vt 0.3293 0.7888
vt 0.3615 0.8072
vt 0.3844 0.8321
vt 0.3394 0.7811
vt 0.3478 0.7736
vt 0.4903 0.9113
vt 0.4372 0.9101
vt 0.8440 0.6622
vt 0.8350 0.6861
vt 0.7523 0.8065
vt 0.7682 0.7935
vt 0.8068 0.7457
vt 0.7958 0.7629
vt 0.8249 0.7320
vt 0.5223 0.8913
vt 0.5543 0.8784
vt 0.4126 0.8986
vt 0.4195 0.8887
vt 0.2931 0.7848
vt 0.3076 0.7730
vt 0.4517 0.8785
vt 0.4291 0.8678
vt 0.4337 0.8568
vt 0.3862 0.7179
vt 0.3722 0.7222
vt 0.3365 0.6880
vt 0.3322 0.6786
vt 0.3617 0.7271
vt 0.3395 0.7378
vt 0.3478 0.7335
vt 0.7301 0.4805
vt 0.7223 0.4797
vt 0.3046 0.7048
vt 0.2997 0.6934
vt 0.3303 0.7451
vt 0.3394 0.7811
vt 0.3293 0.7888
vt 0.3130 0.7667
vt 0.3233 0.7559
vt 0.2823 0.7937
vt 0.2671 0.8028
vt 0.8266 0.5569
vt 0.8383 0.5635
vt 0.8989 0.5905
vt 0.8896 0.5880
vt 0.7298 0.5032
vt 0.7350 0.4899
vt 0.7252 0.5226
vt 0.7343 0.5315
vt 0.7627 0.7587
vt 0.6354 0.6321
vt 0.6419 0.6277
vt 0.6491 0.6401
vt 0.6422 0.6450
vt 0.7834 0.7787
vt 0.6468 0.6222
vt 0.4985 0.6452
vt 0.5120 0.6554
vt 0.4867 0.6348
vt 0.5569 0.6852
vt 0.5611 0.6622
vt 0.5638 0.6399
vt 0.5611 0.6622
vt 0.5660 0.6237
vt 0.5739 0.6102
vt 0.5185 0.5283
vt 0.5206 0.5200
vt 0.5660 0.6237
vt 0.5638 0.6399
vt 0.7202 0.4683
vt 0.5185 0.5283
vt 0.4776 0.5885
vt 0.5991 0.6395
vt 0.6022 0.6544
vt 0.6052 0.6726
vt 0.5929 0.6725
vt 0.8692 0.5012
vt 0.8776 0.5017
vt 0.8769 0.5122
vt 0.8680 0.5109
vt 0.8660 0.5248
vt 0.8741 0.5264
vt 0.5009 0.7438
vt 0.4328 0.8078
vt 0.7178 0.8900
vt 0.6868 0.9030
vt 0.6790 0.8887
vt 0.7060 0.8745
vt 0.4076 0.8526
vt 0.8862 0.5004
vt 0.8847 0.5128
vt 0.6739 0.5574
vt 0.5991 0.6395
vt 0.5983 0.6326
vt 0.6392 0.7502
vt 0.6453 0.7790
vt 0.6510 0.8063
vt 0.6835 0.8227
vt 0.6570 0.8314
vt 0.6343 0.8390
vt 0.6957 0.8520
vt 0.6692 0.8648
vt 0.7005 0.9396
vt 0.8029 0.6913
vt 0.8433 0.6906
vt 0.8342 0.7121
vt 0.8249 0.7320
vt 0.3909 0.6704
vt 0.3794 0.6814
vt 0.8433 0.7166
vt 0.4649 0.5851
vt 0.4502 0.6114
vt 0.8611 0.5459
vt 0.8647 0.5787
vt 0.8569 0.5747
vt 0.8724 0.5822
vt 0.8516 0.6032
vt 0.8587 0.6075
vt 0.8665 0.6118
vt 0.8442 0.6317
vt 0.8518 0.6360
vt 0.3102 0.7141
vt 0.3005 0.7216
vt 0.3431 0.6982
vt 0.3305 0.7051
vt 0.4544 0.5845
vt 0.4570 0.5845
vt 0.2896 0.7295
vt 0.2815 0.7366
vt 0.2681 0.7434
vt 0.2534 0.7561
vt 0.3206 0.7098
vt 0.3539 0.6945
vt 0.3668 0.6900
vt 0.4450 0.6092
vt 0.4295 0.6305
vt 0.4695 0.5424
vt 0.4723 0.5399
vt 0.4669 0.5598
vt 0.4641 0.5611
vt 0.4024 0.6590
vt 0.4115 0.6416
vt 0.4131 0.6443
vt 0.2414 0.7590
vt 0.8595 0.6404
vt 0.8682 0.6443
vt 0.8518 0.6360
vt 0.4024 0.6590
vt 0.4151 0.6467
vt 0.4295 0.6305
vt 0.4749 0.5388
vt 0.4776 0.5376
vt 0.4718 0.5584
vt 0.4694 0.5592
vt 0.3988 0.6820
vt 0.3904 0.6987
vt 0.3833 0.6879
vt 0.3940 0.6757
vt 0.4593 0.5846
vt 0.4616 0.5847
vt 0.4470 0.6100
vt 0.4450 0.6092
vt 0.3213 0.7320
vt 0.3113 0.7416
vt 0.3043 0.7293
vt 0.3141 0.7219
vt 0.3541 0.7187
vt 0.3444 0.7233
vt 0.3363 0.7115
vt 0.3470 0.7071
vt 0.2986 0.7496
vt 0.2941 0.7552
vt 0.2854 0.7468
vt 0.2952 0.7399
vt 0.2742 0.7649
vt 0.2649 0.7720
vt 0.2581 0.7632
vt 0.2723 0.7535
vt 0.3371 0.7269
vt 0.3252 0.7167
vt 0.3674 0.7147
vt 0.3597 0.7028
vt 0.3798 0.7083
vt 0.3721 0.6995
vt 0.4502 0.6114
vt 0.4470 0.6100
vt 0.2557 0.7761
vt 0.2481 0.7691
vt 0.5523 0.1012
vt 0.5503 0.1122
vt 0.5291 0.1076
vt 0.5332 0.0915
vt 0.3865 0.2545
vt 0.3971 0.2510
vt 0.4051 0.2735
vt 0.3929 0.2779
vt 0.5166 0.3621
vt 0.5427 0.3483
vt 0.5498 0.3584
vt 0.5212 0.3728
vt 0.5865 0.0753
vt 0.5869 0.0716
vt 0.5979 0.0757
vt 0.5981 0.0802
vt 0.4217 0.4245
vt 0.4470 0.4199
vt 0.4505 0.4340
vt 0.4215 0.4380
vt 0.1571 0.3383
vt 0.1797 0.3598
vt 0.1729 0.3689
vt 0.1501 0.3466
vt 0.4120 0.3588
vt 0.4319 0.3543
vt 0.4340 0.3640
vt 0.4141 0.3710
vt 0.3760 0.2570
vt 0.3806 0.2809
vt 0.4158 0.3919
vt 0.4380 0.3838
vt 0.4396 0.3947
vt 0.4182 0.4019
vt 0.3980 0.2983
vt 0.4119 0.2936
vt 0.4179 0.3113
vt 0.4021 0.3165
vt 0.4556 0.2709
vt 0.4408 0.2794
vt 0.4311 0.2603
vt 0.4444 0.2507
vt 0.2317 0.2523
vt 0.2251 0.2673
vt 0.2069 0.2491
vt 0.2136 0.2338
vt 0.3790 0.2298
vt 0.3894 0.2249
vt 0.4964 0.3306
vt 0.5173 0.3176
vt 0.5261 0.3292
vt 0.5039 0.3417
vt 0.4772 0.3025
vt 0.4961 0.2916
vt 0.5070 0.3063
vt 0.4870 0.3153
vt 0.2377 0.2361
vt 0.2216 0.2180
vt 0.3702 0.2322
vt 0.3647 0.2066
vt 0.3728 0.2045
vt 0.3790 0.2298
vt 0.3635 0.1884
vt 0.3576 0.1740
vt 0.3640 0.1742
vt 0.3676 0.1832
vt 0.4242 0.4873
vt 0.4582 0.4844
vt 0.4631 0.5054
vt 0.4251 0.5108
vt 0.4058 0.3319
vt 0.4228 0.3270
vt 0.4278 0.3414
vt 0.4088 0.3459
vt 0.3410 0.3611
vt 0.3584 0.3636
vt 0.3584 0.3756
vt 0.3404 0.3729
vt 0.1404 0.2081
vt 0.1320 0.2175
vt 0.1264 0.2124
vt 0.1353 0.2034
vt 0.1587 0.1842
vt 0.1495 0.1969
vt 0.1448 0.1925
vt 0.1546 0.1797
vt 0.1790 0.1533
vt 0.1683 0.1698
vt 0.1639 0.1659
vt 0.1743 0.1496
vt 0.2488 0.2703
vt 0.2656 0.2862
vt 0.2607 0.3013
vt 0.2432 0.2852
vt 0.1872 0.3977
vt 0.2087 0.4151
vt 0.2001 0.4262
vt 0.1787 0.4079
vt 0.2605 0.2362
vt 0.2750 0.2518
vt 0.2699 0.2703
vt 0.2552 0.2538
vt 0.2243 0.3351
vt 0.2449 0.3499
vt 0.2413 0.3589
vt 0.2205 0.3441
vt 0.2590 0.1784
vt 0.2726 0.1937
vt 0.2653 0.2179
vt 0.2515 0.2011
vt 0.2381 0.2993
vt 0.2564 0.3146
vt 0.2522 0.3273
vt 0.2331 0.3127
vt 0.3086 0.2343
vt 0.3202 0.2426
vt 0.3192 0.2665
vt 0.3066 0.2569
vt 0.3082 0.3494
vt 0.3247 0.3565
vt 0.3229 0.3684
vt 0.3058 0.3613
vt 0.3129 0.3222
vt 0.3282 0.3294
vt 0.3264 0.3436
vt 0.3105 0.3365
vt 0.2726 0.4543
vt 0.2947 0.4638
vt 0.2883 0.4796
vt 0.2655 0.4681
vt 0.3172 0.2877
vt 0.3307 0.2952
vt 0.3297 0.3136
vt 0.3152 0.3063
vt 0.3012 0.3819
vt 0.3193 0.3891
vt 0.3173 0.3985
vt 0.2987 0.3907
vt 0.3765 0.3977
vt 0.3968 0.3964
vt 0.3974 0.4064
vt 0.3764 0.4075
vt 0.3540 0.2574
vt 0.3655 0.2581
vt 0.3685 0.2820
vt 0.3565 0.2815
vt 0.3751 0.3642
vt 0.3925 0.3630
vt 0.3945 0.3748
vt 0.3759 0.3763
vt 0.3733 0.3368
vt 0.3896 0.3352
vt 0.3914 0.3494
vt 0.3742 0.3513
vt 0.3672 0.4840
vt 0.3942 0.4867
vt 0.3922 0.5074
vt 0.3635 0.5025
vt 0.3708 0.3030
vt 0.3845 0.3016
vt 0.3873 0.3195
vt 0.3726 0.3210
vt 0.6315 0.4152
vt 0.6498 0.4328
vt 0.6176 0.4578
vt 0.5778 0.4435
vt 0.5658 0.3343
vt 0.5749 0.3432
vt 0.6120 0.1607
vt 0.6259 0.1705
vt 0.6244 0.1903
vt 0.6112 0.1822
vt 0.5488 0.1351
vt 0.5265 0.1224
vt 0.5831 0.1492
vt 0.5862 0.1273
vt 0.6000 0.1298
vt 0.5985 0.1551
vt 0.5243 0.3780
vt 0.4980 0.3878
vt 0.4960 0.3828
vt 0.5212 0.3728
vt 0.2188 0.2822
vt 0.2000 0.2638
vt 0.6537 0.1876
vt 0.6587 0.1547
vt 0.6741 0.1544
vt 0.6731 0.1977
vt 0.5744 0.1934
vt 0.5800 0.1663
vt 0.5971 0.1748
vt 0.5909 0.1971
vt 0.5366 0.1698
vt 0.5170 0.1562
vt 0.5224 0.1408
vt 0.5432 0.1519
vt 0.4845 0.2504
vt 0.5005 0.2652
vt 0.4830 0.2782
vt 0.4698 0.2605
vt 0.5139 0.2803
vt 0.5264 0.2929
vt 0.6090 0.2035
vt 0.6222 0.2133
vt 0.2017 0.3785
vt 0.2227 0.3942
vt 0.2161 0.4044
vt 0.1950 0.3880
vt 0.2780 0.1709
vt 0.2894 0.1874
vt 0.2855 0.2087
vt 0.2726 0.1937
vt 0.2646 0.1564
vt 0.2690 0.1395
vt 0.2819 0.1509
vt 0.2780 0.1709
vt 0.3105 0.2097
vt 0.3123 0.1889
vt 0.3205 0.1956
vt 0.3222 0.2174
vt 0.3521 0.2316
vt 0.3485 0.2063
vt 0.3566 0.2073
vt 0.3613 0.2326
vt 0.5420 0.2557
vt 0.5524 0.2432
vt 0.5688 0.2517
vt 0.5565 0.2675
vt 0.5092 0.2265
vt 0.4901 0.2080
vt 0.4969 0.1973
vt 0.5173 0.2135
vt 0.2399 0.1300
vt 0.2461 0.1170
vt 0.2564 0.1291
vt 0.2506 0.1442
vt 0.5698 0.2785
vt 0.5824 0.2638
vt 0.5959 0.2740
vt 0.5822 0.2883
vt 0.7355 0.2728
vt 0.7490 0.2434
vt 0.7593 0.2430
vt 0.7493 0.2771
vt 0.5605 0.4535
vt 0.5275 0.4684
vt 0.5214 0.4485
vt 0.5518 0.4344
vt 0.2840 0.1386
vt 0.2720 0.1295
vt 0.2732 0.1253
vt 0.2846 0.1336
vt 0.6200 0.3197
vt 0.6161 0.3146
vt 0.6294 0.3009
vt 0.6399 0.3074
vt 0.7572 0.2056
vt 0.7632 0.1695
vt 0.7764 0.1695
vt 0.7701 0.2051
vt 0.3711 0.4521
vt 0.3961 0.4535
vt 0.3956 0.4688
vt 0.3694 0.4672
vt 0.5934 0.2984
vt 0.6081 0.2838
vt 0.2838 0.4299
vt 0.3046 0.4380
vt 0.3001 0.4504
vt 0.2786 0.4416
vt 0.5379 0.3035
vt 0.5478 0.3155
vt 0.6841 0.3664
vt 0.7005 0.3813
vt 0.6777 0.4062
vt 0.6620 0.3916
vt 0.6079 0.3834
vt 0.6227 0.3958
vt 0.5843 0.4131
vt 0.5767 0.4012
vt 0.7302 0.0581
vt 0.7281 0.0406
vt 0.7395 0.0470
vt 0.7430 0.0608
vt 0.6318 0.2748
vt 0.6478 0.2841
vt 0.6294 0.3009
vt 0.6199 0.2922
vt 0.2952 0.1492
vt 0.2955 0.1429
vt 0.3120 0.1730
vt 0.3245 0.1577
vt 0.3294 0.1625
vt 0.3166 0.1777
vt 0.3312 0.2496
vt 0.3425 0.2547
vt 0.3438 0.2786
vt 0.3314 0.2734
vt 0.7226 0.1994
vt 0.7116 0.2352
vt 0.7087 0.2349
vt 0.7166 0.1990
vt 0.6794 0.2007
vt 0.6732 0.2233
vt 0.6669 0.2202
vt 0.6731 0.1977
vt 0.5433 0.4104
vt 0.5133 0.4242
vt 0.5101 0.4162
vt 0.5396 0.4043
vt 0.6520 0.3411
vt 0.6440 0.3351
vt 0.6643 0.3205
vt 0.6715 0.3239
vt 0.2125 0.3607
vt 0.2334 0.3757
vt 0.2286 0.3844
vt 0.2075 0.3695
vt 0.3744 0.4270
vt 0.3972 0.4267
vt 0.3971 0.4385
vt 0.3724 0.4395
vt 0.2922 0.4091
vt 0.3120 0.4167
vt 0.3087 0.4267
vt 0.2883 0.4190
vt 0.5924 0.3609
vt 0.5995 0.3713
vt 0.5666 0.3891
vt 0.5618 0.3771
vt 0.6834 0.3070
vt 0.6781 0.3036
vt 0.6516 0.2882
vt 0.6108 0.0871
vt 0.6096 0.0807
vt 0.6228 0.0857
vt 0.6251 0.0949
vt 0.6521 0.0868
vt 0.6508 0.0739
vt 0.6657 0.0586
vt 0.6664 0.0705
vt 0.5046 0.0996
vt 0.5094 0.0868
vt 0.6995 0.0554
vt 0.6980 0.0445
vt 0.7153 0.0408
vt 0.7171 0.0529
vt 0.7595 0.0764
vt 0.7534 0.0603
vt 0.7701 0.0634
vt 0.7724 0.0792
vt 0.1900 0.2313
vt 0.1818 0.2453
vt 0.1655 0.2296
vt 0.1728 0.2168
vt 0.2077 0.2030
vt 0.1985 0.2178
vt 0.1797 0.2024
vt 0.1867 0.1874
vt 0.2222 0.1698
vt 0.2136 0.1872
vt 0.1957 0.1706
vt 0.2101 0.1529
vt 0.1434 0.2289
vt 0.1581 0.2414
vt 0.1514 0.2515
vt 0.1377 0.2377
vt 0.1655 0.2296
vt 0.1504 0.2168
vt 0.2003 0.1413
vt 0.1872 0.1616
vt 0.2078 0.0987
vt 0.2144 0.0896
vt 0.2189 0.0912
vt 0.2124 0.1008
vt 0.3261 0.4444
vt 0.3480 0.4491
vt 0.3451 0.4627
vt 0.3224 0.4573
vt 0.1585 0.2053
vt 0.1768 0.1771
vt 0.1675 0.1922
vt 0.3420 0.2286
vt 0.3521 0.2316
vt 0.3540 0.2574
vt 0.3425 0.2547
vt 0.3375 0.3944
vt 0.3576 0.3968
vt 0.3559 0.4072
vt 0.3356 0.4041
vt 0.3433 0.3340
vt 0.3583 0.3364
vt 0.3583 0.3506
vt 0.3422 0.3481
vt 0.3174 0.4712
vt 0.3431 0.4792
vt 0.3373 0.4978
vt 0.3112 0.4907
vt 0.3445 0.3001
vt 0.3574 0.3027
vt 0.3581 0.3207
vt 0.3441 0.3182
vt 0.3327 0.2240
vt 0.3304 0.2004
vt 0.3393 0.2036
vt 0.3420 0.2286
vt 0.3320 0.4225
vt 0.3525 0.4264
vt 0.3503 0.4365
vt 0.3292 0.4328
vt 0.3419 0.1719
vt 0.3377 0.1699
vt 0.3348 0.1668
vt 0.3399 0.1703
vt 0.3476 0.1732
vt 0.3454 0.1725
vt 0.2310 0.0905
vt 0.2328 0.0887
vt 0.2416 0.0967
vt 0.2401 0.0989
vt 0.4764 0.1770
vt 0.4699 0.1884
vt 0.4564 0.2418
vt 0.4428 0.2195
vt 0.4534 0.2097
vt 0.4693 0.2297
vt 0.4292 0.1996
vt 0.4155 0.1793
vt 0.4225 0.1714
vt 0.4374 0.1897
vt 0.4626 0.1340
vt 0.4326 0.1137
vt 0.4327 0.0966
vt 0.4657 0.1194
vt 0.4556 0.1594
vt 0.4513 0.1695
vt 0.4055 0.1652
vt 0.3972 0.1563
vt 0.4002 0.1496
vt 0.4110 0.1580
vt 0.3992 0.0985
vt 0.3911 0.0886
vt 0.3920 0.0542
vt 0.4006 0.0668
vt 0.4095 0.1301
vt 0.4346 0.1421
vt 0.4322 0.1530
vt 0.4152 0.1413
vt 0.2494 0.1100
vt 0.2509 0.1072
vt 0.2616 0.1165
vt 0.2598 0.1207
vt 0.2598 0.1207
vt 0.2720 0.1295
vt 0.2310 0.0905
vt 0.2272 0.0961
vt 0.2189 0.0912
vt 0.2231 0.0859
vt 0.2304 0.1161
vt 0.2366 0.1049
vt 0.4374 0.0232
vt 0.4534 0.0566
vt 0.4432 0.0644
vt 0.4200 0.0247
vt 0.4687 0.1059
vt 0.4348 0.0763
vt 0.4432 0.0644
vt 0.4733 0.0935
vt 0.4055 0.1652
vt 0.4155 0.1793
vt 0.4082 0.1864
vt 0.3987 0.1704
vt 0.4209 0.2362
vt 0.4315 0.2287
vt 0.5011 0.1114
vt 0.2433 0.4081
vt 0.2369 0.4188
vt 0.5608 0.2287
vt 0.5699 0.2073
vt 0.5863 0.2169
vt 0.5776 0.2363
vt 0.5244 0.2027
vt 0.5040 0.1857
vt 0.5101 0.1730
vt 0.5302 0.1875
vt 0.5929 0.2453
vt 0.6021 0.2229
vt 0.6169 0.2341
vt 0.6071 0.2556
vt 0.7146 0.3206
vt 0.7247 0.2983
vt 0.7369 0.3036
vt 0.7242 0.3266
vt 0.6498 0.2344
vt 0.6611 0.2436
vt 0.6541 0.2658
vt 0.6414 0.2564
vt 0.7044 0.2635
vt 0.6951 0.2873
vt 0.6895 0.2847
vt 0.6978 0.2624
vt 0.6676 0.2473
vt 0.6611 0.2687
vt 0.2360 0.1846
vt 0.2285 0.2021
vt 0.4817 0.1667
vt 0.5040 0.1857
vt 0.4556 0.1594
vt 0.4346 0.1421
vt 0.4340 0.1302
vt 0.4591 0.1473
vt 0.4095 0.1301
vt 0.3986 0.1253
vt 0.3931 0.1104
vt 0.4061 0.1185
vt 0.1164 0.2621
vt 0.1233 0.2562
vt 0.1359 0.2729
vt 0.1299 0.2791
vt 0.3120 0.1730
vt 0.3123 0.1889
vt 0.3030 0.1799
vt 0.3048 0.1632
vt 0.2894 0.1874
vt 0.2928 0.1654
vt 0.3030 0.1799
vt 0.3004 0.1996
vt 0.2932 0.2452
vt 0.2966 0.2242
vt 0.3748 0.1793
vt 0.3716 0.1721
vt 0.3788 0.1683
vt 0.3816 0.1749
vt 0.2906 0.2656
vt 0.2855 0.2846
vt 0.3894 0.2249
vt 0.3816 0.2011
vt 0.3908 0.1970
vt 0.3997 0.2200
vt 0.4090 0.2454
vt 0.4176 0.2676
vt 0.4260 0.2873
vt 0.4176 0.2676
vt 0.4400 0.3210
vt 0.4330 0.3047
vt 0.4511 0.2960
vt 0.4597 0.3115
vt 0.4522 0.3485
vt 0.4464 0.3357
vt 0.4667 0.3284
vt 0.4748 0.3406
vt 0.4615 0.3699
vt 0.4577 0.3599
vt 0.4811 0.3519
vt 0.4867 0.3626
vt 0.4707 0.3951
vt 0.4689 0.3899
vt 0.4792 0.4342
vt 0.4783 0.4276
vt 0.4893 0.4794
vt 0.4856 0.4594
vt 0.2813 0.3007
vt 0.2777 0.3149
vt 0.2743 0.3283
vt 0.2708 0.3409
vt 0.2644 0.3620
vt 0.2609 0.3710
vt 0.2589 0.3756
vt 0.2609 0.3710
vt 0.2802 0.3816
vt 0.2786 0.3858
vt 0.4227 0.4529
vt 0.4240 0.4673
vt 0.2300 0.4301
vt 0.2219 0.4422
vt 0.5685 0.1086
vt 0.5727 0.1255
vt 0.5720 0.0901
vt 0.5559 0.0880
vt 0.5349 0.0855
vt 0.4858 0.0732
vt 0.4796 0.0830
vt 0.5348 0.3411
vt 0.5107 0.3523
vt 0.4914 0.3727
vt 0.5749 0.0731
vt 0.5754 0.0697
vt 0.5837 0.1097
vt 0.5862 0.1273
vt 0.6025 0.1174
vt 0.4194 0.4072
vt 0.4409 0.4009
vt 0.4439 0.4061
vt 0.4205 0.4126
vt 0.3974 0.4113
vt 0.3976 0.4162
vt 0.4220 0.4453
vt 0.4518 0.4405
vt 0.4531 0.4499
vt 0.4227 0.4529
vt 0.3965 0.4465
vt 0.3914 0.3494
vt 0.3925 0.3630
vt 0.4558 0.0265
vt 0.4692 0.0470
vt 0.4639 0.0494
vt 0.4503 0.0259
vt 0.4356 0.3730
vt 0.4140 0.3820
vt 0.3958 0.3861
vt 0.3845 0.3016
vt 0.4667 0.2872
vt 0.4511 0.2960
vt 0.2285 0.2021
vt 0.2458 0.2187
vt 0.2127 0.2955
vt 0.1932 0.2769
vt 0.3676 0.1832
vt 0.3748 0.1793
vt 0.3816 0.2011
vt 0.3728 0.2045
vt 0.2804 0.2329
vt 0.4240 0.4673
vt 0.4551 0.4651
vt 0.3942 0.4867
vt 0.3896 0.3352
vt 0.3264 0.3436
vt 0.3247 0.3565
vt 0.0810 0.2603
vt 0.0874 0.2531
vt 0.0919 0.2600
vt 0.0853 0.2659
vt 0.0956 0.2799
vt 0.1023 0.2734
vt 0.1250 0.2251
vt 0.1320 0.2175
vt 0.1196 0.2194
vt 0.1495 0.1969
vt 0.1675 0.1922
vt 0.1683 0.1698
vt 0.1872 0.1616
vt 0.1910 0.1333
vt 0.1874 0.1305
vt 0.1729 0.3689
vt 0.1655 0.3781
vt 0.1571 0.3873
vt 0.2458 0.2187
vt 0.2487 0.3395
vt 0.2285 0.3246
vt 0.2944 0.3271
vt 0.2914 0.3401
vt 0.2885 0.3519
vt 0.3009 0.2967
vt 0.2976 0.3125
vt 0.2577 0.4310
vt 0.2511 0.4432
vt 0.2436 0.4560
vt 0.3041 0.2780
vt 0.3212 0.3793
vt 0.3035 0.3722
vt 0.2857 0.3629
vt 0.2831 0.3727
vt 0.2802 0.3816
vt 0.3764 0.3874
vt 0.3584 0.3756
vt 0.3581 0.3867
vt 0.2114 0.1221
vt 0.2032 0.1150
vt 0.3581 0.3207
vt 0.3583 0.3364
vt 0.3451 0.4627
vt 0.3431 0.4792
vt 0.3574 0.3027
vt 0.6386 0.3732
vt 0.6227 0.3958
vt 0.5865 0.3204
vt 0.5963 0.3289
vt 0.5663 0.3018
vt 0.5765 0.3115
vt 0.5570 0.3255
vt 0.5478 0.3155
vt 0.6130 0.1397
vt 0.6251 0.1511
vt 0.5971 0.1748
vt 0.5619 0.1605
vt 0.5666 0.1420
vt 0.5800 0.1663
vt 0.5336 0.3926
vt 0.5044 0.4039
vt 0.5000 0.3929
vt 0.5273 0.3827
vt 0.5618 0.3771
vt 0.5554 0.3680
vt 0.5530 0.3627
vt 0.1871 0.2886
vt 0.2072 0.3075
vt 0.1425 0.3552
vt 0.6467 0.1524
vt 0.6402 0.1834
vt 0.6396 0.2018
vt 0.6537 0.2122
vt 0.5577 0.1876
vt 0.5508 0.1997
vt 0.5699 0.2073
vt 0.4976 0.2375
vt 0.5146 0.2539
vt 0.4807 0.2189
vt 0.4693 0.2297
vt 0.5294 0.2680
vt 0.5431 0.2802
vt 0.6021 0.2229
vt 0.1988 0.1123
vt 0.3222 0.2174
vt 0.3327 0.2240
vt 0.3613 0.2326
vt 0.3702 0.2322
vt 0.1173 0.2938
vt 0.1111 0.3006
vt 0.5270 0.2420
vt 0.5363 0.2308
vt 0.1340 0.3640
vt 0.5548 0.2915
vt 0.5663 0.3018
vt 0.7244 0.2697
vt 0.7347 0.2393
vt 0.7129 0.2935
vt 0.7247 0.2983
vt 0.5700 0.4736
vt 0.5358 0.4897
vt 0.6007 0.3328
vt 0.5963 0.3289
vt 0.6130 0.3457
vt 0.6049 0.3373
vt 0.6293 0.3241
vt 0.6351 0.3298
vt 0.6433 0.3091
vt 0.6551 0.3149
vt 0.7449 0.2048
vt 0.7489 0.1685
vt 0.2047 0.3740
vt 0.2256 0.3891
vt 0.5865 0.3204
vt 0.6041 0.3068
vt 0.6199 0.2922
vt 0.3717 0.4457
vt 0.3487 0.4434
vt 0.2634 0.4198
vt 0.7031 0.3403
vt 0.7137 0.3524
vt 0.6855 0.3350
vt 0.6711 0.3530
vt 0.2860 0.4245
vt 0.3067 0.4323
vt 0.2658 0.4147
vt 0.6339 0.3663
vt 0.7226 0.2377
vt 0.7318 0.2024
vt 0.6298 0.3605
vt 0.6038 0.3779
vt 0.5702 0.3951
vt 0.6294 0.2453
vt 0.6213 0.2663
vt 0.3166 0.1777
vt 0.3377 0.1699
vt 0.3304 0.2004
vt 0.3205 0.1956
vt 0.5186 0.0688
vt 0.5202 0.0657
vt 0.5423 0.0682
vt 0.5412 0.0714
vt 0.7350 0.1670
vt 0.5160 0.4316
vt 0.5471 0.4157
vt 0.7293 0.1662
vt 0.7181 0.1658
vt 0.7069 0.1977
vt 0.6902 0.2293
vt 0.6806 0.2263
vt 0.6804 0.2009
vt 0.7044 0.1642
vt 0.6920 0.1589
vt 0.6845 0.1605
vt 0.6602 0.3464
vt 0.5702 0.3951
vt 0.5666 0.3891
vt 0.6298 0.3605
vt 0.6249 0.3556
vt 0.6771 0.3271
vt 0.7015 0.3120
vt 0.6918 0.3099
vt 0.2186 0.3482
vt 0.2394 0.3630
vt 0.2376 0.3672
vt 0.2167 0.3524
vt 0.3761 0.4122
vt 0.3759 0.4169
vt 0.3556 0.4117
vt 0.3544 0.4170
vt 0.2972 0.3950
vt 0.3161 0.4030
vt 0.3149 0.4075
vt 0.2957 0.3998
vt 0.2786 0.3858
vt 0.2767 0.3905
vt 0.2726 0.3995
vt 0.2683 0.4094
vt 0.6130 0.3457
vt 0.6249 0.3556
vt 0.6007 0.3328
vt 0.6049 0.3373
vt 0.5819 0.3519
vt 0.5774 0.3469
vt 0.5554 0.3680
vt 0.5530 0.3627
vt 0.7129 0.2935
vt 0.7011 0.2894
vt 0.7373 0.1291
vt 0.7534 0.1300
vt 0.6673 0.2987
vt 0.6550 0.2916
vt 0.6752 0.2805
vt 0.6665 0.2733
vt 0.6126 0.1178
vt 0.6203 0.1239
vt 0.6367 0.0852
vt 0.6391 0.0979
vt 0.6410 0.1324
vt 0.6528 0.1322
vt 0.6737 0.1278
vt 0.2208 0.1064
vt 0.2272 0.0961
vt 0.6738 0.0646
vt 0.6725 0.0532
vt 0.6803 0.0498
vt 0.6819 0.0599
vt 0.6845 0.1605
vt 0.6814 0.1265
vt 0.6860 0.1267
vt 0.6920 0.1589
vt 0.7044 0.1642
vt 0.7018 0.1284
vt 0.7161 0.1281
vt 0.7181 0.1658
vt 0.7553 0.1324
vt 0.7758 0.1344
vt 0.7260 0.0518
vt 0.7220 0.0399
vt 0.7293 0.1662
vt 0.7317 0.1304
vt 0.1752 0.2586
vt 0.1692 0.2696
vt 0.1357 0.3155
vt 0.1294 0.3232
vt 0.2311 0.1489
vt 0.2211 0.1335
vt 0.2360 0.1846
vt 0.2438 0.1639
vt 0.3385 0.3844
vt 0.3635 0.1884
vt 0.3647 0.2066
vt 0.3566 0.2073
vt 0.3569 0.1917
vt 0.3277 0.4385
vt 0.3348 0.4087
vt 0.3341 0.4133
vt 0.3476 0.1732
vt 0.4873 0.1529
vt 0.4931 0.1398
vt 0.4978 0.1246
vt 0.4622 0.1996
vt 0.4287 0.1628
vt 0.4451 0.1803
vt 0.4451 0.1803
vt 0.4022 0.1430
vt 0.4147 0.1499
vt 0.4007 0.0300
vt 0.4076 0.0392
vt 0.4287 0.1628
vt 0.4147 0.1499
vt 0.2189 0.0844
vt 0.4076 0.0392
vt 0.4796 0.0830
vt 0.3998 0.1923
vt 0.3933 0.1764
vt 0.4099 0.2138
vt 0.4199 0.2071
vt 0.7116 0.2664
vt 0.1082 0.2325
vt 0.1127 0.2383
vt 0.1103 0.2410
vt 0.1059 0.2350
vt 0.1261 0.2534
vt 0.1233 0.2562
vt 0.5430 0.2168
vt 0.6360 0.2235
vt 0.4551 0.4651
vt 0.4531 0.4499
vt 0.4813 0.4416
vt 0.4856 0.4594
vt 0.6855 0.2573
vt 0.6732 0.2514
vt 0.1004 0.2406
vt 0.1050 0.2468
vt 0.2952 0.1492
vt 0.3866 0.1657
vt 0.3933 0.1764
vt 0.4330 0.3047
vt 0.4464 0.3357
vt 0.4577 0.3599
vt 0.4380 0.3838
vt 0.4651 0.3798
vt 0.4914 0.3727
vt 0.4409 0.4009
vt 0.4396 0.3947
vt 0.4470 0.4199
vt 0.4439 0.4061
vt 0.4726 0.4003
vt 0.4747 0.4116
vt 0.4518 0.4405
vt 0.4505 0.4340
vt 0.5035 0.5051
vt 0.2676 0.3519
vt 0.2394 0.3630
vt 0.2334 0.3757
vt 0.2376 0.3672
vt 0.2572 0.3799
vt 0.2533 0.3886
vt 0.2767 0.3905
vt 0.2726 0.3995
vt 0.5861 0.0799
vt 0.5983 0.0854
vt 0.2463 0.4027
vt 0.4887 0.0691
vt 0.5120 0.0815
vt 0.1386 0.2699
vt 0.1553 0.2899
vt 0.1528 0.2934
vt 0.1474 0.3005
vt 0.1748 0.3101
vt 0.1726 0.3147
vt 0.1684 0.3230
vt 0.1967 0.3308
vt 0.1948 0.3349
vt 0.2488 0.3977
vt 0.6841 0.0759
vt 0.7000 0.0723
vt 0.6404 0.1068
vt 0.6533 0.0976
vt 0.4991 0.0569
vt 0.4969 0.0595
vt 0.7287 0.0754
vt 0.7345 0.0766
vt 0.7494 0.0836
vt 0.7612 0.0865
vt 0.6717 0.0862
vt 0.6260 0.1074
vt 0.6119 0.0933
vt 0.5166 0.0723
vt 0.5394 0.0752
vt 0.4715 0.0255
vt 0.4834 0.0396
vt 0.4801 0.0408
vt 0.4678 0.0252
vt 0.5741 0.0777
vt 0.5614 0.0690
vt 0.5606 0.0721
vt 0.7731 0.0868
vt 0.7150 0.0687
vt 0.6636 0.0926
vt 0.1854 0.3512
vt 0.1905 0.3427
vt 0.1948 0.3349
vt 0.2047 0.3740
vt 0.1827 0.3554
vt 0.5741 0.0777
vt 0.5732 0.0823
vt 0.5580 0.0803
vt 0.5592 0.0762
vt 0.5376 0.0790
vt 0.5394 0.0752
vt 0.4645 0.0259
vt 0.4770 0.0425
vt 0.4739 0.0441
vt 0.4607 0.0262
vt 0.5848 0.0914
vt 0.5856 0.0843
vt 0.5984 0.0898
vt 0.5994 0.1045
vt 0.4945 0.0622
vt 0.5166 0.0723
vt 0.5147 0.0756
vt 0.4921 0.0647
vt 0.6758 0.1090
vt 0.6888 0.0907
vt 0.7016 0.0886
vt 0.7062 0.1073
vt 0.6381 0.1154
vt 0.6402 0.1118
vt 0.6541 0.1086
vt 0.6529 0.1163
vt 0.7193 0.1078
vt 0.7194 0.0913
vt 0.7379 0.0943
vt 0.7383 0.1146
vt 0.7495 0.1052
vt 0.7492 0.0936
vt 0.7618 0.0978
vt 0.7613 0.1088
vt 0.6753 0.1108
vt 0.6705 0.0986
vt 0.6233 0.1141
vt 0.6264 0.1102
vt 0.6117 0.1035
vt 0.6111 0.1094
vt 0.5120 0.0815
vt 0.5147 0.0756
vt 0.5376 0.0790
vt 0.5349 0.0855
vt 0.5720 0.0901
vt 0.5732 0.0823
vt 0.7741 0.0977
vt 0.7764 0.1070
vt 0.7168 0.0903
vt 0.7166 0.1066
vt 0.6637 0.1038
vt 0.6689 0.1148
vt 0.5750 0.5975
vt 0.7159 0.4716
vt 0.4971 0.5259
vt 0.5082 0.5244
vt 0.5904 0.6311
vt 0.6577 0.5642
vt 0.4837 0.5269
vt 0.4876 0.5259
vt 0.6384 0.6217
vt 0.7175 0.4683
vt 0.4719 0.5334
vt 0.4745 0.5304
vt 0.4772 0.5291
vt 0.4799 0.5278
vt 0.4017 0.1348
vt 0.2254 0.0840
vt 0.4265 0.0122
vt 0.4133 0.0150
vt 0.3932 0.1618
vt 0.3063 0.1505
vt 0.4449 0.0142
vt 0.4394 0.0132
vt 0.3512 0.1734
vt 0.2214 0.0827
vt 0.4637 0.0183
vt 0.4582 0.0168
vt 0.4542 0.0162
vt 0.4498 0.0151
vt 0.8604 0.4997
vt 0.8597 0.5079
vt 0.8574 0.5225
vt 0.8530 0.5430
vt 0.8480 0.5696
vt 0.8433 0.5987
vt 0.8355 0.6278
vt 0.8863 0.5543
vt 0.8901 0.5267
vt 0.8955 0.5101
vt 0.8951 0.5007
vt 0.8807 0.5853
vt 0.8847 0.6181
vt 0.8757 0.6159
vt 0.9243 0.5113
vt 0.9246 0.5182
vt 0.9160 0.5156
vt 0.9167 0.5089
vt 0.9237 0.5371
vt 0.9157 0.5345
vt 0.9218 0.5636
vt 0.9125 0.5616
vt 0.9188 0.5941
vt 0.9087 0.5927
vt 0.0647 0.2687
vt 0.0734 0.2651
vt 0.0780 0.2701
vt 0.0695 0.2740
vt 0.0806 0.2900
vt 0.0883 0.2852
vt 0.1039 0.3072
vt 0.0959 0.3128
vt 0.1220 0.3317
vt 0.1140 0.3387
vt 0.1055 0.2703
vt 0.1086 0.2671
vt 0.1238 0.2860
vt 0.1203 0.2904
vt 0.0912 0.2500
vt 0.0944 0.2469
vt 0.0988 0.2525
vt 0.0953 0.2569
vt 0.1418 0.3080
vt 0.1389 0.3117
vt 0.1633 0.3305
vt 0.1604 0.3339
vt 0.1200 0.2310
vt 0.1147 0.2249
vt 0.1162 0.2357
vt 0.1106 0.2299
vt 0.1330 0.2445
vt 0.1286 0.2507
vt 0.1466 0.2597
vt 0.1417 0.2666
vt 0.1627 0.2793
vt 0.1578 0.2866
vt 0.1819 0.2984
vt 0.1774 0.3064
vt 0.2028 0.3177
vt 0.1987 0.3268
vt 0.1967 0.3308
vt 0.2186 0.3482
vt 0.1827 0.3554
vt 0.1604 0.3339
f 1/1 2/2 3/3 4/4
f 5/5 6/6 7/7 8/8
f 9/9 10/10 11/11 12/12
f 13/13 14/14 15/15 16/16
f 17/17 18/18 19/19 20/20
f 21/21 22/22 23/23 24/24
f 25/25 26/26 27/27 28/28
f 29/29 30/30 6/6 5/5
f 31/31 32/32 33/33 34/34
f 35/35 36/36 37/37 38/38
f 39/39 40/40 41/41 42/42
f 43/43 44/44 45/45 46/46
f 1433/47 5/5 8/8 1430/48
f 49/49 50/50 51/51 52/52
f 53/53 54/54 55/55 56/56
f 57/57 58/58 44/44 43/43
f 1409/59 1433/60 47/61 59/62
f 1379/63 1394/64 60/65 61/66
f 62/67 63/68 64/69 65/70
f 66/71 67/72 68/73 69/74
f 70/75 71/76 72/77 73/78
f 74/79 75/80 76/81 77/82
f 78/83 79/84 80/85 81/86
f 82/87 83/88 84/89 85/90
f 86/91 87/92 88/93 89/94
f 90/95 91/96 92/97 93/98
f 94/99 95/100 96/101 97/102
f 98/103 99/104 100/105 101/106
f 102/107 103/108 104/109 105/110
f 106/111 107/112 108/113 109/114
f 110/115 111/116 112/117 113/118
f 114/119 115/120 116/121 117/122
f 118/123 119/124 120/125 121/126
f 122/127 123/128 124/129 125/130
f 126/131 127/132 128/133 129/134
f 130/135 131/136 132/137 133/138
f 134/139 135/140 136/141 137/142
f 138/143 139/144 140/145 141/146
f 142/147 143/148 144/149 145/150
f 146/151 147/152 148/153 149/154
f 150/155 151/156 152/157 153/158
f 154/159 155/160 156/161 157/162
f 158/163 159/164 160/165 161/166
f 162/167 12/12 11/11 163/168
f 164/169 165/170 166/171 167/172
f 168/173 4/4 3/3 169/174
f 170/175 171/176 172/177 173/178
f 174/179 10/180 175/181 176/182
f 46/46 45/45 177/183 178/184
f 179/185 180/186 181/187 182/188
f 183/189 184/190 185/191 186/192
f 187/193 188/194 189/195 190/196
f 191/197 192/198 193/199 194/200
f 195/201 56/56 55/55 196/202
f 197/203 198/204 166/171 165/170
f 199/205 200/206 201/207 202/208
f 1416/209 105/210 204/211 1420/212
f 1410/213 1416/214 203/215 206/216
f 1418/217 1431/218 207/219 208/220
f 1421/221 1417/222 209/223 210/224
f 211/225 212/226 213/227 214/228
f 215/229 216/230 217/231 218/232
f 1438/233 1435/234 221/235 222/236
f 223/237 224/238 225/239 226/240
f 227/241 228/242 229/243 230/244
f 231/245 232/246 233/247 234/248
f 1404/249 235/250 236/251 1373/252
f 237/253 238/254 239/255 240/256
f 241/257 242/258 243/259 244/260
f 245/261 246/262 247/263 248/264
f 249/265 250/266 225/239 224/238
f 251/267 252/268 253/269 254/270
f 255/271 52/52 51/51 256/272
f 257/273 258/274 259/275 260/276
f 261/277 262/278 263/279 264/280
f 265/281 266/282 267/283 268/284
f 269/285 270/286 239/287 271/288
f 1385/289 272/290 235/250 1404/249
f 1400/291 1398/292 273/293 274/294
f 275/295 276/296 277/297 278/298
f 279/299 280/300 281/301 282/302
f 283/303 180/304 284/305 285/306
f 286/307 287/308 288/309 289/310
f 290/311 291/312 292/313 293/314
f 294/315 295/316 296/317 297/318
f 298/319 299/320 300/321 301/322
f 302/323 303/324 304/325 305/326
f 306/327 307/328 308/329 309/330
f 310/331 311/332 292/313 291/312
f 312/333 271/288 239/287 238/254
f 313/334 314/335 315/336 316/337
f 317/338 318/339 319/340 320/341
f 3/3 2/2 321/342 322/343
f 323/344 324/345 325/346 326/347
f 327/348 328/349 329/350 330/351
f 331/352 332/353 333/354 334/355
f 335/356 336/357 337/358 338/359
f 339/360 340/361 341/362 342/363
f 343/364 344/365 345/366 346/367
f 333/368 347/369 343/364 346/367
f 348/370 349/371 341/362 340/361
f 1412/372 1414/373 352/374 353/375
f 354/376 355/377 356/378 357/379
f 358/380 347/369 333/368 332/353
f 359/381 360/382 337/358 336/357
f 1439/383 278/384 138/385 1421/386
f 362/387 363/388 364/389 365/390
f 366/391 367/392 368/393 369/394
f 370/395 371/396 372/397 373/398
f 374/399 375/400 376/401 377/402
f 1445/403 1439/404 361/405 378/406
f 379/407 380/408 381/409 382/410
f 1399/411 383/412 384/413 1376/414
f 1389/415 385/416 383/412 1399/411
f 1410/213 206/216 221/235 1435/234
f 1405/417 1397/418 388/419 389/420
f 390/421 391/422 218/232 217/231
f 392/423 393/424 394/425 395/426
f 1427/427 1428/428 396/429 397/430
f 1432/431 1436/432 400/433 401/434
f 1413/435 1422/436 391/422 390/421
f 1391/437 1392/438 404/439 405/440
f 1395/441 1390/442 406/443 407/444
f 1393/445 1406/446 403/447 402/448
f 1377/449 1403/450 410/451 411/452
f 1403/453 221/235 206/216 1373/454
f 1405/455 1374/456 352/457 386/458
f 1438/233 222/236 387/459 1426/460
f 1382/461 1386/462 416/463 417/464
f 1419/465 1423/466 416/467 420/468
f 1391/469 1372/470 422/471 397/472
f 40/40 423/473 424/474 41/41
f 395/426 423/473 40/40 392/423
f 322/343 419/475 169/174 3/3
f 425/476 202/208 201/207 426/477
f 427/478 428/479 429/480 430/481
f 431/482 432/483 433/484 434/485
f 435/486 436/487 437/488 438/489
f 439/490 440/491 441/492 442/493
f 1377/449 411/452 388/419 1397/418
f 443/494 444/495 445/496 446/497
f 447/498 448/499 449/500 450/501
f 451/502 446/497 445/496 452/503
f 331/352 334/355 177/183 45/45
f 335/356 338/359 44/44 58/58
f 339/360 342/363 453/504 454/505
f 217/231 434/506 455/507 390/421
f 1413/508 1429/509 456/510 402/511
f 1393/512 1396/513 457/514 408/515
f 1537/516 1539/517 460/518 461/519
f 1400/520 1384/521 463/522 208/523
f 1420/524 1437/525 463/526 205/527
f 110/115 464/528 465/529 111/116
f 1388/530 1402/531 467/532 468/533
f 469/534 97/102 96/101 470/535
f 1430/536 1443/537 466/538 48/539
f 7/7 472/540 471/541 8/8
f 473/542 42/42 41/41 472/543
f 474/544 475/545 476/546 477/547
f 478/548 479/549 480/550 481/551
f 482/552 483/553 484/554 485/555
f 486/556 176/182 175/181 487/557
f 488/558 289/310 288/309 489/559
f 490/560 234/248 233/247 491/561
f 492/562 89/94 88/93 493/563
f 494/564 109/114 108/113 495/565
f 496/566 101/106 100/105 497/567
f 498/568 499/569 500/570 497/571
f 248/264 247/263 501/572 502/573
f 503/574 93/98 92/97 504/575
f 505/576 1/1 4/4 506/577
f 1659/578 1648/579 507/580 508/581
f 1660/582 1659/578 508/581 509/583
f 1434/584 1425/585 322/343 321/342
f 50/50 511/586 512/587 51/51
f 484/554 483/553 511/586 50/50
f 513/588 175/181 10/180 9/9
f 514/589 13/13 16/16 515/590
f 506/577 173/591 516/592 505/576
f 173/591 172/177 517/593 516/592
f 32/32 518/594 519/595 33/33
f 136/596 520/597 518/594 32/32
f 301/322 300/321 18/18 17/17
f 18/18 502/598 521/599 19/19
f 300/321 248/264 502/573 18/18
f 67/72 25/25 28/28 68/73
f 148/600 145/601 25/25 67/72
f 145/150 144/149 26/26 25/25
f 1674/602 1401/603 510/604 1664/605
f 26/26 525/606 526/607 27/27
f 144/149 527/608 525/606 26/26
f 137/142 136/141 32/32 31/31
f 6/6 35/35 38/38 7/7
f 30/30 157/609 35/35 6/6
f 157/609 156/161 36/36 35/35
f 528/610 39/39 42/42 476/611
f 193/199 192/198 39/39 528/610
f 192/198 392/423 40/40 39/39
f 453/612 58/58 57/57 529/613
f 1401/603 1382/461 417/464 510/604
f 54/54 49/49 52/52 55/55
f 480/550 479/549 49/49 54/54
f 479/549 484/554 50/50 49/49
f 528/610 53/53 56/56 193/199
f 476/546 475/545 53/53 528/610
f 475/545 480/550 54/54 53/53
f 178/184 177/183 530/614 531/615
f 1394/616 47/617 48/618 1388/619
f 105/210 104/109 532/620 204/211
f 501/621 62/67 65/70 533/622
f 247/263 153/623 62/67 501/572
f 153/158 152/157 63/68 62/67
f 36/36 66/71 69/74 37/37
f 156/161 149/624 66/71 36/36
f 149/624 148/153 67/72 66/71
f 367/392 70/75 73/78 368/393
f 120/625 117/626 70/75 367/392
f 117/122 116/121 71/76 70/75
f 1555/627 1553/628 536/629 537/630
f 1550/631 458/632 536/629 1553/628
f 343/364 77/633 539/634 344/365
f 77/82 76/81 540/635 539/634
f 347/369 74/79 77/82 343/364
f 358/380 81/636 74/79 347/369
f 81/636 80/85 75/80 74/79
f 360/637 78/83 81/86 358/380
f 359/381 85/638 78/83 360/382
f 85/638 84/89 79/84 78/83
f 349/639 82/87 85/90 359/381
f 348/370 541/640 82/87 349/371
f 541/640 542/641 83/88 82/87
f 95/100 86/91 89/94 96/101
f 57/57 43/43 86/91 95/100
f 43/43 46/46 87/92 86/91
f 200/206 90/95 93/98 201/207
f 23/642 543/643 90/95 200/206
f 543/643 544/644 91/96 90/95
f 104/109 94/99 97/102 532/620
f 103/108 529/645 94/99 104/109
f 529/645 57/57 95/100 94/99
f 107/112 545/646 546/647 108/113
f 113/118 112/117 276/296 275/295
f 87/92 106/111 109/114 88/93
f 46/46 178/184 106/111 87/92
f 178/184 531/615 107/112 106/111
f 141/146 140/145 30/30 29/29
f 119/124 114/119 117/122 120/125
f 547/648 548/649 114/119 119/124
f 548/649 549/650 115/120 114/119
f 127/132 118/123 121/126 128/133
f 550/651 551/652 118/123 127/132
f 551/652 547/648 119/124 118/123
f 252/268 122/127 125/130 253/269
f 552/653 553/654 122/127 252/268
f 553/654 554/655 123/128 122/127
f 112/117 126/131 129/134 276/296
f 111/116 555/656 126/131 112/117
f 555/656 550/651 127/132 126/131
f 115/120 556/657 557/658 116/121
f 549/650 558/659 556/657 115/120
f 559/660 500/661 131/136 130/135
f 143/148 560/662 527/608 144/149
f 72/663 561/664 560/662 143/148
f 365/390 364/389 135/140 134/139
f 562/665 351/666 541/640 348/370
f 147/152 142/147 145/150 148/153
f 368/393 73/78 142/147 147/152
f 73/78 72/77 143/148 142/147
f 155/160 146/151 149/154 156/161
f 376/667 369/668 146/151 155/160
f 369/668 368/393 147/152 146/151
f 246/262 150/155 153/158 247/263
f 356/669 373/670 150/155 246/262
f 373/670 372/397 151/156 150/155
f 140/145 154/159 157/162 30/30
f 139/144 377/671 154/159 140/145
f 377/402 376/401 155/160 154/159
f 258/274 158/163 161/166 259/275
f 563/672 264/673 158/163 258/274
f 264/280 263/279 159/164 158/163
f 564/674 162/167 163/168 565/675
f 566/676 256/677 567/678 568/679
f 256/272 51/51 512/587 567/678
f 569/680 164/169 167/172 570/681
f 172/177 171/176 164/169 569/680
f 171/176 185/682 165/170 164/169
f 188/194 168/173 169/174 189/195
f 571/683 572/684 168/173 188/194
f 572/684 506/577 4/4 168/173
f 572/684 170/175 173/178 506/577
f 571/683 186/685 170/175 572/684
f 186/192 185/191 171/176 170/175
f 573/686 174/179 176/182 574/687
f 307/688 575/689 174/179 573/686
f 575/689 11/11 10/10 174/179
f 576/690 577/691 531/615 530/614
f 22/22 578/692 543/643 23/23
f 167/172 579/693 580/694 570/681
f 166/171 581/695 579/693 167/172
f 582/696 284/305 180/304 179/185
f 583/697 183/189 186/192 571/683
f 584/698 430/699 183/189 583/697
f 430/699 429/480 184/190 183/189
f 432/483 187/193 190/196 433/484
f 584/698 583/697 187/193 432/483
f 583/697 571/683 188/194 187/193
f 585/700 191/197 194/200 586/701
f 587/702 393/703 191/197 585/700
f 393/424 392/423 192/198 191/197
f 588/704 195/201 196/202 589/705
f 586/701 194/200 195/201 588/704
f 194/200 193/199 56/56 195/201
f 184/190 197/203 165/170 185/191
f 429/480 438/706 197/203 184/190
f 438/489 437/488 198/204 197/203
f 24/24 23/23 200/206 199/205
f 351/666 350/707 542/641 541/640
f 1431/708 113/118 275/295 1445/709
f 1417/710 141/146 29/29 1409/711
f 1550/631 1548/712 459/713 458/632
f 591/714 211/225 214/228 592/715
f 586/701 588/704 211/225 591/714
f 588/704 589/705 212/226 211/225
f 585/700 215/229 218/232 587/702
f 586/701 591/714 215/229 585/700
f 591/714 592/715 216/230 215/229
f 578/692 593/716 544/644 543/643
f 212/226 223/237 226/240 213/227
f 589/705 594/717 223/237 212/226
f 594/717 566/718 224/238 223/237
f 595/719 227/241 230/244 596/720
f 597/721 442/722 227/241 595/719
f 442/493 441/492 228/242 227/241
f 598/723 231/245 234/248 599/724
f 160/165 159/164 231/245 598/723
f 159/164 263/279 232/246 231/245
f 600/725 237/253 240/256 565/726
f 601/727 602/728 237/253 600/725
f 602/728 603/729 238/254 237/253
f 604/730 241/257 244/260 605/731
f 596/720 230/244 241/257 604/730
f 230/244 229/243 242/258 241/257
f 295/316 199/205 202/208 296/317
f 357/379 356/378 246/262 245/261
f 568/679 249/265 224/238 566/676
f 564/732 606/733 249/265 568/679
f 606/733 270/734 250/266 249/265
f 299/320 245/261 248/264 300/321
f 381/735 357/379 245/261 299/320
f 607/736 552/653 252/268 251/267
f 594/717 255/271 256/272 566/718
f 589/705 196/202 255/271 594/717
f 196/202 55/55 52/52 255/271
f 608/737 257/273 260/276 609/738
f 610/739 611/740 257/273 608/737
f 611/740 563/672 258/274 257/273
f 303/324 251/267 254/270 304/325
f 612/741 607/736 251/267 303/324
f 613/742 261/277 264/280 563/672
f 604/730 279/299 282/302 596/720
f 614/743 309/744 261/277 613/742
f 309/330 308/329 262/278 261/277
f 444/495 269/285 271/288 445/496
f 437/488 436/487 615/745 616/746
f 436/487 225/239 250/266 615/745
f 1398/747 207/748 378/749 1376/750
f 278/384 277/297 139/144 138/385
f 617/751 618/752 619/753 620/754
f 605/731 621/755 279/299 604/730
f 232/246 286/307 289/310 233/247
f 621/755 622/756 280/300 279/299
f 623/757 283/303 285/306 624/758
f 625/759 626/760 283/303 623/757
f 626/760 181/187 180/186 283/303
f 263/279 262/278 286/307 232/246
f 563/672 611/740 290/761 613/742
f 262/278 308/329 287/308 286/307
f 613/742 290/761 293/314 614/743
f 611/740 610/739 291/312 290/761
f 627/762 310/331 291/312 610/739
f 99/104 628/763 629/764 100/105
f 135/140 630/765 520/597 136/141
f 364/389 631/766 630/765 135/140
f 382/410 381/409 299/320 298/319
f 131/136 632/767 633/768 132/137
f 500/570 499/569 632/767 131/136
f 634/769 612/741 303/324 302/323
f 601/770 306/327 309/330 614/743
f 565/675 163/168 635/771 600/725
f 163/168 11/11 575/689 635/771
f 597/772 450/773 310/331 627/762
f 621/755 605/731 636/774 637/775
f 450/501 449/500 311/332 310/331
f 638/776 312/333 238/254 603/729
f 639/777 452/778 312/333 638/776
f 452/778 445/496 271/288 312/333
f 14/14 313/334 316/337 15/15
f 172/177 569/680 640/779 517/593
f 569/680 570/681 641/780 640/779
f 314/335 642/781 643/782 315/336
f 570/681 580/694 644/783 641/780
f 182/188 181/187 645/784 646/785
f 1415/786 1426/460 387/459 386/787
f 318/339 647/788 648/789 319/340
f 181/187 626/760 649/790 645/784
f 625/791 622/792 650/793 651/794
f 266/282 327/348 330/351 267/283
f 605/731 244/260 652/795 636/774
f 244/260 243/259 653/796 652/795
f 324/345 265/281 268/284 325/346
f 622/792 621/755 637/775 650/793
f 654/797 346/367 345/366 655/798
f 1548/712 1547/799 657/800 459/713
f 334/355 333/354 346/367 654/797
f 338/359 337/358 332/353 331/352
f 342/363 341/362 336/357 335/356
f 219/801 413/802 340/361 339/360
f 341/362 349/371 359/381 336/357
f 562/665 348/370 340/361 413/802
f 254/270 253/269 355/377 354/376
f 337/358 360/382 358/380 332/353
f 103/108 102/107 220/803 454/804
f 1414/373 1415/786 386/787 352/374
f 71/76 658/805 561/664 72/77
f 116/121 557/658 658/805 71/76
f 133/138 132/137 363/388 362/387
f 375/400 366/391 369/394 376/401
f 128/133 121/126 366/391 375/400
f 121/126 120/125 367/392 366/391
f 355/377 370/395 373/398 356/378
f 253/269 125/130 370/395 355/377
f 125/130 124/129 371/396 370/395
f 277/297 374/399 377/402 139/144
f 276/296 129/134 374/399 277/297
f 129/134 128/133 375/400 374/399
f 1379/806 1387/807 209/808 59/809
f 380/408 354/376 357/379 381/409
f 304/325 254/270 354/376 380/408
f 363/388 660/810 631/766 364/389
f 132/137 633/768 660/810 363/388
f 305/326 304/325 380/408 379/407
f 1387/807 1389/811 210/224 209/808
f 433/484 190/196 399/812 398/813
f 190/196 189/195 418/814 399/812
f 391/422 661/815 587/702 218/232
f 393/424 587/702 661/815 394/425
f 1428/428 1444/816 662/817 396/429
f 1436/432 1419/465 420/468 400/433
f 1422/436 1444/818 661/815 391/422
f 1392/438 1407/819 663/820 404/439
f 1390/442 1380/821 664/822 406/443
f 1406/446 1407/823 662/824 403/447
f 1374/456 1375/825 353/375 352/457
f 1386/462 1380/826 420/468 416/463
f 1423/466 1425/827 417/464 416/467
f 1372/470 1408/828 667/829 422/471
f 1424/830 1411/831 422/471 667/829
f 1411/831 1427/427 397/430 422/471
f 419/475 418/814 189/195 169/174
f 454/505 453/504 529/613 103/108
f 595/719 447/498 450/501 597/721
f 1531/832 668/833 669/834 1533/835
f 1521/836 1533/835 669/834 461/837
f 670/838 427/478 430/481 584/698
f 592/715 214/228 427/478 670/838
f 214/228 213/227 428/479 427/478
f 216/230 431/482 434/485 217/231
f 592/715 670/838 431/482 216/230
f 670/838 584/698 432/483 431/482
f 428/479 435/486 438/489 429/480
f 213/227 226/240 435/486 428/479
f 226/240 225/239 436/487 435/486
f 627/762 439/490 442/493 597/772
f 610/739 608/737 439/490 627/762
f 608/737 609/738 440/491 439/490
f 582/696 443/494 446/497 284/305
f 166/171 198/204 671/839 581/695
f 198/204 437/488 616/746 671/839
f 596/720 282/302 447/498 595/719
f 533/840 491/841 488/842 521/843
f 282/302 281/301 448/499 447/498
f 672/844 451/502 452/503 639/777
f 624/758 285/306 451/502 672/844
f 285/306 284/305 446/497 451/502
f 654/797 655/798 576/690 530/614
f 1535/845 1543/846 669/834 668/833
f 177/183 334/355 654/797 530/614
f 44/44 338/359 331/352 45/45
f 453/612 342/363 335/356 58/58
f 219/801 339/360 454/505 220/803
f 434/485 433/484 398/813 455/507
f 1429/509 1432/431 401/434 456/510
f 1396/513 1395/441 407/444 457/514
f 1384/521 1385/847 205/527 463/522
f 1437/525 1418/217 208/220 463/526
f 464/528 204/211 532/620 465/529
f 555/656 469/534 470/535 550/651
f 111/116 465/529 469/534 555/656
f 465/529 532/620 97/102 469/534
f 1402/531 1408/848 666/849 467/532
f 1443/537 1424/830 667/829 466/538
f 472/543 41/41 424/474 471/541
f 38/38 473/542 472/543 7/7
f 37/37 477/850 473/542 38/38
f 477/547 476/546 42/42 473/542
f 69/74 474/544 477/547 37/37
f 68/73 481/851 474/544 69/74
f 481/851 480/550 475/545 474/544
f 28/28 478/548 481/551 68/73
f 27/27 485/852 478/548 28/28
f 485/555 484/554 479/549 478/548
f 526/607 482/552 485/555 27/27
f 34/853 673/854 482/552 526/607
f 673/854 513/855 483/553 482/552
f 519/595 486/556 487/557 33/33
f 20/856 674/857 486/556 519/595
f 674/857 574/687 176/182 486/556
f 521/599 488/842 489/559 19/19
f 491/841 233/247 289/310 488/842
f 607/736 425/476 426/477 552/653
f 65/70 490/560 491/561 533/622
f 64/69 675/858 490/560 65/70
f 675/858 599/724 234/248 490/560
f 551/652 492/562 493/563 547/648
f 550/651 470/535 492/562 551/652
f 470/535 96/101 89/94 492/562
f 548/649 494/564 495/565 549/650
f 547/648 493/563 494/564 548/649
f 493/563 88/93 109/114 494/564
f 559/660 496/566 497/567 500/661
f 549/650 495/565 676/859 558/659
f 495/565 108/113 546/647 676/859
f 629/764 498/568 497/571 100/105
f 297/860 677/861 498/568 629/764
f 677/861 634/862 499/569 498/568
f 1604/863 1597/864 14/14 13/13
f 612/741 680/865 425/476 607/736
f 680/865 296/317 202/208 425/476
f 553/654 503/574 504/575 554/655
f 552/653 426/477 503/574 553/654
f 426/477 201/207 93/98 503/574
f 1675/866 1434/584 321/342 1651/867
f 511/586 9/9 12/12 512/587
f 525/606 31/31 34/34 526/607
f 1537/516 461/519 669/834 1543/846
f 545/646 98/103 101/106 546/647
f 556/657 130/135 133/138 557/658
f 560/662 134/139 137/142 527/608
f 567/678 512/587 12/12 162/167
f 579/693 179/185 182/188 580/694
f 615/745 250/266 270/734 269/285
f 642/781 317/338 320/341 643/782
f 1525/868 1521/836 461/837 460/518
f 1525/868 460/518 682/869 1529/870
f 658/805 362/387 365/390 561/664
f 671/839 616/746 444/495 443/494
f 676/859 546/647 101/106 496/566
f 483/553 513/855 9/9 511/586
f 527/608 137/142 31/31 525/606
f 558/659 559/660 130/135 556/657
f 561/664 365/390 134/139 560/662
f 568/679 567/678 162/167 564/732
f 581/695 582/696 179/185 579/693
f 565/726 240/256 606/733 564/674
f 240/256 239/255 270/286 606/733
f 616/746 615/745 269/285 444/495
f 580/694 182/188 646/785 644/783
f 1539/517 1541/871 682/869 460/518
f 1527/872 1529/870 682/869 683/873
f 557/658 133/138 362/387 658/805
f 581/695 671/839 443/494 582/696
f 33/33 487/557 673/854 34/34
f 487/557 175/181 513/588 673/854
f 558/659 676/859 496/566 559/660
f 518/594 17/17 20/20 519/595
f 628/763 294/315 297/318 629/764
f 630/765 298/319 301/322 520/597
f 632/767 302/323 305/326 633/768
f 635/771 575/689 307/688 306/327
f 647/788 323/344 326/347 648/789
f 1541/871 1545/874 683/873 682/869
f 1523/875 1527/872 683/873 684/876
f 660/810 379/407 382/410 631/766
f 520/597 301/322 17/17 518/594
f 287/308 573/686 574/687 288/309
f 308/329 307/328 573/686 287/308
f 614/743 293/314 602/728 601/770
f 293/314 292/313 603/729 602/728
f 280/300 623/757 624/758 281/301
f 622/792 625/791 623/757 280/300
f 631/766 382/410 298/319 630/765
f 499/569 634/862 302/323 632/767
f 600/725 635/771 306/327 601/727
f 311/332 638/776 603/729 292/313
f 449/500 639/777 638/776 311/332
f 626/760 625/759 651/794 649/790
f 633/768 305/326 379/407 660/810
f 448/499 672/844 639/777 449/500
f 281/301 624/758 672/844 448/499
f 19/19 489/559 674/857 20/20
f 489/559 288/309 574/687 674/857
f 296/317 680/865 677/861 297/318
f 680/865 612/741 634/769 677/861
f 1625/877 1607/878 323/344 647/788
f 1599/879 1606/880 317/338 642/781
f 1440/881 1442/882 617/751 620/754
f 1600/883 1595/884 265/281 324/345
f 1593/885 1598/886 327/348 266/282
f 1617/887 1625/877 647/788 318/339
f 1608/888 1599/879 642/781 314/335
f 1597/864 1610/889 313/334 14/14
f 1623/890 1601/891 618/752 617/751
f 1381/892 1378/893 690/894 689/895
f 1624/896 1604/863 13/13 514/589
f 700/897 619/753 618/752 701/898
f 515/590 700/897 701/898 514/589
f 1598/886 1630/899 328/349 327/348
f 1607/878 1600/883 324/345 323/344
f 1606/880 1617/887 318/339 317/338
f 1610/889 1608/888 314/335 313/334
f 1595/884 1593/885 266/282 265/281
f 502/598 501/572 533/622 521/599
f 295/316 294/315 703/900 704/901
f 294/315 628/763 684/902 703/900
f 199/205 295/316 704/901 24/24
f 531/615 577/691 545/646 107/112
f 1624/903 1613/904 508/581 507/580
f 1613/904 1601/905 509/583 508/581
f 1631/906 1383/907 524/908 1629/909
f 1649/910 1637/911 679/912 678/913
f 1632/914 1441/915 681/916 1623/917
f 1661/918 1671/919 686/920 685/921
f 1672/922 1635/923 688/924 687/925
f 1669/926 1645/927 692/928 691/929
f 1647/930 1665/931 694/932 693/933
f 1670/934 1661/918 685/921 695/935
f 1666/936 1672/922 687/925 696/937
f 1637/911 1663/938 697/939 679/912
f 1651/940 1660/582 509/583 681/941
f 1648/579 1649/910 678/913 507/580
f 1665/931 1640/942 702/943 694/932
f 1671/919 1669/926 691/929 686/920
f 1635/923 1670/934 695/935 688/924
f 1663/938 1666/936 696/937 697/939
f 1645/927 1647/930 693/933 692/928
f 705/944 706/945 707/946 708/947
f 709/948 710/949 711/950 712/951
f 713/952 714/953 715/954 716/955
f 717/956 718/957 719/958 720/959
f 721/960 722/961 723/962 724/963
f 725/964 726/965 727/966 728/967
f 729/968 730/969 731/970 732/971
f 733/972 709/948 712/951 734/973
f 735/974 736/975 737/976 738/977
f 739/978 740/979 741/980 742/981
f 743/982 744/983 745/984 746/985
f 747/986 748/987 749/988 750/989
f 1449/990 1474/991 710/949 709/948
f 753/992 754/993 755/994 756/995
f 757/996 758/997 759/998 760/999
f 761/1000 747/986 750/989 762/1001
f 1472/1002 763/1003 751/1004 1449/1005
f 1505/1006 764/1007 765/1008 1493/1009
f 766/1010 767/1011 64/1012 63/1013
f 768/1014 769/1015 770/1016 771/1017
f 772/1018 773/1019 774/1020 775/1021
f 776/1022 777/1023 778/1024 779/1025
f 780/1026 781/1027 782/1028 783/1029
f 784/1030 785/1031 786/1032 787/1033
f 788/1034 789/1035 790/1036 791/1037
f 792/1038 793/1039 92/1040 91/1041
f 794/1042 795/1043 796/1044 797/1045
f 798/1046 799/1047 800/1048 801/1049
f 802/1050 803/1051 804/1052 805/1053
f 806/1054 807/1055 808/1056 809/1057
f 810/1058 811/1059 812/1060 813/1061
f 814/1062 815/1063 816/1064 817/1065
f 818/1066 819/1067 820/1068 821/1069
f 822/1070 823/1071 124/1072 123/1073
f 824/1074 825/1075 826/1076 827/1077
f 828/1078 829/1079 830/1080 831/1081
f 832/1082 833/1083 834/1084 835/1085
f 836/1086 837/1087 838/1088 839/1089
f 840/1090 841/1091 842/1092 843/1093
f 844/1094 845/1095 846/1096 847/1097
f 848/1098 849/1099 152/1100 151/1101
f 850/1102 851/1103 852/1104 853/1105
f 854/1106 161/1107 160/1108 855/1109
f 856/1110 857/1111 715/954 714/953
f 858/1112 859/1113 860/1114 861/1115
f 862/1116 863/1117 707/946 706/945
f 864/1118 865/1119 866/1120 867/1121
f 1739/1122 1740/1123 870/1124 716/1125
f 748/987 871/1126 872/1127 749/988
f 873/1128 874/1129 875/1130 876/1131
f 877/1132 878/1133 879/1134 880/1135
f 881/1136 882/1137 883/1138 884/1139
f 885/1140 886/1141 887/1142 888/1143
f 889/1144 890/1145 759/998 758/997
f 891/1146 861/1115 860/1114 892/1147
f 893/1148 894/1149 895/1150 896/1151
f 1476/1152 1477/1153 899/1154 803/1155
f 1481/1156 900/1157 897/1158 1476/1159
f 1455/1160 901/1161 902/1162 1447/1163
f 1452/1164 903/1165 904/1166 1450/1167
f 905/1168 906/1169 907/1170 908/1171
f 909/1172 910/1173 911/1174 912/1175
f 1453/1176 914/1177 915/1178 1475/1179
f 917/1180 918/1181 919/1182 920/1183
f 921/1184 922/1185 229/1186 228/1187
f 923/1188 924/1189 925/1190 926/1191
f 1496/1192 1499/1193 927/1194 928/1195
f 1729/1196 930/1197 931/1198 1737/1199
f 933/1200 934/1201 243/1202 242/1203
f 935/1204 936/1205 937/1206 938/1207
f 939/1208 920/1183 919/1182 940/1209
f 941/1210 942/1211 943/1212 944/1213
f 945/1214 946/1215 755/994 754/993
f 947/1216 260/1217 259/1218 948/1219
f 949/1220 950/1221 951/1222 952/1223
f 953/1224 954/1225 955/1226 956/1227
f 957/1228 958/1229 931/1230 959/1231
f 1516/1232 1496/1192 928/1195 960/1233
f 1485/1234 961/1235 962/1236 1484/1237
f 963/1238 964/1239 965/1240 966/1241
f 1708/1242 1678/1243 969/1244 970/1245
f 1728/1246 1727/1247 973/1248 876/1249
f 1682/1250 1683/1251 976/1252 977/1253
f 1704/1254 979/1255 980/1256 1701/1257
f 982/1258 983/1259 984/1260 985/1261
f 986/1262 987/1263 988/1264 989/1265
f 990/1266 991/1267 992/1268 993/1269
f 994/1270 995/1271 996/1272 997/1273
f 1699/1274 1701/1257 980/1256 999/1275
f 1720/1276 1737/1199 931/1198 958/1229
f 1001/1277 1002/1278 1003/1279 1004/1280
f 1005/1281 1006/1282 1007/1283 1008/1284
f 707/946 1009/1285 1010/1286 708/947
f 1011/1287 1012/1288 1013/1289 1014/1290
f 1015/1291 1016/1292 329/1293 328/1294
f 1017/1295 1018/1296 1019/1297 1020/1298
f 1021/1299 1022/1300 1023/1301 1024/1302
f 1025/1303 1026/1304 1027/1305 1028/1306
f 1029/1307 1030/1308 1031/1309 1032/1310
f 1019/1311 1030/1308 1029/1307 1033/1312
f 1034/1313 1028/1306 1027/1305 1035/1314
f 1469/1315 1037/1316 1038/1317 1463/1318
f 1040/1319 1041/1320 1042/1321 1043/1322
f 1044/1323 1020/1298 1019/1297 1033/1312
f 1045/1324 1024/1302 1023/1301 1046/1325
f 1460/1326 1452/1327 836/1328 964/1329
f 1048/1330 1049/1331 1050/1332 1051/1333
f 1052/1334 1053/1335 1054/1336 1055/1337
f 1056/1338 1057/1339 372/1340 371/1341
f 1058/1342 1059/1343 1060/1344 1061/1345
f 1471/1346 1062/1347 1047/1348 1460/1349
f 1063/1350 1064/1351 1065/1352 1066/1353
f 1518/1354 1497/1355 1067/1356 1068/1357
f 1500/1358 1518/1354 1068/1357 1069/1359
f 1481/1156 1475/1179 915/1178 900/1157
f 1510/1360 1071/1361 1072/1362 1506/1363
f 1074/1364 911/1174 910/1173 1075/1365
f 1076/1366 1077/1367 1078/1368 1079/1369
f 1466/1370 1080/1371 1081/1372 1468/1373
f 1448/1374 1083/1375 1084/1376 1451/1377
f 1464/1378 1074/1364 1075/1365 1465/1379
f 1490/1380 1088/1381 1089/1382 1488/1383
f 1486/1384 1090/1385 1091/1386 1483/1387
f 1511/1388 1086/1389 1087/1390 1512/1391
f 1495/1392 1094/1393 1095/1394 1501/1395
f 1501/1396 1499/1397 900/1157 915/1178
f 1510/1398 1070/1399 1038/1400 1494/1401
f 1453/1176 1470/1402 1073/1403 914/1177
f 1491/1404 1099/1405 1100/1406 1489/1407
f 1461/1408 1103/1409 1100/1410 1458/1411
f 1490/1412 1080/1413 1105/1414 1503/1415
f 746/985 745/984 1107/1416 1108/1417
f 1077/1367 1076/1366 746/985 1108/1417
f 1009/1285 707/946 863/1117 1104/1418
f 1109/1419 1110/1420 895/1150 894/1149
f 1111/1421 1112/1422 1113/1423 1114/1424
f 1115/1425 1116/1426 1117/1427 1118/1428
f 1119/1429 1120/1430 1121/1431 1122/1432
f 1123/1433 1124/1434 441/1435 440/1436
f 1495/1392 1506/1363 1072/1362 1094/1393
f 1125/1437 1126/1438 1127/1439 1128/1440
f 1698/1441 1696/1442 1131/1443 1132/1444
f 1731/1445 1733/1446 1127/1439 1126/1438
f 1017/1295 749/988 872/1127 1018/1296
f 1021/1299 762/1001 750/989 1022/1300
f 1025/1303 1135/1447 1136/1448 1026/1304
f 911/1174 1074/1364 1137/1449 1116/1450
f 1464/1451 1086/1452 1138/1453 1454/1454
f 1511/1455 1092/1456 1139/1457 1487/1458
f 1569/1459 1141/1460 1142/1461 1570/1462
f 1485/1463 901/1464 1144/1465 1519/1466
f 1477/1467 898/1468 1144/1469 1482/1470
f 810/1058 813/1061 1147/1471 1146/1472
f 1502/1473 1148/1474 1149/1475 1514/1476
f 1151/1477 1152/1478 796/1044 795/1043
f 1474/1479 752/1480 1150/1481 1479/1482
f 711/950 710/949 1153/1483 1154/1484
f 1155/1485 1154/1486 745/984 744/983
f 1156/1487 1157/1488 1158/1489 1159/1490
f 1160/1491 1161/1492 1162/1493 1163/1494
f 1164/1495 1165/1496 1166/1497 1167/1498
f 1736/1499 1169/1500 870/1124 1740/1123
f 1693/1501 1171/1502 976/1252 1683/1251
f 1172/1503 1173/1504 925/1190 924/1189
f 1174/1505 1175/1506 790/1036 789/1035
f 1176/1507 1177/1508 808/1056 807/1055
f 1178/1509 1179/1510 800/1048 799/1047
f 1738/1511 1179/1512 1181/1513 1730/1514
f 936/1205 1183/1515 1184/1516 937/1206
f 1185/1517 504/1518 92/1040 793/1039
f 1186/1519 1187/1520 706/945 705/944
f 1646/1521 1186/1519 705/944 1657/1522
f 1657/1522 705/944 708/947 1655/1523
f 1478/1524 1010/1286 1009/1285 1467/1525
f 756/995 755/994 1192/1526 1193/1527
f 1166/1497 756/995 1193/1527 1167/1498
f 1194/1528 713/952 716/955 870/1124
f 1195/1529 1196/1530 718/957 717/956
f 1187/1520 1186/1519 1197/1531 865/1532
f 865/1119 1197/1531 1198/1533 866/1120
f 1721/1534 1732/1535 1199/1536 1200/1537
f 1726/1538 1721/1534 1200/1537 1201/1539
f 987/1263 721/960 724/963 988/1264
f 1679/1540 1703/1541 1202/1542 1183/1543
f 1686/1544 1679/1540 1183/1543 936/1205
f 771/1017 770/1016 730/969 729/968
f 846/1545 771/1017 729/968 841/1546
f 841/1091 729/968 732/971 842/1092
f 1677/1547 1668/1548 1191/1549 1513/1550
f 732/971 731/970 1206/1551 1207/1552
f 842/1092 732/971 1207/1552 1208/1553
f 833/1083 735/974 738/977 834/1084
f 712/951 711/950 740/979 739/978
f 734/973 712/951 739/978 851/1554
f 851/1103 739/978 742/981 852/1104
f 1209/1555 1158/1556 744/983 743/982
f 887/1142 1209/1555 743/982 888/1143
f 888/1143 743/982 746/985 1076/1366
f 1136/1557 1210/1558 761/1000 762/1001
f 1513/1550 1191/1549 1099/1405 1491/1404
f 760/999 759/998 754/993 753/992
f 1162/1493 760/999 753/992 1163/1494
f 1163/1494 753/992 756/995 1166/1497
f 1209/1555 887/1142 758/997 757/996
f 1158/1489 1209/1555 757/996 1159/1490
f 1159/1490 757/996 760/999 1162/1493
f 871/1126 1211/1559 1212/1560 872/1127
f 1493/1561 1502/1562 752/1563 751/1564
f 803/1051 899/1154 1213/1565 804/1052
f 1184/1566 1214/1567 767/1011 766/1010
f 937/1206 1184/1516 766/1010 849/1568
f 849/1099 766/1010 63/1013 152/1100
f 742/981 741/980 769/1015 768/1014
f 852/1104 742/981 768/1014 845/1569
f 845/1569 768/1014 771/1017 846/1096
f 1055/1337 1054/1336 773/1019 772/1018
f 820/1570 1055/1337 772/1018 815/1571
f 815/1571 772/1018 775/1021 816/1064
f 1559/1572 1215/1573 1216/1574 1561/1575
f 1557/1576 1561/1575 1216/1574 1140/1577
f 1029/1307 1032/1310 1217/1578 777/1579
f 777/1023 1217/1578 1218/1580 778/1024
f 1033/1312 1029/1307 777/1579 776/1022
f 1044/1323 1033/1312 776/1022 781/1581
f 781/1027 776/1022 779/1025 782/1028
f 1046/1582 1044/1323 781/1581 780/1026
f 1045/1324 1046/1325 780/1026 785/1583
f 785/1583 780/1026 783/1029 786/1032
f 1035/1584 1045/1324 785/1583 784/1030
f 1034/1313 1035/1314 784/1030 1219/1585
f 1219/1585 784/1030 787/1033 1220/1586
f 797/1045 796/1044 789/1035 788/1034
f 761/1000 797/1045 788/1034 747/986
f 747/986 788/1034 791/1037 748/987
f 896/1151 895/1150 793/1039 792/1038
f 727/1587 896/1151 792/1038 1221/1588
f 1221/1588 792/1038 91/1041 544/1589
f 804/1052 1213/1565 795/1043 794/1042
f 805/1053 804/1052 794/1042 1210/1590
f 1210/1558 794/1042 797/1045 761/1000
f 809/1057 808/1056 1222/1591 1223/1592
f 811/1059 963/1238 966/1241 812/1060
f 791/1037 790/1036 807/1055 806/1054
f 748/987 791/1037 806/1054 871/1126
f 871/1126 806/1054 809/1057 1211/1559
f 837/1087 733/972 734/973 838/1088
f 821/1069 820/1068 815/1571 814/1062
f 1224/1593 821/1069 814/1062 1225/1594
f 1225/1594 814/1062 817/1065 1226/1595
f 827/1077 826/1076 819/1067 818/1066
f 1227/1596 827/1077 818/1066 1228/1597
f 1228/1597 818/1066 821/1069 1224/1593
f 944/1213 943/1212 823/1071 822/1070
f 1229/1598 944/1213 822/1070 1230/1599
f 1230/1599 822/1070 123/1073 554/1600
f 812/1060 966/1241 825/1075 824/1074
f 813/1061 812/1060 824/1074 1231/1601
f 1231/1601 824/1074 827/1077 1227/1596
f 817/1065 816/1064 1232/1602 1233/1603
f 1226/1595 817/1065 1233/1603 1234/1604
f 1235/1605 828/1078 831/1081 1181/1606
f 843/1093 842/1092 1208/1553 1236/1607
f 774/1608 843/1093 1236/1607 1237/1609
f 1049/1331 832/1082 835/1085 1050/1332
f 1238/1610 1034/1313 1219/1585 1039/1611
f 847/1097 846/1096 841/1546 840/1090
f 1054/1336 847/1097 840/1090 773/1019
f 773/1019 840/1090 843/1093 774/1020
f 853/1105 852/1104 845/1569 844/1094
f 1060/1612 853/1105 844/1094 1053/1613
f 1053/1613 844/1094 847/1097 1054/1336
f 938/1207 937/1206 849/1568 848/1098
f 1042/1614 938/1207 848/1098 1057/1615
f 1057/1615 848/1098 151/1101 372/1340
f 838/1088 734/973 851/1554 850/1102
f 839/1089 838/1088 850/1102 1059/1616
f 1059/1343 850/1102 853/1105 1060/1344
f 948/1219 259/1218 161/1107 854/1106
f 1239/1617 948/1219 854/1106 950/1618
f 950/1618 854/1106 855/1109 951/1222
f 1240/1619 1241/1620 857/1111 856/1110
f 1242/1621 1243/1622 1244/1623 946/1624
f 946/1624 1244/1623 1192/1526 755/994
f 1245/1625 1246/1626 859/1113 858/1112
f 866/1120 1245/1625 858/1112 867/1121
f 867/1121 858/1112 861/1115 879/1627
f 884/1139 883/1138 863/1117 862/1116
f 1247/1628 884/1139 862/1116 1248/1629
f 1248/1629 862/1116 706/945 1187/1520
f 1248/1629 1187/1520 865/1532 864/1118
f 1247/1628 1248/1629 864/1118 878/1630
f 878/1630 864/1118 867/1121 879/1134
f 1249/1631 1250/1632 869/1633 868/1634
f 997/1635 1249/1631 868/1634 1251/1636
f 1722/1637 1739/1122 716/1125 715/954
f 1252/1638 1212/1560 1211/1559 1253/1639
f 728/967 727/966 1221/1588 1254/1640
f 859/1113 1246/1626 1255/1641 1256/1642
f 860/1114 859/1113 1256/1642 1257/1643
f 1258/1644 873/1128 876/1131 973/1248
f 1259/1645 1247/1628 878/1630 877/1132
f 1260/1646 1259/1645 877/1132 1112/1647
f 1112/1647 877/1132 880/1135 1113/1423
f 1118/1428 1117/1427 882/1137 881/1136
f 1260/1646 1118/1428 881/1136 1259/1645
f 1259/1645 881/1136 884/1139 1247/1628
f 1261/1648 1262/1649 886/1141 885/1140
f 1263/1650 1261/1648 885/1140 1079/1651
f 1079/1369 885/1140 888/1143 1076/1366
f 1264/1652 1265/1653 890/1145 889/1144
f 1262/1649 1264/1652 889/1144 886/1141
f 886/1141 889/1144 758/997 887/1142
f 880/1135 879/1134 861/1115 891/1146
f 1113/1423 880/1135 891/1146 1120/1654
f 1120/1430 891/1146 892/1147 1121/1431
f 726/965 893/1148 896/1151 727/966
f 1039/1611 1219/1585 1220/1586 1036/1655
f 1447/1656 1471/1657 963/1238 811/1059
f 1450/1658 1472/1659 733/972 837/1087
f 1557/1576 1140/1577 1143/1660 1565/1661
f 1266/1662 1267/1663 906/1169 905/1168
f 1262/1649 1266/1662 905/1168 1264/1652
f 1264/1652 905/1168 908/1171 1265/1653
f 1261/1648 1263/1650 910/1173 909/1172
f 1262/1649 1261/1648 909/1172 1266/1662
f 1266/1662 909/1172 912/1175 1267/1663
f 1254/1640 1221/1588 544/1589 593/1664
f 908/1171 907/1170 918/1181 917/1180
f 1265/1653 908/1171 917/1180 1268/1665
f 1268/1665 917/1180 920/1183 1242/1666
f 1269/1667 1270/1668 922/1185 921/1184
f 1271/1669 1269/1667 921/1184 1124/1670
f 1124/1670 921/1184 228/1187 441/1435
f 598/1671 599/1672 924/1189 923/1188
f 160/1108 598/1671 923/1188 855/1109
f 855/1109 923/1188 926/1191 951/1222
f 1723/1673 1241/1674 930/1197 1729/1196
f 1273/1675 1272/1676 929/1677 1274/1678
f 1274/1678 929/1677 932/1679 1275/1680
f 1276/1681 1277/1682 934/1201 933/1200
f 1270/1668 1276/1681 933/1200 922/1185
f 922/1185 933/1200 242/1203 229/1186
f 1694/1683 1695/1684 894/1149 893/1148
f 1041/1320 935/1204 938/1207 1042/1321
f 1243/1622 1242/1621 920/1183 939/1208
f 1240/1685 1243/1622 939/1208 1278/1686
f 1278/1686 939/1208 940/1209 959/1687
f 1685/1688 1686/1544 936/1205 935/1204
f 1709/1689 1685/1688 935/1204 1041/1320
f 1279/1690 941/1210 944/1213 1229/1598
f 1268/1665 1242/1666 946/1624 945/1214
f 1265/1653 1268/1665 945/1214 890/1145
f 890/1145 945/1214 754/993 759/998
f 1280/1691 609/1692 260/1217 947/1216
f 1281/1693 1280/1691 947/1216 1282/1694
f 1282/1694 947/1216 948/1219 1239/1617
f 1705/1695 1707/1696 942/1211 941/1210
f 1702/1697 1705/1695 941/1210 1279/1690
f 1284/1698 1239/1617 950/1618 949/1220
f 1276/1681 1270/1668 968/1699 967/1700
f 1697/1701 1284/1698 949/1220 1680/1702
f 1680/1702 949/1220 952/1223 1681/1703
f 1128/1440 1127/1439 958/1229 957/1228
f 1121/1431 1286/1704 1287/1705 1122/1432
f 1122/1432 1287/1705 940/1209 919/1182
f 1484/1706 1497/1707 1062/1708 902/1709
f 964/1329 836/1328 839/1089 965/1240
f 1288/1710 1289/1711 1290/1712 1291/1713
f 1277/1682 1276/1681 967/1700 1292/1714
f 926/1191 925/1190 975/1715 974/1716
f 1687/1717 1708/1242 970/1245 1293/1718
f 1294/1719 1295/1720 972/1721 971/1722
f 1296/1723 1294/1719 971/1722 1297/1724
f 1718/1725 1728/1246 876/1249 875/1130
f 951/1222 926/1191 974/1716 952/1223
f 1239/1617 1284/1698 978/1726 1282/1694
f 1681/1727 1682/1250 977/1253 996/1728
f 1697/1729 1285/1730 979/1255 1704/1254
f 1282/1694 978/1726 981/1731 1281/1693
f 1298/1732 1281/1693 981/1731 998/1733
f 1743/1734 1751/1735 1299/1736 1300/1737
f 1744/1738 1726/1538 1201/1539 1301/1739
f 1747/1740 1744/1738 1301/1739 1302/1741
f 1064/1351 986/1262 989/1265 1065/1352
f 1749/1742 1750/1743 1303/1744 1304/1745
f 1730/1746 1749/1742 1304/1745 1182/1747
f 1305/1748 990/1266 993/1269 1283/1749
f 1273/1750 1285/1751 995/1271 994/1270
f 1723/1752 1272/1753 1306/1754 1748/1755
f 1748/1755 1306/1754 1251/1756 1722/1757
f 1271/1758 1298/1732 998/1733 1130/1759
f 1292/1714 1307/1760 1308/1761 1277/1682
f 1696/1442 1699/1274 999/1275 1131/1443
f 1309/1762 1275/1680 932/1679 1000/1763
f 1310/1764 1309/1762 1000/1763 1134/1765
f 1733/1446 1720/1276 958/1229 1127/1439
f 720/959 719/958 1002/1278 1001/1277
f 866/1120 1198/1533 1311/1766 1245/1625
f 1245/1625 1311/1766 1312/1767 1246/1626
f 1004/1280 1003/1279 1313/1768 1314/1769
f 1246/1626 1312/1767 1315/1770 1255/1641
f 874/1129 1316/1771 1317/1772 875/1130
f 1459/1773 1070/1774 1073/1403 1470/1402
f 1753/1775 1752/1776 1318/1777 1319/1778
f 1718/1779 1717/1780 1320/1781 1297/1782
f 1296/1783 1321/1784 1322/1785 1293/1786
f 956/1227 955/1226 1016/1292 1015/1291
f 1277/1682 1308/1761 1323/1787 934/1201
f 934/1201 1323/1787 653/1788 243/1202
f 1688/1789 1690/1790 954/1225 953/1224
f 1687/1791 1692/1792 1307/1760 1292/1714
f 1324/1793 1325/1794 1031/1309 1030/1308
f 1565/1661 1143/1660 1326/1795 1563/1796
f 1018/1296 1324/1793 1030/1308 1019/1297
f 1022/1300 1017/1295 1020/1298 1023/1301
f 1026/1304 1021/1299 1024/1302 1027/1305
f 913/1797 1025/1303 1028/1306 1097/1798
f 1027/1305 1024/1302 1045/1324 1035/1314
f 1238/1610 1097/1798 1028/1306 1034/1313
f 942/1211 1040/1319 1043/1322 943/1212
f 1023/1301 1020/1298 1044/1323 1046/1325
f 805/1053 1135/1799 916/1800 802/1050
f 1463/1318 1038/1317 1070/1399 1459/1773
f 775/1021 774/1020 1237/1609 1327/1801
f 816/1064 775/1021 1327/1801 1232/1602
f 829/1079 1048/1330 1051/1333 830/1080
f 1061/1345 1060/1344 1053/1613 1052/1334
f 826/1076 1061/1345 1052/1334 819/1067
f 819/1067 1052/1334 1055/1337 820/1068
f 1043/1322 1042/1321 1057/1615 1056/1338
f 943/1212 1043/1322 1056/1338 823/1071
f 823/1071 1056/1338 371/1341 124/1072
f 965/1240 839/1089 1059/1616 1058/1342
f 966/1241 965/1240 1058/1342 825/1075
f 825/1075 1058/1342 1061/1345 826/1076
f 1505/1802 763/1803 904/1804 1509/1805
f 1706/1806 1709/1689 1041/1320 1040/1319
f 1707/1696 1706/1806 1040/1319 942/1211
f 1719/1807 1747/1740 1302/1741 1329/1808
f 1750/1743 1719/1807 1329/1808 1303/1744
f 991/1267 1063/1350 1066/1353 992/1268
f 1509/1805 904/1804 903/1165 1500/1809
f 1117/1427 1082/1810 1085/1811 882/1137
f 882/1137 1085/1811 1102/1812 883/1138
f 1075/1365 910/1173 1263/1650 1330/1813
f 1079/1651 1078/1368 1330/1813 1263/1650
f 1468/1373 1081/1372 1331/1814 1480/1815
f 1451/1377 1084/1376 1103/1409 1461/1408
f 1465/1379 1075/1365 1330/1813 1480/1816
f 1488/1383 1089/1382 1332/1817 1515/1818
f 1483/1387 1091/1386 1333/1819 1508/1820
f 1512/1391 1087/1390 1331/1821 1515/1822
f 1494/1401 1038/1400 1037/1316 1507/1823
f 1489/1407 1100/1406 1103/1409 1508/1824
f 1458/1411 1100/1410 1099/1405 1467/1825
f 1503/1415 1105/1414 1335/1826 1492/1827
f 1446/1828 1335/1826 1105/1414 1473/1829
f 1473/1829 1105/1414 1080/1413 1466/1370
f 1104/1418 863/1117 883/1138 1102/1812
f 1135/1799 805/1053 1210/1590 1136/1448
f 1269/1667 1271/1669 1130/1759 1129/1830
f 1734/1831 1735/1832 1337/1833 1338/1834
f 1746/1835 1141/1836 1337/1833 1735/1832
f 1339/1837 1260/1646 1112/1647 1111/1421
f 1267/1663 1339/1837 1111/1421 906/1169
f 906/1169 1111/1421 1114/1424 907/1170
f 912/1175 911/1174 1116/1450 1115/1425
f 1267/1663 912/1175 1115/1425 1339/1837
f 1339/1837 1115/1425 1118/1428 1260/1646
f 1114/1424 1113/1423 1120/1654 1119/1429
f 907/1170 1114/1424 1119/1429 918/1181
f 918/1181 1119/1429 1122/1432 919/1182
f 1298/1732 1271/1758 1124/1670 1123/1433
f 1281/1693 1298/1732 1123/1433 1280/1691
f 1280/1691 1123/1433 440/1436 609/1692
f 1258/1644 973/1248 1126/1438 1125/1437
f 860/1114 1257/1643 1340/1838 892/1147
f 892/1147 1340/1838 1286/1704 1121/1431
f 1270/1668 1269/1667 1129/1830 968/1699
f 1214/1839 1202/1840 1170/1841 1173/1842
f 1678/1243 1698/1441 1132/1444 969/1244
f 1341/1843 1310/1764 1134/1765 1133/1844
f 1295/1720 1341/1843 1133/1844 972/1721
f 1727/1247 1731/1445 1126/1438 973/1248
f 1324/1793 1212/1560 1252/1638 1325/1794
f 1577/1845 1338/1834 1337/1833 1575/1846
f 872/1127 1212/1560 1324/1793 1018/1296
f 750/989 749/988 1017/1295 1022/1300
f 1136/1557 762/1001 1021/1299 1026/1304
f 913/1797 916/1800 1135/1799 1025/1303
f 1116/1450 1137/1449 1082/1810 1117/1427
f 1454/1454 1138/1453 1083/1375 1448/1374
f 1487/1458 1139/1457 1090/1385 1486/1384
f 1519/1466 1144/1465 898/1468 1516/1847
f 1482/1470 1144/1469 901/1464 1455/1160
f 1146/1472 1147/1471 1213/1565 899/1154
f 1231/1601 1227/1596 1152/1478 1151/1477
f 813/1061 1231/1601 1151/1477 1147/1471
f 1147/1471 1151/1477 795/1043 1213/1565
f 1514/1476 1149/1475 1336/1848 1492/1849
f 1479/1482 1150/1481 1335/1826 1446/1828
f 1154/1484 1153/1483 1107/1416 745/984
f 740/979 711/950 1154/1484 1155/1485
f 741/980 740/979 1155/1485 1157/1850
f 1157/1488 1155/1485 744/983 1158/1489
f 769/1015 741/980 1157/1850 1156/1487
f 770/1016 769/1015 1156/1487 1161/1851
f 1161/1851 1156/1487 1159/1490 1162/1493
f 730/969 770/1016 1161/1851 1160/1491
f 731/970 730/969 1160/1491 1165/1852
f 1165/1496 1160/1491 1163/1494 1166/1497
f 1206/1551 731/970 1165/1852 1164/1495
f 736/1853 1206/1551 1164/1495 1342/1854
f 1342/1854 1164/1495 1167/1498 1194/1855
f 1732/1856 737/1857 1169/1500 1736/1499
f 722/1858 1199/1859 1168/1860 1343/1861
f 1343/1861 1168/1860 869/1633 1250/1632
f 1703/1862 723/1863 1171/1502 1693/1501
f 1173/1842 1170/1841 975/1715 925/1190
f 1279/1690 1229/1598 1110/1420 1109/1419
f 767/1011 1214/1567 1173/1842 1172/1503
f 64/1012 767/1011 1172/1503 675/1864
f 675/1864 1172/1503 924/1189 599/1672
f 1228/1597 1224/1593 1175/1506 1174/1505
f 1227/1596 1228/1597 1174/1505 1152/1478
f 1152/1478 1174/1505 789/1035 796/1044
f 1225/1594 1226/1595 1177/1508 1176/1507
f 1224/1593 1225/1594 1176/1507 1175/1506
f 1175/1506 1176/1507 807/1055 790/1036
f 1235/1605 1181/1606 1179/1512 1178/1509
f 1226/1595 1234/1604 1344/1865 1177/1508
f 1177/1508 1344/1865 1222/1591 808/1056
f 1751/1866 800/1048 1179/1510 1738/1511
f 983/1867 1299/1868 1180/1869 1345/1870
f 1345/1870 1180/1869 1182/1871 1305/1872
f 1627/1873 717/956 720/959 1616/1874
f 1702/1697 1279/1690 1109/1419 1684/1875
f 1684/1875 1109/1419 894/1149 1695/1684
f 1230/1599 554/1600 504/1518 1185/1517
f 1229/1598 1230/1599 1185/1517 1110/1420
f 1110/1420 1185/1517 793/1039 895/1150
f 1676/1876 1643/1877 1010/1286 1478/1524
f 1193/1527 1192/1526 714/953 713/952
f 1207/1552 1206/1551 736/1853 735/974
f 1569/1459 1575/1846 1337/1833 1141/1460
f 1223/1592 1222/1591 799/1047 798/1046
f 1233/1603 1232/1602 829/1079 828/1078
f 1236/1607 1208/1553 833/1083 832/1082
f 1244/1623 856/1110 714/953 1192/1526
f 1256/1642 1255/1641 874/1129 873/1128
f 1287/1705 957/1228 959/1231 940/1209
f 1314/1769 1313/1768 1006/1282 1005/1281
f 1745/1878 1142/1461 1141/1460 1746/1835
f 1745/1878 1724/1879 1350/1880 1142/1461
f 1327/1801 1237/1609 1049/1331 1048/1330
f 1340/1838 1125/1437 1128/1440 1286/1704
f 1344/1865 1178/1509 799/1047 1222/1591
f 1167/1498 1193/1527 713/952 1194/1855
f 1208/1553 1207/1552 735/974 833/1083
f 1234/1604 1233/1603 828/1078 1235/1605
f 1237/1609 1236/1607 832/1082 1049/1331
f 1243/1622 1240/1685 856/1110 1244/1623
f 1257/1643 1256/1642 873/1128 1258/1644
f 1241/1620 1240/1619 1278/1686 930/1197
f 930/1197 1278/1686 959/1687 931/1198
f 1286/1704 1128/1440 957/1228 1287/1705
f 1255/1641 1315/1770 1316/1771 874/1129
f 1570/1462 1142/1461 1350/1880 1567/1881
f 1742/1882 1351/1883 1350/1880 1724/1879
f 1232/1602 1327/1801 1048/1330 829/1079
f 1257/1643 1258/1644 1125/1437 1340/1838
f 737/976 736/975 1342/1854 1169/1500
f 1169/1500 1342/1854 1194/1855 870/1124
f 1234/1604 1235/1605 1178/1509 1344/1865
f 1200/1537 1199/1536 722/1858 721/960
f 1300/1737 1299/1736 983/1867 982/1258
f 1301/1739 1201/1539 987/1263 986/1262
f 1304/1745 1303/1744 991/1267 990/1266
f 1306/1754 994/1270 997/1273 1251/1756
f 1319/1778 1318/1777 1012/1288 1011/1287
f 1567/1881 1350/1880 1351/1883 1573/1884
f 1741/1885 1352/1886 1351/1883 1742/1882
f 1329/1808 1302/1741 1064/1351 1063/1350
f 1201/1539 1200/1537 721/960 987/1263
f 977/1253 976/1252 1250/1632 1249/1631
f 996/1272 977/1253 1249/1631 997/1273
f 1285/1751 1273/1750 1274/1678 979/1255
f 979/1255 1274/1678 1275/1680 980/1256
f 970/1245 969/1244 1295/1720 1294/1719
f 1293/1718 970/1245 1294/1719 1296/1783
f 1302/1741 1301/1739 986/1262 1064/1351
f 1182/1747 1304/1745 990/1266 1305/1872
f 1272/1753 1273/1675 994/1270 1306/1754
f 999/1275 980/1256 1275/1680 1309/1762
f 1131/1443 999/1275 1309/1762 1310/1764
f 1297/1724 1320/1781 1321/1784 1296/1723
f 1303/1744 1329/1808 1063/1350 991/1267
f 1132/1444 1131/1443 1310/1764 1341/1843
f 969/1244 1132/1444 1341/1843 1295/1720
f 723/1863 722/961 1343/1861 1171/1502
f 1171/1502 1343/1861 1250/1632 976/1252
f 984/1260 983/1259 1345/1870 1348/1887
f 1348/1887 1345/1870 1305/1872 1283/1749
f 1612/1888 1319/1778 1011/1287 1602/1889
f 1622/1890 1314/1769 1005/1281 1603/1891
f 1462/1892 1289/1711 1288/1710 1457/1893
f 1715/1894 1688/1789 953/1224 1621/1895
f 1626/1896 956/1227 1015/1291 1618/1897
f 1754/1898 1753/1775 1319/1778 1612/1888
f 1611/1899 1004/1280 1314/1769 1622/1890
f 1616/1874 720/959 1001/1277 1594/1900
f 1619/1901 1288/1710 1291/1713 1596/1902
f 1498/1903 1357/1904 1358/1905 1504/1906
f 1620/1907 1195/1529 717/956 1627/1873
f 1368/1908 1369/1909 1291/1713 1290/1712
f 1196/1530 1195/1529 1369/1909 1368/1908
f 1618/1897 1015/1291 328/1294 1630/1910
f 1602/1889 1011/1287 1014/1290 1615/1911
f 1603/1891 1005/1281 1008/1284 1605/1912
f 1594/1900 1001/1277 1004/1280 1611/1899
f 1621/1895 953/1224 956/1227 1626/1896
f 1183/1515 1202/1542 1214/1839 1184/1516
f 985/1261 1370/1913 1371/1914 982/1258
f 982/1258 1371/1914 1352/1915 1300/1737
f 1694/1916 1700/1917 1370/1913 985/1261
f 1211/1559 809/1057 1223/1592 1253/1639
f 1620/1918 1188/1919 1189/1920 1628/1921
f 1628/1921 1189/1920 1190/1922 1596/1923
f 1634/1924 1614/1925 1204/1926 1517/1927
f 1656/1928 1346/1929 1347/1930 1653/1931
f 1633/1932 1619/1933 1349/1934 1456/1935
f 1654/1936 1353/1937 1354/1938 1652/1939
f 1658/1940 1355/1941 1356/1942 1639/1943
f 1716/1944 1691/1945 1360/1946 1662/1947
f 1667/1948 1361/1949 1362/1950 1644/1951
f 1755/1952 1725/1953 1353/1937 1654/1936
f 1638/1954 1364/1955 1355/1941 1658/1940
f 1653/1931 1347/1930 1365/1956 1636/1957
f 1643/1958 1349/1959 1190/1960 1655/1961
f 1646/1962 1188/1963 1346/1929 1656/1928
f 1644/1951 1362/1950 702/1964 1640/1965
f 1652/1939 1354/1938 1359/1966 1642/1967
f 1639/1943 1356/1942 1363/1968 1641/1969
f 1636/1957 1365/1956 1364/1955 1638/1954
f 1662/1947 1360/1946 1361/1949 1667/1948
f 59/62 47/61 1394/616 1379/806
f 203/215 1404/249 1373/252 206/216
f 205/527 1385/847 1404/249 203/215
f 208/220 207/219 1398/747 1400/520
f 361/405 1399/411 1376/414 378/406
f 210/224 1389/811 1399/411 361/405
f 386/787 387/459 1397/418 1405/455
f 397/430 396/429 1392/438 1391/469
f 401/434 400/433 1390/442 1395/441
f 408/515 409/1970 1406/446 1393/512
f 222/236 221/235 1403/453 1377/449
f 410/451 1403/450 1373/454 236/251
f 389/420 412/1971 1374/456 1405/417
f 414/1972 415/1973 1386/462 1382/461
f 405/440 421/1974 1372/470 1391/437
f 222/236 1377/449 1397/418 387/459
f 402/511 456/510 1396/513 1393/445
f 274/294 462/1975 1384/521 1400/291
f 48/539 466/538 1402/531 1388/619
f 1650/1976 523/1977 1401/603 1674/602
f 523/1977 414/1972 1382/461 1401/603
f 60/65 1394/64 1388/619 468/533
f 273/293 1398/292 1376/750 384/413
f 61/66 659/1978 1387/807 1379/63
f 659/1978 385/416 1389/415 1387/807
f 396/429 662/817 1407/823 1392/438
f 400/433 420/468 1380/826 1390/442
f 409/1970 663/820 1407/819 1406/446
f 412/1971 665/1979 1375/825 1374/456
f 415/1973 664/822 1380/821 1386/462
f 421/1974 666/849 1408/848 1372/470
f 456/510 401/434 1395/441 1396/513
f 462/1975 272/290 1385/289 1384/521
f 466/538 667/829 1408/828 1402/531
f 698/1980 699/1981 1378/893 1381/892
f 1592/1982 522/1983 1383/907 1631/906
f 47/61 1433/60 1430/48 48/618
f 29/29 5/5 1433/47 1409/711
f 203/215 1416/214 1420/212 205/527
f 102/107 105/110 1416/209 1410/213
f 110/115 113/118 1431/708 1418/217
f 138/143 141/146 1417/710 1421/386
f 219/801 220/803 1435/234 1438/233
f 350/707 351/666 1414/373 1412/372
f 361/405 1439/404 1421/386 210/224
f 275/295 278/298 1439/383 1445/709
f 102/107 1410/213 1435/234 220/803
f 395/426 394/425 1428/428 1427/427
f 398/813 399/812 1436/432 1432/431
f 402/511 403/447 1422/436 1413/508
f 219/801 1438/233 1426/460 413/802
f 418/814 419/475 1423/466 1419/465
f 390/421 455/507 1429/509 1413/435
f 204/211 464/528 1437/525 1420/212
f 8/8 471/541 1443/537 1430/48
f 510/604 417/464 1425/827 1434/584
f 207/748 1431/218 1445/709 378/749
f 209/223 1417/222 1409/711 59/809
f 562/665 413/802 1426/460 1415/786
f 351/666 562/665 1415/786 1414/373
f 394/425 661/815 1444/818 1428/428
f 399/812 418/814 1419/465 1436/432
f 403/447 662/824 1444/816 1422/436
f 419/475 322/343 1425/585 1423/466
f 424/474 423/473 1411/831 1424/830
f 423/473 395/426 1427/427 1411/831
f 455/507 398/813 1432/431 1429/509
f 464/528 110/115 1418/217 1437/525
f 471/541 424/474 1424/830 1443/537
f 1664/605 510/604 1434/584 1675/866
f 689/895 690/894 1442/882 1440/881
f 1629/909 524/908 1441/915 1632/914
f 751/1004 752/1563 1474/1479 1449/1005
f 733/972 1472/1659 1449/1005 709/948
f 897/1158 898/1468 1477/1467 1476/1159
f 802/1050 1481/1156 1476/1159 803/1051
f 810/1058 1455/1160 1447/1163 811/1059
f 836/1086 1452/1327 1450/1167 837/1087
f 913/1797 1453/1176 1475/1179 916/1800
f 1036/1655 1469/1315 1463/1318 1039/1611
f 1047/1348 903/1165 1452/1164 1460/1349
f 963/1238 1471/1657 1460/1349 964/1239
f 802/1050 916/1800 1475/1179 1481/1156
f 1077/1367 1466/1370 1468/1373 1078/1368
f 1082/1810 1448/1374 1451/1377 1085/1811
f 1086/1389 1464/1451 1465/1379 1087/1390
f 913/1797 1097/1798 1470/1402 1453/1176
f 1102/1812 1461/1408 1458/1411 1104/1418
f 1074/1364 1464/1378 1454/1454 1137/1449
f 899/1154 1477/1153 1482/1470 1146/1472
f 710/949 1474/991 1479/1482 1153/1483
f 1191/1549 1478/1524 1467/1525 1099/1405
f 902/1162 1062/1708 1471/1346 1447/1163
f 904/1166 763/1803 1472/1002 1450/1167
f 1238/1610 1459/1773 1470/1402 1097/1798
f 1039/1611 1463/1318 1459/1773 1238/1610
f 1078/1368 1468/1373 1480/1815 1330/1813
f 1085/1811 1451/1377 1461/1408 1102/1812
f 1087/1390 1465/1379 1480/1816 1331/1821
f 1104/1418 1458/1411 1467/1825 1009/1285
f 1107/1416 1446/1828 1473/1829 1108/1417
f 1108/1417 1473/1829 1466/1370 1077/1367
f 1137/1449 1454/1454 1448/1374 1082/1810
f 1146/1472 1482/1470 1455/1160 810/1058
f 1153/1483 1479/1482 1446/1828 1107/1416
f 1668/1548 1676/1876 1478/1524 1191/1549
f 1357/1904 1462/1892 1457/1893 1358/1905
f 1614/1925 1633/1932 1456/1935 1204/1926
f 763/1003 1505/1802 1493/1009 751/1004
f 897/1158 900/1157 1499/1397 1496/1192
f 898/1468 897/1158 1496/1192 1516/1847
f 901/1161 1485/1463 1484/1237 902/1162
f 1047/1348 1062/1347 1497/1707 1518/1354
f 903/1165 1047/1348 1518/1354 1500/1809
f 1070/1774 1510/1398 1506/1363 1073/1403
f 1080/1371 1490/1412 1488/1383 1081/1372
f 1083/1375 1486/1384 1483/1387 1084/1376
f 1092/1456 1511/1455 1512/1391 1093/1984
f 914/1177 1495/1392 1501/1395 915/1178
f 1095/1394 927/1194 1499/1193 1501/1395
f 1071/1361 1510/1360 1494/1401 1096/1985
f 1098/1986 1491/1404 1489/1407 1101/1987
f 1088/1381 1490/1380 1503/1415 1106/1988
f 914/1177 1073/1403 1506/1363 1495/1392
f 1086/1452 1511/1388 1487/1458 1138/1453
f 961/1235 1485/1234 1519/1466 1145/1989
f 752/1480 1502/1562 1514/1476 1150/1481
f 1673/1990 1677/1547 1513/1550 1205/1991
f 1205/1991 1513/1550 1491/1404 1098/1986
f 765/1008 1148/1474 1502/1473 1493/1009
f 962/1236 1067/1356 1497/1355 1484/1237
f 764/1007 1505/1006 1509/1805 1328/1992
f 1328/1992 1509/1805 1500/1809 1069/1359
f 1081/1372 1488/1383 1515/1818 1331/1814
f 1084/1376 1483/1387 1508/1820 1103/1409
f 1093/1984 1512/1391 1515/1822 1332/1817
f 1096/1985 1494/1401 1507/1823 1334/1993
f 1101/1987 1489/1407 1508/1824 1333/1819
f 1106/1988 1503/1415 1492/1827 1336/1848
f 1138/1453 1487/1458 1486/1384 1083/1375
f 1145/1989 1519/1466 1516/1847 960/1233
f 1150/1481 1514/1476 1492/1849 1335/1826
f 1366/1994 1498/1903 1504/1906 1367/1995
f 1609/1996 1634/1924 1517/1927 1203/1997
f 540/635 1530/1998 1532/1999 539/634
f 1530/1998 1531/832 1533/835 1532/1999
f 344/365 539/634 1532/1999 1520/2000
f 1520/2000 1532/1999 1533/835 1521/836
f 345/366 344/365 1520/2000 1524/2001
f 1524/2001 1520/2000 1521/836 1525/868
f 345/366 1524/2001 1528/2002 655/798
f 1524/2001 1525/868 1529/870 1528/2002
f 576/690 655/798 1528/2002 1526/2003
f 1526/2003 1528/2002 1529/870 1527/872
f 577/691 576/690 1526/2003 1522/2004
f 1522/2004 1526/2003 1527/872 1523/875
f 458/632 459/713 1538/2005 1536/2006
f 1536/2006 1538/2005 1539/517 1537/516
f 537/630 536/629 1542/2007 1534/2008
f 1534/2008 1542/2007 1543/846 1535/845
f 458/632 1536/2006 1542/2007 536/629
f 1536/2006 1537/516 1543/846 1542/2007
f 459/713 657/800 1540/2009 1538/2005
f 1538/2005 1540/2009 1541/871 1539/517
f 657/800 21/2010 1544/2011 1540/2009
f 1540/2009 1544/2011 1545/874 1541/871
f 534/2012 535/2013 1552/2014 1554/2015
f 1554/2015 1552/2014 1553/628 1555/627
f 538/2016 1551/2017 1552/2014 535/2013
f 1551/2017 1550/631 1553/628 1552/2014
f 538/2016 590/2018 1549/2019 1551/2017
f 1551/2017 1549/2019 1548/712 1550/631
f 590/2018 656/2020 1546/2021 1549/2019
f 1549/2019 1546/2021 1547/799 1548/712
f 534/2022 1558/2023 1560/2024 535/2025
f 1558/2023 1559/1572 1561/1575 1560/2024
f 538/2026 535/2025 1560/2024 1556/2027
f 1556/2027 1560/2024 1561/1575 1557/1576
f 538/2026 1556/2027 1564/2028 590/2029
f 1556/2027 1557/1576 1565/1661 1564/2028
f 590/2029 1564/2028 1562/2030 656/2031
f 1564/2028 1565/1661 1563/1796 1562/2030
f 1711/2032 1568/2033 1571/2034 1689/2035
f 1568/2033 1569/1459 1570/1462 1571/2034
f 1714/2036 1576/2037 1574/2038 1713/2039
f 1576/2037 1577/1845 1575/1846 1574/2038
f 1711/2032 1713/2039 1574/2038 1568/2033
f 1568/2033 1574/2038 1575/1846 1569/1459
f 1689/2035 1571/2034 1566/2040 1710/2041
f 1571/2034 1570/1462 1567/1881 1566/2040
f 1710/2041 1566/2040 1572/2042 1712/2043
f 1566/2040 1567/1881 1573/1884 1572/2042
f 1218/1580 1217/1578 1582/2044 1580/2045
f 1580/2045 1582/2044 1583/2046 1581/2047
f 1032/1310 1590/2048 1582/2044 1217/1578
f 1590/2048 1591/2049 1583/2046 1582/2044
f 1031/1309 1588/2050 1590/2048 1032/1310
f 1588/2050 1589/2051 1591/2049 1590/2048
f 1031/1309 1325/1794 1578/2052 1588/2050
f 1588/2050 1578/2052 1579/2053 1589/2051
f 1252/1638 1586/2054 1578/2052 1325/1794
f 1586/2054 1587/2055 1579/2053 1578/2052
f 1253/1639 1584/2056 1586/2054 1252/1638
f 1584/2056 1585/2057 1587/2055 1586/2054
f 801/1049 1585/2057 1584/2056 798/1046
f 1741/2058 1585/2057 801/1049 1743/2059
f 1253/1639 1223/1592 798/1046 1584/2056
f 1371/1914 1370/1913 1572/2042 1573/1884
f 1352/1915 1371/1914 1573/1884 1351/1883
f 1700/2060 726/965 725/964 1712/2061
f 1563/1796 1326/1795 725/964 728/967
f 728/967 1254/1640 1562/2030 1563/1796
f 656/2031 1562/2030 1254/1640 593/1664
f 656/2020 593/716 578/692 1546/2021
f 22/22 1547/799 1546/2021 578/692
f 1547/799 22/22 21/21 657/800
f 704/901 1544/2011 21/2010 24/24
f 703/900 1545/874 1544/2011 704/901
f 683/873 1545/874 703/900 684/876
f 684/876 628/763 99/104 1523/875
f 99/104 98/103 1522/2004 1523/875
f 98/103 545/646 577/691 1522/2004
f 678/913 679/912 1597/864 1604/863
f 685/921 686/920 1607/878 1625/877
f 687/925 688/924 1606/880 1599/879
f 691/929 692/928 1595/884 1600/883
f 693/933 694/932 1598/886 1593/885
f 695/935 685/921 1625/877 1617/887
f 696/937 687/925 1599/879 1608/888
f 679/912 697/939 1610/889 1597/864
f 681/941 509/583 1601/905 1623/917
f 507/580 678/913 1604/863 1624/903
f 694/932 702/943 1630/899 1598/886
f 686/920 691/929 1600/883 1607/878
f 688/924 695/935 1617/887 1606/880
f 697/939 696/937 1608/888 1610/889
f 692/928 693/933 1593/885 1595/884
f 514/589 701/898 1613/904 1624/896
f 701/898 618/752 1601/891 1613/904
f 1378/893 1631/906 1629/909 690/894
f 1442/882 1632/914 1623/917 617/751
f 1346/1929 1627/1873 1616/1874 1347/1930
f 1353/1937 1612/1888 1602/1889 1354/1938
f 1355/1941 1622/1890 1603/1891 1356/1942
f 1691/1945 1715/1894 1621/1895 1360/1946
f 1361/1949 1626/1896 1618/1897 1362/1950
f 1725/1953 1754/1898 1612/1888 1353/1937
f 1364/1955 1611/1899 1622/1890 1355/1941
f 1347/1930 1616/1874 1594/1900 1365/1956
f 1349/1934 1619/1933 1596/1902 1190/1960
f 1188/1963 1620/1918 1627/1873 1346/1929
f 1362/1950 1618/1897 1630/1910 702/1964
f 1354/1938 1602/1889 1615/1911 1359/1966
f 1356/1942 1603/1891 1605/1912 1363/1968
f 1365/1956 1594/1900 1611/1899 1364/1955
f 1360/1946 1621/1895 1626/1896 1361/1949
f 1195/1529 1620/1907 1628/1921 1369/1909
f 1369/1909 1628/1921 1596/1923 1291/1713
f 1504/1906 1358/1905 1614/1925 1634/1924
f 1457/1893 1288/1710 1619/1901 1633/1932
f 699/1981 1592/1982 1631/906 1378/893
f 690/894 1629/909 1632/914 1442/882
f 1358/1905 1457/1893 1633/1932 1614/1925
f 1367/1995 1504/1906 1634/1924 1609/1996
f 1/1 505/576 1648/579 1659/578
f 2/2 1/1 1659/578 1660/582
f 1383/907 1674/602 1664/605 524/908
f 1441/915 1675/866 1651/867 681/916
f 516/592 517/593 1637/911 1649/910
f 649/790 651/794 1671/919 1661/918
f 644/783 646/785 1635/923 1672/922
f 650/793 637/775 1645/927 1669/926
f 636/774 652/795 1665/931 1647/930
f 645/784 649/790 1661/918 1670/934
f 641/780 644/783 1672/922 1666/936
f 517/593 640/779 1663/938 1637/911
f 321/342 2/2 1660/582 1651/867
f 505/576 516/592 1649/910 1648/579
f 652/795 653/796 1640/942 1665/931
f 651/794 650/793 1669/926 1671/919
f 646/785 645/784 1670/934 1635/923
f 640/779 641/780 1666/936 1663/938
f 637/775 636/774 1647/930 1645/927
f 1188/1919 1646/1962 1657/1522 1189/1920
f 1189/1920 1657/1522 1655/1523 1190/1922
f 1517/1927 1204/1926 1668/1548 1677/1547
f 1456/1935 1349/1934 1643/1958 1676/1876
f 1197/1531 1656/1928 1653/1931 1198/1533
f 1320/1781 1654/1936 1652/1939 1321/1784
f 1315/1770 1658/1940 1639/1943 1316/1771
f 1692/1792 1716/1944 1662/1947 1307/1760
f 1308/1761 1667/1948 1644/1951 1323/1787
f 1717/1780 1755/1952 1654/1936 1320/1781
f 1312/1767 1638/1954 1658/1940 1315/1770
f 1198/1533 1653/1931 1636/1957 1311/1766
f 1010/1286 1643/1877 1655/1961 708/947
f 1186/1519 1646/1521 1656/1928 1197/1531
f 1323/1787 1644/1951 1640/1965 653/1788
f 1321/1784 1652/1939 1642/1967 1322/1785
f 1316/1771 1639/1943 1641/1969 1317/1772
f 1311/1766 1636/1957 1638/1954 1312/1767
f 1307/1760 1662/1947 1667/1948 1308/1761
f 522/1983 1650/1976 1674/602 1383/907
f 524/908 1664/605 1675/866 1441/915
f 1204/1926 1456/1935 1676/1876 1668/1548
f 1203/1997 1517/1927 1677/1547 1673/1990
f 967/1700 968/1699 1678/1243 1708/1242
f 974/1716 975/1715 1683/1251 1682/1250
f 978/1726 1704/1254 1701/1257 981/1731
f 998/1733 981/1731 1701/1257 1699/1274
f 1129/1830 1130/1759 1696/1442 1698/1441
f 1170/1841 1693/1501 1683/1251 975/1715
f 724/963 723/962 1703/1862 1679/1540
f 988/1264 724/963 1679/1540 1686/1544
f 985/1261 984/1260 1695/1684 1694/1916
f 989/1265 988/1264 1686/1544 1685/1688
f 1065/1352 989/1265 1685/1688 1709/1689
f 993/1269 992/1268 1707/1696 1705/1695
f 1283/1749 993/1269 1705/1695 1702/1697
f 1285/1730 1697/1729 1680/1702 995/1271
f 995/1271 1680/1702 1681/1703 996/1272
f 1292/1714 967/1700 1708/1242 1687/1791
f 952/1223 974/1716 1682/1250 1681/1703
f 1284/1698 1697/1701 1704/1254 978/1726
f 1130/1759 998/1733 1699/1274 1696/1442
f 1014/1290 1013/1289 1690/1790 1688/1789
f 1293/1718 1322/1785 1692/1792 1687/1717
f 1066/1353 1065/1352 1709/1689 1706/1806
f 992/1268 1066/1353 1706/1806 1707/1696
f 968/1699 1129/1830 1698/1441 1678/1243
f 1202/1840 1703/1541 1693/1501 1170/1841
f 1283/1749 1702/1697 1684/1875 1348/1887
f 1348/1887 1684/1875 1695/1684 984/1260
f 1615/1911 1014/1290 1688/1789 1715/1894
f 893/1148 726/965 1700/2060 1694/1683
f 1642/1967 1359/1966 1691/1945 1716/1944
f 1140/1577 1711/2032 1689/2035 1143/1660
f 1215/1573 1714/2036 1713/2039 1216/1574
f 1140/1577 1216/1574 1713/2039 1711/2032
f 1143/1660 1689/2035 1710/2041 1326/1795
f 1326/1795 1710/2041 1712/2043 725/964
f 1370/1913 1700/1917 1712/2061 1572/2042
f 1359/1966 1615/1911 1715/1894 1691/1945
f 1322/1785 1642/1967 1716/1944 1692/1792
f 868/1634 869/1633 1740/1123 1739/1122
f 929/1677 1729/1196 1737/1199 932/1679
f 971/1722 972/1721 1727/1247 1728/1246
f 1000/1763 932/1679 1737/1199 1720/1276
f 1133/1844 1134/1765 1733/1446 1731/1445
f 1168/1860 1736/1499 1740/1123 869/1633
f 1180/1869 1738/1511 1730/1514 1182/1871
f 738/977 737/976 1732/1856 1721/1534
f 834/1084 738/977 1721/1534 1726/1538
f 1251/1756 868/1634 1739/1122 1722/1757
f 1272/1676 1723/1752 1729/1196 929/1677
f 1297/1782 971/1722 1728/1246 1718/1779
f 801/1049 800/1048 1751/1866 1743/2059
f 835/1085 834/1084 1726/1538 1744/1738
f 1050/1332 835/1085 1744/1738 1747/1740
f 831/1081 830/1080 1750/1743 1749/1742
f 1181/1606 831/1081 1749/1742 1730/1514
f 1241/1620 1723/1673 1748/1755 857/1111
f 857/1111 1748/1755 1722/1757 715/954
f 1134/1765 1000/1763 1720/1276 1733/1446
f 1008/1284 1007/1283 1752/1776 1753/1775
f 875/1130 1317/1772 1717/1780 1718/1725
f 1051/1333 1050/1332 1747/1740 1719/1807
f 830/1080 1051/1333 1719/1807 1750/1743
f 1581/2047 1583/2046 1735/1832 1734/1831
f 1591/2049 1746/1835 1735/1832 1583/2046
f 972/1721 1133/1844 1731/1445 1727/1247
f 1199/1859 1732/1535 1736/1499 1168/1860
f 1299/1868 1751/1735 1738/1511 1180/1869
f 1589/2051 1745/1878 1746/1835 1591/2049
f 1589/2051 1579/2053 1724/1879 1745/1878
f 1587/2055 1742/1882 1724/1879 1579/2053
f 1585/2057 1741/2058 1742/1882 1587/2055
f 1605/1912 1008/1284 1753/1775 1754/1898
f 1641/1969 1363/1968 1725/1953 1755/1952
f 1352/1915 1741/1885 1743/2059 1300/1737
f 1363/1968 1605/1912 1754/1898 1725/1953
f 1317/1772 1641/1969 1755/1952 1717/1780
