# Mirrorly browser-ready derivative; original source and license metadata remain in this folder.
# Rebuild with scripts/Build-Mirrorly3DAssets.ps1. Shape: Feather
mtllib mirrorly.mtl
# Exported from MakeClothes (TM)
# author MRT
# license CC0
# homepage http://www.makehuman.org/
v 0.598560 5.388470 0.075900
v 0.663120 5.396975 0.063800
v 0.696360 5.389145 0.134400
v 0.629520 5.378480 0.138500
v 0.747600 5.421140 0.049700
v 0.783000 5.416550 0.131100
v 0.622320 5.401025 -0.006100
v 0.703680 5.422085 -0.030600
v 0.561000 5.394680 0.013800
v 0.832800 5.468930 0.040000
v 0.869280 5.467715 0.132800
v 0.906480 5.544935 0.038800
v 0.942480 5.546960 0.141900
v 0.786360 5.466905 -0.051200
v 0.858840 5.540615 -0.062200
v 0.651720 5.421140 -0.106900
v 0.730200 5.463530 -0.137200
v 0.799800 5.535350 -0.157000
v 0.664920 5.460290 -0.214500
v 0.729720 5.529950 -0.242000
v 0.592440 5.420195 -0.175900
v 0.517920 5.398190 -0.045900
v 0.575160 5.402510 -0.072900
v 0.522240 5.403995 -0.133800
v 0.470160 5.401025 -0.100900
v 0.418320 5.404265 -0.148900
v 0.464400 5.406020 -0.186500
v 0.526800 5.420060 -0.234900
v 0.402480 5.408450 -0.229800
v 0.456000 5.420330 -0.283100
v 0.363120 5.407775 -0.188900
v 0.591360 5.457590 -0.280400
v 0.649680 5.524955 -0.314900
v 0.511560 5.455565 -0.334800
v 0.561960 5.520770 -0.376000
v 0.381720 5.420870 -0.322000
v 0.427680 5.454080 -0.378900
v 0.469440 5.517395 -0.425700
v 0.341640 5.453135 -0.413600
v 0.374760 5.514965 -0.464600
v 0.305400 5.421410 -0.352400
v 0.305280 5.410880 -0.220600
v 0.337560 5.410610 -0.264200
v 0.270720 5.412365 -0.291000
v 0.245280 5.413310 -0.245100
v 0.183960 5.415065 -0.263300
v 0.202560 5.413580 -0.310900
v 0.228240 5.421815 -0.375100
v 0.134040 5.414525 -0.324200
v 0.150960 5.421950 -0.390300
v 0.121680 5.416550 -0.275300
v 0.255120 5.452460 -0.439400
v 0.279720 5.513210 -0.493800
v 0.168720 5.451920 -0.457000
v 0.185040 5.512130 -0.513800
v 0.073800 5.421950 -0.398400
v 0.082560 5.451515 -0.466700
v 0.090720 5.511455 -0.525200
v -0.003240 5.451245 -0.469500
v -0.003120 5.511185 -0.528600
v -0.003240 5.421950 -0.400500
v 0.059160 5.417630 -0.281500
v 0.065280 5.415200 -0.331000
v -0.003360 5.415470 -0.332700
v -0.003480 5.418035 -0.283100
v 0.407400 4.994405 0.980600
v 0.368760 4.995620 1.007800
v 0.333360 4.993055 0.972000
v 0.361320 4.992785 0.942600
v 0.473640 5.012495 1.010100
v 0.428640 5.011955 1.041100
v 0.478920 5.005070 0.919500
v 0.550920 5.029910 0.947900
v 0.424680 5.001020 0.889500
v 0.543840 5.056640 1.023100
v 0.495480 5.051915 1.058300
v 0.607080 5.134265 1.018100
v 0.558840 5.123330 1.056900
v 0.623160 5.082965 0.952000
v 0.683520 5.170040 0.941600
v 0.630240 5.069195 0.859300
v 0.702720 5.131700 0.869300
v 0.759480 5.227010 0.856200
v 0.771120 5.196230 0.773900
v 0.825240 5.295860 0.775600
v 0.699120 5.126975 0.766900
v 0.494760 5.026535 0.818900
v 0.554520 5.035850 0.840800
v 0.621360 5.086475 0.755200
v 0.558120 5.071355 0.739300
v 0.608040 5.129540 0.655600
v 0.673200 5.148980 0.669000
v 0.752160 5.193395 0.678000
v 0.708840 5.211890 0.585000
v 0.789240 5.256710 0.595200
v 0.642600 5.190695 0.571400
v 0.824400 5.265350 0.684800
v 0.878040 5.364710 0.694800
v 0.863280 5.327450 0.606400
v 0.918960 5.424110 0.625700
v 0.813120 5.308550 0.517300
v 0.890040 5.376455 0.534400
v 0.948960 5.470145 0.563000
v 0.906480 5.411960 0.463600
v 0.968880 5.503355 0.496100
v 0.826440 5.347025 0.441200
v 0.663480 5.244965 0.489300
v 0.730680 5.265755 0.503900
v 0.741840 5.307200 0.425300
v 0.673680 5.288165 0.410600
v 0.675120 5.321105 0.335700
v 0.744000 5.337845 0.348800
v 0.830280 5.374565 0.365300
v 0.737160 5.360255 0.274500
v 0.824520 5.393870 0.288800
v 0.668160 5.345675 0.265000
v 0.912960 5.436395 0.390600
v 0.978600 5.525765 0.421500
v 0.909360 5.452460 0.311000
v 0.978120 5.538995 0.337100
v 0.808800 5.407505 0.211500
v 0.894840 5.462315 0.224200
v 0.966360 5.545475 0.242900
v 0.652920 5.364305 0.199800
v 0.721200 5.376995 0.203800
v 0.914280 5.635385 -0.062000
v 0.961560 5.640920 0.046800
v 0.995640 5.645375 0.158000
v 0.996600 5.743790 0.062400
v 1.028040 5.749730 0.179000
v 0.950640 5.737715 -0.051700
v 1.014600 5.846660 0.084000
v 1.043400 5.853545 0.203400
v 1.020120 5.951015 0.110700
v 1.047000 5.958035 0.231000
v 0.970080 5.840720 -0.033100
v 0.976440 5.945480 -0.007800
v 0.909960 5.834780 -0.142900
v 0.890280 5.731235 -0.158200
v 0.916560 5.940620 -0.120000
v 0.834960 5.828840 -0.244100
v 0.841560 5.935895 -0.223700
v 0.815760 5.724620 -0.255200
v 0.854040 5.629040 -0.163800
v 0.780960 5.622290 -0.255300
v 0.696240 5.615945 -0.335200
v 0.728520 5.717870 -0.341100
v 0.602640 5.610140 -0.402700
v 0.631560 5.711660 -0.414200
v 0.746880 5.822765 -0.334400
v 0.753360 5.931170 -0.316900
v 0.648480 5.817095 -0.412200
v 0.654960 5.926715 -0.398000
v 0.528360 5.706530 -0.474300
v 0.543480 5.812100 -0.476500
v 0.549720 5.922665 -0.465600
v 0.435000 5.808050 -0.527600
v 0.440520 5.919290 -0.519700
v 0.422280 5.702345 -0.521700
v 0.402120 5.601905 -0.501000
v 0.503640 5.605415 -0.457700
v 0.300240 5.599340 -0.533500
v 0.315480 5.699510 -0.557300
v 0.198600 5.597855 -0.555900
v 0.208920 5.697755 -0.581800
v 0.325320 5.805215 -0.565900
v 0.329880 5.916725 -0.560300
v 0.215640 5.803325 -0.592300
v 0.218760 5.915105 -0.588200
v 0.102840 5.696810 -0.595900
v 0.106320 5.802380 -0.607500
v 0.108000 5.914025 -0.604200
v -0.002760 5.801975 -0.612300
v -0.002640 5.913755 -0.609200
v -0.002880 5.696540 -0.600400
v -0.003000 5.596775 -0.572700
v 0.097680 5.597045 -0.568700
v 0.653400 5.239430 1.002100
v 0.608160 5.222285 1.041200
v 0.680640 5.360255 0.985900
v 0.639480 5.338790 1.021700
v 0.724080 5.282900 0.926500
v 0.745320 5.407235 0.918000
v 0.694200 5.487020 0.979700
v 0.656880 5.463800 1.010500
v 0.701640 5.613110 0.992500
v 0.667320 5.589890 1.018100
v 0.754200 5.534000 0.924600
v 0.758040 5.656715 0.943500
v 0.810720 5.469065 0.849000
v 0.815880 5.591780 0.868900
v 0.816240 5.708420 0.888500
v 0.873240 5.650235 0.815300
v 0.870840 5.759855 0.834200
v 0.870360 5.533865 0.791900
v 0.794520 5.344460 0.845500
v 0.856800 5.413175 0.774000
v 0.909360 5.478785 0.712600
v 0.922680 5.593805 0.738500
v 0.952200 5.534270 0.655500
v 0.966840 5.644970 0.682900
v 0.924720 5.703830 0.761800
v 0.920160 5.807780 0.781100
v 0.968640 5.750675 0.706200
v 0.963120 5.851250 0.726900
v 1.001760 5.686415 0.622800
v 1.004040 5.790365 0.647300
v 0.998160 5.889995 0.669100
v 1.030200 5.822495 0.582000
v 1.025040 5.923070 0.605600
v 1.026720 5.718410 0.556300
v 0.985320 5.577740 0.594600
v 1.008240 5.610005 0.527600
v 1.021320 5.631605 0.452000
v 1.042560 5.740145 0.480700
v 1.024320 5.643350 0.365100
v 1.049160 5.751485 0.392900
v 1.048080 5.845040 0.507300
v 1.044360 5.947235 0.532500
v 1.057680 5.856920 0.419900
v 1.056240 5.960465 0.446500
v 1.044960 5.753780 0.291300
v 1.057080 5.858675 0.317700
v 1.058160 5.962895 0.345300
v 1.016280 5.647130 0.266000
v 0.847700 6.061580 0.091900
v 0.869500 6.067655 0.211800
v 0.841800 6.184295 0.125700
v 0.863600 6.188345 0.245400
v 0.811600 6.057125 -0.027500
v 0.805300 6.182000 0.006100
v 0.834400 6.325640 0.158900
v 0.856800 6.326720 0.278800
v 0.826800 6.490745 0.186400
v 0.850300 6.488315 0.307800
v 0.797300 6.326585 0.038900
v 0.788500 6.495875 0.065100
v 0.755000 6.181460 -0.107400
v 0.746200 6.329960 -0.074800
v 0.736400 6.504380 -0.049500
v 0.683000 6.334685 -0.179500
v 0.672600 6.514775 -0.154800
v 0.692200 6.181730 -0.212200
v 0.761700 6.054020 -0.140700
v 0.699100 6.051185 -0.245400
v 0.625900 6.048620 -0.340100
v 0.619100 6.182270 -0.307200
v 0.544400 6.046055 -0.423100
v 0.538300 6.182945 -0.390900
v 0.609900 6.339815 -0.274500
v 0.599400 6.525980 -0.249900
v 0.529600 6.345080 -0.358200
v 0.519500 6.536915 -0.333400
v 0.452100 6.183620 -0.461800
v 0.444400 6.349670 -0.429100
v 0.435200 6.546635 -0.403700
v 0.356300 6.353045 -0.486200
v 0.348400 6.553790 -0.460000
v 0.362700 6.183890 -0.518900
v 0.457300 6.043895 -0.493000
v 0.366800 6.042005 -0.549100
v 0.274800 6.040250 -0.591300
v 0.271800 6.183620 -0.562000
v 0.218880 6.038900 -0.570300
v 0.180400 6.183080 -0.591500
v 0.266800 6.354800 -0.529200
v 0.260600 6.558110 -0.501900
v 0.177000 6.355475 -0.558500
v 0.172600 6.560135 -0.530200
v 0.089100 6.182540 -0.608300
v 0.087400 6.355475 -0.575100
v 0.085100 6.560810 -0.546100
v -0.001900 6.355340 -0.580400
v -0.001900 6.560945 -0.551000
v -0.002000 6.182405 -0.613700
v 0.108000 6.038090 -0.586900
v -0.002520 6.037820 -0.592100
v 0.707520 5.732720 1.006900
v 0.675480 5.711525 1.032400
v 0.713280 5.845310 1.017200
v 0.683280 5.827220 1.042800
v 0.760440 5.771465 0.958300
v 0.762840 5.879060 0.968900
v 0.719520 5.956010 1.025200
v 0.691320 5.941295 1.050500
v 0.606100 6.076160 0.982500
v 0.583600 6.063740 1.007100
v 0.766080 5.986925 0.977900
v 0.642400 6.107345 0.937400
v 0.813480 5.920370 0.915100
v 0.812760 6.027425 0.926000
v 0.678000 6.151220 0.888900
v 0.712800 6.073055 0.827800
v 0.710500 6.202250 0.844700
v 0.860280 5.964110 0.863400
v 0.815040 5.816960 0.903200
v 0.865920 5.862995 0.849800
v 0.912360 5.907275 0.797900
v 0.903480 6.008255 0.814600
v 0.953760 5.949395 0.745800
v 0.786000 6.051860 0.715300
v 0.746300 6.120575 0.782700
v 0.741900 6.256115 0.804300
v 0.778200 6.168635 0.737500
v 0.773200 6.309980 0.762700
v 0.815000 6.094250 0.662800
v 0.807400 6.215075 0.687800
v 0.802500 6.361145 0.716000
v 0.831600 6.256655 0.630700
v 0.826900 6.406370 0.660600
v 0.838600 6.132185 0.603500
v 0.988560 5.989085 0.690500
v 1.016040 6.024050 0.628700
v 0.874800 6.066440 0.423800
v 0.863800 6.050645 0.507700
v 0.856500 6.162155 0.534300
v 0.868100 6.181460 0.452800
v 0.850000 6.290135 0.563500
v 0.845400 6.442685 0.594200
v 0.861900 6.312950 0.483900
v 0.856900 6.468470 0.514400
v 0.865100 6.324290 0.389100
v 0.871500 6.189155 0.356300
v 0.859500 6.482780 0.419100
v 0.877700 6.071030 0.324700
v 0.817900 6.680960 0.203500
v 0.842900 6.675155 0.328000
v 0.804800 6.891560 0.210200
v 0.831400 6.883730 0.338300
v 0.778100 6.690410 0.079900
v 0.763400 6.904385 0.084100
v 0.783900 7.109400 0.212600
v 0.811600 7.103200 0.343500
v 0.753900 7.271900 0.218500
v 0.781900 7.266600 0.350500
v 0.741700 7.119700 0.085500
v 0.712200 7.281300 0.091800
v 0.709100 6.922610 -0.033400
v 0.687300 7.134700 -0.031600
v 0.658900 7.295400 -0.023500
v 0.623300 7.152600 -0.136700
v 0.597000 7.312800 -0.125900
v 0.644300 6.944345 -0.139900
v 0.660200 6.720920 -0.142700
v 0.724700 6.704315 -0.036500
v 0.587000 6.738605 -0.238000
v 0.571700 6.967430 -0.234500
v 0.507700 6.755885 -0.321000
v 0.493700 6.989840 -0.316200
v 0.552500 7.171800 -0.229200
v 0.529000 7.331800 -0.215400
v 0.476900 7.190500 -0.308500
v 0.456800 7.350400 -0.292000
v 0.412300 7.009280 -0.383800
v 0.398200 7.206700 -0.373900
v 0.381600 7.366600 -0.355500
v 0.317600 7.218900 -0.425000
v 0.304500 7.378600 -0.405500
v 0.329000 7.023995 -0.436500
v 0.339300 6.782075 -0.445000
v 0.424600 6.770870 -0.390300
v 0.253200 6.789095 -0.485200
v 0.245100 7.033175 -0.474800
v 0.167300 6.792605 -0.511700
v 0.161500 7.037765 -0.499600
v 0.236300 7.226400 -0.461900
v 0.226700 7.386100 -0.442200
v 0.155600 7.230200 -0.485800
v 0.149200 7.389600 -0.466200
v 0.079300 7.039520 -0.512800
v 0.076200 7.231400 -0.498400
v 0.073100 7.390700 -0.479200
v -0.001600 7.231700 -0.502200
v -0.001700 7.390900 -0.483100
v -0.001700 7.039790 -0.516800
v -0.001800 6.794225 -0.530800
v 0.082300 6.793955 -0.526300
v 0.613400 6.219800 0.991800
v 0.591300 6.207785 1.015600
v 0.617900 6.395840 1.008100
v 0.590500 6.381395 1.027100
v 0.647600 6.253820 0.949800
v 0.650300 6.434180 0.969300
v 0.613200 6.603065 1.036300
v 0.586300 6.585110 1.053700
v 0.595400 6.829190 1.070000
v 0.569500 6.807725 1.085500
v 0.644500 6.645590 0.999500
v 0.625700 6.874010 1.034300
v 0.680000 6.490205 0.929200
v 0.672800 6.705800 0.960300
v 0.653700 6.934760 0.994000
v 0.699100 6.774245 0.923400
v 0.679400 7.002530 0.953800
v 0.707900 6.555275 0.893400
v 0.680000 6.303770 0.905500
v 0.709800 6.362090 0.866100
v 0.740000 6.423110 0.829800
v 0.736700 6.621965 0.858800
v 0.770700 6.482915 0.791500
v 0.766200 6.685820 0.819800
v 0.726100 6.843095 0.886200
v 0.704700 7.069760 0.912200
v 0.753500 6.908030 0.844100
v 0.729300 7.124100 0.866000
v 0.793700 6.743600 0.772400
v 0.778800 6.965540 0.793600
v 0.752100 7.165200 0.812200
v 0.800200 7.013600 0.732500
v 0.771800 7.199900 0.748500
v 0.816600 6.792065 0.714000
v 0.799500 6.538265 0.746000
v 0.823500 6.585920 0.690000
v 0.852100 6.651260 0.539900
v 0.841400 6.623855 0.621900
v 0.833600 6.830405 0.643200
v 0.843300 6.858080 0.558100
v 0.816400 7.051400 0.658900
v 0.787300 7.227700 0.672600
v 0.796200 7.248000 0.582000
v 0.825400 7.078670 0.570600
v 0.843400 6.874685 0.456500
v 0.824800 7.095275 0.465400
v 0.795400 7.260400 0.474500
v 0.853500 6.667325 0.442100
v 0.715200 7.425100 0.231200
v 0.742200 7.421600 0.362800
v 0.667600 7.563000 0.249300
v 0.692800 7.561400 0.379400
v 0.675000 7.432100 0.105500
v 0.630300 7.566600 0.125000
v 0.611200 7.680700 0.270500
v 0.633500 7.680600 0.397500
v 0.546900 7.776200 0.292500
v 0.565500 7.776400 0.414600
v 0.578000 7.681200 0.148300
v 0.518500 7.774500 0.173700
v 0.583100 7.574400 0.014000
v 0.535700 7.685300 0.039400
v 0.482100 7.775600 0.067800
v 0.486500 7.692700 -0.055100
v 0.439100 7.779800 -0.023600
v 0.528600 7.585600 -0.083100
v 0.624100 7.443500 -0.007600
v 0.565400 7.458400 -0.107200
v 0.501100 7.475100 -0.193900
v 0.468800 7.598900 -0.167400
v 0.432900 7.491800 -0.268100
v 0.405200 7.612700 -0.239600
v 0.432000 7.702300 -0.136700
v 0.390800 7.786100 -0.101900
v 0.373800 7.712900 -0.206600
v 0.338500 7.793600 -0.168500
v 0.339000 7.625200 -0.300200
v 0.312900 7.722700 -0.265200
v 0.283400 7.800600 -0.224200
v 0.250200 7.730200 -0.312900
v 0.226600 7.805900 -0.269500
v 0.270900 7.634600 -0.349200
v 0.361900 7.506500 -0.330100
v 0.289100 7.517500 -0.379700
v 0.142000 7.527400 -0.441600
v 0.215400 7.524300 -0.416700
v 0.202200 7.640300 -0.386300
v 0.133500 7.642900 -0.411800
v 0.186800 7.734600 -0.349400
v 0.169100 7.808900 -0.304500
v 0.123400 7.736500 -0.374800
v 0.111700 7.809800 -0.329200
v 0.060700 7.736800 -0.389600
v 0.065600 7.643500 -0.426400
v 0.054700 7.809600 -0.343700
v -0.001800 7.809500 -0.348400
v -0.001400 7.736900 -0.394300
v -0.001400 7.643400 -0.431100
v 0.069700 7.528200 -0.455400
v -0.001600 7.528200 -0.459800
v 0.564400 7.054505 1.102300
v 0.540300 7.030475 1.115800
v 0.519200 7.217000 1.132100
v 0.496700 7.198500 1.143900
v 0.593900 7.099190 1.068200
v 0.549500 7.248800 1.100000
v 0.460900 7.340100 1.162400
v 0.439800 7.321900 1.172900
v 0.391100 7.432400 1.189900
v 0.370700 7.414900 1.199200
v 0.492600 7.370100 1.131600
v 0.425800 7.460500 1.160400
v 0.581100 7.288700 1.059400
v 0.528500 7.406900 1.091400
v 0.466800 7.494700 1.121100
v 0.558100 7.446800 1.046400
v 0.499600 7.531700 1.075100
v 0.608100 7.332000 1.014900
v 0.622700 7.142400 1.027200
v 0.648600 7.189600 0.984000
v 0.672600 7.236300 0.938800
v 0.631000 7.375100 0.967700
v 0.694800 7.280000 0.889100
v 0.650900 7.416200 0.915700
v 0.579900 7.487100 0.997600
v 0.520100 7.570700 1.024000
v 0.597400 7.527100 0.943200
v 0.534900 7.611200 0.966400
v 0.668500 7.454600 0.856100
v 0.612400 7.566200 0.880200
v 0.547300 7.652200 0.900100
v 0.625800 7.602700 0.806100
v 0.558400 7.691300 0.823000
v 0.684200 7.489200 0.785900
v 0.732800 7.353400 0.765900
v 0.714900 7.319300 0.832500
v 0.747300 7.381600 0.687300
v 0.697200 7.518700 0.703800
v 0.705300 7.541400 0.609700
v 0.756000 7.402700 0.595200
v 0.644100 7.658700 0.624000
v 0.637000 7.634200 0.720300
v 0.567700 7.725400 0.734600
v 0.573800 7.751800 0.636400
v 0.643900 7.674400 0.516800
v 0.704900 7.555600 0.501900
v 0.573900 7.769100 0.530000
v 0.755400 7.415800 0.486900
v 0.452100 7.849300 0.200500
v 0.475200 7.852000 0.314100
v 0.490000 7.851400 0.429900
v 0.394300 7.912100 0.335000
v 0.405500 7.910200 0.443600
v 0.376400 7.909400 0.228300
v 0.304700 7.955700 0.355000
v 0.312800 7.952700 0.456200
v 0.214200 7.981400 0.373200
v 0.220000 7.978100 0.467400
v 0.291700 7.953600 0.256700
v 0.205100 7.979900 0.283800
v 0.273600 7.950200 0.166300
v 0.352300 7.907000 0.131200
v 0.192300 7.975900 0.201400
v 0.250700 7.948100 0.088900
v 0.175600 7.972000 0.130200
v 0.322600 7.906800 0.048200
v 0.421800 7.848300 0.098300
v 0.385300 7.850000 0.010700
v 0.297800 7.858500 -0.125500
v 0.343600 7.853800 -0.063400
v 0.287900 7.908300 -0.020800
v 0.249200 7.910500 -0.077800
v 0.223300 7.947400 0.025200
v 0.155100 7.969100 0.071600
v 0.192200 7.947300 -0.026600
v 0.131400 7.966700 0.024500
v 0.158400 7.946800 -0.068900
v 0.207600 7.912400 -0.124700
v 0.105400 7.964000 -0.014100
v 0.078400 7.960900 -0.046200
v 0.123500 7.945400 -0.103800
v 0.164600 7.913200 -0.163000
v 0.249100 7.862900 -0.177100
v 0.198800 7.866000 -0.219200
v 0.097500 7.867000 -0.275500
v 0.148000 7.867200 -0.252000
v 0.121600 7.912600 -0.193300
v 0.079400 7.911200 -0.215400
v 0.055900 7.940300 -0.152600
v 0.088900 7.943100 -0.131800
v 0.051900 7.957200 -0.072700
v 0.028000 7.953300 -0.092500
v -0.001000 7.908900 -0.234200
v -0.002000 7.939000 -0.168700
v 0.025800 7.938500 -0.165300
v 0.038600 7.909700 -0.229200
v 0.008800 7.949900 -0.104000
v -0.004100 7.948700 -0.106000
v 0.047600 7.866100 -0.289700
v -0.001700 7.865200 -0.294700
v 0.355000 7.524400 1.178200
v 0.324000 7.496200 1.204100
v 0.306900 7.478000 1.210000
v 0.272600 7.540800 1.210900
v 0.256800 7.515000 1.218600
v 0.300400 7.574300 1.187300
v 0.222400 7.570800 1.209700
v 0.210400 7.538600 1.217500
v 0.166800 7.608000 1.209200
v 0.159500 7.567800 1.213600
v 0.243400 7.615500 1.189300
v 0.178700 7.662400 1.191900
v 0.265300 7.655300 1.156800
v 0.333800 7.608700 1.153900
v 0.188800 7.703900 1.159000
v 0.281100 7.693200 1.112500
v 0.197600 7.741700 1.111500
v 0.360900 7.644500 1.109500
v 0.394500 7.558000 1.142600
v 0.429600 7.593800 1.097000
v 0.464400 7.673900 0.982100
v 0.451300 7.632300 1.043200
v 0.375700 7.683400 1.053800
v 0.385300 7.725800 0.989900
v 0.291100 7.732800 1.055900
v 0.205000 7.781500 1.052700
v 0.298700 7.775200 0.990700
v 0.211200 7.822400 0.986800
v 0.305100 7.817900 0.919000
v 0.393500 7.770000 0.918800
v 0.216400 7.860400 0.915600
v 0.310500 7.858400 0.840600
v 0.220400 7.895500 0.838400
v 0.400600 7.812700 0.839800
v 0.474500 7.717000 0.912900
v 0.483500 7.758700 0.834300
v 0.496200 7.823700 0.646500
v 0.491200 7.795300 0.745100
v 0.406500 7.850700 0.751600
v 0.410200 7.880200 0.654200
v 0.314600 7.894800 0.754300
v 0.222900 7.927200 0.754200
v 0.316900 7.923500 0.659400
v 0.223900 7.952900 0.662400
v 0.316600 7.942400 0.558500
v 0.410400 7.900000 0.550400
v 0.223100 7.969300 0.565100
v 0.496500 7.842500 0.541000
v 0.062600 7.965800 0.400600
v 0.129200 7.984100 0.389100
v 0.123100 7.982700 0.308200
v 0.058300 7.963800 0.326200
v 0.133400 7.981600 0.476900
v 0.065200 7.964500 0.483200
v 0.014000 7.945300 0.487300
v 0.015600 7.945600 0.408300
v -0.010200 7.926900 0.413100
v -0.012400 7.926800 0.489700
v 0.012500 7.943100 0.338300
v -0.012300 7.924200 0.345600
v -0.015000 7.918700 0.286600
v 0.008400 7.937600 0.276500
v 0.003000 7.930000 0.221700
v -0.018700 7.911000 0.234100
v 0.052400 7.958700 0.259600
v 0.044400 7.951700 0.200700
v 0.114500 7.978100 0.234400
v 0.103000 7.972500 0.169700
v 0.034300 7.944300 0.150500
v 0.088600 7.967100 0.115900
v 0.071500 7.962400 0.072100
v 0.022300 7.937400 0.108500
v -0.004000 7.921400 0.173800
v 0.015200 7.901500 0.185200
v -0.012300 7.912900 0.132300
v 0.020900 7.892500 0.143500
v 0.027500 7.884100 0.106000
v -0.021900 7.905000 0.095900
v -0.032300 7.897300 0.063000
v 0.034900 7.876000 0.071600
v 0.008900 7.930900 0.072800
v -0.005500 7.924600 0.041500
v 0.052600 7.957900 0.036100
v 0.032700 7.953300 0.005400
v -0.019700 7.918200 0.014200
v 0.013400 7.948400 -0.020600
v -0.002800 7.943300 -0.040200
v -0.031300 7.911400 -0.007100
v -0.043000 7.889300 0.033400
v 0.042300 7.867700 0.040300
v -0.052000 7.881000 0.009700
v 0.048700 7.859100 0.015000
v 0.052300 7.852100 -0.000600
v -0.056500 7.873700 -0.005700
v 0.040000 7.867700 -0.010300
v 0.050100 7.849400 -0.006500
v -0.036600 7.904900 -0.020200
v 0.017500 7.900200 -0.021500
v -0.011000 7.937900 -0.051900
v -0.003400 7.928800 -0.048600
v 0.109100 7.583000 1.213000
v 0.110800 7.630400 1.209600
v 0.065300 7.621700 1.203700
v 0.066200 7.580300 1.210000
v 0.113600 7.685900 1.189900
v 0.061500 7.674000 1.180800
v 0.028500 7.565900 1.205500
v 0.024300 7.594500 1.196700
v 0.001800 7.575400 1.185300
v 0.007600 7.556200 1.196900
v 0.022300 7.648300 1.169800
v -0.000600 7.625400 1.158200
v 0.011800 7.706400 1.134800
v 0.004900 7.758700 1.087900
v -0.019200 7.735600 1.077900
v -0.011000 7.683600 1.123700
v 0.053600 7.727500 1.145400
v 0.052300 7.776200 1.097000
v 0.112900 7.733000 1.155000
v 0.116800 7.776100 1.105900
v 0.122500 7.817900 1.046300
v 0.054600 7.820800 1.038100
v 0.127900 7.856800 0.980500
v 0.059000 7.859100 0.973000
v 0.002500 7.805700 1.030000
v 0.009000 7.792200 1.018100
v 0.005500 7.844700 0.965900
v -0.020400 7.822200 0.958500
v -0.017300 7.850800 0.891800
v 0.009100 7.872200 0.897800
v 0.011900 7.894800 0.824100
v -0.015000 7.875000 0.819200
v 0.063000 7.887000 0.903800
v 0.065600 7.910300 0.829100
v 0.132400 7.888400 0.910200
v 0.135500 7.916000 0.834300
v 0.136900 7.941300 0.752000
v 0.136900 7.962600 0.663300
v 0.066000 7.950100 0.662100
v 0.066500 7.931700 0.748400
v 0.012900 7.915400 0.744700
v -0.001600 7.899500 0.740800
v 0.011400 7.932800 0.660300
v -0.000500 7.912300 0.657800
v 0.003000 7.920100 0.572100
v 0.011000 7.942200 0.572900
v 0.065500 7.960400 0.572200
v 0.135900 7.975300 0.569900
v -0.702360 5.389955 0.133100
v -0.669360 5.397785 0.063500
v -0.605040 5.389010 0.075200
v -0.635760 5.379020 0.136700
v -0.628800 5.401700 -0.005600
v -0.567720 5.395355 0.013900
v -0.753720 5.422085 0.049900
v -0.709920 5.422760 -0.029700
v -0.788640 5.417630 0.130600
v -0.581760 5.403185 -0.071900
v -0.524760 5.398865 -0.045200
v -0.528960 5.404265 -0.132700
v -0.477000 5.401295 -0.099900
v -0.658200 5.421545 -0.105700
v -0.598920 5.420330 -0.174700
v -0.792480 5.467580 -0.049900
v -0.736440 5.463800 -0.135900
v -0.671160 5.460290 -0.213500
v -0.805920 5.535485 -0.155800
v -0.735840 5.529815 -0.241200
v -0.864840 5.541155 -0.060700
v -0.874680 5.468930 0.133100
v -0.838680 5.469875 0.040900
v -0.912120 5.545880 0.040200
v -0.947760 5.548175 0.143100
v -0.471120 5.406020 -0.185500
v -0.425160 5.404400 -0.148000
v -0.409200 5.408315 -0.229200
v -0.369960 5.407640 -0.188300
v -0.533280 5.420060 -0.234000
v -0.462480 5.420330 -0.282700
v -0.344280 5.410475 -0.263800
v -0.312120 5.410745 -0.220300
v -0.277440 5.412230 -0.290800
v -0.252120 5.413175 -0.244900
v -0.388200 5.420870 -0.321600
v -0.312000 5.421410 -0.352100
v -0.517920 5.455430 -0.334400
v -0.433920 5.454080 -0.378600
v -0.348000 5.453135 -0.413300
v -0.475560 5.517260 -0.425300
v -0.380880 5.514830 -0.464300
v -0.568080 5.520635 -0.375600
v -0.597720 5.457455 -0.279800
v -0.655800 5.524820 -0.314400
v -0.209280 5.413580 -0.310800
v -0.190800 5.415065 -0.263100
v -0.140760 5.414525 -0.324100
v -0.128520 5.416550 -0.275200
v -0.234840 5.421680 -0.374900
v -0.157560 5.421950 -0.390200
v -0.072000 5.415200 -0.331000
v -0.066000 5.417630 -0.281500
v -0.080280 5.421950 -0.398300
v -0.175080 5.451920 -0.456900
v -0.089040 5.451515 -0.466600
v -0.096960 5.511455 -0.525100
v -0.191160 5.512130 -0.513700
v -0.261480 5.452460 -0.439200
v -0.285840 5.513210 -0.493600
v -0.361440 4.991840 0.971100
v -0.395280 4.996430 1.007800
v -0.427560 4.997915 0.981800
v -0.383880 4.993865 0.941900
v -0.489600 5.012360 0.923300
v -0.438240 5.006015 0.890300
v -0.489960 5.019110 1.014100
v -0.558120 5.039225 0.955700
v -0.451800 5.016140 1.042700
v -0.559440 5.044625 0.845900
v -0.502080 5.033960 0.821100
v -0.624240 5.093765 0.759900
v -0.562680 5.078240 0.741600
v -0.632400 5.078645 0.868700
v -0.700080 5.133725 0.775300
v -0.627120 5.092955 0.963300
v -0.702720 5.140340 0.882000
v -0.770880 5.201225 0.784500
v -0.758160 5.232950 0.870200
v -0.824400 5.297480 0.787500
v -0.685200 5.179085 0.955100
v -0.514680 5.059340 1.061700
v -0.556320 5.065685 1.029900
v -0.616200 5.144255 1.026900
v -0.574200 5.132645 1.061700
v -0.675840 5.152760 0.672200
v -0.611880 5.133590 0.657300
v -0.711840 5.212160 0.586700
v -0.646560 5.191370 0.572300
v -0.753480 5.196095 0.683300
v -0.791520 5.256035 0.598000
v -0.734520 5.264540 0.504500
v -0.667920 5.244020 0.489700
v -0.746520 5.306660 0.425200
v -0.678840 5.287490 0.410700
v -0.816480 5.307065 0.518100
v -0.830640 5.346755 0.440800
v -0.865200 5.325425 0.609600
v -0.893160 5.374430 0.534800
v -0.910320 5.411960 0.462500
v -0.951960 5.467715 0.561800
v -0.972480 5.503490 0.495300
v -0.920880 5.420330 0.627500
v -0.825120 5.265890 0.692200
v -0.878640 5.362415 0.701700
v -0.749160 5.338385 0.348400
v -0.680640 5.321240 0.335500
v -0.742560 5.361470 0.273500
v -0.673920 5.346485 0.264200
v -0.835080 5.375645 0.364300
v -0.829560 5.395490 0.287200
v -0.726960 5.378075 0.201700
v -0.658920 5.365115 0.197700
v -0.814200 5.408855 0.210100
v -0.914040 5.454350 0.309800
v -0.900000 5.463935 0.223900
v -0.971280 5.547095 0.243500
v -0.982680 5.541155 0.337200
v -0.917400 5.437880 0.388600
v -0.982800 5.527520 0.421100
v -0.967200 5.641730 0.048400
v -0.920160 5.635655 -0.060600
v -1.002240 5.744330 0.064000
v -0.956520 5.737850 -0.050500
v -1.033320 5.750945 0.180700
v -1.000800 5.646590 0.159600
v -0.859920 5.628905 -0.162800
v -0.786840 5.622155 -0.254700
v -0.896160 5.731235 -0.157600
v -0.821520 5.724350 -0.254800
v -0.975960 5.840720 -0.032200
v -0.915960 5.834645 -0.142400
v -0.840840 5.828435 -0.243700
v -0.922920 5.940350 -0.119500
v -0.847800 5.935490 -0.223300
v -0.982560 5.945345 -0.006900
v -1.048680 5.854490 0.205100
v -1.020240 5.847200 0.085400
v -1.025640 5.951420 0.112100
v -1.051800 5.958845 0.232800
v -0.702120 5.615675 -0.334700
v -0.608520 5.610005 -0.402200
v -0.734280 5.717600 -0.340700
v -0.637200 5.711525 -0.413900
v -0.509520 5.605280 -0.457300
v -0.408120 5.601770 -0.500700
v -0.534120 5.706395 -0.474000
v -0.428040 5.702345 -0.521400
v -0.654120 5.816825 -0.411900
v -0.549000 5.811965 -0.476200
v -0.440520 5.808050 -0.527300
v -0.555120 5.922395 -0.465400
v -0.445920 5.919155 -0.519500
v -0.660600 5.926310 -0.397800
v -0.752520 5.822495 -0.334100
v -0.759240 5.930765 -0.316700
v -0.306120 5.599340 -0.533300
v -0.204600 5.597855 -0.555700
v -0.321240 5.699510 -0.557100
v -0.214680 5.697755 -0.581700
v -0.103560 5.597045 -0.568600
v -0.108600 5.696810 -0.595900
v -0.221160 5.803325 -0.592200
v -0.111840 5.802380 -0.607400
v -0.113280 5.914025 -0.604100
v -0.224160 5.915105 -0.588000
v -0.330840 5.805215 -0.565700
v -0.335160 5.916725 -0.560100
v -0.620160 5.231600 1.047100
v -0.660000 5.248070 1.010700
v -0.724320 5.288705 0.938300
v -0.684720 5.365655 0.993700
v -0.743640 5.408315 0.926600
v -0.648360 5.346080 1.028000
v -0.792360 5.345810 0.857300
v -0.855480 5.410205 0.782500
v -0.806880 5.464880 0.855300
v -0.867240 5.525765 0.793100
v -0.749040 5.529275 0.928000
v -0.808560 5.581790 0.869300
v -0.866400 5.637275 0.815300
v -0.804480 5.692220 0.887000
v -0.859320 5.741900 0.832900
v -0.748440 5.645915 0.943100
v -0.661440 5.467580 1.015600
v -0.694440 5.488100 0.985000
v -0.696960 5.608655 0.993100
v -0.666720 5.589080 1.019400
v -0.909600 5.472980 0.716300
v -0.953760 5.528735 0.655700
v -0.921000 5.584490 0.739100
v -0.966480 5.637275 0.684000
v -0.987720 5.574635 0.595200
v -1.011480 5.610005 0.528400
v -1.002600 5.682365 0.624600
v -1.029000 5.718005 0.558200
v -0.964920 5.740955 0.707800
v -1.002120 5.785370 0.649800
v -1.030680 5.821685 0.584800
v -0.992520 5.884460 0.672200
v -1.022520 5.921990 0.608900
v -0.954960 5.839775 0.728400
v -0.919200 5.690870 0.762000
v -0.910080 5.791580 0.781200
v -1.025280 5.633495 0.452800
v -1.028880 5.645510 0.366000
v -1.046160 5.741765 0.482400
v -1.053600 5.753510 0.394400
v -1.021200 5.648750 0.267300
v -1.050000 5.755265 0.292900
v -1.061640 5.858675 0.421900
v -1.061760 5.860025 0.319600
v -1.062240 5.964110 0.347500
v -1.059000 5.962085 0.449000
v -1.050600 5.846525 0.509700
v -1.044960 5.948585 0.535500
v -0.873000 6.068330 0.213900
v -0.852200 6.061850 0.093500
v -0.816800 6.056990 -0.026400
v -0.846000 6.184565 0.127600
v -0.810700 6.181865 0.007400
v -0.866300 6.188885 0.247800
v -0.767300 6.053615 -0.140100
v -0.704700 6.050645 -0.245100
v -0.761100 6.181190 -0.106600
v -0.698500 6.181190 -0.211800
v -0.802900 6.326585 0.040600
v -0.753000 6.329690 -0.073700
v -0.690200 6.334280 -0.179000
v -0.743900 6.504380 -0.048400
v -0.680600 6.514775 -0.154100
v -0.794500 6.496010 0.066800
v -0.858800 6.327125 0.281700
v -0.838400 6.325910 0.161100
v -0.830800 6.490880 0.188700
v -0.851600 6.488450 0.310800
v -0.631200 6.048080 -0.340000
v -0.549300 6.045650 -0.423000
v -0.625100 6.181730 -0.307100
v -0.543600 6.182540 -0.390900
v -0.461800 6.043625 -0.492900
v -0.371100 6.041870 -0.548900
v -0.456800 6.183350 -0.461800
v -0.367000 6.183755 -0.518900
v -0.535600 6.344675 -0.358200
v -0.449500 6.349400 -0.429200
v -0.360700 6.352910 -0.486200
v -0.440700 6.546500 -0.403800
v -0.352900 6.553790 -0.460000
v -0.526200 6.536915 -0.333300
v -0.616800 6.339410 -0.274300
v -0.607100 6.525845 -0.249600
v -0.279100 6.040250 -0.591200
v -0.223920 6.038900 -0.570200
v -0.275900 6.183620 -0.561900
v -0.184500 6.183080 -0.591400
v -0.113160 6.038090 -0.586800
v -0.093100 6.182540 -0.608300
v -0.180900 6.355475 -0.558400
v -0.091300 6.355475 -0.575100
v -0.088800 6.560810 -0.546000
v -0.176400 6.560270 -0.530100
v -0.270900 6.354800 -0.529100
v -0.264500 6.558110 -0.501800
v -0.670560 5.704910 1.031700
v -0.699000 5.722055 1.005500
v -0.747600 5.754050 0.955700
v -0.703440 5.827490 1.014100
v -0.749040 5.855435 0.964800
v -0.676440 5.813180 1.040300
v -0.800040 5.795090 0.900200
v -0.850920 5.840720 0.847400
v -0.797520 5.893775 0.911000
v -0.843600 5.939135 0.860700
v -0.753480 5.958035 0.973300
v -0.797520 5.997995 0.921900
v -0.698700 6.047405 0.825300
v -0.666700 6.120710 0.885600
v -0.696800 6.178220 0.843300
v -0.633700 6.074540 0.933000
v -0.684840 5.919020 1.046700
v -0.710640 5.930900 1.020900
v -0.600400 6.044435 0.977800
v -0.695880 6.033365 1.052400
v -0.898440 5.888780 0.797500
v -0.941400 5.937245 0.747800
v -0.886920 5.988815 0.814200
v -0.772800 6.040250 0.717600
v -0.978840 5.983550 0.693800
v -1.010040 6.023105 0.632600
v -0.803700 6.089660 0.666900
v -0.830400 6.131915 0.607900
v -0.762800 6.159050 0.740400
v -0.793100 6.212240 0.692500
v -0.820300 6.257330 0.635800
v -0.785700 6.360875 0.721100
v -0.812700 6.408260 0.665800
v -0.756100 6.303905 0.766500
v -0.731100 6.102350 0.783000
v -0.726100 6.241130 0.805400
v -0.862000 6.051995 0.511200
v -0.875500 6.068060 0.426900
v -0.851900 6.163640 0.538400
v -0.866700 6.182945 0.456300
v -0.880000 6.072110 0.327300
v -0.872500 6.190100 0.359300
v -0.858300 6.314435 0.487600
v -0.864700 6.325100 0.392500
v -0.857700 6.483320 0.422800
v -0.851200 6.469955 0.518800
v -0.842600 6.291890 0.568000
v -0.835200 6.444845 0.599000
v -0.844000 6.675290 0.330600
v -0.822000 6.681095 0.205400
v -0.784500 6.690680 0.081400
v -0.809000 6.891830 0.211900
v -0.770000 6.904925 0.085600
v -0.832600 6.883730 0.340600
v -0.732700 6.704720 -0.035300
v -0.668700 6.721190 -0.142000
v -0.717100 6.923285 -0.032300
v -0.652700 6.944885 -0.139200
v -0.748100 7.120300 0.087400
v -0.694800 7.135300 -0.030300
v -0.631000 7.153300 -0.136000
v -0.665300 7.296300 -0.022100
v -0.603300 7.313700 -0.125200
v -0.717900 7.282100 0.094000
v -0.813400 7.103300 0.346300
v -0.788200 7.109700 0.215000
v -0.758200 7.272400 0.221600
v -0.784200 7.266900 0.353800
v -0.595100 6.738875 -0.237700
v -0.514800 6.756020 -0.320900
v -0.579600 6.967970 -0.234200
v -0.500400 6.990245 -0.316100
v -0.430200 6.771005 -0.390300
v -0.343800 6.782210 -0.444900
v -0.417600 7.009685 -0.383700
v -0.333300 7.024130 -0.436500
v -0.482700 7.191000 -0.308400
v -0.402800 7.207100 -0.373800
v -0.321400 7.219100 -0.424800
v -0.385500 7.367000 -0.355300
v -0.307900 7.378900 -0.405300
v -0.461500 7.351000 -0.291900
v -0.559400 7.172400 -0.228900
v -0.534600 7.332600 -0.215100
v -0.257100 6.789230 -0.485000
v -0.171000 6.792740 -0.511600
v -0.248700 7.033175 -0.474600
v -0.165000 7.037765 -0.499400
v -0.085900 6.793955 -0.526200
v -0.082700 7.039385 -0.512800
v -0.158900 7.230200 -0.485600
v -0.079500 7.231500 -0.498300
v -0.076400 7.390800 -0.479200
v -0.152500 7.389800 -0.466100
v -0.239800 7.226600 -0.461800
v -0.229900 7.386300 -0.442000
v -0.590600 6.170255 1.009500
v -0.610500 6.182675 0.986600
v -0.641200 6.219260 0.945900
v -0.619200 6.357905 0.999900
v -0.647000 6.401510 0.963400
v -0.594300 6.341165 1.017500
v -0.670200 6.274745 0.903200
v -0.696900 6.341840 0.865600
v -0.671900 6.465365 0.925600
v -0.695600 6.540020 0.892400
v -0.643800 6.619265 0.988800
v -0.665700 6.687440 0.953300
v -0.687300 6.764525 0.919900
v -0.646300 6.924905 0.982600
v -0.668200 6.998345 0.946600
v -0.623600 6.857675 1.018900
v -0.593700 6.549200 1.037200
v -0.618100 6.570530 1.022000
v -0.597400 6.807320 1.051100
v -0.573000 6.782480 1.064800
v -0.724000 6.412715 0.831700
v -0.752600 6.480755 0.795500
v -0.721000 6.616160 0.860500
v -0.748400 6.686765 0.823700
v -0.781200 6.540425 0.751300
v -0.807300 6.589025 0.695400
v -0.775600 6.746975 0.777300
v -0.800500 6.795440 0.718900
v -0.737400 6.909920 0.846300
v -0.763200 6.968375 0.796900
v -0.786900 7.015490 0.736000
v -0.741200 7.166200 0.813000
v -0.763400 7.200100 0.750000
v -0.716900 7.125400 0.865400
v -0.711400 6.840800 0.886000
v -0.691900 7.069895 0.908900
v -0.829400 6.626420 0.627000
v -0.845100 6.652610 0.544400
v -0.821700 6.832565 0.647700
v -0.836300 6.858890 0.562100
v -0.851000 6.667865 0.445700
v -0.841000 6.874955 0.459700
v -0.820100 7.078670 0.573900
v -0.823400 7.095140 0.468500
v -0.795400 7.260200 0.477500
v -0.793600 7.247500 0.584500
v -0.806800 7.052210 0.662300
v -0.781700 7.227300 0.674600
v -0.744700 7.421800 0.365300
v -0.718900 7.425500 0.233400
v -0.679700 7.432600 0.107100
v -0.670700 7.562700 0.249100
v -0.633900 7.566600 0.124900
v -0.695100 7.561100 0.379400
v -0.629200 7.444200 -0.006600
v -0.570300 7.459000 -0.106700
v -0.586900 7.574500 0.014000
v -0.532200 7.585700 -0.083000
v -0.580900 7.681000 0.146200
v -0.538800 7.685400 0.038400
v -0.489500 7.692800 -0.055500
v -0.485000 7.775900 0.065800
v -0.442000 7.780200 -0.024700
v -0.521300 7.774500 0.170300
v -0.635700 7.680300 0.394600
v -0.613800 7.680200 0.267400
v -0.549500 7.775900 0.287800
v -0.567900 7.776700 0.410200
v -0.505400 7.475600 -0.193600
v -0.436600 7.492200 -0.267900
v -0.472100 7.599000 -0.167200
v -0.408300 7.612700 -0.239300
v -0.365200 7.506700 -0.329900
v -0.292200 7.517600 -0.379500
v -0.341900 7.625000 -0.299900
v -0.273900 7.634300 -0.348900
v -0.376600 7.713000 -0.206500
v -0.315700 7.722700 -0.265000
v -0.253100 7.730200 -0.312600
v -0.286400 7.801200 -0.224200
v -0.229700 7.806500 -0.269400
v -0.341400 7.794100 -0.168700
v -0.434900 7.702500 -0.136800
v -0.393700 7.786700 -0.102400
v -0.218500 7.524300 -0.416500
v -0.145100 7.527300 -0.441400
v -0.205100 7.640000 -0.386100
v -0.136500 7.642600 -0.411600
v -0.072800 7.528200 -0.455400
v -0.068600 7.643300 -0.426300
v -0.126400 7.736500 -0.374700
v -0.063700 7.736900 -0.389500
v -0.058000 7.810100 -0.343700
v -0.114900 7.810400 -0.329100
v -0.189800 7.734700 -0.349200
v -0.172300 7.809500 -0.304400
v -0.532100 7.017380 1.096500
v -0.556900 7.044110 1.084100
v -0.586500 7.093115 1.052100
v -0.507800 7.216600 1.119300
v -0.540900 7.250900 1.087200
v -0.482600 7.196600 1.130600
v -0.613800 7.141100 1.014100
v -0.638700 7.190700 0.974300
v -0.572900 7.293300 1.047100
v -0.600600 7.338100 1.004000
v -0.492800 7.378400 1.121400
v -0.526300 7.417400 1.079800
v -0.554400 7.458500 1.034100
v -0.473500 7.509900 1.108800
v -0.499600 7.548100 1.061500
v -0.441700 7.473800 1.150200
v -0.434000 7.326700 1.163700
v -0.458900 7.346200 1.153400
v -0.409800 7.443800 1.179100
v -0.386500 7.425100 1.186100
v -0.663100 7.238700 0.932200
v -0.686900 7.282200 0.884700
v -0.625200 7.381500 0.957900
v -0.647200 7.421700 0.906900
v -0.709100 7.320500 0.829500
v -0.729100 7.353500 0.764500
v -0.666600 7.458300 0.848700
v -0.683700 7.491100 0.780900
v -0.596600 7.537300 0.931100
v -0.612900 7.573700 0.869600
v -0.627000 7.607400 0.798300
v -0.549000 7.662700 0.888600
v -0.560400 7.698500 0.814100
v -0.535800 7.625000 0.953200
v -0.577400 7.498800 0.985200
v -0.519800 7.586700 1.010100
v -0.745500 7.381100 0.687600
v -0.755700 7.402300 0.596500
v -0.697700 7.519500 0.701600
v -0.706400 7.541600 0.609400
v -0.756500 7.415600 0.489000
v -0.706500 7.555500 0.501900
v -0.645800 7.660200 0.621600
v -0.645900 7.674900 0.514700
v -0.576300 7.770500 0.526500
v -0.576000 7.754700 0.632500
v -0.638500 7.637000 0.715800
v -0.569900 7.730000 0.728500
v -0.477800 7.850900 0.309200
v -0.454900 7.848400 0.196600
v -0.397000 7.909900 0.330500
v -0.379200 7.907200 0.224300
v -0.408100 7.908800 0.439400
v -0.492600 7.851100 0.425300
v -0.424700 7.847800 0.095900
v -0.388300 7.849700 0.009300
v -0.355200 7.905100 0.128400
v -0.325600 7.905200 0.046500
v -0.294300 7.952900 0.253000
v -0.276300 7.949800 0.163300
v -0.253500 7.948000 0.086700
v -0.194600 7.975500 0.198900
v -0.178100 7.971700 0.128300
v -0.207300 7.979600 0.280900
v -0.315300 7.952800 0.452300
v -0.307300 7.955300 0.351200
v -0.216300 7.981400 0.370300
v -0.222000 7.978200 0.464200
v -0.346700 7.853600 -0.064100
v -0.300900 7.858300 -0.126000
v -0.291000 7.906900 -0.021900
v -0.252300 7.909200 -0.078600
v -0.252300 7.862700 -0.177400
v -0.202000 7.865900 -0.219400
v -0.210800 7.911100 -0.125300
v -0.167800 7.911900 -0.163600
v -0.195200 7.947400 -0.027600
v -0.161500 7.946900 -0.069700
v -0.126700 7.945500 -0.104300
v -0.108800 7.964000 -0.014300
v -0.082400 7.960800 -0.046100
v -0.134400 7.966600 0.023800
v -0.226200 7.947500 0.023700
v -0.157800 7.968900 0.070500
v -0.151200 7.867100 -0.252100
v -0.100700 7.866900 -0.275600
v -0.124700 7.911300 -0.193900
v -0.082500 7.909900 -0.216100
v -0.050900 7.866000 -0.289900
v -0.041400 7.908600 -0.229700
v -0.029700 7.938600 -0.165600
v -0.016000 7.949700 -0.103400
v -0.059700 7.940500 -0.153100
v -0.033900 7.953100 -0.092000
v -0.092300 7.943200 -0.132300
v -0.056800 7.957100 -0.072400
v -0.356700 7.514400 1.187700
v -0.385000 7.542500 1.167000
v -0.295700 7.564300 1.191500
v -0.319600 7.594700 1.174300
v -0.278600 7.544200 1.192600
v -0.336100 7.496100 1.189300
v -0.413500 7.576100 1.130600
v -0.436200 7.612100 1.083100
v -0.343900 7.627700 1.143400
v -0.363100 7.662300 1.097100
v -0.244900 7.632300 1.187000
v -0.265200 7.675100 1.152700
v -0.281300 7.710900 1.104000
v -0.182700 7.715500 1.153300
v -0.196500 7.758100 1.103500
v -0.166200 7.653400 1.192500
v -0.212900 7.562400 1.207500
v -0.225800 7.587800 1.206000
v -0.151700 7.591300 1.217700
v -0.143700 7.560500 1.222900
v -0.453200 7.649700 1.029400
v -0.466100 7.688700 0.969700
v -0.376900 7.699300 1.041700
v -0.387200 7.738700 0.979400
v -0.476700 7.728100 0.902400
v -0.485900 7.766100 0.825800
v -0.395700 7.778900 0.910100
v -0.402900 7.818000 0.832700
v -0.300900 7.786200 0.982600
v -0.307500 7.824600 0.912200
v -0.312800 7.862200 0.834900
v -0.218700 7.865000 0.910800
v -0.222500 7.897300 0.834000
v -0.213400 7.831600 0.981200
v -0.292600 7.747500 1.046600
v -0.206300 7.795100 1.045700
v -0.493600 7.799800 0.738700
v -0.498600 7.826400 0.641700
v -0.408900 7.853300 0.745600
v -0.412700 7.881200 0.649100
v -0.499000 7.843600 0.536900
v -0.413000 7.899700 0.546000
v -0.319300 7.924100 0.654500
v -0.319100 7.942800 0.554100
v -0.225000 7.968600 0.561400
v -0.225900 7.951700 0.658300
v -0.317000 7.896600 0.749100
v -0.225000 7.927500 0.750000
v -0.128700 7.980500 0.305400
v -0.134900 7.982200 0.386500
v -0.069900 7.965000 0.398600
v -0.065700 7.963000 0.324000
v -0.139000 7.979200 0.474300
v -0.072500 7.962800 0.481500
v -0.108600 7.970200 0.167100
v -0.120100 7.975800 0.231500
v -0.059700 7.957700 0.257100
v -0.051800 7.950700 0.198300
v -0.011200 7.929400 0.219500
v -0.016600 7.937200 0.274400
v -0.020700 7.942900 0.336400
v -0.023700 7.945300 0.406700
v -0.024600 7.943800 0.486000
v -0.077400 7.960400 0.070400
v -0.094200 7.965000 0.113700
v -0.041800 7.943500 0.148300
v -0.029900 7.936700 0.106700
v -0.039700 7.951400 0.004300
v -0.058800 7.956000 0.034700
v -0.016700 7.930400 0.071400
v -0.002900 7.924200 0.040300
v 0.023700 7.897200 0.061600
v 0.013500 7.904700 0.094300
v 0.004100 7.912500 0.130400
v -0.004200 7.920900 0.171600
v -0.006200 7.941400 -0.041100
v -0.021500 7.946500 -0.021500
v 0.010300 7.917800 0.013100
v 0.021100 7.911100 -0.008000
v 0.002300 7.936300 -0.052500
v 0.025600 7.904600 -0.021000
v 0.046200 7.873700 -0.006700
v 0.042000 7.881000 0.008600
v 0.033600 7.889300 0.032200
v -0.029400 7.601300 1.207300
v -0.083300 7.603200 1.215900
v -0.081000 7.567600 1.224100
v -0.032300 7.569200 1.216300
v -0.093400 7.673400 1.187500
v -0.035000 7.671000 1.178100
v -0.046000 7.734800 1.138300
v -0.107000 7.739600 1.147300
v -0.118800 7.785600 1.098100
v -0.056300 7.784400 1.090200
v -0.010000 7.767100 1.082000
v -0.000900 7.714500 1.129200
v 0.007400 7.653900 1.169400
v 0.009500 7.598300 1.199000
v 0.003600 7.572400 1.208600
v -0.063800 7.826700 1.034100
v -0.127400 7.824500 1.040900
v -0.133900 7.859400 0.977100
v -0.069600 7.862300 0.971300
v -0.073800 7.888900 0.902600
v -0.138600 7.887900 0.907300
v -0.141500 7.913800 0.831500
v -0.076100 7.910500 0.827800
v -0.028000 7.898600 0.824000
v -0.025800 7.878500 0.897600
v -0.021900 7.851300 0.965300
v -0.016700 7.813500 1.027000
v -0.075900 7.946200 0.660700
v -0.142900 7.957700 0.660500
v -0.142900 7.938300 0.749300
v -0.077000 7.930900 0.747100
v -0.141500 7.971200 0.567100
v -0.072300 7.956500 0.570600
v -0.023200 7.938500 0.572100
v -0.027500 7.930300 0.659700
v -0.028900 7.917000 0.744400
v -0.058200 7.859300 0.016100
v -0.062000 7.852200 0.000400
v -0.059800 7.849500 -0.005500
v -0.014200 7.896600 0.740800
v -0.015500 7.914300 0.658000
v -0.015400 7.923800 0.572900
v -0.051300 7.867900 0.041600
v 0.014700 7.743400 1.071900
v -0.022600 7.782400 1.021200
v -0.029200 7.893100 0.145500
v -0.035900 7.884500 0.107800
v -0.043400 7.876200 0.073100
v -0.029100 7.899800 -0.020500
v -0.050600 7.867500 -0.009500
v -0.023400 7.902100 0.187300
v 0.010500 7.910400 0.232100
v 0.006800 7.918200 0.284700
v 0.004100 7.923900 0.344000
v 0.002100 7.926400 0.411600
v 0.001700 7.925100 0.488400
v 0.022200 7.689300 1.118200
v -0.000700 7.881200 0.819300
v 0.027200 7.630600 1.157600
v 0.027800 7.587900 1.186600
v 0.001100 7.860300 0.891800
v 0.023700 7.570400 1.199400
v 0.004400 7.831600 0.958000
v 0.565000 6.432020 1.013200
v 0.557400 6.588350 1.031200
v 0.541700 6.807590 1.061700
v 0.513500 7.027100 1.090800
v 0.471600 7.194200 1.118400
v 0.416500 7.316400 1.147100
v 0.351100 7.407500 1.171300
v 0.291300 7.465400 1.181300
v 0.242700 7.492000 1.193200
v 0.199500 7.512100 1.195700
v 0.155400 7.541800 1.190700
v 0.001300 7.892300 0.414300
v 0.001200 7.892200 0.489300
v 0.000200 7.890100 0.348200
v -0.001400 7.885200 0.290600
v -0.003500 7.878300 0.239000
v -0.001600 7.869900 0.190100
v 0.002000 7.862100 0.147400
v 0.006400 7.855100 0.108200
v 0.011200 7.849000 0.072100
v 0.016000 7.843200 0.040100
v 0.020300 7.837200 0.017000
v 0.023300 7.832300 0.006500
v 0.011600 7.857200 0.007100
v 0.022300 7.834600 0.004800
v -0.003000 7.892700 0.002700
v -0.004000 7.909800 -0.009100
v 0.114000 7.555500 1.187500
v 0.077600 7.555900 1.184800
v 0.045700 7.549800 1.181500
v 0.016600 7.562600 1.162000
v 0.024500 7.545300 1.174700
v 0.013700 7.609800 1.136600
v -0.000300 7.711500 1.058400
v 0.005100 7.663500 1.102700
v -0.006900 7.764700 1.000300
v 0.000800 7.792400 0.944900
v 0.002300 7.819400 0.880900
v 0.002600 7.842500 0.809900
v -0.011700 7.865200 0.734200
v -0.011500 7.877700 0.653200
v -0.008900 7.885400 0.569500
v -0.569900 6.391520 1.002100
v -0.564700 6.551630 1.014600
v -0.545600 6.780590 1.040500
v -0.506700 7.012790 1.070500
v -0.458700 7.192500 1.103600
v -0.410800 7.322000 1.135100
v -0.364200 7.418400 1.154300
v -0.261600 7.529100 1.159700
v -0.315700 7.485200 1.156100
v -0.201100 7.548700 1.174400
v -0.139900 7.549700 1.190500
v -0.087300 7.553900 1.194500
v -0.047400 7.554000 1.189400
v -0.017600 7.553400 1.183500
v -0.029500 7.837300 0.018200
v -0.032700 7.832300 0.007500
v -0.031700 7.834500 0.005400
v 0.001900 7.863100 0.732900
v 0.000800 7.879800 0.652500
v 0.000000 7.889000 0.570300
v -0.024600 7.843300 0.041600
v -0.002800 7.718200 1.051900
v -0.001200 7.755300 1.004300
v -0.010000 7.862500 0.149500
v -0.014400 7.855400 0.110100
v -0.019300 7.849200 0.073700
v -0.008800 7.892000 0.003800
v -0.022000 7.856800 0.007400
v -0.006400 7.870400 0.192200
v -0.004400 7.877800 0.237000
v -0.006500 7.884800 0.288800
v -0.008000 7.889800 0.346600
v -0.009200 7.891900 0.412500
v -0.010000 7.890400 0.487500
v 0.002900 7.665400 1.096900
v -0.011400 7.847700 0.810700
v 0.006100 7.610000 1.134100
v 0.006400 7.568900 1.160700
v -0.011000 7.827800 0.880800
v 0.001900 7.553300 1.175600
v -0.009600 7.801200 0.943500
vt 0.3625 0.0038
vt 0.3625 0.0389
vt 0.3388 0.0389
vt 0.3387 0.0038
vt 0.3626 0.0739
vt 0.3389 0.0739
vt 0.3862 0.0389
vt 0.3863 0.0739
vt 0.3862 0.0038
vt 0.3626 0.1090
vt 0.3390 0.1090
vt 0.3627 0.1441
vt 0.3391 0.1441
vt 0.3863 0.1090
vt 0.3863 0.1441
vt 0.4099 0.0739
vt 0.4099 0.1090
vt 0.4100 0.1441
vt 0.4336 0.1090
vt 0.4336 0.1441
vt 0.4336 0.0739
vt 0.4099 0.0038
vt 0.4099 0.0389
vt 0.4336 0.0389
vt 0.4336 0.0038
vt 0.4573 0.0038
vt 0.4573 0.0389
vt 0.4573 0.0739
vt 0.4809 0.0389
vt 0.4809 0.0739
vt 0.4809 0.0038
vt 0.4573 0.1090
vt 0.4573 0.1441
vt 0.4809 0.1090
vt 0.4809 0.1441
vt 0.5046 0.0739
vt 0.5046 0.1090
vt 0.5046 0.1441
vt 0.5283 0.1090
vt 0.5283 0.1441
vt 0.5283 0.0739
vt 0.5046 0.0038
vt 0.5046 0.0389
vt 0.5283 0.0389
vt 0.5283 0.0038
vt 0.5519 0.0038
vt 0.5519 0.0389
vt 0.5519 0.0739
vt 0.5756 0.0389
vt 0.5756 0.0739
vt 0.5756 0.0038
vt 0.5519 0.1090
vt 0.5519 0.1441
vt 0.5756 0.1090
vt 0.5756 0.1441
vt 0.5993 0.0739
vt 0.5993 0.1090
vt 0.5993 0.1441
vt 0.6229 0.1090
vt 0.6229 0.1441
vt 0.6229 0.0739
vt 0.5993 0.0038
vt 0.5993 0.0389
vt 0.6229 0.0389
vt 0.6229 0.0038
vt 0.0786 0.0389
vt 0.0549 0.0389
vt 0.0549 0.0038
vt 0.0786 0.0038
vt 0.0786 0.0739
vt 0.0549 0.0739
vt 0.1023 0.0389
vt 0.1023 0.0739
vt 0.1023 0.0038
vt 0.0786 0.1090
vt 0.0549 0.1090
vt 0.0786 0.1441
vt 0.0549 0.1441
vt 0.1023 0.1090
vt 0.1023 0.1441
vt 0.1259 0.0739
vt 0.1259 0.1090
vt 0.1259 0.1441
vt 0.1496 0.1090
vt 0.1496 0.1441
vt 0.1496 0.0739
vt 0.1259 0.0038
vt 0.1259 0.0389
vt 0.1496 0.0389
vt 0.1496 0.0038
vt 0.1733 0.0038
vt 0.1733 0.0389
vt 0.1733 0.0739
vt 0.1969 0.0389
vt 0.1969 0.0739
vt 0.1969 0.0038
vt 0.1733 0.1090
vt 0.1733 0.1441
vt 0.1969 0.1090
vt 0.1969 0.1441
vt 0.2206 0.0739
vt 0.2206 0.1090
vt 0.2206 0.1441
vt 0.2443 0.1090
vt 0.2443 0.1441
vt 0.2443 0.0739
vt 0.2206 0.0038
vt 0.2206 0.0389
vt 0.2443 0.0389
vt 0.2443 0.0038
vt 0.2679 0.0038
vt 0.2679 0.0389
vt 0.2679 0.0739
vt 0.2915 0.0389
vt 0.2916 0.0739
vt 0.2915 0.0038
vt 0.2679 0.1090
vt 0.2680 0.1441
vt 0.2916 0.1090
vt 0.2917 0.1441
vt 0.3153 0.0739
vt 0.3153 0.1090
vt 0.3154 0.1441
vt 0.3151 0.0038
vt 0.3152 0.0389
vt 0.3863 0.1792
vt 0.3627 0.1792
vt 0.3391 0.1792
vt 0.3627 0.2142
vt 0.3391 0.2142
vt 0.3863 0.2142
vt 0.3627 0.2493
vt 0.3391 0.2493
vt 0.3627 0.2844
vt 0.3391 0.2844
vt 0.3864 0.2493
vt 0.3864 0.2844
vt 0.4100 0.2493
vt 0.4100 0.2142
vt 0.4100 0.2844
vt 0.4336 0.2493
vt 0.4336 0.2844
vt 0.4336 0.2142
vt 0.4100 0.1792
vt 0.4336 0.1792
vt 0.4573 0.1792
vt 0.4573 0.2142
vt 0.4809 0.1792
vt 0.4809 0.2142
vt 0.4573 0.2493
vt 0.4573 0.2844
vt 0.4809 0.2493
vt 0.4809 0.2844
vt 0.5046 0.2142
vt 0.5046 0.2493
vt 0.5046 0.2844
vt 0.5283 0.2493
vt 0.5283 0.2844
vt 0.5283 0.2142
vt 0.5283 0.1792
vt 0.5046 0.1792
vt 0.5519 0.1792
vt 0.5519 0.2142
vt 0.5756 0.1792
vt 0.5756 0.2142
vt 0.5519 0.2493
vt 0.5519 0.2844
vt 0.5756 0.2493
vt 0.5756 0.2844
vt 0.5993 0.2142
vt 0.5993 0.2493
vt 0.5993 0.2844
vt 0.6229 0.2493
vt 0.6229 0.2844
vt 0.6229 0.2142
vt 0.6229 0.1792
vt 0.5993 0.1792
vt 0.0786 0.1792
vt 0.0549 0.1792
vt 0.0786 0.2142
vt 0.0549 0.2142
vt 0.1023 0.1792
vt 0.1023 0.2142
vt 0.0786 0.2493
vt 0.0549 0.2493
vt 0.0786 0.2844
vt 0.0549 0.2844
vt 0.1023 0.2493
vt 0.1023 0.2844
vt 0.1259 0.2142
vt 0.1259 0.2493
vt 0.1259 0.2844
vt 0.1496 0.2493
vt 0.1496 0.2844
vt 0.1496 0.2142
vt 0.1259 0.1792
vt 0.1496 0.1792
vt 0.1733 0.1792
vt 0.1733 0.2142
vt 0.1969 0.1792
vt 0.1969 0.2142
vt 0.1733 0.2493
vt 0.1733 0.2844
vt 0.1969 0.2493
vt 0.1969 0.2844
vt 0.2206 0.2142
vt 0.2206 0.2493
vt 0.2206 0.2844
vt 0.2443 0.2493
vt 0.2443 0.2844
vt 0.2443 0.2142
vt 0.2206 0.1792
vt 0.2443 0.1792
vt 0.2680 0.1792
vt 0.2680 0.2142
vt 0.2917 0.1792
vt 0.2917 0.2142
vt 0.2680 0.2493
vt 0.2680 0.2844
vt 0.2917 0.2493
vt 0.2917 0.2844
vt 0.3154 0.2142
vt 0.3154 0.2493
vt 0.3154 0.2844
vt 0.3154 0.1792
vt 0.3627 0.3195
vt 0.3391 0.3195
vt 0.3627 0.3545
vt 0.3391 0.3545
vt 0.3863 0.3195
vt 0.3863 0.3545
vt 0.3627 0.3896
vt 0.3391 0.3896
vt 0.3627 0.4247
vt 0.3391 0.4247
vt 0.3863 0.3896
vt 0.3863 0.4247
vt 0.4100 0.3545
vt 0.4100 0.3896
vt 0.4100 0.4247
vt 0.4336 0.3896
vt 0.4336 0.4247
vt 0.4336 0.3545
vt 0.4100 0.3195
vt 0.4336 0.3195
vt 0.4573 0.3195
vt 0.4573 0.3545
vt 0.4809 0.3195
vt 0.4809 0.3545
vt 0.4573 0.3896
vt 0.4573 0.4247
vt 0.4809 0.3896
vt 0.4809 0.4247
vt 0.5046 0.3545
vt 0.5046 0.3896
vt 0.5046 0.4247
vt 0.5283 0.3896
vt 0.5283 0.4247
vt 0.5283 0.3545
vt 0.5046 0.3195
vt 0.5283 0.3195
vt 0.5519 0.3195
vt 0.5519 0.3545
vt 0.5756 0.3195
vt 0.5756 0.3545
vt 0.5519 0.3896
vt 0.5519 0.4247
vt 0.5756 0.3896
vt 0.5756 0.4247
vt 0.5993 0.3545
vt 0.5993 0.3896
vt 0.5993 0.4247
vt 0.6229 0.3896
vt 0.6229 0.4247
vt 0.6229 0.3545
vt 0.5993 0.3195
vt 0.6229 0.3195
vt 0.0786 0.3195
vt 0.0549 0.3195
vt 0.0786 0.3545
vt 0.0549 0.3545
vt 0.1023 0.3195
vt 0.1023 0.3545
vt 0.0786 0.3896
vt 0.0549 0.3896
vt 0.0786 0.4247
vt 0.0549 0.4247
vt 0.1023 0.3896
vt 0.1023 0.4247
vt 0.1259 0.3545
vt 0.1259 0.3896
vt 0.1259 0.4247
vt 0.1496 0.3896
vt 0.1496 0.4247
vt 0.1496 0.3545
vt 0.1259 0.3195
vt 0.1496 0.3195
vt 0.1733 0.3195
vt 0.1733 0.3545
vt 0.1969 0.3195
vt 0.1969 0.3545
vt 0.1733 0.3896
vt 0.1733 0.4247
vt 0.1969 0.3896
vt 0.1969 0.4247
vt 0.2206 0.3545
vt 0.2206 0.3896
vt 0.2206 0.4247
vt 0.2443 0.3896
vt 0.2443 0.4247
vt 0.2443 0.3545
vt 0.2206 0.3195
vt 0.2443 0.3195
vt 0.2917 0.3195
vt 0.2680 0.3195
vt 0.2680 0.3545
vt 0.2917 0.3545
vt 0.2680 0.3896
vt 0.2680 0.4247
vt 0.2917 0.3896
vt 0.2917 0.4247
vt 0.3154 0.3896
vt 0.3154 0.3545
vt 0.3154 0.4247
vt 0.3154 0.3195
vt 0.3627 0.4598
vt 0.3391 0.4598
vt 0.3627 0.4948
vt 0.3391 0.4948
vt 0.3863 0.4598
vt 0.3863 0.4948
vt 0.3627 0.5299
vt 0.3391 0.5299
vt 0.3627 0.5650
vt 0.3391 0.5650
vt 0.3863 0.5299
vt 0.3863 0.5650
vt 0.4100 0.4948
vt 0.4100 0.5299
vt 0.4100 0.5650
vt 0.4336 0.5299
vt 0.4336 0.5650
vt 0.4336 0.4948
vt 0.4336 0.4598
vt 0.4100 0.4598
vt 0.4573 0.4598
vt 0.4573 0.4948
vt 0.4809 0.4598
vt 0.4809 0.4948
vt 0.4573 0.5299
vt 0.4573 0.5650
vt 0.4809 0.5299
vt 0.4809 0.5650
vt 0.5046 0.4948
vt 0.5046 0.5299
vt 0.5046 0.5650
vt 0.5283 0.5299
vt 0.5283 0.5650
vt 0.5283 0.4948
vt 0.5283 0.4598
vt 0.5046 0.4598
vt 0.5519 0.4598
vt 0.5519 0.4948
vt 0.5756 0.4598
vt 0.5756 0.4948
vt 0.5519 0.5299
vt 0.5519 0.5650
vt 0.5756 0.5299
vt 0.5756 0.5650
vt 0.5993 0.4948
vt 0.5993 0.5299
vt 0.5993 0.5650
vt 0.6229 0.5299
vt 0.6229 0.5650
vt 0.6229 0.4948
vt 0.6229 0.4598
vt 0.5993 0.4598
vt 0.0786 0.4598
vt 0.0549 0.4598
vt 0.0786 0.4948
vt 0.0549 0.4948
vt 0.1023 0.4598
vt 0.1023 0.4948
vt 0.0786 0.5299
vt 0.0549 0.5299
vt 0.0786 0.5650
vt 0.0549 0.5650
vt 0.1023 0.5299
vt 0.1023 0.5650
vt 0.1259 0.4948
vt 0.1259 0.5299
vt 0.1259 0.5650
vt 0.1496 0.5299
vt 0.1496 0.5650
vt 0.1496 0.4948
vt 0.1259 0.4598
vt 0.1496 0.4598
vt 0.1733 0.4598
vt 0.1733 0.4948
vt 0.1969 0.4598
vt 0.1969 0.4948
vt 0.1733 0.5299
vt 0.1733 0.5650
vt 0.1969 0.5299
vt 0.1969 0.5650
vt 0.2206 0.4948
vt 0.2206 0.5299
vt 0.2206 0.5650
vt 0.2443 0.5299
vt 0.2443 0.5650
vt 0.2443 0.4948
vt 0.2206 0.4598
vt 0.2443 0.4598
vt 0.2917 0.4598
vt 0.2680 0.4598
vt 0.2680 0.4948
vt 0.2917 0.4948
vt 0.2680 0.5299
vt 0.2680 0.5650
vt 0.2917 0.5650
vt 0.2917 0.5299
vt 0.3154 0.4948
vt 0.3154 0.5299
vt 0.3154 0.5650
vt 0.3154 0.4598
vt 0.3627 0.6001
vt 0.3391 0.6001
vt 0.3627 0.6351
vt 0.3391 0.6351
vt 0.3863 0.6001
vt 0.3863 0.6351
vt 0.3627 0.6702
vt 0.3391 0.6702
vt 0.3627 0.7053
vt 0.3391 0.7053
vt 0.3863 0.6702
vt 0.3863 0.7053
vt 0.4100 0.6351
vt 0.4100 0.6702
vt 0.4100 0.7053
vt 0.4336 0.6702
vt 0.4336 0.7053
vt 0.4336 0.6351
vt 0.4100 0.6001
vt 0.4336 0.6001
vt 0.4573 0.6001
vt 0.4573 0.6351
vt 0.4809 0.6001
vt 0.4809 0.6351
vt 0.4573 0.6702
vt 0.4573 0.7053
vt 0.4809 0.6702
vt 0.4809 0.7053
vt 0.5046 0.6351
vt 0.5046 0.6702
vt 0.5046 0.7053
vt 0.5283 0.6702
vt 0.5283 0.7053
vt 0.5283 0.6351
vt 0.5046 0.6001
vt 0.5283 0.6001
vt 0.5756 0.6001
vt 0.5519 0.6001
vt 0.5519 0.6351
vt 0.5756 0.6351
vt 0.5519 0.6702
vt 0.5519 0.7053
vt 0.5756 0.6702
vt 0.5756 0.7053
vt 0.5993 0.6702
vt 0.5993 0.6351
vt 0.5993 0.7053
vt 0.6229 0.7053
vt 0.6229 0.6702
vt 0.6229 0.6351
vt 0.5993 0.6001
vt 0.6229 0.6001
vt 0.0786 0.6001
vt 0.0549 0.6001
vt 0.0786 0.6351
vt 0.0549 0.6351
vt 0.1023 0.6001
vt 0.1023 0.6351
vt 0.0786 0.6702
vt 0.0549 0.6702
vt 0.0786 0.7053
vt 0.0549 0.7053
vt 0.1023 0.6702
vt 0.1023 0.7053
vt 0.1259 0.6351
vt 0.1259 0.6702
vt 0.1259 0.7053
vt 0.1496 0.6702
vt 0.1496 0.7053
vt 0.1496 0.6351
vt 0.1259 0.6001
vt 0.1496 0.6001
vt 0.1733 0.6001
vt 0.1733 0.6351
vt 0.1969 0.6001
vt 0.1969 0.6351
vt 0.1733 0.6702
vt 0.1733 0.7053
vt 0.1969 0.6702
vt 0.1969 0.7053
vt 0.2206 0.6351
vt 0.2206 0.6702
vt 0.2206 0.7053
vt 0.2443 0.6702
vt 0.2443 0.7053
vt 0.2443 0.6351
vt 0.2443 0.6001
vt 0.2206 0.6001
vt 0.2680 0.6001
vt 0.2680 0.6351
vt 0.2917 0.6351
vt 0.2917 0.6001
vt 0.2917 0.6702
vt 0.2680 0.6702
vt 0.2680 0.7053
vt 0.2917 0.7053
vt 0.3154 0.6702
vt 0.3154 0.6351
vt 0.3154 0.7053
vt 0.3154 0.6001
vt 0.3863 0.7405
vt 0.3627 0.7405
vt 0.3391 0.7405
vt 0.3627 0.7754
vt 0.3391 0.7754
vt 0.3863 0.7754
vt 0.3627 0.8105
vt 0.3391 0.8105
vt 0.3627 0.8456
vt 0.3391 0.8456
vt 0.3863 0.8105
vt 0.3863 0.8456
vt 0.4100 0.8105
vt 0.4100 0.7754
vt 0.4100 0.8456
vt 0.4336 0.8105
vt 0.4336 0.8456
vt 0.4336 0.7754
vt 0.4100 0.7405
vt 0.4336 0.7405
vt 0.4809 0.7405
vt 0.4573 0.7405
vt 0.4573 0.7754
vt 0.4809 0.7754
vt 0.4573 0.8105
vt 0.4573 0.8456
vt 0.4809 0.8105
vt 0.4809 0.8456
vt 0.5046 0.8105
vt 0.5046 0.7754
vt 0.5046 0.8456
vt 0.5283 0.8456
vt 0.5283 0.8105
vt 0.5283 0.7754
vt 0.5046 0.7405
vt 0.5283 0.7405
vt 0.5756 0.7405
vt 0.5519 0.7405
vt 0.5519 0.7754
vt 0.5756 0.7754
vt 0.5756 0.8105
vt 0.5519 0.8105
vt 0.5519 0.8456
vt 0.5756 0.8456
vt 0.6229 0.7754
vt 0.6229 0.8105
vt 0.5993 0.8105
vt 0.5993 0.7754
vt 0.5993 0.8456
vt 0.6229 0.8456
vt 0.5993 0.7405
vt 0.6229 0.7405
vt 0.1023 0.7405
vt 0.0786 0.7405
vt 0.0549 0.7405
vt 0.0786 0.7754
vt 0.0549 0.7754
vt 0.1023 0.7754
vt 0.0786 0.8105
vt 0.0549 0.8105
vt 0.0786 0.8456
vt 0.0549 0.8456
vt 0.1023 0.8105
vt 0.1023 0.8456
vt 0.1259 0.8105
vt 0.1259 0.7754
vt 0.1259 0.8456
vt 0.1496 0.8105
vt 0.1496 0.8456
vt 0.1496 0.7754
vt 0.1259 0.7405
vt 0.1496 0.7405
vt 0.1969 0.7405
vt 0.1733 0.7405
vt 0.1733 0.7754
vt 0.1969 0.7754
vt 0.1733 0.8105
vt 0.1733 0.8456
vt 0.1969 0.8105
vt 0.1969 0.8456
vt 0.2206 0.8105
vt 0.2206 0.7754
vt 0.2206 0.8456
vt 0.2443 0.8105
vt 0.2443 0.8456
vt 0.2443 0.7754
vt 0.2206 0.7405
vt 0.2443 0.7405
vt 0.2917 0.7405
vt 0.2680 0.7405
vt 0.2680 0.7754
vt 0.2917 0.7754
vt 0.2680 0.8105
vt 0.2680 0.8456
vt 0.2917 0.8105
vt 0.2917 0.8456
vt 0.3154 0.8105
vt 0.3154 0.7754
vt 0.3154 0.8456
vt 0.3154 0.7405
vt 0.3627 0.9154
vt 0.3627 0.8806
vt 0.3863 0.8806
vt 0.3863 0.9154
vt 0.3391 0.8805
vt 0.3391 0.9154
vt 0.3391 0.9504
vt 0.3627 0.9504
vt 0.3627 0.9854
vt 0.3391 0.9854
vt 0.3863 0.9504
vt 0.3863 0.9854
vt 0.4100 0.9854
vt 0.4100 0.9504
vt 0.4336 0.9505
vt 0.4336 0.9855
vt 0.4100 0.9156
vt 0.4336 0.9156
vt 0.4100 0.8806
vt 0.4336 0.8806
vt 0.4573 0.9156
vt 0.4573 0.8806
vt 0.4809 0.8806
vt 0.4809 0.9156
vt 0.4573 0.9505
vt 0.4573 0.9855
vt 0.4809 0.9507
vt 0.4809 0.9857
vt 0.5046 0.9858
vt 0.5046 0.9507
vt 0.5283 0.9508
vt 0.5283 0.9858
vt 0.5046 0.9157
vt 0.5283 0.9157
vt 0.5046 0.8806
vt 0.5283 0.8806
vt 0.5519 0.9159
vt 0.5519 0.8808
vt 0.5756 0.8808
vt 0.5756 0.9159
vt 0.5519 0.9510
vt 0.5519 0.9861
vt 0.5756 0.9511
vt 0.5756 0.9862
vt 0.5993 0.9864
vt 0.5993 0.9513
vt 0.6229 0.9514
vt 0.6229 0.9867
vt 0.5993 0.9160
vt 0.6229 0.9162
vt 0.5993 0.8808
vt 0.6229 0.8809
vt 0.0549 0.8806
vt 0.0786 0.8806
vt 0.0786 0.9157
vt 0.0549 0.9157
vt 0.1023 0.8806
vt 0.1023 0.9157
vt 0.0549 0.9507
vt 0.0786 0.9507
vt 0.0786 0.9858
vt 0.0549 0.9858
vt 0.1023 0.9508
vt 0.1023 0.9858
vt 0.1259 0.9508
vt 0.1496 0.9508
vt 0.1496 0.9858
vt 0.1259 0.9858
vt 0.1259 0.9157
vt 0.1496 0.9157
vt 0.1259 0.8806
vt 0.1496 0.8806
vt 0.1733 0.8806
vt 0.1733 0.9157
vt 0.1969 0.8806
vt 0.1969 0.9156
vt 0.1733 0.9507
vt 0.1733 0.9858
vt 0.1969 0.9507
vt 0.1969 0.9857
vt 0.2206 0.9855
vt 0.2206 0.9505
vt 0.2443 0.9505
vt 0.2443 0.9855
vt 0.2206 0.9156
vt 0.2443 0.9156
vt 0.2206 0.8806
vt 0.2443 0.8806
vt 0.2680 0.8806
vt 0.2917 0.8806
vt 0.2917 0.9154
vt 0.2680 0.9156
vt 0.2680 0.9505
vt 0.2680 0.9854
vt 0.2917 0.9504
vt 0.2917 0.9854
vt 0.3154 0.9854
vt 0.3154 0.9504
vt 0.3154 0.9154
vt 0.3154 0.8806
vt 0.3388 0.0389
vt 0.3625 0.0389
vt 0.3625 0.0038
vt 0.3387 0.0038
vt 0.3862 0.0389
vt 0.3862 0.0038
vt 0.3626 0.0739
vt 0.3863 0.0739
vt 0.3389 0.0739
vt 0.4099 0.0389
vt 0.4099 0.0038
vt 0.4336 0.0389
vt 0.4336 0.0038
vt 0.4099 0.0739
vt 0.4336 0.0739
vt 0.3863 0.1090
vt 0.4099 0.1090
vt 0.4336 0.1090
vt 0.4100 0.1441
vt 0.4336 0.1441
vt 0.3863 0.1441
vt 0.3390 0.1090
vt 0.3626 0.1090
vt 0.3627 0.1441
vt 0.3391 0.1441
vt 0.4573 0.0389
vt 0.4573 0.0038
vt 0.4809 0.0389
vt 0.4809 0.0038
vt 0.4573 0.0739
vt 0.4809 0.0739
vt 0.5046 0.0389
vt 0.5046 0.0038
vt 0.5283 0.0389
vt 0.5283 0.0038
vt 0.5046 0.0739
vt 0.5283 0.0739
vt 0.4809 0.1090
vt 0.5046 0.1090
vt 0.5283 0.1090
vt 0.5046 0.1441
vt 0.5283 0.1441
vt 0.4809 0.1441
vt 0.4573 0.1090
vt 0.4573 0.1441
vt 0.5519 0.0389
vt 0.5519 0.0038
vt 0.5756 0.0389
vt 0.5756 0.0038
vt 0.5519 0.0739
vt 0.5756 0.0739
vt 0.5993 0.0389
vt 0.5993 0.0038
vt 0.5756 0.1090
vt 0.5993 0.1090
vt 0.5756 0.1441
vt 0.5519 0.1090
vt 0.5519 0.1441
vt 0.0549 0.0038
vt 0.0549 0.0389
vt 0.0786 0.0389
vt 0.0786 0.0038
vt 0.1023 0.0389
vt 0.1023 0.0038
vt 0.0786 0.0739
vt 0.1023 0.0739
vt 0.0549 0.0739
vt 0.1259 0.0389
vt 0.1259 0.0038
vt 0.1496 0.0389
vt 0.1496 0.0038
vt 0.1259 0.0739
vt 0.1496 0.0739
vt 0.1023 0.1090
vt 0.1259 0.1090
vt 0.1496 0.1090
vt 0.1259 0.1441
vt 0.1496 0.1441
vt 0.1023 0.1441
vt 0.0549 0.1090
vt 0.0786 0.1090
vt 0.0786 0.1441
vt 0.0549 0.1441
vt 0.1733 0.0389
vt 0.1733 0.0038
vt 0.1969 0.0389
vt 0.1969 0.0038
vt 0.1733 0.0739
vt 0.1969 0.0739
vt 0.2206 0.0389
vt 0.2206 0.0038
vt 0.2443 0.0389
vt 0.2443 0.0038
vt 0.2206 0.0739
vt 0.2443 0.0739
vt 0.1969 0.1090
vt 0.2206 0.1090
vt 0.2443 0.1090
vt 0.2206 0.1441
vt 0.2443 0.1441
vt 0.1969 0.1441
vt 0.1733 0.1090
vt 0.1733 0.1441
vt 0.2679 0.0389
vt 0.2679 0.0038
vt 0.2915 0.0389
vt 0.2915 0.0038
vt 0.2679 0.0739
vt 0.2916 0.0739
vt 0.3152 0.0389
vt 0.3151 0.0038
vt 0.3153 0.0739
vt 0.2916 0.1090
vt 0.3153 0.1090
vt 0.3154 0.1441
vt 0.2917 0.1441
vt 0.2679 0.1090
vt 0.2680 0.1441
vt 0.3627 0.1792
vt 0.3863 0.1792
vt 0.3627 0.2142
vt 0.3863 0.2142
vt 0.3391 0.2142
vt 0.3391 0.1792
vt 0.4100 0.1792
vt 0.4336 0.1792
vt 0.4100 0.2142
vt 0.4336 0.2142
vt 0.3864 0.2493
vt 0.4100 0.2493
vt 0.4336 0.2493
vt 0.4100 0.2844
vt 0.4336 0.2844
vt 0.3864 0.2844
vt 0.3391 0.2493
vt 0.3627 0.2493
vt 0.3627 0.2844
vt 0.3391 0.2844
vt 0.4573 0.1792
vt 0.4809 0.1792
vt 0.4573 0.2142
vt 0.4809 0.2142
vt 0.5046 0.1792
vt 0.5283 0.1792
vt 0.5046 0.2142
vt 0.5283 0.2142
vt 0.4809 0.2493
vt 0.5046 0.2493
vt 0.5283 0.2493
vt 0.5046 0.2844
vt 0.5283 0.2844
vt 0.4809 0.2844
vt 0.4573 0.2493
vt 0.4573 0.2844
vt 0.5519 0.1792
vt 0.5756 0.1792
vt 0.5519 0.2142
vt 0.5756 0.2142
vt 0.5756 0.2493
vt 0.5993 0.2493
vt 0.5756 0.2844
vt 0.5519 0.2493
vt 0.5519 0.2844
vt 0.0549 0.1792
vt 0.0786 0.1792
vt 0.1023 0.1792
vt 0.0786 0.2142
vt 0.1023 0.2142
vt 0.0549 0.2142
vt 0.1259 0.1792
vt 0.1496 0.1792
vt 0.1259 0.2142
vt 0.1496 0.2142
vt 0.1023 0.2493
vt 0.1259 0.2493
vt 0.1496 0.2493
vt 0.1259 0.2844
vt 0.1496 0.2844
vt 0.1023 0.2844
vt 0.0549 0.2493
vt 0.0786 0.2493
vt 0.0786 0.2844
vt 0.0549 0.2844
vt 0.1733 0.1792
vt 0.1969 0.1792
vt 0.1733 0.2142
vt 0.1969 0.2142
vt 0.2206 0.1792
vt 0.2443 0.1792
vt 0.2206 0.2142
vt 0.2443 0.2142
vt 0.1969 0.2493
vt 0.2206 0.2493
vt 0.2443 0.2493
vt 0.2206 0.2844
vt 0.2443 0.2844
vt 0.1969 0.2844
vt 0.1733 0.2493
vt 0.1733 0.2844
vt 0.2680 0.1792
vt 0.2917 0.1792
vt 0.2680 0.2142
vt 0.2917 0.2142
vt 0.3154 0.1792
vt 0.3154 0.2142
vt 0.2917 0.2493
vt 0.3154 0.2493
vt 0.3154 0.2844
vt 0.2917 0.2844
vt 0.2680 0.2493
vt 0.2680 0.2844
vt 0.3391 0.3195
vt 0.3627 0.3195
vt 0.3863 0.3195
vt 0.3627 0.3545
vt 0.3863 0.3545
vt 0.3391 0.3545
vt 0.4100 0.3195
vt 0.4336 0.3195
vt 0.4100 0.3545
vt 0.4336 0.3545
vt 0.3863 0.3896
vt 0.4100 0.3896
vt 0.4336 0.3896
vt 0.4100 0.4247
vt 0.4336 0.4247
vt 0.3863 0.4247
vt 0.3391 0.3896
vt 0.3627 0.3896
vt 0.3627 0.4247
vt 0.3391 0.4247
vt 0.4573 0.3195
vt 0.4809 0.3195
vt 0.4573 0.3545
vt 0.4809 0.3545
vt 0.5046 0.3195
vt 0.5283 0.3195
vt 0.5046 0.3545
vt 0.5283 0.3545
vt 0.4809 0.3896
vt 0.5046 0.3896
vt 0.5283 0.3896
vt 0.5046 0.4247
vt 0.5283 0.4247
vt 0.4809 0.4247
vt 0.4573 0.3896
vt 0.4573 0.4247
vt 0.5519 0.3195
vt 0.5756 0.3195
vt 0.5519 0.3545
vt 0.5756 0.3545
vt 0.5993 0.3195
vt 0.5756 0.3896
vt 0.5993 0.3896
vt 0.5756 0.4247
vt 0.5519 0.3896
vt 0.5519 0.4247
vt 0.0549 0.3195
vt 0.0786 0.3195
vt 0.1023 0.3195
vt 0.0786 0.3545
vt 0.1023 0.3545
vt 0.0549 0.3545
vt 0.1259 0.3195
vt 0.1496 0.3195
vt 0.1259 0.3545
vt 0.1496 0.3545
vt 0.1023 0.3896
vt 0.1259 0.3896
vt 0.1496 0.3896
vt 0.1259 0.4247
vt 0.1496 0.4247
vt 0.1023 0.4247
vt 0.0549 0.3896
vt 0.0786 0.3896
vt 0.0786 0.4247
vt 0.0549 0.4247
vt 0.1733 0.3195
vt 0.1969 0.3195
vt 0.1733 0.3545
vt 0.1969 0.3545
vt 0.2206 0.3195
vt 0.2443 0.3195
vt 0.2206 0.3545
vt 0.2443 0.3545
vt 0.1969 0.3896
vt 0.2206 0.3896
vt 0.2443 0.3896
vt 0.2206 0.4247
vt 0.2443 0.4247
vt 0.1969 0.4247
vt 0.1733 0.3896
vt 0.1733 0.4247
vt 0.2680 0.3195
vt 0.2917 0.3195
vt 0.2680 0.3545
vt 0.2917 0.3545
vt 0.3154 0.3195
vt 0.3154 0.3545
vt 0.2917 0.3896
vt 0.3154 0.3896
vt 0.3154 0.4247
vt 0.2917 0.4247
vt 0.2680 0.3896
vt 0.2680 0.4247
vt 0.3391 0.4598
vt 0.3627 0.4598
vt 0.3863 0.4598
vt 0.3627 0.4948
vt 0.3863 0.4948
vt 0.3391 0.4948
vt 0.4100 0.4598
vt 0.4336 0.4598
vt 0.4100 0.4948
vt 0.4336 0.4948
vt 0.3863 0.5299
vt 0.4100 0.5299
vt 0.4336 0.5299
vt 0.4100 0.5650
vt 0.4336 0.5650
vt 0.3863 0.5650
vt 0.3391 0.5299
vt 0.3627 0.5299
vt 0.3627 0.5650
vt 0.3391 0.5650
vt 0.4573 0.4598
vt 0.4809 0.4598
vt 0.4573 0.4948
vt 0.4809 0.4948
vt 0.5046 0.4598
vt 0.5283 0.4598
vt 0.5046 0.4948
vt 0.5283 0.4948
vt 0.4809 0.5299
vt 0.5046 0.5299
vt 0.5283 0.5299
vt 0.5046 0.5650
vt 0.5283 0.5650
vt 0.4809 0.5650
vt 0.4573 0.5299
vt 0.4573 0.5650
vt 0.5519 0.4598
vt 0.5756 0.4598
vt 0.5519 0.4948
vt 0.5756 0.4948
vt 0.5756 0.5299
vt 0.5993 0.5299
vt 0.5756 0.5650
vt 0.5519 0.5299
vt 0.5519 0.5650
vt 0.0549 0.4598
vt 0.0786 0.4598
vt 0.1023 0.4598
vt 0.0786 0.4948
vt 0.1023 0.4948
vt 0.0549 0.4948
vt 0.1259 0.4598
vt 0.1496 0.4598
vt 0.1259 0.4948
vt 0.1496 0.4948
vt 0.1023 0.5299
vt 0.1259 0.5299
vt 0.1496 0.5299
vt 0.1259 0.5650
vt 0.1496 0.5650
vt 0.1023 0.5650
vt 0.0549 0.5299
vt 0.0786 0.5299
vt 0.0786 0.5650
vt 0.0549 0.5650
vt 0.1733 0.4598
vt 0.1969 0.4598
vt 0.1733 0.4948
vt 0.1969 0.4948
vt 0.2206 0.4598
vt 0.2443 0.4598
vt 0.2206 0.4948
vt 0.2443 0.4948
vt 0.1969 0.5299
vt 0.2206 0.5299
vt 0.2443 0.5299
vt 0.2206 0.5650
vt 0.2443 0.5650
vt 0.1969 0.5650
vt 0.1733 0.5299
vt 0.1733 0.5650
vt 0.2680 0.4598
vt 0.2917 0.4598
vt 0.2680 0.4948
vt 0.2917 0.4948
vt 0.3154 0.4598
vt 0.3154 0.4948
vt 0.2917 0.5299
vt 0.3154 0.5299
vt 0.3154 0.5650
vt 0.2917 0.5650
vt 0.2680 0.5299
vt 0.2680 0.5650
vt 0.3391 0.6001
vt 0.3627 0.6001
vt 0.3863 0.6001
vt 0.3627 0.6351
vt 0.3863 0.6351
vt 0.3391 0.6351
vt 0.4100 0.6001
vt 0.4336 0.6001
vt 0.4100 0.6351
vt 0.4336 0.6351
vt 0.3863 0.6702
vt 0.4100 0.6702
vt 0.4336 0.6702
vt 0.4100 0.7053
vt 0.4336 0.7053
vt 0.3863 0.7053
vt 0.3391 0.6702
vt 0.3627 0.6702
vt 0.3627 0.7053
vt 0.3391 0.7053
vt 0.4573 0.6001
vt 0.4809 0.6001
vt 0.4573 0.6351
vt 0.4809 0.6351
vt 0.5046 0.6001
vt 0.5283 0.6001
vt 0.5046 0.6351
vt 0.5283 0.6351
vt 0.4809 0.6702
vt 0.5046 0.6702
vt 0.5283 0.6702
vt 0.5046 0.7053
vt 0.5283 0.7053
vt 0.4809 0.7053
vt 0.4573 0.6702
vt 0.4573 0.7053
vt 0.5519 0.6001
vt 0.5756 0.6001
vt 0.5519 0.6351
vt 0.5756 0.6351
vt 0.5993 0.6001
vt 0.5756 0.6702
vt 0.5993 0.6702
vt 0.5756 0.7053
vt 0.5519 0.6702
vt 0.5519 0.7053
vt 0.0549 0.6001
vt 0.0786 0.6001
vt 0.1023 0.6001
vt 0.0786 0.6351
vt 0.1023 0.6351
vt 0.0549 0.6351
vt 0.1259 0.6001
vt 0.1496 0.6001
vt 0.1259 0.6351
vt 0.1496 0.6351
vt 0.1023 0.6702
vt 0.1259 0.6702
vt 0.1496 0.6702
vt 0.1259 0.7053
vt 0.1496 0.7053
vt 0.1023 0.7053
vt 0.0549 0.6702
vt 0.0786 0.6702
vt 0.0786 0.7053
vt 0.0549 0.7053
vt 0.1733 0.6001
vt 0.1969 0.6001
vt 0.1733 0.6351
vt 0.1969 0.6351
vt 0.2206 0.6001
vt 0.2443 0.6001
vt 0.2206 0.6351
vt 0.2443 0.6351
vt 0.1969 0.6702
vt 0.2206 0.6702
vt 0.2443 0.6702
vt 0.2206 0.7053
vt 0.2443 0.7053
vt 0.1969 0.7053
vt 0.1733 0.6702
vt 0.1733 0.7053
vt 0.2680 0.6001
vt 0.2917 0.6001
vt 0.2680 0.6351
vt 0.2917 0.6351
vt 0.3154 0.6001
vt 0.3154 0.6351
vt 0.2917 0.6702
vt 0.3154 0.6702
vt 0.3154 0.7053
vt 0.2917 0.7053
vt 0.2680 0.6702
vt 0.2680 0.7053
vt 0.3627 0.7405
vt 0.3863 0.7405
vt 0.3627 0.7754
vt 0.3863 0.7754
vt 0.3391 0.7754
vt 0.3391 0.7405
vt 0.4100 0.7405
vt 0.4336 0.7405
vt 0.4100 0.7754
vt 0.4336 0.7754
vt 0.3863 0.8105
vt 0.4100 0.8105
vt 0.4336 0.8105
vt 0.4100 0.8456
vt 0.4336 0.8456
vt 0.3863 0.8456
vt 0.3391 0.8105
vt 0.3627 0.8105
vt 0.3627 0.8456
vt 0.3391 0.8456
vt 0.4573 0.7405
vt 0.4809 0.7405
vt 0.4573 0.7754
vt 0.4809 0.7754
vt 0.5046 0.7405
vt 0.5283 0.7405
vt 0.5046 0.7754
vt 0.5283 0.7754
vt 0.4809 0.8105
vt 0.5046 0.8105
vt 0.5283 0.8105
vt 0.5046 0.8456
vt 0.5283 0.8456
vt 0.4809 0.8456
vt 0.4573 0.8105
vt 0.4573 0.8456
vt 0.5519 0.7405
vt 0.5756 0.7405
vt 0.5519 0.7754
vt 0.5756 0.7754
vt 0.5993 0.7405
vt 0.5756 0.8105
vt 0.5756 0.8456
vt 0.5519 0.8105
vt 0.5519 0.8456
vt 0.0786 0.7405
vt 0.1023 0.7405
vt 0.0786 0.7754
vt 0.1023 0.7754
vt 0.0549 0.7754
vt 0.0549 0.7405
vt 0.1259 0.7405
vt 0.1496 0.7405
vt 0.1259 0.7754
vt 0.1496 0.7754
vt 0.1023 0.8105
vt 0.1259 0.8105
vt 0.1496 0.8105
vt 0.1259 0.8456
vt 0.1496 0.8456
vt 0.1023 0.8456
vt 0.0549 0.8105
vt 0.0786 0.8105
vt 0.0786 0.8456
vt 0.0549 0.8456
vt 0.1733 0.7405
vt 0.1969 0.7405
vt 0.1733 0.7754
vt 0.1969 0.7754
vt 0.2206 0.7405
vt 0.2443 0.7405
vt 0.2206 0.7754
vt 0.2443 0.7754
vt 0.1969 0.8105
vt 0.2206 0.8105
vt 0.2443 0.8105
vt 0.2206 0.8456
vt 0.2443 0.8456
vt 0.1969 0.8456
vt 0.1733 0.8105
vt 0.1733 0.8456
vt 0.2680 0.7405
vt 0.2917 0.7405
vt 0.2680 0.7754
vt 0.2917 0.7754
vt 0.3154 0.7405
vt 0.3154 0.7754
vt 0.2917 0.8105
vt 0.3154 0.8105
vt 0.3154 0.8456
vt 0.2917 0.8456
vt 0.2680 0.8105
vt 0.2680 0.8456
vt 0.3863 0.8806
vt 0.3627 0.8806
vt 0.3627 0.9154
vt 0.3863 0.9154
vt 0.3391 0.8805
vt 0.3391 0.9154
vt 0.4336 0.8806
vt 0.4100 0.8806
vt 0.4100 0.9156
vt 0.4336 0.9156
vt 0.4336 0.9505
vt 0.4100 0.9505
vt 0.4100 0.9854
vt 0.4336 0.9855
vt 0.3863 0.9504
vt 0.3863 0.9854
vt 0.3627 0.9854
vt 0.3627 0.9504
vt 0.3391 0.9504
vt 0.3391 0.9854
vt 0.4809 0.8806
vt 0.4573 0.8806
vt 0.4573 0.9156
vt 0.4809 0.9156
vt 0.5283 0.8806
vt 0.5046 0.8806
vt 0.5046 0.9157
vt 0.5283 0.9157
vt 0.5283 0.9508
vt 0.5046 0.9507
vt 0.5046 0.9858
vt 0.5283 0.9858
vt 0.4809 0.9507
vt 0.4809 0.9857
vt 0.4573 0.9855
vt 0.4573 0.9505
vt 0.5756 0.8808
vt 0.5519 0.8808
vt 0.5519 0.9159
vt 0.5756 0.9159
vt 0.6229 0.9162
vt 0.6229 0.8809
vt 0.5993 0.8808
vt 0.5993 0.9160
vt 0.6229 0.9514
vt 0.5993 0.9513
vt 0.5993 0.9864
vt 0.6229 0.9867
vt 0.5756 0.9511
vt 0.5756 0.9862
vt 0.5519 0.9861
vt 0.5519 0.9510
vt 0.0786 0.9157
vt 0.0786 0.8806
vt 0.0549 0.8806
vt 0.0549 0.9157
vt 0.1023 0.8806
vt 0.1023 0.9157
vt 0.1259 0.9157
vt 0.1259 0.8806
vt 0.1496 0.8806
vt 0.1496 0.9157
vt 0.1496 0.9858
vt 0.1496 0.9508
vt 0.1259 0.9508
vt 0.1259 0.9858
vt 0.1023 0.9508
vt 0.1023 0.9858
vt 0.0786 0.9858
vt 0.0786 0.9507
vt 0.0549 0.9507
vt 0.0549 0.9858
vt 0.1733 0.9157
vt 0.1733 0.8806
vt 0.1969 0.8806
vt 0.1969 0.9156
vt 0.2206 0.9156
vt 0.2206 0.8806
vt 0.2443 0.8806
vt 0.2443 0.9156
vt 0.2443 0.9505
vt 0.2206 0.9505
vt 0.2206 0.9855
vt 0.2443 0.9855
vt 0.1969 0.9507
vt 0.1969 0.9857
vt 0.1733 0.9858
vt 0.1733 0.9507
vt 0.2917 0.9154
vt 0.2917 0.8806
vt 0.2680 0.8806
vt 0.2680 0.9156
vt 0.3154 0.8806
vt 0.3154 0.9154
vt 0.3154 0.9504
vt 0.3154 0.9854
vt 0.2917 0.9504
vt 0.2917 0.9854
vt 0.2680 0.9854
vt 0.2680 0.9504
usemtl mirrorlyHair
f 1/1 2/2 3/3 4/4
f 2/2 5/5 6/6 3/3
f 7/7 8/8 5/5 2/2
f 9/9 7/7 2/2 1/1
f 5/5 10/10 11/11 6/6
f 10/10 12/12 13/13 11/11
f 14/14 15/15 12/12 10/10
f 8/8 14/14 10/10 5/5
f 16/16 17/17 14/14 8/8
f 17/17 18/18 15/15 14/14
f 19/19 20/20 18/18 17/17
f 21/21 19/19 17/17 16/16
f 22/22 23/23 7/7 9/9
f 23/23 16/16 8/8 7/7
f 24/24 21/21 16/16 23/23
f 25/25 24/24 23/23 22/22
f 26/26 27/27 24/24 25/25
f 27/27 28/28 21/21 24/24
f 29/29 30/30 28/28 27/27
f 31/31 29/29 27/27 26/26
f 28/28 32/32 19/19 21/21
f 32/32 33/33 20/20 19/19
f 34/34 35/35 33/33 32/32
f 30/30 34/34 32/32 28/28
f 36/36 37/37 34/34 30/30
f 37/37 38/38 35/35 34/34
f 39/39 40/40 38/38 37/37
f 41/41 39/39 37/37 36/36
f 42/42 43/43 29/29 31/31
f 43/43 36/36 30/30 29/29
f 44/44 41/41 36/36 43/43
f 45/45 44/44 43/43 42/42
f 46/46 47/47 44/44 45/45
f 47/47 48/48 41/41 44/44
f 49/49 50/50 48/48 47/47
f 51/51 49/49 47/47 46/46
f 48/48 52/52 39/39 41/41
f 52/52 53/53 40/40 39/39
f 54/54 55/55 53/53 52/52
f 50/50 54/54 52/52 48/48
f 56/56 57/57 54/54 50/50
f 57/57 58/58 55/55 54/54
f 59/59 60/60 58/58 57/57
f 59/59 57/57 56/56 61/61
f 62/62 63/63 49/49 51/51
f 63/63 56/56 50/50 49/49
f 64/64 61/61 56/56 63/63
f 65/65 64/64 63/63 62/62
f 66/66 67/67 68/68 69/69
f 66/66 70/70 71/71 67/67
f 72/72 73/73 70/70 66/66
f 72/72 66/66 69/69 74/74
f 70/70 75/75 76/76 71/71
f 75/75 77/77 78/78 76/76
f 79/79 80/80 77/77 75/75
f 73/73 79/79 75/75 70/70
f 81/81 82/82 79/79 73/73
f 82/82 83/83 80/80 79/79
f 84/84 85/85 83/83 82/82
f 86/86 84/84 82/82 81/81
f 87/87 88/88 72/72 74/74
f 88/88 81/81 73/73 72/72
f 89/89 86/86 81/81 88/88
f 90/90 89/89 88/88 87/87
f 91/91 92/92 89/89 90/90
f 92/92 93/93 86/86 89/89
f 94/94 95/95 93/93 92/92
f 96/96 94/94 92/92 91/91
f 93/93 97/97 84/84 86/86
f 97/97 98/98 85/85 84/84
f 99/99 100/100 98/98 97/97
f 95/95 99/99 97/97 93/93
f 101/101 102/102 99/99 95/95
f 102/102 103/103 100/100 99/99
f 104/104 105/105 103/103 102/102
f 106/106 104/104 102/102 101/101
f 107/107 108/108 94/94 96/96
f 108/108 101/101 95/95 94/94
f 109/109 106/106 101/101 108/108
f 110/110 109/109 108/108 107/107
f 111/111 112/112 109/109 110/110
f 112/112 113/113 106/106 109/109
f 114/114 115/115 113/113 112/112
f 116/116 114/114 112/112 111/111
f 113/113 117/117 104/104 106/106
f 117/117 118/118 105/105 104/104
f 119/119 120/120 118/118 117/117
f 115/115 119/119 117/117 113/113
f 121/121 122/122 119/119 115/115
f 122/122 123/123 120/120 119/119
f 11/11 13/13 123/123 122/122
f 6/6 11/11 122/122 121/121
f 124/124 125/125 114/114 116/116
f 125/125 121/121 115/115 114/114
f 3/3 6/6 121/121 125/125
f 4/4 3/3 125/125 124/124
f 15/15 126/126 127/127 12/12
f 12/12 127/127 128/128 13/13
f 127/127 129/129 130/130 128/128
f 126/126 131/131 129/129 127/127
f 129/129 132/132 133/133 130/130
f 132/132 134/134 135/135 133/133
f 136/136 137/137 134/134 132/132
f 131/131 136/136 132/132 129/129
f 138/138 136/136 131/131 139/139
f 138/138 140/140 137/137 136/136
f 141/141 142/142 140/140 138/138
f 143/143 141/141 138/138 139/139
f 18/18 144/144 126/126 15/15
f 144/144 139/139 131/131 126/126
f 145/145 143/143 139/139 144/144
f 20/20 145/145 144/144 18/18
f 33/33 146/146 145/145 20/20
f 146/146 147/147 143/143 145/145
f 148/148 149/149 147/147 146/146
f 35/35 148/148 146/146 33/33
f 150/150 141/141 143/143 147/147
f 150/150 151/151 142/142 141/141
f 152/152 153/153 151/151 150/150
f 149/149 152/152 150/150 147/147
f 154/154 155/155 152/152 149/149
f 155/155 156/156 153/153 152/152
f 157/157 158/158 156/156 155/155
f 157/157 155/155 154/154 159/159
f 40/40 160/160 161/161 38/38
f 38/38 161/161 148/148 35/35
f 161/161 154/154 149/149 148/148
f 160/160 159/159 154/154 161/161
f 53/53 162/162 160/160 40/40
f 162/162 163/163 159/159 160/160
f 164/164 165/165 163/163 162/162
f 164/164 162/162 53/53 55/55
f 163/163 166/166 157/157 159/159
f 166/166 167/167 158/158 157/157
f 168/168 169/169 167/167 166/166
f 168/168 166/166 163/163 165/165
f 170/170 171/171 168/168 165/165
f 171/171 172/172 169/169 168/168
f 173/173 174/174 172/172 171/171
f 173/173 171/171 170/170 175/175
f 176/176 177/177 58/58 60/60
f 58/58 177/177 164/164 55/55
f 177/177 170/170 165/165 164/164
f 176/176 175/175 170/170 177/177
f 77/77 178/178 179/179 78/78
f 178/178 180/180 181/181 179/179
f 182/182 183/183 180/180 178/178
f 80/80 182/182 178/178 77/77
f 180/180 184/184 185/185 181/181
f 184/184 186/186 187/187 185/185
f 188/188 189/189 186/186 184/184
f 183/183 188/188 184/184 180/180
f 190/190 191/191 188/188 183/183
f 191/191 192/192 189/189 188/188
f 193/193 194/194 192/192 191/191
f 195/195 193/193 191/191 190/190
f 83/83 196/196 182/182 80/80
f 196/196 190/190 183/183 182/182
f 197/197 195/195 190/190 196/196
f 85/85 197/197 196/196 83/83
f 98/98 198/198 197/197 85/85
f 198/198 199/199 195/195 197/197
f 200/200 201/201 199/199 198/198
f 100/100 200/200 198/198 98/98
f 199/199 202/202 193/193 195/195
f 202/202 203/203 194/194 193/193
f 204/204 205/205 203/203 202/202
f 201/201 204/204 202/202 199/199
f 206/206 207/207 204/204 201/201
f 207/207 208/208 205/205 204/204
f 209/209 210/210 208/208 207/207
f 211/211 209/209 207/207 206/206
f 103/103 212/212 200/200 100/100
f 212/212 206/206 201/201 200/200
f 213/213 211/211 206/206 212/212
f 105/105 213/213 212/212 103/103
f 118/118 214/214 213/213 105/105
f 214/214 215/215 211/211 213/213
f 216/216 217/217 215/215 214/214
f 120/120 216/216 214/214 118/118
f 215/215 218/218 209/209 211/211
f 218/218 219/219 210/210 209/209
f 220/220 221/221 219/219 218/218
f 217/217 220/220 218/218 215/215
f 222/222 223/223 220/220 217/217
f 223/223 224/224 221/221 220/220
f 133/133 135/135 224/224 223/223
f 130/130 133/133 223/223 222/222
f 123/123 225/225 216/216 120/120
f 225/225 222/222 217/217 216/216
f 128/128 130/130 222/222 225/225
f 13/13 128/128 225/225 123/123
f 134/134 226/226 227/227 135/135
f 226/226 228/228 229/229 227/227
f 230/230 231/231 228/228 226/226
f 137/137 230/230 226/226 134/134
f 232/232 233/233 229/229 228/228
f 232/232 234/234 235/235 233/233
f 236/236 237/237 234/234 232/232
f 231/231 236/236 232/232 228/228
f 238/238 239/239 236/236 231/231
f 239/239 240/240 237/237 236/236
f 241/241 242/242 240/240 239/239
f 241/241 239/239 238/238 243/243
f 140/140 244/244 230/230 137/137
f 244/244 238/238 231/231 230/230
f 245/245 243/243 238/238 244/244
f 142/142 245/245 244/244 140/140
f 151/151 246/246 245/245 142/142
f 246/246 247/247 243/243 245/245
f 248/248 249/249 247/247 246/246
f 153/153 248/248 246/246 151/151
f 247/247 250/250 241/241 243/243
f 250/250 251/251 242/242 241/241
f 252/252 253/253 251/251 250/250
f 252/252 250/250 247/247 249/249
f 254/254 255/255 252/252 249/249
f 255/255 256/256 253/253 252/252
f 257/257 258/258 256/256 255/255
f 257/257 255/255 254/254 259/259
f 156/156 260/260 248/248 153/153
f 260/260 254/254 249/249 248/248
f 261/261 259/259 254/254 260/260
f 158/158 261/261 260/260 156/156
f 167/167 262/262 261/261 158/158
f 262/262 263/263 259/259 261/261
f 264/264 265/265 263/263 262/262
f 169/169 264/264 262/262 167/167
f 263/263 266/266 257/257 259/259
f 266/266 267/267 258/258 257/257
f 268/268 269/269 267/267 266/266
f 268/268 266/266 263/263 265/265
f 270/270 271/271 268/268 265/265
f 271/271 272/272 269/269 268/268
f 273/273 274/274 272/272 271/271
f 273/273 271/271 270/270 275/275
f 172/172 276/276 264/264 169/169
f 276/276 270/270 265/265 264/264
f 277/277 275/275 270/270 276/276
f 174/174 277/277 276/276 172/172
f 186/186 278/278 279/279 187/187
f 278/278 280/280 281/281 279/279
f 282/282 283/283 280/280 278/278
f 189/189 282/282 278/278 186/186
f 280/280 284/284 285/285 281/281
f 284/284 286/286 287/287 285/285
f 288/288 289/289 286/286 284/284
f 283/283 288/288 284/284 280/280
f 290/290 291/291 288/288 283/283
f 291/291 292/292 289/289 288/288
f 293/293 294/294 292/292 291/291
f 295/295 293/293 291/291 290/290
f 192/192 296/296 282/282 189/189
f 296/296 290/290 283/283 282/282
f 297/297 295/295 290/290 296/296
f 194/194 297/297 296/296 192/192
f 203/203 298/298 297/297 194/194
f 298/298 299/299 295/295 297/297
f 300/300 301/301 299/299 298/298
f 205/205 300/300 298/298 203/203
f 299/299 302/302 293/293 295/295
f 302/302 303/303 294/294 293/293
f 304/304 305/305 303/303 302/302
f 301/301 304/304 302/302 299/299
f 306/306 307/307 304/304 301/301
f 307/307 308/308 305/305 304/304
f 309/309 310/310 308/308 307/307
f 311/311 309/309 307/307 306/306
f 208/208 312/312 300/300 205/205
f 312/312 306/306 301/301 300/300
f 313/313 311/311 306/306 312/312
f 210/210 313/313 312/312 208/208
f 221/221 314/314 315/315 219/219
f 219/219 315/315 313/313 210/210
f 315/315 316/316 311/311 313/313
f 314/314 317/317 316/316 315/315
f 316/316 318/318 309/309 311/311
f 318/318 319/319 310/310 309/309
f 320/320 321/321 319/319 318/318
f 317/317 320/320 318/318 316/316
f 322/322 320/320 317/317 323/323
f 322/322 324/324 321/321 320/320
f 233/233 235/235 324/324 322/322
f 229/229 233/233 322/322 323/323
f 224/224 325/325 314/314 221/221
f 325/325 323/323 317/317 314/314
f 227/227 229/229 323/323 325/325
f 135/135 227/227 325/325 224/224
f 234/234 326/326 327/327 235/235
f 326/326 328/328 329/329 327/327
f 330/330 331/331 328/328 326/326
f 237/237 330/330 326/326 234/234
f 328/328 332/332 333/333 329/329
f 332/332 334/334 335/335 333/333
f 336/336 337/337 334/334 332/332
f 331/331 336/336 332/332 328/328
f 338/338 339/339 336/336 331/331
f 339/339 340/340 337/337 336/336
f 341/341 342/342 340/340 339/339
f 343/343 341/341 339/339 338/338
f 242/242 344/344 345/345 240/240
f 240/240 345/345 330/330 237/237
f 345/345 338/338 331/331 330/330
f 344/344 343/343 338/338 345/345
f 251/251 346/346 344/344 242/242
f 346/346 347/347 343/343 344/344
f 348/348 349/349 347/347 346/346
f 253/253 348/348 346/346 251/251
f 347/347 350/350 341/341 343/343
f 350/350 351/351 342/342 341/341
f 352/352 353/353 351/351 350/350
f 349/349 352/352 350/350 347/347
f 354/354 355/355 352/352 349/349
f 355/355 356/356 353/353 352/352
f 357/357 358/358 356/356 355/355
f 359/359 357/357 355/355 354/354
f 360/360 361/361 256/256 258/258
f 256/256 361/361 348/348 253/253
f 361/361 354/354 349/349 348/348
f 360/360 359/359 354/354 361/361
f 267/267 362/362 360/360 258/258
f 362/362 363/363 359/359 360/360
f 364/364 365/365 363/363 362/362
f 364/364 362/362 267/267 269/269
f 363/363 366/366 357/357 359/359
f 366/366 367/367 358/358 357/357
f 368/368 369/369 367/367 366/366
f 365/365 368/368 366/366 363/363
f 370/370 371/371 368/368 365/365
f 371/371 372/372 369/369 368/368
f 373/373 374/374 372/372 371/371
f 373/373 371/371 370/370 375/375
f 376/376 377/377 272/272 274/274
f 272/272 377/377 364/364 269/269
f 377/377 370/370 365/365 364/364
f 376/376 375/375 370/370 377/377
f 286/286 378/378 379/379 287/287
f 378/378 380/380 381/381 379/379
f 382/382 383/383 380/380 378/378
f 289/289 382/382 378/378 286/286
f 380/380 384/384 385/385 381/381
f 384/384 386/386 387/387 385/385
f 388/388 389/389 386/386 384/384
f 383/383 388/388 384/384 380/380
f 390/390 391/391 388/388 383/383
f 391/391 392/392 389/389 388/388
f 393/393 394/394 392/392 391/391
f 395/395 393/393 391/391 390/390
f 292/292 396/396 382/382 289/289
f 396/396 390/390 383/383 382/382
f 397/397 395/395 390/390 396/396
f 294/294 397/397 396/396 292/292
f 303/303 398/398 397/397 294/294
f 398/398 399/399 395/395 397/397
f 400/400 401/401 399/399 398/398
f 305/305 400/400 398/398 303/303
f 399/399 402/402 393/393 395/395
f 402/402 403/403 394/394 393/393
f 404/404 405/405 403/403 402/402
f 401/401 404/404 402/402 399/399
f 406/406 407/407 404/404 401/401
f 407/407 408/408 405/405 404/404
f 409/409 410/410 408/408 407/407
f 411/411 409/409 407/407 406/406
f 308/308 412/412 400/400 305/305
f 412/412 406/406 401/401 400/400
f 413/413 411/411 406/406 412/412
f 310/310 413/413 412/412 308/308
f 321/321 414/414 415/415 319/319
f 319/319 415/415 413/413 310/310
f 415/415 416/416 411/411 413/413
f 414/414 417/417 416/416 415/415
f 416/416 418/418 409/409 411/411
f 418/418 419/419 410/410 409/409
f 420/420 419/419 418/418 421/421
f 421/421 418/418 416/416 417/417
f 422/422 423/423 421/421 417/417
f 424/424 420/420 421/421 423/423
f 333/333 335/335 424/424 423/423
f 333/333 423/423 422/422 329/329
f 425/425 414/414 321/321 324/324
f 425/425 422/422 417/417 414/414
f 327/327 329/329 422/422 425/425
f 235/235 327/327 425/425 324/324
f 334/334 426/426 427/427 335/335
f 426/426 428/428 429/429 427/427
f 430/430 431/431 428/428 426/426
f 337/337 430/430 426/426 334/334
f 428/428 432/432 433/433 429/429
f 432/432 434/434 435/435 433/433
f 436/436 437/437 434/434 432/432
f 431/431 436/436 432/432 428/428
f 438/438 439/439 436/436 431/431
f 439/439 440/440 437/437 436/436
f 441/441 442/442 440/440 439/439
f 443/443 441/441 439/439 438/438
f 340/340 444/444 430/430 337/337
f 444/444 438/438 431/431 430/430
f 445/445 443/443 438/438 444/444
f 342/342 445/445 444/444 340/340
f 351/351 446/446 445/445 342/342
f 446/446 447/447 443/443 445/445
f 448/448 449/449 447/447 446/446
f 353/353 448/448 446/446 351/351
f 447/447 450/450 441/441 443/443
f 450/450 451/451 442/442 441/441
f 452/452 453/453 451/451 450/450
f 449/449 452/452 450/450 447/447
f 454/454 455/455 452/452 449/449
f 455/455 456/456 453/453 452/452
f 457/457 458/458 456/456 455/455
f 459/459 457/457 455/455 454/454
f 356/356 460/460 448/448 353/353
f 460/460 454/454 449/449 448/448
f 461/461 459/459 454/454 460/460
f 358/358 461/461 460/460 356/356
f 369/369 462/462 463/463 367/367
f 367/367 463/463 461/461 358/358
f 463/463 464/464 459/459 461/461
f 462/462 465/465 464/464 463/463
f 466/466 457/457 459/459 464/464
f 466/466 467/467 458/458 457/457
f 468/468 469/469 467/467 466/466
f 465/465 468/468 466/466 464/464
f 470/470 468/468 465/465 471/471
f 470/470 472/472 469/469 468/468
f 473/473 472/472 470/470 474/474
f 475/475 474/474 470/470 471/471
f 476/476 462/462 369/369 372/372
f 476/476 471/471 465/465 462/462
f 477/477 475/475 471/471 476/476
f 374/374 477/477 476/476 372/372
f 386/386 478/478 479/479 387/387
f 478/478 480/480 481/481 479/479
f 482/482 483/483 480/480 478/478
f 389/389 482/482 478/478 386/386
f 480/480 484/484 485/485 481/481
f 484/484 486/486 487/487 485/485
f 488/488 489/489 486/486 484/484
f 483/483 488/488 484/484 480/480
f 490/490 491/491 488/488 483/483
f 491/491 492/492 489/489 488/488
f 493/493 494/494 492/492 491/491
f 495/495 493/493 491/491 490/490
f 392/392 496/496 482/482 389/389
f 496/496 490/490 483/483 482/482
f 497/497 495/495 490/490 496/496
f 394/394 497/497 496/496 392/392
f 403/403 498/498 497/497 394/394
f 498/498 499/499 495/495 497/497
f 500/500 501/501 499/499 498/498
f 405/405 500/500 498/498 403/403
f 499/499 502/502 493/493 495/495
f 502/502 503/503 494/494 493/493
f 504/504 505/505 503/503 502/502
f 501/501 504/504 502/502 499/499
f 506/506 507/507 504/504 501/501
f 507/507 508/508 505/505 504/504
f 509/509 510/510 508/508 507/507
f 511/511 509/509 507/507 506/506
f 512/512 513/513 408/408 410/410
f 408/408 513/513 500/500 405/405
f 513/513 506/506 501/501 500/500
f 512/512 511/511 506/506 513/513
f 419/419 514/514 512/512 410/410
f 514/514 515/515 511/511 512/512
f 516/516 515/515 514/514 517/517
f 517/517 514/514 419/419 420/420
f 516/516 518/518 519/519 515/515
f 519/519 509/509 511/511 515/515
f 519/519 520/520 510/510 509/509
f 518/518 521/521 520/520 519/519
f 522/522 518/518 516/516 523/523
f 522/522 524/524 521/521 518/518
f 433/433 435/435 524/524 522/522
f 429/429 433/433 522/522 523/523
f 427/427 525/525 424/424 335/335
f 424/424 525/525 517/517 420/420
f 525/525 523/523 516/516 517/517
f 427/427 429/429 523/523 525/525
f 437/437 526/526 527/527 434/434
f 527/527 528/528 435/435 434/434
f 527/527 529/529 530/530 528/528
f 526/526 531/531 529/529 527/527
f 532/532 533/533 530/530 529/529
f 532/532 534/534 535/535 533/533
f 536/536 537/537 534/534 532/532
f 531/531 536/536 532/532 529/529
f 538/538 536/536 531/531 539/539
f 538/538 540/540 537/537 536/536
f 541/541 542/542 540/540 538/538
f 543/543 541/541 538/538 539/539
f 544/544 526/526 437/437 440/440
f 544/544 539/539 531/531 526/526
f 545/545 543/543 539/539 544/544
f 442/442 545/545 544/544 440/440
f 453/453 546/546 547/547 451/451
f 451/451 547/547 545/545 442/442
f 547/547 548/548 543/543 545/545
f 546/546 549/549 548/548 547/547
f 550/550 541/541 543/543 548/548
f 550/550 551/551 542/542 541/541
f 552/552 553/553 551/551 550/550
f 549/549 552/552 550/550 548/548
f 554/554 552/552 549/549 555/555
f 554/554 556/556 553/553 552/552
f 557/557 556/556 554/554 558/558
f 559/559 558/558 554/554 555/555
f 456/456 560/560 546/546 453/453
f 560/560 555/555 549/549 546/546
f 561/561 559/559 555/555 560/560
f 458/458 561/561 560/560 456/456
f 469/469 562/562 563/563 467/467
f 563/563 561/561 458/458 467/467
f 563/563 564/564 559/559 561/561
f 565/565 564/564 563/563 562/562
f 565/565 566/566 567/567 564/564
f 567/567 558/558 559/559 564/564
f 568/568 557/557 558/558 567/567
f 569/569 568/568 567/567 566/566
f 570/570 571/571 572/572 573/573
f 572/572 566/566 565/565 573/573
f 574/574 569/569 566/566 572/572
f 575/575 574/574 572/572 571/571
f 576/576 562/562 469/469 472/472
f 573/573 565/565 562/562 576/576
f 570/570 573/573 576/576 577/577
f 473/473 577/577 576/576 472/472
f 489/489 578/578 579/579 486/486
f 486/486 579/579 580/580 487/487
f 579/579 581/581 582/582 580/580
f 578/578 583/583 581/581 579/579
f 584/584 585/585 582/582 581/581
f 584/584 586/586 587/587 585/585
f 588/588 589/589 586/586 584/584
f 583/583 588/588 584/584 581/581
f 590/590 588/588 583/583 591/591
f 590/590 592/592 589/589 588/588
f 593/593 594/594 592/592 590/590
f 595/595 593/593 590/590 591/591
f 596/596 578/578 489/489 492/492
f 596/596 591/591 583/583 578/578
f 597/597 595/595 591/591 596/596
f 494/494 597/597 596/596 492/492
f 505/505 598/598 599/599 503/503
f 599/599 597/597 494/494 503/503
f 599/599 600/600 595/595 597/597
f 598/598 601/601 600/600 599/599
f 602/602 593/593 595/595 600/600
f 602/602 603/603 594/594 593/593
f 604/604 605/605 603/603 602/602
f 601/601 604/604 602/602 600/600
f 606/606 604/604 601/601 607/607
f 606/606 608/608 605/605 604/604
f 609/609 610/610 608/608 606/606
f 611/611 609/609 606/606 607/607
f 612/612 598/598 505/505 508/508
f 612/612 607/607 601/601 598/598
f 613/613 611/611 607/607 612/612
f 510/510 613/613 612/612 508/508
f 521/521 614/614 615/615 520/520
f 615/615 613/613 510/510 520/520
f 615/615 616/616 611/611 613/613
f 614/614 617/617 616/616 615/615
f 618/618 609/609 611/611 616/616
f 618/618 619/619 610/610 609/609
f 620/620 621/621 619/619 618/618
f 617/617 620/620 618/618 616/616
f 622/622 620/620 617/617 623/623
f 622/622 624/624 621/621 620/620
f 533/533 535/535 624/624 622/622
f 530/530 533/533 622/622 623/623
f 625/625 614/614 521/521 524/524
f 625/625 623/623 617/617 614/614
f 528/528 530/530 623/623 625/625
f 435/435 528/528 625/625 524/524
f 626/626 627/627 628/628 629/629
f 627/627 534/534 537/537 628/628
f 630/630 535/535 534/534 627/627
f 631/631 630/630 627/627 626/626
f 632/632 633/633 634/634 635/635
f 634/634 633/633 636/636 637/637
f 633/633 626/626 629/629 636/636
f 632/632 631/631 626/626 633/633
f 638/638 639/639 640/640 641/641
f 639/639 642/642 643/643 640/640
f 636/636 629/629 642/642 639/639
f 636/636 639/639 638/638 637/637
f 642/642 644/644 645/645 643/643
f 644/644 540/540 542/542 645/645
f 628/628 537/537 540/540 644/644
f 629/629 628/628 644/644 642/642
f 646/646 647/647 648/648 649/649
f 647/647 551/551 553/553 648/648
f 645/645 542/542 551/551 647/647
f 643/643 645/645 647/647 646/646
f 640/640 650/650 1412/651 641/641
f 1412/651 650/650 652/652 1407/653
f 650/650 646/646 649/649 652/652
f 640/640 643/643 646/646 650/650
f 1408/654 655/655 656/656 1409/657
f 655/655 658/658 659/659 656/656
f 652/652 649/649 658/658 655/655
f 652/652 655/655 1408/654 1407/653
f 658/658 660/660 661/661 659/659
f 660/660 556/556 557/557 661/661
f 648/648 553/553 556/556 660/660
f 649/649 648/648 660/660 658/658
f 662/662 663/663 664/664 665/665
f 663/663 568/568 569/569 664/664
f 661/661 557/557 568/568 663/663
f 659/659 661/661 663/663 662/662
f 656/656 666/666 1404/667 1409/657
f 1404/667 666/666 668/668 1398/669
f 666/666 662/662 665/665 668/668
f 656/656 659/659 662/662 666/666
f 1399/670 671/671 1411/672 1400/673
f 671/671 674/674 1410/675 1411/672
f 668/668 665/665 674/674 671/671
f 1398/669 668/668 671/671 1399/670
f 676/676 677/677 1410/675 674/674
f 676/676 574/574 575/575 677/677
f 664/664 569/569 574/574 676/676
f 665/665 664/664 676/676 674/674
f 678/678 679/679 680/680 681/681
f 679/679 682/682 683/683 680/680
f 586/586 589/589 682/682 679/679
f 587/587 586/586 679/679 678/678
f 684/684 685/685 686/686 687/687
f 685/685 688/688 689/689 686/686
f 680/680 683/683 688/688 685/685
f 681/681 680/680 685/685 684/684
f 690/690 691/691 692/692 693/693
f 694/694 695/695 691/691 690/690
f 683/683 694/694 690/690 688/688
f 688/688 690/690 693/693 689/689
f 682/682 696/696 694/694 683/683
f 696/696 697/697 695/695 694/694
f 594/594 697/697 696/696 592/592
f 589/589 592/592 696/696 682/682
f 697/697 698/698 699/699 695/695
f 698/698 700/700 701/701 699/699
f 605/605 700/700 698/698 603/603
f 594/594 603/603 698/698 697/697
f 691/691 702/702 1406/703 692/692
f 702/702 704/704 705/705 1406/703
f 699/699 701/701 704/704 702/702
f 695/695 699/699 702/702 691/691
f 706/706 707/707 708/708 709/709
f 710/710 711/711 708/708 707/707
f 701/701 710/710 707/707 704/704
f 704/704 707/707 706/706 705/705
f 700/700 712/712 710/710 701/701
f 712/712 713/713 711/711 710/710
f 610/610 713/713 712/712 608/608
f 712/712 700/700 605/605 608/608
f 714/714 715/715 716/716 717/717
f 621/621 715/715 714/714 619/619
f 714/714 713/713 610/610 619/619
f 711/711 713/713 714/714 717/717
f 708/708 718/718 1401/719 709/709
f 1401/719 718/718 720/720 1402/721
f 718/718 717/717 716/716 720/720
f 711/711 717/717 718/718 708/708
f 1403/722 723/723 632/632 635/635
f 723/723 724/724 631/631 632/632
f 720/720 716/716 724/724 723/723
f 720/720 723/723 1403/722 1402/721
f 724/724 725/725 630/630 631/631
f 535/535 630/630 725/725 624/624
f 725/725 715/715 621/621 624/624
f 716/716 715/715 725/725 724/724
f 726/726 727/727 728/728 729/729
f 727/727 730/730 731/731 728/728
f 732/732 733/733 730/730 727/727
f 734/734 732/732 727/727 726/726
f 730/730 735/735 736/736 731/731
f 735/735 737/737 738/738 736/736
f 739/739 740/740 737/737 735/735
f 733/733 739/739 735/735 730/730
f 741/741 742/742 739/739 733/733
f 742/742 743/743 740/740 739/739
f 744/744 745/745 743/743 742/742
f 746/746 744/744 742/742 741/741
f 747/747 748/748 732/732 734/734
f 748/748 741/741 733/733 732/732
f 749/749 746/746 741/741 748/748
f 750/750 749/749 748/748 747/747
f 737/737 751/751 752/752 738/738
f 751/751 753/753 754/754 752/752
f 755/755 756/756 753/753 751/751
f 740/740 755/755 751/751 737/737
f 753/753 757/757 758/758 754/754
f 757/757 759/759 760/760 758/758
f 761/761 762/762 759/759 757/757
f 756/756 761/761 757/757 753/753
f 763/763 764/764 761/761 756/756
f 764/764 765/765 762/762 761/761
f 766/766 767/767 765/765 764/764
f 768/768 766/766 764/764 763/763
f 743/743 769/769 755/755 740/740
f 769/769 763/763 756/756 755/755
f 770/770 768/768 763/763 769/769
f 745/745 770/770 769/769 743/743
f 759/759 771/771 772/772 760/760
f 771/771 773/773 774/774 772/772
f 775/775 776/776 773/773 771/771
f 762/762 775/775 771/771 759/759
f 773/773 777/777 778/778 774/774
f 777/777 64/64 65/65 778/778
f 779/56 61/61 64/64 777/63
f 776/776 779/56 777/63 773/773
f 780/779 781/780 779/56 776/776
f 779/56 781/780 59/59 61/61
f 782/58 60/60 59/59 781/57
f 783/781 782/58 781/57 780/779
f 765/765 784/782 775/775 762/762
f 784/782 780/779 776/776 775/775
f 785/783 783/781 780/779 784/782
f 767/767 785/783 784/782 765/765
f 786/784 787/785 788/786 789/787
f 789/787 788/786 790/788 791/789
f 792/790 793/791 790/788 788/786
f 794/792 792/790 788/786 787/785
f 790/788 795/793 796/794 791/789
f 795/793 797/795 798/796 796/794
f 799/797 800/798 797/795 795/793
f 793/791 799/797 795/793 790/788
f 801/799 802/800 799/797 793/791
f 802/800 803/801 800/798 799/797
f 804/802 805/803 803/801 802/800
f 806/804 804/802 802/800 801/799
f 807/805 808/806 792/790 794/792
f 808/806 801/799 793/791 792/790
f 809/807 806/804 801/799 808/806
f 810/808 809/807 808/806 807/805
f 797/795 811/809 812/810 798/796
f 811/809 813/811 814/812 812/810
f 815/813 816/814 813/811 811/809
f 800/798 815/813 811/809 797/795
f 813/811 817/815 818/816 814/812
f 817/815 819/817 820/818 818/816
f 821/819 822/820 819/817 817/815
f 816/814 821/819 817/815 813/811
f 823/821 824/822 821/819 816/814
f 824/822 825/823 822/820 821/819
f 826/824 827/825 825/823 824/822
f 828/826 826/824 824/822 823/821
f 803/801 829/827 815/813 800/798
f 829/827 823/821 816/814 815/813
f 830/828 828/826 823/821 829/827
f 805/803 830/828 829/827 803/801
f 819/817 831/829 832/830 820/818
f 831/829 833/831 834/832 832/830
f 835/833 836/834 833/831 831/829
f 822/820 835/833 831/829 819/817
f 833/831 837/835 838/836 834/832
f 837/835 726/726 729/729 838/836
f 839/837 734/734 726/726 837/835
f 836/834 839/837 837/835 833/831
f 840/838 841/839 839/837 836/834
f 841/839 747/747 734/734 839/837
f 842/840 750/750 747/747 841/839
f 843/841 842/840 841/839 840/838
f 825/823 844/842 835/833 822/820
f 844/842 840/838 836/834 835/833
f 845/843 843/841 840/838 844/842
f 827/825 845/843 844/842 825/823
f 846/844 847/845 746/746 749/749
f 848/846 849/847 847/845 846/844
f 850/848 848/846 846/844 851/849
f 851/849 846/844 749/749 750/750
f 847/845 852/850 744/744 746/746
f 852/850 853/851 745/745 744/744
f 854/852 855/853 853/851 852/850
f 849/847 854/852 852/850 847/845
f 849/847 856/854 857/855 854/852
f 857/855 858/856 855/853 854/852
f 859/857 860/858 858/856 857/855
f 861/859 859/857 857/855 856/854
f 862/860 863/861 848/846 850/848
f 863/861 856/854 849/847 848/846
f 864/862 861/859 856/854 863/861
f 865/863 864/862 863/861 862/860
f 853/851 866/864 770/770 745/745
f 866/864 867/865 768/768 770/770
f 868/866 869/867 867/865 866/864
f 855/853 868/866 866/864 853/851
f 870/868 871/869 767/767 766/766
f 872/870 873/871 871/869 870/868
f 869/867 872/870 870/868 867/865
f 867/865 870/868 766/766 768/768
f 874/872 875/873 872/870 869/867
f 872/870 875/873 876/874 873/871
f 877/875 878/876 876/874 875/873
f 879/877 877/875 875/873 874/872
f 855/853 858/856 880/878 868/866
f 880/878 874/872 869/867 868/866
f 881/879 879/877 874/872 880/878
f 860/858 881/879 880/878 858/856
f 871/869 882/880 785/783 767/767
f 785/783 882/880 883/881 783/781
f 884/882 885/883 883/881 882/880
f 873/871 884/882 882/880 871/869
f 782/58 886/177 176/176 60/60
f 887/170 175/175 176/176 886/177
f 885/883 887/170 886/177 883/881
f 883/881 886/177 782/58 783/781
f 888/884 889/885 887/170 885/883
f 887/170 889/885 173/173 175/175
f 890/172 174/174 173/173 889/171
f 891/886 890/172 889/171 888/884
f 876/874 892/887 884/882 873/871
f 884/882 892/887 888/884 885/883
f 893/888 891/886 888/884 892/887
f 878/876 893/888 892/887 876/874
f 894/889 895/890 809/807 810/808
f 895/890 896/891 806/804 809/807
f 897/892 898/893 896/891 895/890
f 899/894 897/892 895/890 894/889
f 896/891 900/895 804/802 806/804
f 900/895 901/896 805/803 804/802
f 902/897 903/898 901/896 900/895
f 898/893 902/897 900/895 896/891
f 904/899 905/900 902/897 898/893
f 905/900 906/901 903/898 902/897
f 907/902 908/903 906/901 905/900
f 909/904 907/902 905/900 904/899
f 910/905 911/906 897/892 899/894
f 911/906 904/899 898/893 897/892
f 912/907 909/904 904/899 911/906
f 913/908 912/907 911/906 910/905
f 901/896 914/909 830/828 805/803
f 914/909 915/910 828/826 830/828
f 916/911 917/912 915/910 914/909
f 903/898 916/911 914/909 901/896
f 915/910 918/913 826/824 828/826
f 918/913 919/914 827/825 826/824
f 920/915 921/916 919/914 918/913
f 917/912 920/915 918/913 915/910
f 922/917 923/918 920/915 917/912
f 923/918 924/919 921/916 920/915
f 925/920 926/921 924/919 923/918
f 927/922 925/920 923/918 922/917
f 906/901 928/923 916/911 903/898
f 928/923 922/917 917/912 916/911
f 929/924 927/922 922/917 928/923
f 908/903 929/924 928/923 906/901
f 919/914 930/925 845/843 827/825
f 930/925 931/926 843/841 845/843
f 932/927 933/928 931/926 930/925
f 921/916 932/927 930/925 919/914
f 931/926 934/929 842/840 843/841
f 934/929 851/849 750/750 842/840
f 935/930 850/848 851/849 934/929
f 933/928 935/930 934/929 931/926
f 936/931 937/932 935/930 933/928
f 937/932 862/860 850/848 935/930
f 938/933 865/863 862/860 937/932
f 939/934 938/933 937/932 936/931
f 924/919 940/935 932/927 921/916
f 940/935 936/931 933/928 932/927
f 941/936 939/934 936/931 940/935
f 926/921 941/936 940/935 924/919
f 942/937 943/938 864/862 865/863
f 943/938 944/939 861/859 864/862
f 945/940 946/941 944/939 943/938
f 947/942 945/940 943/938 942/937
f 944/939 948/943 859/857 861/859
f 948/943 949/944 860/858 859/857
f 950/945 951/946 949/944 948/943
f 946/941 950/945 948/943 944/939
f 952/947 953/948 950/945 946/941
f 950/945 953/948 954/949 951/946
f 955/950 956/951 954/949 953/948
f 957/952 955/950 953/948 952/947
f 947/942 958/953 959/954 945/940
f 959/954 952/947 946/941 945/940
f 960/955 957/952 952/947 959/954
f 961/956 960/955 959/954 958/953
f 949/944 962/957 881/879 860/858
f 962/957 963/958 879/877 881/879
f 964/959 965/960 963/958 962/957
f 951/946 964/959 962/957 949/944
f 963/958 966/961 877/875 879/877
f 966/961 967/962 878/876 877/875
f 968/963 969/964 967/962 966/961
f 965/960 968/963 966/961 963/958
f 970/965 971/966 968/963 965/960
f 968/963 971/966 972/967 969/964
f 973/968 974/969 972/967 971/966
f 975/970 973/968 971/966 970/965
f 954/949 976/971 964/959 951/946
f 964/959 976/971 970/965 965/960
f 977/972 975/970 970/965 976/971
f 956/951 977/972 976/971 954/949
f 967/962 978/973 893/888 878/876
f 978/973 979/974 891/886 893/888
f 980/975 981/976 979/974 978/973
f 969/964 980/975 978/973 967/962
f 979/974 982/977 890/172 891/886
f 982/977 277/277 174/174 890/172
f 983/270 275/275 277/277 982/276
f 981/976 983/270 982/276 979/974
f 984/978 985/979 983/270 981/976
f 983/270 985/979 273/273 275/275
f 986/272 274/274 273/273 985/271
f 987/980 986/272 985/271 984/978
f 972/967 988/981 980/975 969/964
f 980/975 988/981 984/978 981/976
f 989/982 987/980 984/978 988/981
f 974/969 989/982 988/981 972/967
f 990/983 991/984 912/907 913/908
f 991/984 992/985 909/904 912/907
f 993/986 994/987 992/985 991/984
f 995/988 993/986 991/984 990/983
f 992/985 996/989 907/902 909/904
f 996/989 997/990 908/903 907/902
f 998/991 999/992 997/990 996/989
f 994/987 998/991 996/989 992/985
f 1000/993 1001/994 998/991 994/987
f 1001/994 1002/995 999/992 998/991
f 1003/996 1004/997 1002/995 1001/994
f 1005/998 1003/996 1001/994 1000/993
f 1006/999 1007/1000 993/986 995/988
f 1007/1000 1000/993 994/987 993/986
f 1008/1001 1005/998 1000/993 1007/1000
f 1009/1002 1008/1001 1007/1000 1006/999
f 997/990 1010/1003 929/924 908/903
f 1010/1003 1011/1004 927/922 929/924
f 1012/1005 1013/1006 1011/1004 1010/1003
f 999/992 1012/1005 1010/1003 997/990
f 1011/1004 1014/1007 925/920 927/922
f 1014/1007 1015/1008 926/921 925/920
f 1016/1009 1017/1010 1015/1008 1014/1007
f 1013/1006 1016/1009 1014/1007 1011/1004
f 1018/1011 1019/1012 1016/1009 1013/1006
f 1019/1012 1020/1013 1017/1010 1016/1009
f 1021/1014 1022/1015 1020/1013 1019/1012
f 1023/1016 1021/1014 1019/1012 1018/1011
f 1002/995 1024/1017 1012/1005 999/992
f 1024/1017 1018/1011 1013/1006 1012/1005
f 1025/1018 1023/1016 1018/1011 1024/1017
f 1004/997 1025/1018 1024/1017 1002/995
f 1026/1019 1027/1020 939/934 941/936
f 1028/1021 1029/1022 1027/1020 1026/1019
f 1017/1010 1028/1021 1026/1019 1015/1008
f 1015/1008 1026/1019 941/936 926/921
f 1027/1020 1030/1023 938/933 939/934
f 1030/1023 942/937 865/863 938/933
f 1031/1024 947/942 942/937 1030/1023
f 1029/1022 1031/1024 1030/1023 1027/1020
f 1029/1022 1032/1025 1033/1026 1031/1024
f 1033/1026 958/953 947/942 1031/1024
f 1034/1027 961/956 958/953 1033/1026
f 1035/1028 1034/1027 1033/1026 1032/1025
f 1020/1013 1036/1029 1028/1021 1017/1010
f 1036/1029 1032/1025 1029/1022 1028/1021
f 1037/1030 1035/1028 1032/1025 1036/1029
f 1022/1015 1037/1030 1036/1029 1020/1013
f 1038/1031 1039/1032 960/955 961/956
f 1039/1032 1040/1033 957/952 960/955
f 1041/1034 1042/1035 1040/1033 1039/1032
f 1043/1036 1041/1034 1039/1032 1038/1031
f 1044/1037 1045/1038 956/951 955/950
f 1046/1039 1047/1040 1045/1038 1044/1037
f 1042/1035 1046/1039 1044/1037 1040/1033
f 1040/1033 1044/1037 955/950 957/952
f 1048/1041 1049/1042 1046/1039 1042/1035
f 1049/1042 1050/1043 1047/1040 1046/1039
f 1051/1044 1052/1045 1050/1043 1049/1042
f 1053/1046 1051/1044 1049/1042 1048/1041
f 1054/1047 1055/1048 1041/1034 1043/1036
f 1055/1048 1048/1041 1042/1035 1041/1034
f 1056/1049 1053/1046 1048/1041 1055/1048
f 1057/1050 1056/1049 1055/1048 1054/1047
f 1045/1038 1058/1051 977/972 956/951
f 1058/1051 1059/1052 975/970 977/972
f 1060/1053 1061/1054 1059/1052 1058/1051
f 1047/1040 1060/1053 1058/1051 1045/1038
f 973/968 1062/1055 1063/1056 974/969
f 1064/1057 1065/1058 1063/1056 1062/1055
f 1061/1054 1064/1057 1062/1055 1059/1052
f 1059/1052 1062/1055 973/968 975/970
f 1066/1059 1067/1060 1064/1057 1061/1054
f 1067/1060 1068/1061 1065/1058 1064/1057
f 1069/1062 1070/1063 1068/1061 1067/1060
f 1071/1064 1069/1062 1067/1060 1066/1059
f 1050/1043 1072/1065 1060/1053 1047/1040
f 1072/1065 1066/1059 1061/1054 1060/1053
f 1073/1066 1071/1064 1066/1059 1072/1065
f 1052/1045 1073/1066 1072/1065 1050/1043
f 1063/1056 1074/1067 989/982 974/969
f 989/982 1074/1067 1075/1068 987/980
f 1076/1069 1077/1070 1075/1068 1074/1067
f 1065/1058 1076/1069 1074/1067 1063/1056
f 986/272 1078/377 376/376 274/274
f 1079/370 375/375 376/376 1078/377
f 1077/1070 1079/370 1078/377 1075/1068
f 1075/1068 1078/377 986/272 987/980
f 1080/1071 1081/1072 1079/370 1077/1070
f 1079/370 1081/1072 373/373 375/375
f 1082/372 374/374 373/373 1081/371
f 1083/1073 1082/372 1081/371 1080/1071
f 1068/1061 1084/1074 1076/1069 1065/1058
f 1084/1074 1080/1071 1077/1070 1076/1069
f 1085/1075 1083/1073 1080/1071 1084/1074
f 1070/1063 1085/1075 1084/1074 1068/1061
f 1086/1076 1087/1077 1008/1001 1009/1002
f 1087/1077 1088/1078 1005/998 1008/1001
f 1089/1079 1090/1080 1088/1078 1087/1077
f 1091/1081 1089/1079 1087/1077 1086/1076
f 1088/1078 1092/1082 1003/996 1005/998
f 1092/1082 1093/1083 1004/997 1003/996
f 1094/1084 1095/1085 1093/1083 1092/1082
f 1090/1080 1094/1084 1092/1082 1088/1078
f 1096/1086 1097/1087 1094/1084 1090/1080
f 1097/1087 1098/1088 1095/1085 1094/1084
f 1099/1089 1100/1090 1098/1088 1097/1087
f 1101/1091 1099/1089 1097/1087 1096/1086
f 1102/1092 1103/1093 1089/1079 1091/1081
f 1103/1093 1096/1086 1090/1080 1089/1079
f 1104/1094 1101/1091 1096/1086 1103/1093
f 1105/1095 1104/1094 1103/1093 1102/1092
f 1093/1083 1106/1096 1025/1018 1004/997
f 1106/1096 1107/1097 1023/1016 1025/1018
f 1108/1098 1109/1099 1107/1097 1106/1096
f 1095/1085 1108/1098 1106/1096 1093/1083
f 1107/1097 1110/1100 1021/1014 1023/1016
f 1110/1100 1111/1101 1022/1015 1021/1014
f 1112/1102 1113/1103 1111/1101 1110/1100
f 1109/1099 1112/1102 1110/1100 1107/1097
f 1114/1104 1115/1105 1112/1102 1109/1099
f 1115/1105 1116/1106 1113/1103 1112/1102
f 1117/1107 1118/1108 1116/1106 1115/1105
f 1119/1109 1117/1107 1115/1105 1114/1104
f 1098/1088 1120/1110 1108/1098 1095/1085
f 1120/1110 1114/1104 1109/1099 1108/1098
f 1121/1111 1119/1109 1114/1104 1120/1110
f 1100/1090 1121/1111 1120/1110 1098/1088
f 1122/1112 1123/1113 1035/1028 1037/1030
f 1124/1114 1125/1115 1123/1113 1122/1112
f 1113/1103 1124/1114 1122/1112 1111/1101
f 1111/1101 1122/1112 1037/1030 1022/1015
f 1035/1028 1123/1113 1126/1116 1034/1027
f 1126/1116 1038/1031 961/956 1034/1027
f 1127/1117 1043/1036 1038/1031 1126/1116
f 1125/1115 1127/1117 1126/1116 1123/1113
f 1128/1118 1129/1119 1127/1117 1125/1115
f 1127/1117 1129/1119 1054/1047 1043/1036
f 1130/1120 1057/1050 1054/1047 1129/1119
f 1128/1118 1131/1121 1130/1120 1129/1119
f 1116/1106 1132/1122 1124/1114 1113/1103
f 1124/1114 1132/1122 1128/1118 1125/1115
f 1132/1122 1133/1123 1131/1121 1128/1118
f 1118/1108 1133/1123 1132/1122 1116/1106
f 1134/1124 1135/1125 1056/1049 1057/1050
f 1135/1125 1136/1126 1053/1046 1056/1049
f 1137/1127 1138/1128 1136/1126 1135/1125
f 1139/1129 1137/1127 1135/1125 1134/1124
f 1136/1126 1140/1130 1051/1044 1053/1046
f 1140/1130 1141/1131 1052/1045 1051/1044
f 1142/1132 1143/1133 1141/1131 1140/1130
f 1138/1128 1142/1132 1140/1130 1136/1126
f 1144/1134 1145/1135 1142/1132 1138/1128
f 1145/1135 1146/1136 1143/1133 1142/1132
f 1147/1137 1148/1138 1146/1136 1145/1135
f 1149/1139 1147/1137 1145/1135 1144/1134
f 1150/1140 1151/1141 1137/1127 1139/1129
f 1151/1141 1144/1134 1138/1128 1137/1127
f 1152/1142 1149/1139 1144/1134 1151/1141
f 1153/1143 1152/1142 1151/1141 1150/1140
f 1141/1131 1154/1144 1073/1066 1052/1045
f 1154/1144 1155/1145 1071/1064 1073/1066
f 1156/1146 1157/1147 1155/1145 1154/1144
f 1143/1133 1156/1146 1154/1144 1141/1131
f 1155/1145 1158/1148 1069/1062 1071/1064
f 1158/1148 1159/1149 1070/1063 1069/1062
f 1160/1150 1161/1151 1159/1149 1158/1148
f 1157/1147 1160/1150 1158/1148 1155/1145
f 1162/1152 1163/1153 1160/1150 1157/1147
f 1163/1153 1164/1154 1161/1151 1160/1150
f 1165/1155 1166/1156 1164/1154 1163/1153
f 1167/1157 1165/1155 1163/1153 1162/1152
f 1146/1136 1168/1158 1156/1146 1143/1133
f 1168/1158 1162/1152 1157/1147 1156/1146
f 1169/1159 1167/1157 1162/1152 1168/1158
f 1148/1138 1169/1159 1168/1158 1146/1136
f 1170/1160 1171/1161 1083/1073 1085/1075
f 1172/1162 1173/1163 1171/1161 1170/1160
f 1161/1151 1172/1162 1170/1160 1159/1149
f 1159/1149 1170/1160 1085/1075 1070/1063
f 1083/1073 1171/1161 1174/1164 1082/372
f 1174/1164 477/477 374/374 1082/372
f 1175/471 475/475 477/477 1174/476
f 1173/1163 1175/471 1174/476 1171/1161
f 1173/1163 1176/1165 1177/1166 1175/471
f 1177/1166 474/474 475/475 1175/471
f 1177/1166 1178/472 473/473 474/474
f 1179/1167 1178/472 1177/1166 1176/1165
f 1161/1151 1164/1154 1180/1168 1172/1162
f 1180/1168 1176/1165 1173/1163 1172/1162
f 1181/1169 1179/1167 1176/1165 1180/1168
f 1166/1156 1181/1169 1180/1168 1164/1154
f 1182/1170 1183/1171 1104/1094 1105/1095
f 1183/1171 1184/1172 1101/1091 1104/1094
f 1185/1173 1186/1174 1184/1172 1183/1171
f 1187/1175 1185/1173 1183/1171 1182/1170
f 1184/1172 1188/1176 1099/1089 1101/1091
f 1188/1176 1189/1177 1100/1090 1099/1089
f 1190/1178 1191/1179 1189/1177 1188/1176
f 1186/1174 1190/1178 1188/1176 1184/1172
f 1192/1180 1193/1181 1190/1178 1186/1174
f 1193/1181 1194/1182 1191/1179 1190/1178
f 1195/1183 1196/1184 1194/1182 1193/1181
f 1197/1185 1195/1183 1193/1181 1192/1180
f 1198/1186 1199/1187 1185/1173 1187/1175
f 1199/1187 1192/1180 1186/1174 1185/1173
f 1200/1188 1197/1185 1192/1180 1199/1187
f 1201/1189 1200/1188 1199/1187 1198/1186
f 1189/1177 1202/1190 1121/1111 1100/1090
f 1202/1190 1203/1191 1119/1109 1121/1111
f 1204/1192 1205/1193 1203/1191 1202/1190
f 1191/1179 1204/1192 1202/1190 1189/1177
f 1117/1107 1206/1194 1207/1195 1118/1108
f 1208/1196 1209/1197 1207/1195 1206/1194
f 1205/1193 1208/1196 1206/1194 1203/1191
f 1203/1191 1206/1194 1117/1107 1119/1109
f 1210/1198 1211/1199 1208/1196 1205/1193
f 1211/1199 1212/1200 1209/1197 1208/1196
f 1213/1201 1214/1202 1212/1200 1211/1199
f 1215/1203 1213/1201 1211/1199 1210/1198
f 1194/1182 1216/1204 1204/1192 1191/1179
f 1216/1204 1210/1198 1205/1193 1204/1192
f 1217/1205 1215/1203 1210/1198 1216/1204
f 1196/1184 1217/1205 1216/1204 1194/1182
f 1207/1195 1218/1206 1133/1123 1118/1108
f 1133/1123 1218/1206 1219/1207 1131/1121
f 1218/1206 1220/1208 1221/1209 1219/1207
f 1209/1197 1220/1208 1218/1206 1207/1195
f 1130/1120 1222/1210 1134/1124 1057/1050
f 1223/1211 1139/1129 1134/1124 1222/1210
f 1221/1209 1223/1211 1222/1210 1219/1207
f 1219/1207 1222/1210 1130/1120 1131/1121
f 1221/1209 1224/1212 1225/1213 1223/1211
f 1225/1213 1150/1140 1139/1129 1223/1211
f 1226/1214 1153/1143 1150/1140 1225/1213
f 1227/1215 1226/1214 1225/1213 1224/1212
f 1228/1216 1224/1212 1221/1209 1220/1208
f 1229/1217 1227/1215 1224/1212 1228/1216
f 1214/1202 1229/1217 1228/1216 1212/1200
f 1209/1197 1212/1200 1228/1216 1220/1208
f 1230/1218 1231/1219 1149/1139 1152/1142
f 1232/1220 1233/1221 1231/1219 1230/1218
f 1234/1222 1232/1220 1230/1218 1235/1223
f 1153/1143 1235/1223 1230/1218 1152/1142
f 1149/1139 1231/1219 1236/1224 1147/1137
f 1236/1224 1237/1225 1148/1138 1147/1137
f 1238/1226 1239/1227 1237/1225 1236/1224
f 1233/1221 1238/1226 1236/1224 1231/1219
f 1233/1221 1240/1228 1241/1229 1238/1226
f 1241/1229 1242/1230 1239/1227 1238/1226
f 1243/1231 1244/1232 1242/1230 1241/1229
f 1245/1233 1243/1231 1241/1229 1240/1228
f 1234/1222 1246/1234 1247/1235 1232/1220
f 1247/1235 1240/1228 1233/1221 1232/1220
f 1248/1236 1245/1233 1240/1228 1247/1235
f 1249/1237 1248/1236 1247/1235 1246/1234
f 1250/1238 1251/1239 1167/1157 1169/1159
f 1252/1240 1253/1241 1251/1239 1250/1238
f 1239/1227 1252/1240 1250/1238 1237/1225
f 1237/1225 1250/1238 1169/1159 1148/1138
f 1251/1239 1254/1242 1165/1155 1167/1157
f 1254/1242 1255/1243 1166/1156 1165/1155
f 1256/1244 1257/1245 1255/1243 1254/1242
f 1253/1241 1256/1244 1254/1242 1251/1239
f 1253/1241 1258/1246 1259/1247 1256/1244
f 1259/1247 1260/1248 1257/1245 1256/1244
f 1259/1247 1261/1249 1262/1250 1260/1248
f 1263/1251 1261/1249 1259/1247 1258/1246
f 1239/1227 1242/1230 1264/1252 1252/1240
f 1264/1252 1258/1246 1253/1241 1252/1240
f 1265/1253 1263/1251 1258/1246 1264/1252
f 1244/1232 1265/1253 1264/1252 1242/1230
f 1266/1254 1267/1255 1179/1167 1181/1169
f 1266/1254 1268/1256 1269/1257 1267/1255
f 1257/1245 1268/1256 1266/1254 1255/1243
f 1166/1156 1255/1243 1266/1254 1181/1169
f 1179/1167 1267/1255 1270/1258 1178/472
f 1270/1258 577/577 473/473 1178/472
f 1270/1258 1271/573 570/570 577/577
f 1267/1255 1269/1257 1271/573 1270/1258
f 1272/572 571/571 570/570 1271/573
f 1272/572 1273/574 575/575 571/571
f 1274/1259 1275/1260 1273/574 1272/572
f 1269/1257 1274/1259 1272/572 1271/573
f 1276/1261 1274/1259 1269/1257 1268/1256
f 1276/1261 1277/1262 1275/1260 1274/1259
f 1260/1248 1262/1250 1277/1262 1276/1261
f 1257/1245 1260/1248 1276/1261 1268/1256
f 1278/1263 1279/1264 1197/1185 1200/1188
f 1280/1265 1281/1266 1279/1264 1278/1263
f 1282/1267 1280/1265 1278/1263 1283/1268
f 1283/1268 1278/1263 1200/1188 1201/1189
f 1197/1185 1279/1264 1284/1269 1195/1183
f 1284/1269 1285/1270 1196/1184 1195/1183
f 1286/1271 1287/1272 1285/1270 1284/1269
f 1281/1266 1286/1271 1284/1269 1279/1264
f 1281/1266 1288/1273 1289/1274 1286/1271
f 1289/1274 1290/1275 1287/1272 1286/1271
f 1291/1276 1292/1277 1290/1275 1289/1274
f 1293/1278 1291/1276 1289/1274 1288/1273
f 1282/1267 1294/1279 1295/1280 1280/1265
f 1295/1280 1288/1273 1281/1266 1280/1265
f 1296/1281 1293/1278 1288/1273 1295/1280
f 1297/1282 1296/1281 1295/1280 1294/1279
f 1298/1283 1299/1284 1215/1203 1217/1205
f 1300/1285 1301/1286 1299/1284 1298/1283
f 1287/1272 1300/1285 1298/1283 1285/1270
f 1196/1184 1285/1270 1298/1283 1217/1205
f 1215/1203 1299/1284 1302/1287 1213/1201
f 1302/1287 1303/1288 1214/1202 1213/1201
f 1304/1289 1305/1290 1303/1288 1302/1287
f 1301/1286 1304/1289 1302/1287 1299/1284
f 1301/1286 1306/1291 1307/1292 1304/1289
f 1307/1292 1308/1293 1305/1290 1304/1289
f 1309/1294 1310/1295 1308/1293 1307/1292
f 1311/1296 1309/1294 1307/1292 1306/1291
f 1287/1272 1290/1275 1312/1297 1300/1285
f 1312/1297 1306/1291 1301/1286 1300/1285
f 1313/1298 1311/1296 1306/1291 1312/1297
f 1292/1277 1313/1298 1312/1297 1290/1275
f 1314/1299 1315/1300 1227/1215 1229/1217
f 1316/1301 1317/1302 1315/1300 1314/1299
f 1305/1290 1316/1301 1314/1299 1303/1288
f 1214/1202 1303/1288 1314/1299 1229/1217
f 1227/1215 1315/1300 1318/1303 1226/1214
f 1318/1303 1235/1223 1153/1143 1226/1214
f 1319/1304 1234/1222 1235/1223 1318/1303
f 1317/1302 1319/1304 1318/1303 1315/1300
f 1317/1302 1320/1305 1321/1306 1319/1304
f 1321/1306 1246/1234 1234/1222 1319/1304
f 1322/1307 1249/1237 1246/1234 1321/1306
f 1323/1308 1322/1307 1321/1306 1320/1305
f 1305/1290 1308/1293 1324/1309 1316/1301
f 1324/1309 1320/1305 1317/1302 1316/1301
f 1325/1310 1323/1308 1320/1305 1324/1309
f 1310/1295 1325/1310 1324/1309 1308/1293
f 1326/1311 1327/1312 1328/1313 1329/1314
f 1327/1312 1330/1315 1331/1316 1328/1313
f 1248/1236 1249/1237 1330/1315 1327/1312
f 1245/1233 1248/1236 1327/1312 1326/1311
f 1332/1317 1333/1318 1334/1319 1335/1320
f 1333/1318 1326/1311 1329/1314 1334/1319
f 1243/1231 1245/1233 1326/1311 1333/1318
f 1244/1232 1243/1231 1333/1318 1332/1317
f 1336/1321 1337/1322 1414/1323 1413/1324
f 1414/1323 1337/1322 1338/1325 1415/1326
f 1334/1319 1329/1314 1338/1325 1337/1322
f 1335/1320 1334/1319 1337/1322 1336/1321
f 1416/1327 1339/1328 1340/1329 1417/1330
f 1328/1313 1331/1316 1340/1329 1339/1328
f 1329/1314 1328/1313 1339/1328 1338/1325
f 1338/1325 1339/1328 1416/1327 1415/1326
f 1341/1331 1342/1332 1343/1333 1344/1334
f 1342/1332 1332/1317 1335/1320 1343/1333
f 1265/1253 1244/1232 1332/1317 1342/1332
f 1263/1251 1265/1253 1342/1332 1341/1331
f 1345/1335 1346/1336 1347/1337 1348/1338
f 1346/1336 1341/1331 1344/1334 1347/1337
f 1261/1249 1263/1251 1341/1331 1346/1336
f 1262/1250 1261/1249 1346/1336 1345/1335
f 1349/1339 1350/1340 654/1341 657/1342
f 654/1341 1350/1340 1351/1343 653/1344
f 1347/1337 1344/1334 1351/1343 1350/1340
f 1348/1338 1347/1337 1350/1340 1349/1339
f 651/1345 1352/1346 1336/1321 1413/1324
f 1343/1333 1335/1320 1336/1321 1352/1346
f 1344/1334 1343/1333 1352/1346 1351/1343
f 1351/1343 1352/1346 651/1345 653/1344
f 1353/1347 1354/1348 1355/1349 1356/1350
f 1354/1348 1345/1335 1348/1338 1355/1349
f 1277/1262 1262/1250 1345/1335 1354/1348
f 1275/1260 1277/1262 1354/1348 1353/1347
f 675/1351 677/1352 1357/1353 1358/1354
f 1357/1353 1353/1347 1356/1350 1358/1354
f 1273/574 1275/1260 1353/1347 1357/1353
f 575/575 1273/574 1357/676 677/677
f 672/1355 1359/1356 670/1357 673/1358
f 1359/1356 1360/1359 669/1360 670/1357
f 1358/1354 1356/1350 1360/1359 1359/1356
f 675/1351 1358/1354 1359/1356 672/1355
f 667/1361 1361/1362 1349/1339 657/1342
f 1355/1349 1348/1338 1349/1339 1361/1362
f 1356/1350 1355/1349 1361/1362 1360/1359
f 1360/1359 1361/1362 667/1361 669/1360
f 1362/1363 1363/1364 1364/1365 1365/1366
f 1363/1364 1296/1281 1297/1282 1364/1365
f 1366/1367 1293/1278 1296/1281 1363/1364
f 1367/1368 1366/1367 1363/1364 1362/1363
f 1368/1369 1369/1370 1366/1367 1367/1368
f 1369/1370 1291/1276 1293/1278 1366/1367
f 1369/1370 1370/1371 1292/1277 1291/1276
f 1371/1372 1370/1371 1369/1370 1368/1369
f 1405/1373 1372/1374 1373/1375 1418/1376
f 1418/1376 1373/1375 1374/1377 1420/1378
f 1373/1375 1368/1369 1367/1368 1374/1377
f 1372/1374 1371/1372 1368/1369 1373/1375
f 1421/1379 1375/1380 1376/1381 1423/1382
f 1375/1380 1362/1363 1365/1366 1376/1381
f 1374/1377 1367/1368 1362/1363 1375/1380
f 1420/1378 1374/1377 1375/1380 1421/1379
f 1377/1383 1378/1384 1370/1371 1371/1372
f 1378/1384 1313/1298 1292/1277 1370/1371
f 1378/1384 1379/1385 1311/1296 1313/1298
f 1380/1386 1379/1385 1378/1384 1377/1383
f 1381/1387 1382/1388 1379/1385 1380/1386
f 1311/1296 1379/1385 1382/1388 1309/1294
f 1382/1388 1383/1389 1310/1295 1309/1294
f 1384/1390 1383/1389 1382/1388 1381/1387
f 1385/1391 1386/1392 1422/1393 1419/1394
f 1422/1393 1386/1392 1387/1395 1424/1396
f 1386/1392 1381/1387 1380/1386 1387/1395
f 1385/1391 1384/1390 1381/1387 1386/1392
f 703/1397 1388/1398 1372/1374 1405/1373
f 1388/1398 1377/1383 1371/1372 1372/1374
f 1387/1395 1380/1386 1377/1383 1388/1398
f 1424/1396 1387/1395 1388/1398 703/1397
f 1389/1399 1390/1400 1391/1401 1392/1402
f 1391/1401 1383/1389 1384/1390 1392/1402
f 1310/1295 1383/1389 1391/1401 1325/1310
f 1391/1401 1390/1400 1323/1308 1325/1310
f 1330/1315 1393/1403 1394/1404 1331/1316
f 1393/1403 1390/1400 1389/1399 1394/1404
f 1323/1308 1390/1400 1393/1403 1322/1307
f 1393/1403 1330/1315 1249/1237 1322/1307
f 1340/1329 1395/1405 722/1406 1417/1330
f 722/1406 1395/1405 1396/1407 721/1408
f 1394/1404 1389/1399 1396/1407 1395/1405
f 1331/1316 1394/1404 1395/1405 1340/1329
f 719/1409 1397/1410 1385/1391 1419/1394
f 1397/1410 1392/1402 1384/1390 1385/1391
f 1389/1399 1392/1402 1397/1410 1396/1407
f 1396/1407 1397/1410 719/1409 721/1408
f 485/485 487/487 1431/487 1430/485
f 1420/1378 1421/1379 1504/1379 1503/1378
f 1417/1330 722/1406 1466/1406 1500/1330
f 1414/1323 1415/1326 1498/1326 1497/1323
f 1406/703 705/705 1461/705 1489/703
f 1419/1394 1422/1393 1505/1393 1502/1394
f 703/1397 1405/1373 1488/1373 1460/1397
f 1403/722 635/635 1437/635 1486/722
f 1102/1092 1091/1081 1467/1081 1468/1092
f 721/1408 719/1409 1464/1409 1465/1408
f 722/1406 721/1408 1465/1408 1466/1406
f 1418/1376 1420/1378 1503/1378 1501/1376
f 1105/1095 1102/1092 1468/1092 1469/1095
f 585/585 587/587 1435/587 1434/585
f 709/709 1401/719 1484/719 1463/709
f 1407/653 1408/654 1491/654 1490/653
f 651/1345 1413/1324 1496/1324 1441/1345
f 481/481 485/485 1430/485 1429/481
f 479/479 481/481 1429/481 1428/479
f 1422/1393 1424/1396 1507/1396 1505/1393
f 1408/654 1409/657 1492/657 1491/654
f 1187/1175 1182/1170 1470/1170 1471/1175
f 1297/1282 1294/1279 1476/1279 1477/1282
f 641/641 1412/651 1495/651 1440/641
f 587/587 678/678 1452/678 1435/587
f 582/582 585/585 1434/585 1433/582
f 580/580 582/582 1433/582 1432/580
f 1404/667 1398/669 1481/669 1487/667
f 1421/1379 1423/1382 1506/1382 1504/1379
f 667/1361 657/1342 1444/1342 1445/1361
f 1412/651 1407/653 1490/653 1495/651
f 1411/672 1410/675 1493/675 1494/672
f 706/706 709/709 1463/709 1462/706
f 1182/1170 1105/1095 1469/1095 1470/1170
f 1405/1373 1418/1376 1501/1376 1488/1373
f 705/705 706/706 1462/706 1461/705
f 1398/669 1399/670 1482/670 1481/669
f 1399/670 1400/673 1483/673 1482/670
f 1423/1382 1376/1381 1480/1381 1506/1382
f 670/1357 669/1360 1446/1360 1447/1357
f 1409/657 1404/667 1487/667 1492/657
f 673/1358 670/1357 1447/1357 1449/1358
f 1424/1396 703/1397 1460/1397 1507/1396
f 1294/1279 1282/1267 1474/1267 1476/1279
f 1401/719 1402/721 1485/721 1484/719
f 678/678 681/681 1453/681 1452/678
f 669/1360 667/1361 1445/1361 1446/1360
f 1402/721 1403/722 1486/722 1485/721
f 654/1341 653/1344 1442/1344 1443/1341
f 657/1342 654/1341 1443/1341 1444/1342
f 677/1352 675/1351 1450/1351 1451/1352
f 672/1355 673/1358 1449/1358 1448/1355
f 1283/1268 1201/1189 1473/1189 1475/1268
f 675/1351 672/1355 1448/1355 1450/1351
f 1364/1365 1297/1282 1477/1282 1478/1365
f 387/387 479/479 1428/479 1427/387
f 653/1344 651/1345 1441/1345 1442/1344
f 638/638 641/641 1440/641 1439/638
f 637/637 638/638 1439/638 1438/637
f 635/635 634/634 1436/634 1437/635
f 1376/1381 1365/1366 1479/1366 1480/1381
f 693/693 692/692 1458/692 1459/693
f 692/692 1406/703 1489/703 1458/692
f 1400/673 1411/672 1494/672 1483/673
f 689/689 693/693 1459/693 1457/689
f 487/487 580/580 1432/580 1431/487
f 1198/1186 1187/1175 1471/1175 1472/1186
f 634/634 637/637 1438/637 1436/634
f 681/681 684/684 1454/684 1453/681
f 1282/1267 1283/1268 1475/1268 1474/1267
f 1416/1327 1417/1330 1500/1330 1499/1327
f 1415/1326 1416/1327 1499/1327 1498/1326
f 719/1409 1419/1394 1502/1394 1464/1409
f 684/684 687/687 1456/687 1454/684
f 1410/675 677/677 1451/677 1493/675
f 1201/1189 1198/1186 1472/1186 1473/1189
f 686/686 689/689 1457/689 1455/686
f 687/687 686/686 1455/686 1456/687
f 1365/1366 1364/1365 1478/1365 1479/1366
f 381/381 385/385 1426/385 1425/381
f 385/385 387/387 1427/387 1426/385
f 1413/1324 1414/1323 1497/1323 1496/1324
