# Mirrorly browser-ready derivative; original source and license metadata remain in this folder.
# Rebuild with scripts/Build-Mirrorly3DAssets.ps1. Shape: Copy
mtllib mirrorly.mtl
# Exported from MakeClothes (TM)
# author 04saken
# license CC BY 4.0
# homepage http://www.makehuman.org/
v -0.215400 7.752400 0.079500
v -0.291200 7.738800 -0.192300
v -0.485300 7.738800 -0.144300
v -0.407300 7.753200 0.135700
v -0.317400 7.678000 -0.315800
v -0.513400 7.674300 -0.276200
v -0.335000 7.591000 -0.423000
v -0.531900 7.582700 -0.388800
v -0.344200 7.405500 -0.545300
v -0.541400 7.390500 -0.515500
v -0.283600 6.339100 -0.842100
v -0.480600 6.318400 -0.814300
v -0.428100 7.453800 -0.114400
v -0.554400 7.342000 -0.349800
v -0.733300 7.342000 -0.260300
v -0.603900 7.457300 -0.019100
v -0.580400 7.242500 -0.408900
v -0.761400 7.235600 -0.324200
v -0.599400 6.886900 -0.492800
v -0.780600 6.879000 -0.408300
v -0.594200 5.967700 -0.543700
v -0.775400 5.965700 -0.458900
v -0.541200 7.555600 0.202800
v -0.787800 7.619000 0.051200
v -0.905000 7.619000 0.213300
v -0.642300 7.553500 0.375400
v -0.850000 7.582100 -0.002000
v -0.985600 7.572700 0.144700
v -0.887200 7.510500 -0.048300
v -1.030000 7.488100 0.090000
v -0.918100 7.252600 -0.133300
v -1.061500 7.226900 0.003600
v -0.942300 6.792000 -0.237400
v -1.085200 6.777500 -0.098200
v -0.936100 6.165200 -0.255100
v -1.079000 6.166900 -0.115200
v -0.292300 7.730700 0.099900
v -0.391800 7.731800 -0.151400
v -0.581000 7.731800 -0.086700
v -0.476600 7.731600 0.177600
v -0.431700 7.656800 -0.292200
v -0.624600 7.651200 -0.239700
v -0.457100 7.553300 -0.410300
v -0.651200 7.543000 -0.363000
v -0.469400 7.409000 -0.501900
v -0.663700 7.396100 -0.456300
v -0.470900 7.156000 -0.582400
v -0.665200 7.139200 -0.538200
v -0.430600 6.423500 -0.745600
v -0.624700 6.400600 -0.703000
v -0.123700 7.828600 0.248800
v -0.221200 7.877000 -0.142200
v -0.416600 7.877000 -0.099300
v -0.316900 7.827900 0.300400
v -0.261500 7.808000 -0.355600
v -0.458400 7.805500 -0.320900
v -0.287100 7.674900 -0.529200
v -0.484300 7.671300 -0.496100
v -0.305700 7.523000 -0.651100
v -0.502600 7.521700 -0.616100
v -0.317800 7.387000 -0.714700
v -0.515000 7.380600 -0.682100
v -0.309500 7.163600 -0.762500
v -0.506100 7.139500 -0.734400
v -0.194700 6.431300 -0.866700
v -0.388900 6.391000 -0.841100
v -0.485800 7.527000 0.053300
v -0.690000 7.484500 -0.181300
v -0.847900 7.484500 -0.058500
v -0.634400 7.530900 0.187000
v -0.728500 7.394200 -0.241100
v -0.892800 7.382200 -0.127700
v -0.752700 7.094600 -0.323300
v -0.917700 7.077800 -0.211500
v -0.766300 6.646100 -0.408400
v -0.931100 6.635300 -0.295600
v -0.754200 6.079900 -0.417500
v -0.919200 6.078500 -0.304500
v -0.422200 7.451100 -0.123100
v -0.543300 7.331500 -0.361600
v -0.724100 7.331500 -0.276000
v -0.600100 7.454600 -0.031900
v -0.568400 7.229000 -0.421700
v -0.751000 7.222400 -0.340400
v -0.586600 6.875700 -0.505000
v -0.769300 6.868200 -0.424000
v -0.580700 5.962200 -0.552300
v -0.763400 5.960300 -0.471100
v -0.414000 7.357000 -0.207000
v -0.501500 7.230200 -0.390400
v -0.683600 7.230200 -0.307500
v -0.594500 7.359600 -0.120900
v -0.532400 7.088900 -0.464400
v -0.715500 7.084700 -0.384000
v -0.557900 6.741300 -0.548900
v -0.741000 6.737000 -0.468600
v -0.557000 5.837000 -0.575200
v -0.740100 5.836900 -0.494700
v -0.543400 7.331100 -0.056300
v -0.771200 7.021200 -0.265300
v -0.907600 7.021200 -0.119100
v -0.677900 7.333700 0.091700
v -0.836500 6.685300 -0.329100
v -0.972100 6.688600 -0.182100
v -0.857900 6.403500 -0.333800
v -0.992800 6.413600 -0.186500
v -0.862700 6.238000 -0.324000
v -0.998300 6.234600 -0.177000
v -0.870500 6.086600 -0.351000
v -1.007600 6.054200 -0.209000
v -0.901200 5.703400 -0.509200
v -1.039800 5.650400 -0.375100
v -0.234100 7.740700 0.074400
v -0.314000 7.716100 -0.202200
v -0.507900 7.716100 -0.152900
v -0.425400 7.742000 0.132600
v -0.341400 7.643100 -0.329100
v -0.537200 7.638700 -0.288500
v -0.358600 7.542000 -0.436900
v -0.555200 7.532600 -0.401400
v -0.366100 7.371800 -0.541900
v -0.562900 7.357700 -0.509400
v -0.359000 7.075500 -0.648100
v -0.555800 7.057600 -0.617100
v -0.312700 6.340600 -0.824400
v -0.509300 6.320400 -0.794000
v -0.400200 7.293600 -0.239800
v -0.477000 7.139100 -0.410400
v -0.660500 7.139100 -0.331000
v -0.582800 7.295900 -0.158200
v -0.506700 6.990900 -0.483900
v -0.690900 6.988000 -0.406000
v -0.533800 6.665600 -0.565200
v -0.718100 6.662600 -0.487300
v -0.541900 5.730800 -0.607700
v -0.726100 5.730000 -0.529700
v -0.349800 7.730500 0.216000
v -0.494200 7.784100 -0.016900
v -0.671700 7.784100 0.075100
v -0.516700 7.727900 0.326200
v -0.546400 7.740600 -0.141100
v -0.733400 7.734500 -0.070300
v -0.587000 7.641700 -0.279200
v -0.776900 7.628900 -0.217600
v -0.614800 7.481800 -0.407200
v -0.804800 7.468300 -0.346200
v -0.625800 7.220500 -0.492100
v -0.815900 7.205500 -0.431700
v -0.594800 6.510200 -0.610100
v -0.784700 6.488500 -0.551200
v -0.149600 7.751800 0.037100
v -0.204100 7.704800 -0.266100
v -0.401600 7.704800 -0.234400
v -0.346100 7.752900 0.074000
v -0.222000 7.626300 -0.396100
v -0.420200 7.623400 -0.369600
v -0.233000 7.522600 -0.501700
v -0.431700 7.514600 -0.480300
v -0.230600 7.297800 -0.625300
v -0.429200 7.281900 -0.608400
v -0.146700 6.199700 -0.932900
v -0.345100 6.179000 -0.917500
v -0.582700 7.372000 0.037500
v -0.846100 7.167600 -0.151800
v -0.965700 7.167600 0.008600
v -0.699600 7.374500 0.199800
v -0.902000 7.036800 -0.196200
v -1.022900 7.034100 -0.036900
v -0.940900 6.780900 -0.230400
v -1.060700 6.783600 -0.070300
v -0.968700 6.452700 -0.234100
v -1.087700 6.463800 -0.073700
v -0.982400 6.224100 -0.223600
v -1.102800 6.216100 -0.064100
v -0.993000 6.077200 -0.259700
v -1.116900 6.024000 -0.112000
v -1.028800 5.744800 -0.477000
v -1.156100 5.657900 -0.349500
v -0.413000 7.481800 -0.114400
v -0.537700 7.378600 -0.355000
v -0.718300 7.378600 -0.269100
v -0.589900 7.485800 -0.021300
v -0.561800 7.278100 -0.414600
v -0.744800 7.270000 -0.334400
v -0.576900 6.975800 -0.493700
v -0.760200 6.964300 -0.414500
v -0.584700 6.552600 -0.572200
v -0.767900 6.544600 -0.492500
v -0.569000 6.020600 -0.566500
v -0.752400 6.018200 -0.486700
v -0.394800 7.508600 -0.114200
v -0.508300 7.411300 -0.356100
v -0.692100 7.411300 -0.277200
v -0.575300 7.512300 -0.028200
v -0.531200 7.316200 -0.418600
v -0.717200 7.308200 -0.345700
v -0.546500 6.972400 -0.515100
v -0.732800 6.962100 -0.442900
v -0.538000 6.061600 -0.603700
v -0.724300 6.055700 -0.531100
v -0.421900 7.479500 -0.100500
v -0.546700 7.370100 -0.342600
v -0.727300 7.370100 -0.256500
v -0.599200 7.483200 -0.008000
v -0.572200 7.269700 -0.404100
v -0.755000 7.262300 -0.323200
v -0.590000 6.915600 -0.492600
v -0.772900 6.906800 -0.412000
v -0.583100 6.004900 -0.552800
v -0.766000 6.001700 -0.472000
v -0.478600 7.533200 0.046000
v -0.678800 7.500900 -0.185600
v -0.837400 7.500900 -0.063800
v -0.627500 7.536800 0.179400
v -0.716100 7.415000 -0.244900
v -0.739500 7.120200 -0.329300
v -0.905800 7.102600 -0.219600
v -0.881700 7.402500 -0.133400
v -0.752100 6.673200 -0.418100
v -0.918300 6.661500 -0.307400
v -0.739300 6.097700 -0.430500
v -0.905600 6.095600 -0.319400
v -0.570300 7.334300 -0.014700
v -0.825100 7.000500 -0.208700
v -0.948100 7.000500 -0.050900
v -0.690900 7.337400 0.144800
v -0.896200 6.683300 -0.267400
v -1.018000 6.687300 -0.108800
v -0.925800 6.374900 -0.270900
v -1.046700 6.385900 -0.112000
v -0.939800 6.167900 -0.264800
v -0.953100 6.026100 -0.305800
v -1.080000 5.972200 -0.160900
v -1.062500 6.157500 -0.107200
v -0.999200 5.699700 -0.531400
v -1.130200 5.615500 -0.405900
v -0.652000 7.336800 -0.281900
v -0.686400 7.238400 -0.339300
v -0.855400 7.231700 -0.232600
v -0.818400 7.336800 -0.170900
v -0.712000 6.891300 -0.411400
v -0.881200 6.884100 -0.305000
v -0.716400 5.919800 -0.463500
v -0.885500 5.918100 -0.356700
v -0.487400 7.442200 -0.049900
v -0.649900 7.445500 0.066600
v -0.200600 7.804600 0.242700
v -0.315400 7.842800 -0.100600
v -0.507700 7.842800 -0.045300
v -0.388500 7.803500 0.311200
v -0.361800 7.777500 -0.294600
v -0.557000 7.773900 -0.251400
v -0.387300 7.679400 -0.435900
v -0.583400 7.672900 -0.397100
v -0.401800 7.570700 -0.531200
v -0.597800 7.565200 -0.491400
v -0.413200 7.455000 -0.595800
v -0.609200 7.448900 -0.556400
v -0.414600 7.239000 -0.651800
v -0.610500 7.220400 -0.616300
v -0.328200 6.494500 -0.787200
v -0.522400 6.459100 -0.755000
v -0.476200 7.432200 -0.069200
v -0.632000 7.318300 -0.302700
v -0.801300 7.318300 -0.196200
v -0.642100 7.435400 0.042500
v -0.664900 7.217200 -0.360600
v -0.836500 7.211000 -0.258100
v -0.689600 6.872800 -0.432200
v -0.861300 6.866100 -0.329900
v -0.693200 5.913500 -0.479400
v -0.864900 5.912300 -0.376700
v -0.192600 7.797500 0.165200
v -0.284100 7.791800 -0.167700
v -0.478500 7.791800 -0.120800
v -0.384300 7.798000 0.222200
v -0.320700 7.710100 -0.346600
v -0.517100 7.706400 -0.308500
v -0.340500 7.604600 -0.474500
v -0.537500 7.597800 -0.440300
v -0.350600 7.494700 -0.560300
v -0.547600 7.487300 -0.526700
v -0.357600 7.366000 -0.626100
v -0.554800 7.351500 -0.595900
v -0.275700 6.421700 -0.824500
v -0.472200 6.396400 -0.797200
v -0.501400 7.421700 -0.046100
v -0.671700 7.302000 -0.278400
v -0.835800 7.302000 -0.164000
v -0.662300 7.424500 0.072700
v -0.708200 7.200300 -0.335400
v -0.874500 7.195000 -0.224400
v -0.735800 6.880700 -0.398400
v -0.902100 6.874700 -0.287500
v -0.746200 5.877200 -0.454500
v -0.912500 5.874400 -0.343400
v -0.227700 7.786100 0.184600
v -0.333500 7.796300 -0.131800
v -0.525600 7.796300 -0.076200
v -0.415700 7.786100 0.253000
v -0.376300 7.723400 -0.308400
v -0.571300 7.719200 -0.264000
v -0.400200 7.621700 -0.439000
v -0.595900 7.614500 -0.398400
v -0.415000 7.479100 -0.538900
v -0.610900 7.470800 -0.499100
v -0.421300 7.242600 -0.621500
v -0.617200 7.225900 -0.584900
v -0.350600 6.473800 -0.779400
v -0.545500 6.443900 -0.746100
v -0.378800 7.673200 0.960500
v -0.289400 7.842500 0.955100
v -0.352000 7.842500 0.765100
v -0.423100 7.704500 0.768000
v -0.209700 7.913700 0.914800
v -0.297500 7.889300 0.736700
v -0.122400 7.961600 0.857100
v -0.228800 7.927100 0.691300
v 0.039300 7.998500 0.730600
v -0.082200 7.960700 0.576300
v 0.597700 7.917800 0.277600
v 0.467900 7.881000 0.129900
v -0.501700 7.593500 0.348000
v -0.241700 7.857600 0.164600
v -0.355600 7.857600 0.000200
v -0.617300 7.591800 0.184800
v -0.065900 7.942700 0.044600
v -0.179300 7.942900 -0.120100
v 0.103800 7.974100 -0.072900
v -0.011600 7.974000 -0.236300
v 0.260000 7.968500 -0.185400
v 0.150600 7.968100 -0.352800
v 0.405200 7.925000 -0.272500
v 0.331800 7.914600 -0.458200
v 0.898400 7.698600 -0.357300
v 0.867200 7.669800 -0.552700
v -0.460500 7.683300 0.705900
v -0.552500 7.788500 0.726000
v -0.649400 7.788500 0.900900
v -0.499300 7.594000 0.880600
v -0.547900 7.812500 0.709300
v -0.657500 7.921900 0.835700
v -0.524100 7.862000 0.661700
v -0.612800 8.020700 0.745200
v -0.432800 7.941600 0.553500
v -0.489300 8.127600 0.600300
v 0.174100 8.120300 0.106600
v 0.148300 8.317300 0.129200
v -0.375900 7.739500 0.495400
v -0.187200 7.894500 0.328900
v -0.322200 7.894500 0.181300
v -0.507500 7.742300 0.344700
v -0.033700 7.923700 0.184000
v -0.175000 7.922000 0.042400
v 0.117400 7.916900 0.024300
v -0.029500 7.915400 -0.111400
v 0.219700 7.891600 -0.089300
v 0.082800 7.887400 -0.235100
v 0.285000 7.858100 -0.140600
v 0.185500 7.837300 -0.312800
v 0.700600 7.649100 -0.265400
v 0.634500 7.611500 -0.450400
v -0.403000 7.665000 0.889500
v -0.332900 7.843800 0.870500
v -0.425300 7.843800 0.693100
v -0.485600 7.686700 0.708700
v -0.261400 7.915000 0.823200
v -0.369100 7.898100 0.655500
v -0.177900 7.962500 0.759100
v -0.296900 7.939100 0.600100
v -0.019300 7.997900 0.625500
v -0.146100 7.972800 0.472900
v 0.547400 7.929400 0.152200
v 0.417600 7.904700 0.002100
v -0.406100 7.615600 1.032300
v -0.338900 7.814700 1.060900
v -0.365500 7.814700 0.862700
v -0.413500 7.664300 0.838500
v -0.259000 7.905600 1.028300
v -0.319600 7.863500 0.842500
v -0.167000 7.967900 0.971600
v -0.254800 7.907500 0.802300
v -0.003100 8.018900 0.846100
v -0.116100 7.950700 0.695800
v 0.571100 7.987800 0.355100
v 0.441300 7.919800 0.219000
v -0.324600 7.678400 0.998400
v -0.149900 7.900700 0.946000
v -0.242500 7.900700 0.768700
v -0.391700 7.708700 0.812500
v -0.028200 7.958300 0.861600
v -0.145300 7.944500 0.700000
v 0.123100 7.986200 0.739900
v -0.001700 7.970800 0.584500
v 0.316200 7.983000 0.581800
v 0.189800 7.967700 0.427600
v 0.637200 7.875300 0.329800
v 0.511400 7.859800 0.175100
v -0.350000 7.761400 0.593900
v -0.172700 7.902100 0.466600
v -0.294300 7.902100 0.307800
v -0.465000 7.766500 0.430300
v -0.046700 7.940400 0.364600
v -0.173600 7.938600 0.210000
v 0.102500 7.952700 0.239700
v -0.023100 7.950900 0.084100
v 0.284400 7.919900 0.098000
v 0.171400 7.915200 -0.067000
v 0.689500 7.654500 -0.130600
v 0.591000 7.641400 -0.304200
v -0.274700 7.692200 1.037000
v -0.122500 7.881500 0.992900
v -0.211700 7.881500 0.813900
v -0.338200 7.723100 0.849800
v -0.006600 7.944200 0.915900
v -0.120400 7.929100 0.752000
v 0.128900 7.978600 0.809000
v 0.005600 7.961100 0.652500
v 0.312300 7.977600 0.659700
v 0.187200 7.960300 0.504700
v 0.684000 7.810100 0.381300
v 0.561100 7.791900 0.224600
v -0.389700 7.694500 0.834800
v -0.223900 7.902800 0.751200
v -0.332900 7.902800 0.583500
v -0.483700 7.712000 0.659200
v -0.108900 7.956200 0.663200
v -0.232300 7.948200 0.506100
v 0.060700 7.983900 0.521700
v -0.064100 7.975700 0.365600
v 0.589100 7.873100 0.118600
v 0.469100 7.864100 -0.041200
v -0.387500 7.712800 0.792300
v -0.239600 7.892200 0.714900
v -0.347800 7.892200 0.546700
v -0.482300 7.728600 0.616900
v -0.140200 7.945700 0.641200
v -0.261500 7.937900 0.482400
v -0.013200 7.976800 0.536900
v -0.139200 7.967700 0.381900
v 0.180700 7.982400 0.377700
v 0.058400 7.973300 0.219800
v 0.601200 7.855600 0.078000
v 0.487400 7.844200 -0.086100
v -0.287000 7.687200 1.030100
v -0.131900 7.883500 0.986300
v -0.221000 7.883500 0.807200
v -0.349700 7.719400 0.842900
v -0.012500 7.947800 0.906600
v -0.126100 7.932700 0.742700
v 0.118900 7.983200 0.803500
v -0.003600 7.965300 0.646500
v 0.231300 8.000100 0.711000
v 0.104700 7.981800 0.557400
v 0.333600 7.986800 0.626300
v 0.206700 7.968500 0.472800
v 0.672700 7.830400 0.370400
v 0.548300 7.811100 0.215000
v -0.262800 7.784700 0.312100
v -0.003800 7.868400 0.090600
v -0.139500 7.868400 -0.056200
v -0.389300 7.787500 0.157300
v 0.136100 7.848600 -0.048800
v -0.000600 7.848600 -0.194800
v 0.268600 7.793600 -0.165000
v 0.146300 7.788200 -0.323200
v 0.382200 7.730700 -0.238500
v 0.286400 7.709300 -0.412800
v 0.516800 7.616300 -0.275600
v 0.440100 7.578400 -0.456400
v 0.885100 7.130700 -0.314700
v 0.810800 7.089800 -0.495900
v -0.170600 7.789900 0.912600
v 0.023700 7.919500 0.786400
v -0.093400 7.919500 0.624300
v -0.274900 7.798500 0.742200
v 0.144500 7.952500 0.690800
v 0.019100 7.950000 0.535000
v 0.264700 7.954300 0.592300
v 0.140800 7.951800 0.435300
v 0.433700 7.911200 0.464500
v 0.321200 7.905200 0.299200
v 0.757900 7.669100 0.281600
v 0.660100 7.652800 0.107900
v -0.327900 7.744900 0.812100
v -0.158700 7.901400 0.719700
v -0.268200 7.901400 0.552300
v -0.422100 7.758600 0.636200
v -0.042800 7.949000 0.632800
v -0.165200 7.943000 0.474800
v 0.101200 7.972800 0.515100
v -0.024400 7.966200 0.359600
v 0.287200 7.960900 0.365800
v 0.166700 7.953700 0.206300
v 0.645800 7.766100 0.122000
v 0.533200 7.755100 -0.043000
v -0.191000 7.825200 0.757400
v 0.011200 7.926800 0.611200
v -0.110000 7.926800 0.452100
v -0.304100 7.829300 0.592500
v 0.207800 7.940600 0.454000
v 0.085400 7.940500 0.295900
v 0.421500 7.892000 0.293800
v 0.311900 7.888400 0.126600
v 0.769200 7.633000 0.107700
v 0.675300 7.618700 -0.068200
v -0.375500 7.736600 0.481500
v -0.181000 7.899500 0.290400
v -0.322100 7.899500 0.148600
v -0.515700 7.737400 0.338800
v -0.004800 7.921400 0.113100
v -0.150400 7.920400 -0.024000
v 0.126100 7.908300 -0.033600
v -0.025200 7.907800 -0.164400
v 0.200700 7.883300 -0.123100
v 0.059700 7.879500 -0.264900
v 0.269500 7.848800 -0.179600
v 0.167200 7.827300 -0.350100
v 0.680900 7.645500 -0.307100
v 0.614300 7.606300 -0.491600
v -0.354100 7.558900 1.174200
v -0.277100 7.773000 1.242400
v -0.255800 7.773000 1.043500
v -0.304400 7.626900 0.992800
v -0.178900 7.882100 1.215900
v -0.209600 7.820300 1.028200
v -0.058100 7.961900 1.145700
v -0.124500 7.875700 0.977900
v 0.096500 8.020500 1.032200
v 0.003400 7.924300 0.883600
v 0.307400 8.038900 0.859600
v 0.191500 7.940900 0.729400
v 0.680200 7.951800 0.540300
v 0.549600 7.856600 0.422600
v -0.418300 7.603700 1.031800
v -0.369300 7.810700 1.065400
v -0.385200 7.810700 0.866100
v -0.419900 7.652400 0.837900
v -0.309000 7.896700 1.042200
v -0.357000 7.848100 0.854200
v -0.229900 7.958900 0.992200
v -0.308100 7.886200 0.823000
v -0.060600 8.022300 0.860800
v -0.167200 7.939100 0.713400
v 0.541900 8.010100 0.336800
v 0.415200 7.926300 0.206700
v -0.200600 7.810100 0.798900
v -0.009100 7.925600 0.666100
v -0.129000 7.925600 0.506100
v -0.310400 7.816300 0.631800
v 0.113800 7.954400 0.567500
v -0.012100 7.952800 0.412000
v 0.239500 7.954300 0.464600
v 0.116400 7.952700 0.307100
v 0.402200 7.912000 0.343400
v 0.291500 7.906600 0.177000
v 0.746700 7.656000 0.154700
v 0.649200 7.641600 -0.019300
v -0.188200 7.646100 1.165500
v -0.014000 7.861900 1.130600
v -0.097400 7.861900 0.948900
v -0.238600 7.685500 0.976000
v 0.116000 7.931300 1.044100
v 0.002500 7.913200 0.880400
v 0.255800 7.961700 0.933400
v 0.132700 7.941200 0.777100
v 0.374000 7.967300 0.837100
v 0.249300 7.946900 0.682100
v 0.476700 7.932500 0.759400
v 0.357600 7.910200 0.600300
v 0.798400 7.679700 0.573300
v 0.687000 7.651900 0.409600
v -0.394300 7.719400 0.577400
v -0.274200 7.891700 0.396500
v -0.424900 7.891700 0.265000
v -0.563600 7.692100 0.474500
v -0.155300 7.964600 0.288500
v -0.288100 7.976700 0.139500
v -0.014900 8.012700 0.176300
v -0.146000 8.025400 0.025900
v 0.161600 8.018000 0.014500
v 0.012300 8.031100 -0.117900
v 0.451400 7.817200 -0.418600
v 0.284700 7.839800 -0.526600
v -0.278200 7.588900 1.190000
v -0.151000 7.813900 1.219700
v -0.190300 7.813900 1.023600
v -0.280700 7.650500 0.999700
v -0.017700 7.919500 1.155200
v -0.102700 7.880300 0.978500
v 0.133800 7.982100 1.046200
v 0.027000 7.932900 0.884500
v 0.263300 8.013800 0.942800
v 0.143900 7.961900 0.791000
v 0.370300 8.006900 0.853300
v 0.240800 7.956100 0.709600
v 0.742400 7.799200 0.575700
v 0.609300 7.750100 0.434800
v -0.289800 7.722500 0.960800
v -0.129300 7.894600 0.894600
v -0.228500 7.894600 0.720900
v -0.367600 7.744700 0.777900
v -0.016800 7.949000 0.815200
v -0.135300 7.938500 0.654400
v 0.116400 7.977900 0.707600
v -0.009000 7.965800 0.552200
v 0.300100 7.973700 0.557000
v 0.175800 7.961700 0.400800
v 0.661500 7.811300 0.291200
v 0.542100 7.797200 0.131400
v -0.453500 7.496000 1.020100
v -0.672000 7.352600 1.152600
v -0.566800 7.352600 1.322700
v -0.350300 7.494600 1.191400
v -0.754400 7.197900 1.205200
v -0.647800 7.200200 1.374400
v -0.809200 7.011800 1.243600
v -0.701800 7.016500 1.412300
v -0.834800 6.860300 1.265600
v -0.727300 6.866200 1.434100
v -0.821000 6.729600 1.261100
v -0.713100 6.729900 1.429400
v -0.685700 6.216300 1.158000
v -0.576100 6.209200 1.325100
v -0.476600 7.481200 0.994500
v -0.694300 7.321500 1.120100
v -0.591700 7.321500 1.291800
v -0.377500 7.478600 1.168200
v -0.774400 7.160800 1.170800
v -0.669500 7.164800 1.341000
v -0.825600 6.970200 1.209600
v -0.719400 6.978900 1.378800
v -0.847900 6.815900 1.234000
v -0.741300 6.827400 1.402800
v -0.831300 6.685600 1.232500
v -0.723900 6.688900 1.401300
v -0.689900 6.170800 1.125900
v -0.579800 6.162700 1.292600
v -0.273500 7.777100 0.810400
v -0.072600 7.914100 0.683500
v -0.188700 7.914100 0.520700
v -0.374500 7.787300 0.638100
v 0.134700 7.951800 0.520100
v 0.011300 7.950100 0.362700
v 0.351600 7.930300 0.350600
v 0.236100 7.927400 0.187400
v 0.687200 7.712400 0.143400
v 0.583500 7.702600 -0.027400
v -0.287000 7.787800 0.722400
v -0.079100 7.916200 0.581100
v -0.197700 7.916200 0.420100
v -0.394600 7.794500 0.554000
v 0.134300 7.945100 0.412500
v 0.011800 7.944400 0.254500
v 0.356200 7.913900 0.243500
v 0.243800 7.911100 0.078100
v 0.699600 7.680900 0.044900
v 0.600600 7.670100 -0.128500
v -0.502800 7.436800 0.995400
v -0.702500 7.234700 1.114200
v -0.596400 7.234700 1.283700
v -0.400600 7.432700 1.167300
v -0.770300 7.068300 1.160400
v -0.662500 7.072000 1.328800
v -0.809500 6.875000 1.190700
v -0.701700 6.878600 1.359100
v -0.806200 6.604600 1.192900
v -0.698300 6.604900 1.361300
v -0.647000 6.011000 1.083100
v -0.538300 6.007500 1.250900
v -0.267900 7.772100 0.840500
v -0.074400 7.911000 0.721900
v -0.189600 7.911000 0.558300
v -0.366300 7.784200 0.666800
v 0.127900 7.953400 0.562400
v 0.004200 7.951200 0.405200
v 0.339700 7.936400 0.395700
v 0.223000 7.933200 0.233300
v 0.686100 7.715500 0.176400
v 0.580100 7.706400 0.007100
v -0.229900 7.759700 0.942100
v -0.038800 7.908100 0.832400
v -0.151900 7.908100 0.667500
v -0.323100 7.775100 0.765700
v 0.160800 7.953700 0.674900
v 0.036500 7.950500 0.518300
v 0.371000 7.938900 0.506700
v 0.252200 7.935000 0.345800
v 0.700000 7.727300 0.291300
v 0.591300 7.717700 0.123700
v -0.396700 7.709000 0.704200
v -0.458300 7.839600 0.680200
v -0.657900 7.839600 0.692800
v -0.566900 7.613000 0.746700
v -0.428900 7.886000 0.631800
v -0.602800 7.969800 0.579500
v -0.320200 7.961600 0.511100
v -0.466700 8.068500 0.426700
v -0.189200 8.023000 0.393400
v -0.316200 8.139000 0.291200
v -0.056300 8.057700 0.290600
v -0.167400 8.177400 0.175300
v 0.288400 8.055100 -0.014400
v 0.184900 8.175100 -0.136400
v -0.451600 7.466200 1.152200
v -0.470900 7.694100 1.312300
v -0.302800 7.694100 1.203900
v -0.281900 7.557300 1.098100
v -0.395300 7.838000 1.321400
v -0.279200 7.728900 1.200600
v -0.287800 7.944800 1.274200
v -0.222700 7.783900 1.174800
v -0.099600 8.047900 1.145000
v -0.090400 7.857800 1.083700
v 0.544800 8.082000 0.575500
v 0.508800 7.886500 0.552900
v -0.561600 7.507400 0.785200
v -0.796100 7.364200 0.876800
v -0.721100 7.364200 1.062300
v -0.489500 7.505600 0.971700
v -0.885200 7.213200 0.914700
v -0.808300 7.216100 1.099300
v -0.949900 7.019400 0.946600
v -0.871600 7.026300 1.130500
v -0.974800 6.760200 0.970700
v -0.896200 6.773100 1.154100
v -0.828300 6.181800 0.959400
v -0.750600 6.199000 1.142900
v -0.358100 7.703500 0.899600
v -0.230000 7.871900 0.855100
v -0.320600 7.871900 0.676800
v -0.430300 7.727100 0.714500
v -0.133000 7.936000 0.793400
v -0.243400 7.921900 0.627200
v -0.031300 7.970700 0.715100
v -0.152100 7.952700 0.556800
v 0.081300 7.993000 0.623100
v -0.043900 7.974100 0.468300
v 0.200800 7.999900 0.523800
v 0.075200 7.981100 0.369300
v 0.616300 7.860000 0.207700
v 0.492800 7.840500 0.051600
v -0.199500 7.702400 1.079900
v -0.029400 7.883300 1.015300
v -0.126700 7.883300 0.840600
v -0.272600 7.727200 0.895300
v 0.087000 7.939000 0.932900
v -0.031900 7.927600 0.772500
v 0.224000 7.962500 0.821500
v 0.099000 7.950000 0.665900
v 0.411100 7.939500 0.672400
v 0.290800 7.926200 0.513100
v 0.747700 7.711900 0.456100
v 0.636800 7.692600 0.290700
v -0.556800 7.394500 0.915800
v -0.723000 7.195400 1.001500
v -0.627100 7.195400 1.177000
v -0.464500 7.390000 1.093200
v -0.794500 7.024200 1.044100
v -0.696400 7.029100 1.218300
v -0.836400 6.839900 1.075300
v -0.737000 6.850400 1.248500
v -0.847000 6.630600 1.098600
v -0.747700 6.639400 1.271900
v -0.686300 5.875200 1.021200
v -0.585500 5.875200 1.194000
v -0.145000 7.635300 1.201300
v 0.050100 7.857600 1.154000
v -0.037200 7.857600 0.974000
v -0.198800 7.672200 1.012300
v 0.187800 7.924400 1.059400
v 0.072000 7.908800 0.897200
v 0.322000 7.947600 0.952700
v 0.198300 7.930400 0.796500
v 0.431900 7.946100 0.864200
v 0.307800 7.928900 0.708400
v 0.521000 7.917000 0.797400
v 0.402000 7.898200 0.637700
v 0.637600 7.845000 0.724200
v 0.528600 7.820100 0.558400
v 0.871300 7.635800 0.617300
v 0.770700 7.603700 0.447500
v -0.444200 7.464200 1.164100
v -0.450600 7.689900 1.325400
v -0.290500 7.689900 1.205500
v -0.277900 7.554600 1.099500
v -0.369500 7.831800 1.336100
v -0.264400 7.726200 1.202600
v -0.259000 7.937800 1.291100
v -0.205200 7.782100 1.177600
v -0.068300 8.041200 1.164900
v -0.071500 7.856300 1.088900
v 0.586000 8.073500 0.592100
v 0.536600 7.883200 0.555200
v -0.197000 7.629300 1.183600
v -0.021500 7.856200 1.158500
v -0.100300 7.856200 0.974600
v -0.240600 7.672900 0.993400
v 0.112100 7.930600 1.071500
v 0.000500 7.910100 0.906800
v 0.254900 7.963900 0.958900
v 0.132700 7.940600 0.802300
v 0.375100 7.970800 0.861100
v 0.250400 7.947400 0.706500
v 0.478800 7.935500 0.782500
v 0.358700 7.910600 0.624600
v 0.802600 7.680600 0.594300
v 0.689500 7.650700 0.432100
v -0.437100 7.538800 1.112300
v -0.414300 7.765100 1.194800
v -0.351600 7.765100 1.004800
v -0.360400 7.621100 0.946900
v -0.337000 7.886500 1.176400
v -0.322000 7.804500 0.994600
v -0.239300 7.971200 1.121400
v -0.266600 7.852100 0.963000
v -0.070700 8.046000 0.996300
v 0.530900 8.054200 0.466100
v 0.427900 7.913900 0.367600
v -0.141600 7.908000 0.870000
v -0.406700 7.644400 0.945200
v -0.354000 7.838200 0.945600
v -0.428000 7.838200 0.759700
v -0.471700 7.671900 0.758100
v -0.299700 7.908800 0.914000
v -0.392200 7.883000 0.738600
v -0.227500 7.958500 0.860900
v -0.337100 7.920800 0.698000
v -0.059200 8.006600 0.721400
v -0.183100 7.964600 0.570100
v 0.522900 7.977200 0.214300
v 0.390200 7.935300 0.070600
v -0.320200 7.699200 0.969700
v -0.174000 7.885200 0.923300
v -0.263700 7.885200 0.744500
v -0.387900 7.726300 0.783500
v -0.075600 7.943000 0.859500
v -0.187500 7.928600 0.694400
v 0.039000 7.974900 0.770600
v -0.083400 7.957400 0.613400
v 0.214200 7.987600 0.627200
v 0.088700 7.970000 0.472500
v 0.640400 7.858900 0.296000
v 0.516000 7.841000 0.140500
v -0.161900 7.599100 1.227600
v 0.027000 7.839900 1.206600
v -0.049200 7.839900 1.021700
v -0.200000 7.645700 1.036900
v 0.168800 7.917900 1.114800
v 0.057900 7.896400 0.949700
v 0.304900 7.949300 1.008100
v 0.183500 7.925100 0.851000
v 0.418300 7.953600 0.917100
v 0.294600 7.929400 0.761800
v 0.518500 7.921400 0.842000
v 0.402100 7.894800 0.681600
v 0.889400 7.630700 0.650500
v 0.783200 7.596900 0.484400
v -0.313100 7.478900 1.244900
v -0.147700 7.782900 1.355300
v -0.163000 7.782900 1.155900
v -0.279600 7.570100 1.070100
v 0.012200 7.909300 1.278500
v -0.064100 7.855300 1.101700
v 0.178000 7.982200 1.159600
v 0.078900 7.917400 0.998400
v 0.312300 8.015000 1.054100
v 0.195100 7.947100 0.907000
v 0.425000 7.985800 0.963900
v 0.293300 7.921300 0.827800
v 0.807100 7.716200 0.705000
v 0.671900 7.654100 0.571500
v -0.414300 7.530100 1.151700
v -0.370100 7.750100 1.244700
v -0.298600 7.750100 1.057900
v -0.321600 7.609800 0.993400
v -0.283600 7.869000 1.232700
v -0.264500 7.791100 1.049500
v -0.180200 7.954100 1.182800
v -0.204600 7.840100 1.020200
v -0.006400 8.031400 1.062900
v -0.077500 7.897700 0.932300
v 0.608500 8.032000 0.532600
v 0.502100 7.896100 0.431600
v -0.361200 7.714800 0.845400
v -0.207300 7.889700 0.773300
v -0.311300 7.889700 0.602500
v -0.447600 7.734200 0.666100
v -0.091500 7.946500 0.689500
v -0.211000 7.937700 0.529300
v 0.043600 7.978800 0.580700
v -0.081100 7.968800 0.424700
v 0.224200 7.978600 0.434500
v 0.101100 7.968600 0.277200
v 0.620500 7.820800 0.145900
v 0.502400 7.809000 -0.015100
v -0.399300 7.663600 0.885100
v -0.332700 7.842200 0.861800
v -0.436600 7.842200 0.690900
v -0.494200 7.683700 0.710200
v -0.235300 7.922900 0.789600
v -0.354000 7.908900 0.629300
v -0.041300 7.988900 0.628000
v -0.168200 7.972100 0.474300
v 0.537100 7.930800 0.140000
v 0.407100 7.914100 -0.011000
v -0.440600 7.582300 1.037400
v -0.431500 7.805800 1.092100
v -0.405600 7.805800 0.893800
v -0.407700 7.647400 0.851200
v -0.378100 7.906900 1.072500
v -0.387800 7.835200 0.886000
v -0.297800 7.978600 1.020300
v -0.346400 7.871000 0.858900
v -0.122600 8.049800 0.882700
v 0.485500 8.050100 0.344400
v 0.372700 7.925900 0.235600
v -0.208400 7.926800 0.750300
v -0.168400 7.549500 1.270300
v 0.028200 7.806500 1.255600
v -0.044900 7.806500 1.069500
v -0.201800 7.599500 1.079600
v 0.180200 7.897200 1.158100
v 0.071000 7.873400 0.992200
v 0.337700 7.939600 1.034800
v 0.217200 7.912500 0.877500
v 0.463100 7.946700 0.934200
v 0.340700 7.919700 0.778400
v 0.567000 7.902300 0.860900
v 0.452100 7.872300 0.699900
v 0.942700 7.613500 0.674100
v 0.837400 7.576600 0.508100
v -0.420000 7.381500 1.135600
v -0.562000 7.185800 1.275200
v -0.420300 7.185800 1.416300
v -0.279300 7.379900 1.277800
v -0.609000 7.046200 1.324000
v -0.466600 7.048300 1.464400
v -0.636100 6.899400 1.354600
v -0.493600 6.901600 1.494900
v -0.639700 6.703000 1.360100
v -0.497200 6.703300 1.500500
v -0.601700 6.401900 1.320100
v -0.460400 6.411000 1.461200
v -0.417000 5.690500 1.232800
v -0.280000 5.717900 1.375800
v -0.139800 7.628800 1.208300
v 0.047500 7.850800 1.170600
v -0.036100 7.850800 0.989000
v -0.188500 7.668600 1.018500
v 0.185500 7.920200 1.078100
v 0.071200 7.902900 0.914800
v 0.331300 7.945900 0.963000
v 0.208300 7.926800 0.806400
v 0.451400 7.943900 0.866800
v 0.328900 7.924800 0.709900
v 0.553100 7.899600 0.795100
v 0.440300 7.876400 0.631600
v 0.890400 7.625700 0.628300
v 0.788200 7.594600 0.459200
v -0.376500 7.411300 1.153300
v -0.532000 7.230900 1.306400
v -0.391000 7.230900 1.448200
v -0.236000 7.410600 1.295700
v -0.584500 7.088100 1.359500
v -0.443100 7.089100 1.500900
v -0.616100 6.908300 1.393000
v -0.474900 6.908200 1.534500
v -0.622100 6.685600 1.396400
v -0.480900 6.682300 1.538000
v -0.588900 6.413700 1.354000
v -0.448500 6.416900 1.496400
v -0.403600 5.772500 1.224700
v -0.266800 5.789600 1.369600
v -0.113000 7.634600 1.209100
v 0.075500 7.849600 1.163600
v -0.011500 7.849600 0.983500
v -0.166400 7.671600 1.020000
v 0.213700 7.916300 1.069300
v 0.098300 7.900800 0.906800
v 0.359300 7.940700 0.954300
v 0.236100 7.923700 0.797700
v 0.477600 7.937800 0.859800
v 0.356000 7.920600 0.702000
v 0.577600 7.892800 0.790600
v 0.466900 7.871000 0.625400
v 0.926600 7.613300 0.623800
v 0.827300 7.583000 0.452800
v -0.364600 7.655600 1.010500
v -0.278100 7.831900 1.016100
v -0.328400 7.831900 0.822500
v -0.394900 7.692500 0.816300
v -0.196900 7.908200 0.978400
v -0.276300 7.878700 0.797200
v -0.107500 7.960100 0.921300
v -0.208700 7.918000 0.754000
v 0.057600 8.000700 0.793500
v -0.062200 7.954400 0.640100
v 0.617900 7.920400 0.335500
v 0.487000 7.875200 0.191200
v -0.195000 7.649400 1.157400
v -0.017600 7.863800 1.117700
v -0.102800 7.863800 0.936700
v -0.248100 7.686700 0.968200
v 0.112000 7.931600 1.030800
v -0.002200 7.914500 0.867500
v 0.252000 7.961000 0.919600
v 0.128500 7.941700 0.763400
v 0.371400 7.966400 0.822000
v 0.246400 7.947100 0.667000
v 0.475300 7.932700 0.742800
v 0.356100 7.911400 0.583600
v 0.789400 7.687100 0.559200
v 0.678000 7.660300 0.395300
v -0.550700 7.337400 0.990300
v -0.726300 6.932700 1.123900
v -0.598300 6.932700 1.277500
v -0.425800 7.330100 1.146300
v -0.760400 6.729500 1.158100
v -0.631600 6.733600 1.311000
v -0.764400 6.552500 1.166300
v -0.635700 6.555500 1.319200
v -0.736300 6.306600 1.145800
v -0.608000 6.314800 1.299000
v -0.615000 5.645700 1.106900
v -0.488500 5.664800 1.260600
v -0.137600 7.576700 1.257300
v 0.024800 7.797600 1.249900
v -0.041400 7.797600 1.061100
v -0.167600 7.624100 1.065300
v 0.170800 7.891600 1.164500
v 0.067200 7.865600 0.995400
v 0.331600 7.937100 1.041100
v 0.212700 7.906300 0.883300
v 0.463600 7.947700 0.934200
v 0.340100 7.916700 0.780000
v 0.564000 7.914900 0.859700
v 0.447200 7.881700 0.700800
v 0.959000 7.611400 0.663800
v 0.852200 7.571400 0.499400
v -0.376000 7.374800 1.172500
v -0.520000 7.170100 1.333000
v -0.370600 7.170100 1.466000
v -0.227000 7.374300 1.305800
v -0.566000 7.025200 1.385400
v -0.416300 7.026000 1.518000
v -0.591400 6.873800 1.415200
v -0.441600 6.874800 1.547900
v -0.592900 6.688500 1.418100
v -0.443200 6.689100 1.550700
v -0.544600 6.379400 1.364800
v -0.396600 6.392900 1.498700
v -0.355500 5.620700 1.309900
v -0.213500 5.660700 1.445000
v -0.195000 7.569600 1.241700
v -0.045700 7.799900 1.261300
v -0.095600 7.799900 1.067600
v -0.205200 7.627900 1.050700
v 0.098800 7.901800 1.184400
v 0.003900 7.867600 1.011700
v 0.259300 7.953300 1.064300
v 0.144900 7.912100 0.905500
v 0.393000 7.968600 0.957000
v 0.270500 7.926900 0.804500
v 0.497300 7.938700 0.878100
v 0.375800 7.896700 0.724900
v 0.879200 7.642400 0.673200
v 0.763600 7.596400 0.516700
v -0.464800 7.483400 1.122600
v -0.498700 7.710700 1.266200
v -0.324400 7.710700 1.168100
v -0.294800 7.577000 1.074100
v -0.431400 7.854200 1.269500
v -0.304200 7.742000 1.163400
v -0.330000 7.958800 1.220300
v -0.252500 7.794000 1.137500
v -0.148600 8.058500 1.091900
v -0.125500 7.864900 1.047500
v 0.479400 8.093500 0.532700
v 0.459000 7.894600 0.526000
v -0.280000 7.702300 1.010400
v -0.108300 7.890400 0.946300
v -0.204800 7.890400 0.771200
v -0.352600 7.727500 0.825800
v 0.010200 7.948100 0.863300
v -0.107700 7.936200 0.702200
v 0.142600 7.977300 0.756200
v 0.016900 7.963500 0.601300
v 0.268400 7.988100 0.650500
v 0.140300 7.974200 0.497500
v 0.377900 7.971800 0.559800
v 0.252600 7.957400 0.404500
v 0.674400 7.810800 0.346300
v 0.553800 7.794000 0.187600
v -0.538900 7.371100 0.987000
v -0.690000 7.146600 1.086100
v -0.573900 7.146600 1.248900
v -0.427200 7.364300 1.152800
v -0.748600 6.969500 1.133600
v -0.630200 6.975900 1.294700
v -0.777000 6.809400 1.162900
v -0.658500 6.816500 1.323800
v -0.781600 6.607000 1.173800
v -0.663100 6.612800 1.334700
v -0.612500 5.766000 1.078900
v -0.494000 5.772200 1.239900
v -0.257500 7.708100 1.025300
v -0.095200 7.887700 0.965400
v -0.191000 7.887700 0.789900
v -0.329700 7.733300 0.840500
v 0.019500 7.944800 0.885700
v -0.097900 7.932800 0.724300
v 0.154700 7.974100 0.776600
v 0.029700 7.960400 0.621100
v 0.339800 7.965800 0.625700
v 0.216000 7.952000 0.469200
v 0.694300 7.777700 0.371700
v 0.575800 7.761300 0.211500
v -0.183600 7.558500 1.256700
v -0.029600 7.792400 1.276500
v -0.079700 7.792400 1.082900
v -0.193300 7.617100 1.065700
v 0.118400 7.896000 1.197300
v 0.023100 7.861900 1.024800
v 0.281900 7.948400 1.074600
v 0.167200 7.907300 0.916000
v 0.416800 7.963300 0.966200
v 0.294400 7.921800 0.813600
v 0.520500 7.931800 0.888400
v 0.400100 7.889700 0.734400
v 0.913200 7.630000 0.684900
v 0.799900 7.583100 0.527000
v -0.485500 7.333900 1.086800
v -0.661700 6.976100 1.252200
v -0.520000 6.976100 1.393300
v -0.346600 7.327900 1.230600
v -0.692100 6.796500 1.287700
v -0.549700 6.800100 1.428000
v -0.690900 6.627800 1.290600
v -0.548400 6.631400 1.431000
v -0.650900 6.362500 1.257500
v -0.510300 6.379200 1.398700
v -0.462900 5.636000 1.225500
v -0.327500 5.674900 1.367500
v -0.031500 7.839700 1.219400
v 0.109400 7.926300 1.133500
v 0.004600 7.898400 0.965500
v -0.096200 7.839700 1.030200
v 0.256900 7.967600 1.020400
v 0.138800 7.935600 0.862200
v 0.376500 7.978300 0.924800
v 0.253200 7.946200 0.770600
v 0.478000 7.940400 0.849500
v 0.356700 7.907600 0.693900
v 0.831500 7.662100 0.647700
v 0.715600 7.625500 0.488900
v -0.303900 7.685500 1.019200
v -0.182600 7.861700 0.995600
v -0.258700 7.861700 0.810700
v -0.356600 7.718300 0.829000
v -0.085300 7.931500 0.939700
v -0.187600 7.911300 0.769100
v 0.016800 7.970100 0.864000
v -0.099600 7.944000 0.703500
v 0.129500 7.995200 0.773500
v 0.006700 7.967700 0.618100
v 0.250100 8.003300 0.673700
v 0.123500 7.975800 0.521300
v 0.659600 7.857500 0.353700
v 0.532000 7.830200 0.202100
v -0.114600 7.644900 1.199800
v 0.078700 7.856300 1.144900
v -0.011600 7.856300 0.966400
v -0.173500 7.678100 1.011500
v 0.215000 7.919500 1.050400
v 0.098200 7.905700 0.888700
v 0.359900 7.940300 0.935200
v 0.236100 7.925200 0.778900
v 0.480300 7.934200 0.839100
v 0.358500 7.919000 0.681200
v 0.582300 7.888100 0.768200
v 0.472200 7.867800 0.602500
v 0.911700 7.618200 0.612100
v 0.813800 7.588600 0.440300
v -0.133300 7.547200 1.033500
v 0.072600 7.223400 1.566000
v 0.199600 7.223400 1.411500
v 0.020500 7.520300 0.908600
v 0.179100 7.096800 1.617600
v 0.262500 7.146900 1.442800
v 0.378600 6.862400 1.580000
v 0.427100 6.953300 1.408600
v 0.153700 6.846800 -0.358800
v 0.262400 6.198900 -0.551900
v 0.104200 6.198900 -0.674200
v -0.006600 6.860000 -0.477600
v 0.297800 5.926400 -0.576300
v 0.140400 5.920400 -0.699600
v 0.339300 5.623700 -0.622700
v 0.180700 5.627000 -0.744400
v 0.387500 5.308900 -0.711300
v 0.227000 5.323800 -0.829800
v 0.439000 4.996200 -0.837500
v 0.277400 5.018500 -0.953200
v 0.481200 4.688900 -0.961600
v 0.320000 4.707600 -1.078500
v 0.475300 4.098000 -1.018900
v 0.314200 4.107900 -1.136900
v 0.172100 6.361800 -0.532000
v 0.201700 6.154600 -0.564200
v 0.032500 6.140700 -0.669900
v 0.000900 6.361800 -0.635400
v 0.229400 5.909900 -0.562200
v 0.060300 5.895100 -0.668000
v 0.259000 5.631400 -0.584100
v 0.088200 5.632500 -0.688100
v 0.294500 5.315600 -0.680300
v 0.121900 5.331800 -0.780100
v 0.339500 4.968000 -0.833300
v 0.166300 4.989100 -0.931100
v 0.377900 4.652200 -0.970200
v 0.205000 4.669500 -1.069300
v 0.362400 4.053900 -1.022000
v 0.189500 4.064700 -1.121900
v 0.105600 6.914800 -0.383800
v 0.198500 6.359000 -0.571300
v 0.031100 6.359000 -0.680900
v -0.063700 6.927000 -0.489600
v 0.243500 6.021800 -0.613600
v 0.077300 6.013600 -0.724600
v 0.301300 5.618800 -0.670700
v 0.134700 5.613900 -0.781200
v 0.351600 5.298700 -0.742600
v 0.183000 5.306000 -0.850000
v 0.393100 5.053500 -0.847700
v 0.222600 5.072800 -0.950600
v 0.432200 4.756400 -0.980000
v 0.261600 4.778000 -1.082100
v 0.405900 4.164900 -1.054600
v 0.235200 4.184700 -1.156900
v 0.094900 6.793200 -0.367100
v -0.078200 6.804500 -0.466500
v 0.410000 6.906900 -0.310100
v 0.528200 6.097500 -0.491300
v 0.358900 6.097500 -0.597700
v 0.240700 6.906600 -0.416500
v 0.594000 5.679000 -0.599600
v 0.424200 5.681800 -0.705300
v 0.636700 5.450600 -0.679200
v 0.466500 5.456200 -0.784000
v 0.658600 5.139500 -0.734000
v 0.488300 5.145600 -0.838800
v 0.721000 4.287600 -0.881300
v 0.550800 4.292600 -0.986300
v 0.392300 6.800000 -0.290200
v 0.504300 6.073800 -0.435600
v 0.338700 6.073800 -0.547800
v 0.227500 6.795400 -0.403400
v 0.544000 5.774500 -0.502500
v 0.377300 5.782500 -0.612600
v 0.577300 5.589300 -0.576100
v 0.409600 5.603200 -0.684200
v 0.616900 5.346400 -0.671200
v 0.449600 5.357000 -0.780400
v 0.705700 4.225300 -0.869300
v 0.539000 4.230100 -0.979800
v 0.475700 6.829700 -0.254600
v 0.588900 6.125700 -0.399500
v 0.418900 6.125700 -0.504800
v 0.307000 6.821200 -0.361700
v 0.649200 5.667000 -0.521900
v 0.478000 5.675500 -0.625000
v 0.691900 5.163500 -0.651500
v 0.520800 5.171600 -0.754800
v 0.764600 4.301000 -0.806300
v 0.594500 4.299500 -0.911400
v 0.423400 6.789100 -0.284600
v 0.573900 5.788100 -0.483600
v 0.398000 5.788100 -0.578700
v 0.248800 6.780400 -0.381700
v 0.610400 5.574200 -0.568900
v 0.433100 5.582400 -0.661100
v 0.645000 5.333800 -0.661000
v 0.468000 5.339800 -0.754000
v 0.731100 4.248600 -0.851400
v 0.554600 4.249700 -0.945400
v 0.435000 6.894600 -0.295200
v 0.554000 6.091500 -0.473000
v 0.383300 6.091500 -0.577200
v 0.264700 6.891800 -0.400100
v 0.624600 5.638200 -0.598600
v 0.453300 5.642300 -0.701600
v 0.666600 5.386800 -0.684000
v 0.494900 5.393200 -0.786400
v 0.678400 5.115900 -0.721800
v 0.506800 5.121600 -0.824300
v 0.736800 4.306900 -0.856500
v 0.565300 4.310800 -0.959400
v 0.548300 6.816000 -0.162100
v 0.669900 6.140700 -0.227000
v 0.522600 6.140700 -0.362300
v 0.404700 6.794900 -0.299700
v 0.727100 5.714200 -0.332900
v 0.576800 5.737900 -0.462700
v 0.747100 5.311400 -0.466000
v 0.596000 5.348400 -0.591700
v 0.748400 4.965500 -0.578000
v 0.598000 4.987300 -0.708000
v 0.825900 4.352100 -0.680900
v 0.678400 4.347600 -0.815900
v 0.492800 6.778700 -0.198200
v 0.600800 6.160300 -0.250300
v 0.464900 6.160300 -0.397000
v 0.360400 6.758300 -0.346700
v 0.649700 5.810300 -0.323100
v 0.510800 5.830700 -0.465500
v 0.679800 5.561000 -0.406100
v 0.539300 5.595800 -0.544100
v 0.696700 5.280500 -0.505600
v 0.556000 5.317900 -0.642700
v 0.708300 4.923700 -0.607900
v 0.568500 4.946000 -0.749200
v 0.777900 4.273900 -0.718000
v 0.640200 4.275500 -0.863100
v 0.522500 6.879600 -0.229000
v 0.641200 6.151500 -0.386800
v 0.473200 6.151500 -0.495300
v 0.355500 6.873600 -0.338900
v 0.698700 5.700700 -0.492000
v 0.529900 5.707500 -0.599000
v 0.726500 5.243200 -0.579700
v 0.557500 5.252800 -0.686100
v 0.791700 4.375000 -0.758100
v 0.622800 4.383100 -0.864900
v 0.605800 6.864000 -0.142700
v 0.765900 5.933700 -0.309700
v 0.593200 5.933700 -0.410500
v 0.435800 6.847300 -0.246700
v 0.796700 5.545700 -0.407600
v 0.622200 5.568500 -0.502600
v 0.789200 5.290200 -0.489300
v 0.614900 5.328600 -0.579600
v 0.773400 5.085400 -0.557100
v 0.599000 5.106400 -0.652700
v 0.858200 4.450100 -0.698600
v 0.686700 4.442000 -0.801100
v 0.614300 6.799000 -0.050700
v 0.771800 5.880600 -0.043500
v 0.644700 5.880600 -0.197900
v 0.492300 6.769600 -0.206500
v 0.811900 5.653100 -0.111900
v 0.678100 5.693700 -0.254900
v 0.833600 5.475400 -0.211400
v 0.696500 5.553000 -0.334600
v 0.813300 5.261100 -0.371000
v 0.677000 5.355300 -0.483000
v 0.779800 5.012100 -0.537900
v 0.642000 5.065300 -0.672800
v 0.879000 4.425300 -0.667400
v 0.749000 4.418300 -0.819100
v 0.559500 6.758800 -0.098700
v 0.685300 6.007800 -0.107800
v 0.576700 6.007800 -0.275700
v 0.455400 6.731800 -0.267300
v 0.740000 5.681600 -0.175500
v 0.625800 5.715100 -0.336200
v 0.770000 5.497000 -0.258900
v 0.651800 5.558000 -0.408200
v 0.782800 5.341800 -0.345700
v 0.663200 5.422800 -0.484100
v 0.772600 5.193000 -0.438700
v 0.653700 5.287900 -0.568600
v 0.753200 5.066400 -0.519600
v 0.633000 5.147100 -0.657600
v 0.750500 4.925900 -0.577400
v 0.630500 4.958900 -0.733900
v 0.849000 4.358700 -0.658100
v 0.735100 4.349800 -0.822200
v 0.243300 7.804700 0.189100
v 0.469700 7.593800 -0.158600
v 0.318300 7.593800 -0.289300
v 0.073800 7.822400 0.084400
v 0.573800 7.466800 -0.245200
v 0.447700 7.436300 -0.397400
v 0.677000 7.319400 -0.275900
v 0.577300 7.253200 -0.436100
v 0.808200 7.139800 -0.249900
v 0.738200 7.033900 -0.404500
v 0.967400 6.952200 -0.148000
v 0.914000 6.825100 -0.292900
v 1.099300 6.763700 -0.028500
v 1.029900 6.662900 -0.186700
v 1.152200 6.570200 0.024100
v 1.064300 6.537600 -0.152600
v 1.142500 6.349800 0.025300
v 1.054700 6.360200 -0.154100
v 1.000900 5.520400 0.018600
v 0.913300 5.532800 -0.160800
v 0.218000 7.703000 0.002300
v 0.454900 7.374500 -0.327800
v 0.320700 7.374500 -0.476000
v 0.061500 7.734400 -0.118200
v 0.561300 7.205700 -0.378000
v 0.452600 7.164800 -0.540900
v 0.704400 6.943900 -0.374100
v 0.607100 6.882200 -0.537600
v 0.830700 6.680000 -0.339900
v 0.732100 6.621300 -0.503700
v 0.902600 6.434100 -0.309800
v 0.795200 6.406900 -0.476300
v 0.932300 6.041500 -0.320700
v 0.821300 6.055900 -0.486500
v 0.859200 5.258600 -0.425400
v 0.750100 5.299000 -0.588100
v 0.139600 7.774100 0.104500
v 0.431400 7.489500 -0.302200
v 0.279900 7.489500 -0.432600
v -0.024500 7.787600 -0.009000
v 0.511200 7.348600 -0.374000
v 0.373100 7.326600 -0.517000
v 0.565900 7.226600 -0.395800
v 0.442600 7.175400 -0.544700
v 0.638600 7.097000 -0.391600
v 0.534300 7.013200 -0.540200
v 0.705300 7.008600 -0.376400
v 0.632400 6.885700 -0.516300
v 0.812300 6.925700 -0.323200
v 0.762600 6.781400 -0.452400
v 0.955000 6.801300 -0.239600
v 0.890400 6.671500 -0.377300
v 1.043800 6.668400 -0.185100
v 0.949600 6.584400 -0.340300
v 1.083000 6.528800 -0.165300
v 0.971700 6.505200 -0.329900
v 1.077900 6.279800 -0.168900
v 0.966000 6.291900 -0.334200
v 0.949300 5.479400 -0.172600
v 0.838000 5.495700 -0.338000
v 0.282200 7.739400 0.113100
v 0.549300 7.409100 -0.227400
v 0.433700 7.409100 -0.390600
v 0.132000 7.780500 -0.012400
v 0.650800 7.302500 -0.256200
v 0.580900 7.252500 -0.436800
v 0.746100 7.202400 -0.245100
v 0.690600 7.135700 -0.425400
v 0.862900 7.022300 -0.218300
v 0.801000 6.965700 -0.399800
v 0.959500 6.791600 -0.192000
v 0.888500 6.757400 -0.375800
v 1.004600 6.497600 -0.179600
v 0.928100 6.494200 -0.364400
v 1.010100 6.026400 -0.214100
v 0.933000 6.057600 -0.395900
v 0.936100 5.260900 -0.395900
v 0.861700 5.324300 -0.570300
v 0.334100 7.762800 0.209600
v 0.630400 7.445900 -0.104500
v 0.546800 7.445900 -0.286200
v 0.198300 7.814200 0.072000
v 0.742500 7.364200 -0.107700
v 0.730100 7.308700 -0.299500
v 0.847200 7.296400 -0.072300
v 0.862700 7.220800 -0.256800
v 0.933900 7.222800 -0.033000
v 0.939100 7.156700 -0.221700
v 1.013500 7.101800 -0.002200
v 1.003200 7.058200 -0.197100
v 1.080900 6.941600 0.021000
v 1.062500 6.918500 -0.176800
v 1.105800 6.721300 0.030600
v 1.084400 6.718700 -0.168200
v 1.089500 6.294000 0.020400
v 1.068200 6.299700 -0.178400
v 1.020000 5.376600 0.001400
v 0.998400 5.376400 -0.197400
v 0.326500 7.672800 0.018100
v 0.585100 7.299300 -0.265300
v 0.489500 7.299300 -0.441000
v 0.195700 7.720700 -0.125400
v 0.685700 7.190100 -0.278900
v 0.636500 7.137100 -0.465400
v 0.775300 7.100300 -0.258900
v 0.743400 7.028600 -0.442800
v 0.846800 7.009900 -0.236300
v 0.803400 6.953800 -0.423300
v 0.907200 6.876300 -0.225600
v 0.850300 6.848800 -0.415300
v 0.952000 6.706500 -0.225500
v 0.888600 6.705600 -0.415100
v 0.954300 6.423900 -0.248100
v 0.889700 6.445000 -0.436200
v 0.922400 5.912200 -0.312400
v 0.859000 5.951200 -0.498000
v 0.823700 5.160100 -0.485200
v 0.762800 5.219500 -0.666200
v 0.368400 7.710000 0.145800
v 0.743100 7.371700 -0.087800
v 0.680100 7.371700 -0.277600
v 0.268100 7.743800 -0.023900
v 0.857800 7.254700 -0.092800
v 0.834500 7.214200 -0.287200
v 0.944700 7.155100 -0.068100
v 0.933700 7.099900 -0.260000
v 1.007800 7.057100 -0.044500
v 0.986500 7.018500 -0.239600
v 1.058300 6.917700 -0.036500
v 1.026300 6.907200 -0.233600
v 1.091600 6.742600 -0.043000
v 1.055500 6.757000 -0.239100
v 1.073400 6.432100 -0.084400
v 1.037400 6.465500 -0.278300
v 1.014400 5.893000 -0.181200
v 0.980700 5.947900 -0.370600
v 0.914600 5.217000 -0.424400
v 0.885200 5.301200 -0.603400
v 0.422300 7.732600 0.250500
v 0.863700 7.408200 0.085500
v 0.808900 7.408200 -0.106800
v 0.353100 7.744100 0.063200
v 0.992500 7.219900 0.064600
v 1.074800 7.001600 0.061700
v 1.027900 6.991700 -0.132500
v 0.946500 7.207500 -0.129700
v 1.117200 6.757600 0.057500
v 1.067500 6.763400 -0.136100
v 1.109200 6.377600 0.026300
v 1.059300 6.404800 -0.165500
v 1.063400 5.844200 -0.067700
v 1.016400 5.912200 -0.249800
v 1.004700 5.221800 -0.408100
v 0.962100 5.338700 -0.564800
v 0.436000 7.631000 0.051400
v 0.681700 7.273700 -0.164500
v 0.599400 7.273700 -0.346800
v 0.323400 7.673700 -0.108400
v 0.822000 7.102600 -0.178500
v 0.764900 7.068000 -0.367000
v 0.946800 6.892800 -0.173000
v 0.880800 6.876000 -0.361000
v 0.989700 6.434300 -0.206200
v 0.855600 5.200000 -0.453000
v 0.785400 5.256400 -0.631600
v 0.917100 6.459900 -0.390800
v 0.502700 7.675000 0.285000
v 0.889500 7.413300 0.189000
v 0.836500 7.413300 -0.003800
v 0.454700 7.671300 0.090900
v 1.008500 7.254200 0.151900
v 0.950900 7.260200 -0.039500
v 1.066100 7.106300 0.127100
v 1.006800 7.116500 -0.063600
v 1.100100 6.831000 0.100100
v 1.040300 6.844600 -0.090300
v 1.095600 6.326100 0.059400
v 1.035800 6.351400 -0.129700
v 1.040400 5.737400 -0.035300
v 0.984700 5.816100 -0.210500
v 0.972000 5.158600 -0.459100
v 0.923500 5.302400 -0.589300
v 0.514200 7.586300 0.105300
v 0.813800 7.305100 -0.021100
v 0.736000 7.305100 -0.205300
v 0.436600 7.586100 -0.079100
v 0.914200 7.148400 -0.063600
v 0.836200 7.148600 -0.247700
v 0.977400 6.979200 -0.090700
v 0.898200 6.982700 -0.274300
v 1.020800 6.728500 -0.119100
v 0.940000 6.741200 -0.301600
v 1.024500 6.311100 -0.163400
v 0.943300 6.337400 -0.344300
v 0.979400 5.782300 -0.243700
v 0.900400 5.837800 -0.418900
v 0.877600 5.074300 -0.518500
v 0.803100 5.163200 -0.681400
v 0.461700 7.667500 0.183400
v 0.880900 7.298300 0.036000
v 0.821600 7.298300 -0.155000
v 0.396700 7.673000 -0.005700
v 0.993400 7.094900 0.008100
v 0.936600 7.090700 -0.183600
v 1.057300 6.869100 -0.006900
v 0.998800 6.870500 -0.198100
v 1.086200 6.624300 -0.024100
v 1.026200 6.638400 -0.214400
v 1.066600 6.247200 -0.061100
v 1.007000 6.277400 -0.249600
v 1.002000 5.715500 -0.152000
v 0.947200 5.787100 -0.330500
v 0.903000 5.103400 -0.503000
v 0.856400 5.227700 -0.652500
v 0.551400 7.584800 0.230300
v 0.979100 7.200500 0.128700
v 0.923200 7.200500 -0.063300
v 0.503100 7.577100 0.036400
v 1.059100 6.995400 0.096800
v 0.998600 7.005900 -0.093600
v 1.088800 6.598000 0.056900
v 1.027700 6.613800 -0.132900
v 1.079800 6.171500 0.021300
v 1.018700 6.188700 -0.168400
v 1.039900 5.851700 0.004900
v 0.979600 5.876400 -0.184200
v 0.996500 5.590100 -0.026800
v 0.941700 5.649700 -0.209700
v 0.964300 5.400300 -0.113300
v 0.920200 5.524300 -0.263900
v 0.910200 5.061700 -0.533500
v 0.872500 5.224400 -0.643600
v 0.618400 7.537700 0.325900
v 1.010400 7.118400 0.209900
v 0.956900 7.118400 0.017100
v 0.562700 7.540400 0.133800
v 1.073900 6.908200 0.195000
v 1.021800 6.904300 0.002000
v 1.090500 6.528300 0.202000
v 1.038800 6.520800 0.008900
v 1.083600 6.217400 0.218400
v 1.031700 6.199400 0.026100
v 1.067600 6.021200 0.250000
v 1.013900 5.977500 0.062300
v 1.044000 5.807800 0.327800
v 0.988200 5.745600 0.146100
v 1.019200 5.600000 0.408100
v 0.966300 5.564600 0.218500
v 1.008100 5.445000 0.411600
v 0.960800 5.500300 0.225300
v 1.011300 5.341400 0.341400
v 0.961600 5.487400 0.214000
v 1.024100 5.285700 0.225600
v 0.966100 5.470300 0.175300
v 1.090800 5.276400 -0.249800
v 1.026500 5.465700 -0.254100
v 0.616600 7.477500 0.179600
v 0.990500 7.059300 0.076400
v 0.927200 7.059300 -0.113300
v 0.559600 7.469400 -0.011900
v 1.050500 6.851500 0.048000
v 0.983100 6.863300 -0.139900
v 1.059200 6.461200 0.009400
v 1.044200 6.045800 -0.031000
v 0.976300 6.065200 -0.218100
v 0.991400 6.480000 -0.177800
v 1.018600 5.735700 -0.051900
v 0.951100 5.759500 -0.238600
v 0.991600 5.479100 -0.083600
v 0.927600 5.536300 -0.264200
v 0.967200 5.288600 -0.170000
v 0.911400 5.409300 -0.319400
v 0.906600 4.929700 -0.593900
v 0.856800 5.088000 -0.705500
v 0.679300 7.353500 0.251700
v 0.950800 6.932700 0.160100
v 0.903500 6.932700 -0.034200
v 0.624900 7.365700 0.059600
v 1.002600 6.758900 0.156700
v 0.958800 6.748400 -0.038100
v 1.029400 6.477700 0.167900
v 0.985100 6.471000 -0.027000
v 1.034400 6.133000 0.169400
v 0.990100 6.129700 -0.025600
v 1.012900 5.797600 0.183200
v 0.968700 5.796900 -0.011900
v 0.982200 5.503500 0.181000
v 0.943100 5.557400 -0.007500
v 0.963600 5.319000 0.073100
v 0.933700 5.468700 -0.056200
v 0.952700 5.071100 -0.512900
v 0.925300 5.258300 -0.577900
v 0.651800 7.448600 0.286700
v 0.985800 7.061900 0.182100
v 0.934600 7.061900 -0.011300
v 0.595300 7.455500 0.095000
v 1.045700 6.882500 0.172100
v 0.997200 6.875300 -0.021800
v 1.070100 6.559200 0.180800
v 1.021700 6.551500 -0.013100
v 1.069100 6.214800 0.192600
v 1.020600 6.204000 -0.001200
v 1.043500 5.903700 0.223400
v 0.995100 5.894200 0.029500
v 1.014800 5.602200 0.233400
v 0.970900 5.647300 0.043500
v 1.005400 5.412200 0.132400
v 0.965800 5.556300 -0.000500
v 1.035800 5.167000 -0.441400
v 0.993800 5.350900 -0.507600
v 0.683000 7.397900 0.370500
v 0.988400 6.933100 0.279900
v 0.949000 6.933100 0.083800
v 0.632900 7.415200 0.177700
v 1.065000 6.549800 0.285100
v 1.027900 6.540800 0.088700
v 1.070600 6.087600 0.303000
v 1.032900 6.090100 0.106600
v 1.062600 5.707000 0.276800
v 1.024600 5.760900 0.088000
v 1.075300 5.522000 0.175100
v 1.031900 5.650600 0.028200
v 1.165500 5.179000 -0.339200
v 1.115300 5.340700 -0.445500
v 0.688700 7.230400 0.338700
v 0.918300 6.715000 0.298000
v 0.916500 6.715000 0.098000
v 0.674500 7.259200 0.141300
v 0.992700 6.334200 0.324200
v 0.994600 6.317000 0.125000
v 1.006200 6.031300 0.356300
v 1.008500 6.005400 0.158000
v 0.987200 5.812500 0.390100
v 0.989200 5.774300 0.193800
v 0.987100 5.652700 0.427500
v 0.990200 5.601800 0.234100
v 1.043000 5.527100 0.465500
v 1.049800 5.467800 0.274600
v 0.690300 7.317100 0.350300
v 0.956700 6.836900 0.277500
v 0.929000 6.836900 0.079400
v 0.650100 7.340700 0.155800
v 1.036000 6.468600 0.290800
v 1.011100 6.457400 0.092700
v 1.051800 6.130800 0.305800
v 1.026900 6.119400 0.107700
v 1.040600 5.860800 0.324300
v 1.015900 5.860700 0.125900
v 1.034200 5.648700 0.308800
v 1.010100 5.709900 0.120000
v 1.047800 5.485300 0.203800
v 1.017000 5.627100 0.066200
v 1.145900 5.178900 -0.345000
v 1.107400 5.351900 -0.437700
v 0.692700 7.260600 0.433800
v 0.957300 6.767000 0.374100
v 0.954600 6.767000 0.174100
v 0.674600 7.291100 0.237000
v 1.028200 6.486400 0.402300
v 1.034100 6.455200 0.204900
v 1.057600 6.061300 0.498200
v 1.065400 6.015800 0.303600
v 1.222200 5.038700 0.755700
v 1.230200 4.991700 0.561500
v 0.700900 7.139100 0.479300
v 0.887400 6.741100 0.453100
v 0.890300 6.741100 0.253100
v 0.695800 7.157300 0.280200
v 0.929500 6.560700 0.465900
v 0.938300 6.538000 0.267400
v 0.956000 6.319600 0.507600
v 0.967000 6.279100 0.312100
v 0.975500 5.927000 0.606400
v 0.987200 5.872200 0.414400
v 0.948800 4.835500 0.957500
v 0.960300 4.771900 0.768200
v 0.694800 7.120700 0.408700
v 0.866300 6.786600 0.400300
v 0.880400 6.786600 0.200700
v 0.701900 7.135400 0.209400
v 0.917300 6.572400 0.415800
v 0.937000 6.551300 0.217900
v 0.944600 6.298600 0.463300
v 0.966900 6.256100 0.269100
v 0.964900 5.857400 0.587800
v 0.988100 5.792700 0.400000
v 0.922900 4.757900 1.039500
v 0.945400 4.674300 0.859200
v 0.686000 7.191200 0.418700
v 0.902000 6.784100 0.400400
v 0.926000 6.784100 0.201900
v 0.695200 7.219900 0.221000
v 0.983600 6.400700 0.448200
v 1.015700 6.368000 0.253600
v 1.078700 4.960500 0.821500
v 1.112600 4.910200 0.630900
v 0.671000 7.013900 0.444300
v 0.853500 6.499500 0.479400
v 0.936500 6.499500 0.297500
v 0.745100 7.039900 0.260400
v 0.886500 6.207100 0.520700
v 0.973700 6.179000 0.343000
v 0.893600 5.828000 0.612300
v 0.981400 5.780500 0.439000
v 0.858700 4.886600 0.893800
v 0.946200 4.828800 0.723500
v 0.673500 7.073000 0.459700
v 0.867400 6.532600 0.471500
v 0.937700 6.532600 0.284300
v 0.732400 7.105700 0.271400
v 0.909200 6.202900 0.523100
v 0.984600 6.171200 0.340500
v 0.922700 5.754400 0.638700
v 0.998800 5.705000 0.460500
v 0.901400 4.880000 0.901000
v 0.977300 4.822200 0.725200
v 0.655600 7.018800 0.490300
v 0.842700 6.426500 0.529000
v 0.957000 6.426500 0.364800
v 0.757800 7.058800 0.323100
v 0.874400 5.856000 0.637000
v 0.991900 5.822900 0.478600
v 0.834300 4.898200 0.867800
v 0.951300 4.850700 0.712700
v 0.612600 6.748500 0.023900
v 0.804600 5.690500 0.152200
v 0.725500 5.690500 -0.031500
v 0.544500 6.703800 -0.158800
v 0.913300 5.495000 0.058000
v 0.807400 5.553500 -0.101200
v 0.979300 5.382700 -0.063900
v 0.851700 5.486000 -0.178200
v 0.985500 5.289600 -0.205000
v 0.855200 5.429100 -0.264900
v 0.933000 5.212900 -0.360100
v 0.812700 5.370700 -0.385300
v 0.877800 5.164400 -0.466500
v 0.745300 5.304100 -0.520500
v 0.859100 5.095800 -0.523300
v 0.708100 5.166000 -0.634000
v 0.898000 4.531100 -0.681800
v 0.748200 4.540500 -0.814000
v 0.650800 6.847600 -0.005500
v 0.838000 5.776500 0.010900
v 0.715000 5.776500 -0.146800
v 0.533200 6.815000 -0.164000
v 0.871600 5.536500 -0.053900
v 0.741800 5.591400 -0.195900
v 0.873500 5.398600 -0.148500
v 0.743200 5.506600 -0.255100
v 0.848200 5.270200 -0.302200
v 0.721200 5.400800 -0.384700
v 0.820600 5.158600 -0.447100
v 0.690200 5.267500 -0.552600
v 0.820300 5.017300 -0.536800
v 0.885300 4.538300 -0.663600
v 0.759300 4.549900 -0.818500
v 0.689400 5.070500 -0.678500
v 0.545200 6.760700 0.067600
v 0.753300 5.547900 0.280700
v 0.886400 5.547900 0.131400
v 0.678300 6.759900 -0.081700
v 0.789300 5.365600 0.298400
v 0.904700 5.444900 0.155500
v 0.828500 5.262100 0.194000
v 0.906600 5.439900 0.146600
v 0.866600 5.263000 -0.018300
v 0.929600 5.450600 0.010700
v 0.886500 5.294100 -0.185600
v 0.952000 5.483000 -0.178900
v 0.888500 5.287000 -0.237700
v 0.957200 5.461100 -0.308400
v 0.884900 5.229300 -0.317800
v 0.950800 5.359300 -0.454800
v 0.833600 4.826400 -0.598300
v 0.894700 4.916900 -0.765900
v 0.540600 6.705400 0.106700
v 0.670400 5.948900 0.259900
v 0.838200 5.948900 0.151100
v 0.707700 6.709400 -0.003000
v 0.701900 5.674600 0.324300
v 0.872500 5.645500 0.224000
v 0.696600 5.518100 0.403600
v 0.867500 5.477800 0.307700
v 0.704600 5.370800 0.450800
v 0.867500 5.402300 0.339100
v 0.750400 5.260000 0.415100
v 0.863800 5.407300 0.341200
v 0.811100 5.219100 0.334100
v 0.882900 5.230800 0.212900
v 0.917100 5.424200 0.251100
v 0.863900 5.411900 0.340600
v 0.959500 5.248600 0.044200
v 1.007600 5.442700 0.048300
v 0.988000 5.216100 -0.123000
v 1.046700 5.395900 -0.188200
v 0.910400 4.992600 -0.527600
v 0.962700 5.148800 -0.641000
v 0.565000 6.794000 0.109800
v 0.716900 5.965900 0.242300
v 0.869300 5.965900 0.112700
v 0.716100 6.801600 -0.021100
v 0.758400 5.593000 0.311000
v 0.909000 5.605600 0.180000
v 0.791400 5.390200 0.289600
v 0.924400 5.488400 0.177100
v 0.835000 5.305600 0.186100
v 0.931200 5.478800 0.159100
v 0.880800 5.298000 0.044000
v 0.963800 5.479400 0.058300
v 0.920300 5.288200 -0.117200
v 1.013100 5.462700 -0.147900
v 0.929300 5.223900 -0.259000
v 1.026300 5.363800 -0.363900
v 0.859400 4.903700 -0.564400
v 0.948800 5.003000 -0.713200
v 0.574500 6.733900 0.204500
v 0.782300 5.780400 0.460100
v 0.955100 5.780400 0.359500
v 0.744800 6.746000 0.100300
v 0.837700 5.468700 0.588900
v 1.014100 5.444700 0.497900
v 0.848000 5.160100 0.749500
v 1.023900 5.094500 0.680400
v 0.683800 4.660000 1.089300
v 0.847900 4.553800 1.047100
v 0.587000 6.760700 0.232500
v 0.700400 6.081700 0.399900
v 0.881200 6.081700 0.314300
v 0.765300 6.775600 0.143100
v 0.745800 5.689900 0.538400
v 0.928200 5.677100 0.457300
v 0.773800 5.406800 0.665100
v 0.957400 5.377400 0.591400
v 0.768600 5.185700 0.785100
v 0.951200 5.130000 0.725500
v 0.734100 5.023100 0.884400
v 0.909000 4.934600 0.844800
v 0.642000 4.846400 1.006400
v 0.803200 4.729800 0.985600
v 0.287300 4.379000 1.335500
v 0.435500 4.244900 1.327000
v 0.571400 6.689100 0.223000
v 0.678200 6.009100 0.394600
v 0.859500 6.009100 0.310000
v 0.750600 6.701600 0.135100
v 0.720600 5.625400 0.518100
v 0.903500 5.610800 0.438300
v 0.737400 5.341800 0.640100
v 0.920700 5.297500 0.573500
v 0.689500 5.068300 0.803300
v 0.862600 4.975500 0.765500
v 0.381700 4.587100 1.194700
v 0.533900 4.457700 1.185400
v 0.573300 6.681300 0.233500
v 0.681400 5.976200 0.410100
v 0.865900 5.976200 0.333000
v 0.755600 6.695800 0.152600
v 0.715800 5.588400 0.538300
v 0.901700 5.573400 0.466200
v 0.726400 5.328400 0.648100
v 0.912900 5.296400 0.583200
v 0.716600 5.157900 0.737200
v 0.901700 5.104400 0.683500
v 0.696300 5.049800 0.803300
v 0.873500 4.963000 0.770200
v 0.633100 4.937500 0.890700
v 0.794200 4.819300 0.881000
v 0.286500 4.520100 1.242600
v 0.435500 4.386700 1.245600
v 0.641900 6.809900 0.686100
v 0.754300 6.482300 0.728100
v 0.839700 6.482300 0.547200
v 0.724200 6.819000 0.504000
v 0.791800 6.219100 0.754200
v 0.878800 6.208400 0.574400
v 0.789900 5.828300 0.788100
v 0.876900 5.801500 0.610000
v 0.683500 4.964000 0.919600
v 0.768400 4.918100 0.744500
v 0.650700 6.845000 0.668900
v 0.769300 6.512400 0.707500
v 0.848000 6.512400 0.523600
v 0.726100 6.854800 0.483900
v 0.808400 6.251400 0.733300
v 0.889000 6.239400 0.550700
v 0.807200 5.854100 0.771700
v 0.888000 5.825300 0.591000
v 0.703900 4.954400 0.925300
v 0.782700 4.906300 0.747900
v 0.636800 6.813800 0.729300
v 0.753200 6.486500 0.762400
v 0.822300 6.486500 0.574700
v 0.703000 6.822400 0.540800
v 0.793400 6.220100 0.784800
v 0.864000 6.210600 0.597900
v 0.793300 5.831600 0.813500
v 0.864000 5.808300 0.627900
v 0.684200 4.976100 0.923400
v 0.753100 4.936100 0.739900
v 0.657800 6.876700 0.591700
v 0.782400 6.524800 0.633400
v 0.865900 6.524800 0.451700
v 0.737400 6.888200 0.408600
v 0.823100 6.253600 0.663500
v 0.909100 6.238600 0.483500
v 0.826700 5.860400 0.715100
v 0.913000 5.825800 0.538000
v 0.735600 4.929200 0.917300
v 0.820300 4.875600 0.744300
v 0.666600 6.913000 0.610900
v 0.798000 6.556100 0.641000
v 0.864300 6.556100 0.452300
v 0.728700 6.925200 0.421200
v 0.840900 6.282700 0.667800
v 0.909900 6.267400 0.480700
v 0.845200 5.883400 0.718800
v 0.914600 5.849200 0.534300
v 0.753200 4.931600 0.920000
v 0.821200 4.879700 0.739200
v 0.679400 6.827300 0.558400
v 0.811400 6.516100 0.605700
v 0.895400 6.516100 0.424200
v 0.759600 6.837100 0.375400
v 0.848200 6.279900 0.632300
v 0.935100 6.263800 0.452900
v 0.854800 5.862300 0.694600
v 0.942200 5.826200 0.518400
v 0.760000 4.888500 0.910000
v 0.846000 4.834900 0.737600
v 0.676400 7.081500 0.751800
v 0.853000 6.750900 0.711300
v 0.823000 6.750900 0.513500
v 0.641300 7.091300 0.555200
v 0.904400 6.595900 0.709500
v 0.877900 6.585800 0.511500
v 0.935700 6.431500 0.716800
v 0.910200 6.415800 0.519000
v 0.938700 6.084100 0.747300
v 0.913500 6.060300 0.550300
v 0.852200 4.978700 0.927800
v 0.826200 4.943400 0.732700
v 0.664700 6.999700 0.752500
v 0.825200 6.646600 0.736700
v 0.823500 6.646600 0.536700
v 0.657900 7.011400 0.553000
v 0.881600 6.369100 0.746800
v 0.882200 6.358100 0.547100
v 0.890100 5.960600 0.777000
v 0.891100 5.938200 0.578300
v 0.792800 4.993000 0.922900
v 0.792800 4.957400 0.726100
v 0.479900 6.521200 0.180300
v 0.653900 5.795000 0.443100
v 0.825000 5.795000 0.339500
v 0.650500 6.523100 0.076000
v 0.742200 5.445500 0.600700
v 0.915900 5.434000 0.502200
v 0.770800 5.279300 0.688100
v 0.948200 5.239300 0.604900
v 0.760200 5.150600 0.770800
v 0.936100 5.080600 0.706200
v 0.723400 4.991300 0.880700
v 0.893400 4.897700 0.832300
v 0.635700 4.806400 1.015900
v 0.794900 4.689600 0.984200
v 0.303100 4.342200 1.343200
v 0.451400 4.209600 1.322600
v 0.459600 6.508600 0.149400
v 0.700100 5.721800 0.413100
v 0.855200 5.721800 0.286800
v 0.615300 6.506800 0.023800
v 0.798700 5.447000 0.544800
v 0.961700 5.421900 0.431800
v 0.835100 5.289200 0.680100
v 1.003300 5.245100 0.581200
v 0.875200 5.139100 0.794900
v 1.016800 5.168200 0.656600
v 0.961200 5.024300 0.751600
v 0.981200 5.210500 0.681400
v 1.017000 5.060600 0.567900
v 0.982900 5.247900 0.629200
v 1.042900 5.153100 0.342900
v 1.010500 5.345000 0.389300
v 1.046600 5.229000 -0.370600
v 1.015000 5.426300 -0.362500
v 0.386300 6.506100 0.029900
v 0.584600 5.776600 0.219800
v 0.673600 5.776600 0.040700
v 0.483400 6.476500 -0.142400
v 0.678000 5.539100 0.234500
v 0.745800 5.596200 0.055200
v 0.726500 5.423700 0.185600
v 0.763600 5.553900 0.038400
v 0.759800 5.352200 0.091600
v 0.770400 5.538500 0.019600
v 0.778900 5.330000 -0.076800
v 0.782300 5.529000 -0.095900
v 0.782400 5.317200 -0.249100
v 0.786000 5.511000 -0.298300
v 0.767000 5.261600 -0.377000
v 0.763300 5.424500 -0.493000
v 0.735800 5.141500 -0.485800
v 0.720600 5.250800 -0.652600
v 0.709500 4.956300 -0.562800
v 0.689400 5.011000 -0.754100
v 0.778800 4.341900 -0.660400
v 0.761500 4.359600 -0.858900
v 0.399000 6.531500 0.010800
v 0.571800 5.787400 0.213300
v 0.682500 5.787400 0.046700
v 0.515700 6.506100 -0.149600
v 0.657200 5.548500 0.239800
v 0.749400 5.603000 0.071000
v 0.704400 5.431300 0.196000
v 0.766300 5.560800 0.056700
v 0.739400 5.359400 0.102200
v 0.773500 5.545500 0.037400
v 0.764000 5.338900 -0.070000
v 0.790000 5.536500 -0.086000
v 0.772600 5.325500 -0.242100
v 0.800000 5.516800 -0.293400
v 0.758600 5.264000 -0.375400
v 0.780000 5.425900 -0.490900
v 0.730400 5.162900 -0.477500
v 0.740700 5.278200 -0.640600
v 0.707400 5.048500 -0.532800
v 0.711100 5.122700 -0.718500
v 0.704600 4.863000 -0.591400
v 0.707900 4.907000 -0.786500
v 0.782600 4.353000 -0.660200
v 0.789100 4.371400 -0.859300
v 0.400900 6.506000 0.045300
v 0.562500 5.688300 0.297700
v 0.722600 5.688300 0.177800
v 0.561100 6.505200 -0.074400
v 0.609800 5.483700 0.348400
v 0.758900 5.526500 0.222200
v 0.656100 5.362800 0.315500
v 0.768000 5.497200 0.218500
v 0.708100 5.303900 0.214200
v 0.774700 5.492200 0.204400
v 0.774800 5.325700 -0.008300
v 0.827000 5.515600 0.026200
v 0.816700 5.347700 -0.189600
v 0.877600 5.537700 -0.202700
v 0.815000 5.319200 -0.276000
v 0.875700 5.486200 -0.367800
v 0.783500 5.232300 -0.394700
v 0.833000 5.363300 -0.537500
v 0.732700 5.091900 -0.504700
v 0.772600 5.188300 -0.675300
v 0.713700 4.913700 -0.589200
v 0.750300 4.975100 -0.776000
v 0.772700 4.445000 -0.677500
v 0.812200 4.474400 -0.871300
v 0.378000 6.526400 -0.028300
v 0.494100 6.014500 0.102700
v 0.464000 6.014500 -0.095000
v 0.365600 6.450600 -0.212900
v 0.542400 5.825200 0.040100
v 0.491900 5.909800 -0.133900
v 0.580800 5.644600 -0.103600
v 0.524200 5.760700 -0.256300
v 0.598100 5.418600 -0.289300
v 0.541800 5.531600 -0.444400
v 0.602000 5.157600 -0.465500
v 0.546800 5.247500 -0.635400
v 0.625700 4.829300 -0.606400
v 0.573600 4.872100 -0.794700
v 0.697000 4.126900 -0.668700
v 0.649700 4.120100 -0.862900
v 0.366200 6.531200 -0.012400
v 0.442500 6.084200 0.147900
v 0.529400 6.084200 -0.032300
v 0.464700 6.474400 -0.177000
v 0.501400 5.911300 0.129900
v 0.564200 5.985000 -0.045100
v 0.575000 5.750300 0.056300
v 0.621400 5.864400 -0.101300
v 0.635800 5.580800 -0.071500
v 0.676200 5.713100 -0.215900
v 0.653900 5.406200 -0.237500
v 0.694100 5.539400 -0.381100
v 0.640100 5.208500 -0.415500
v 0.680100 5.318400 -0.577700
v 0.636300 4.904000 -0.572500
v 0.676800 4.962100 -0.759500
v 0.708800 4.191400 -0.649200
v 0.754100 4.198400 -0.843900
v 0.356300 6.537100 -0.056800
v 0.467000 6.019200 0.057400
v 0.426500 6.019200 -0.138400
v 0.331000 6.466800 -0.242300
v 0.508200 5.826000 -0.002300
v 0.451900 5.903900 -0.177700
v 0.539600 5.635300 -0.137900
v 0.478700 5.743100 -0.295000
v 0.553800 5.397200 -0.314200
v 0.493200 5.501900 -0.473400
v 0.562700 5.125700 -0.481200
v 0.503200 5.208300 -0.653400
v 0.595600 4.787100 -0.616900
v 0.539500 4.829000 -0.804300
v 0.664400 4.080100 -0.697500
v 0.612000 4.081500 -0.890500
v 0.301700 7.696700 1.090800
v 0.803100 7.406500 0.986100
v 0.749800 7.406500 0.793400
v 0.261700 7.687900 0.895000
v 0.938300 7.213300 0.935000
v 0.876900 7.223900 0.744900
v 1.015900 6.997600 0.894800
v 0.954900 7.007400 0.704600
v 1.064900 6.769100 0.871300
v 1.005700 6.770400 0.680300
v 1.087400 6.478600 0.870500
v 1.028800 6.471300 0.679400
v 1.072000 6.044200 0.899400
v 1.013300 6.027500 0.709000
v 0.999300 5.209000 1.022500
v 0.939700 5.180900 0.833700
v 0.217200 7.717800 1.108900
v 0.736400 7.464500 0.999500
v 0.685300 7.464500 0.806200
v 0.177600 7.711400 0.913000
v 0.890900 7.279100 0.947200
v 0.832900 7.286900 0.755900
v 1.002000 7.023900 0.900900
v 0.944400 7.030800 0.709500
v 1.069800 6.769400 0.874600
v 1.013800 6.770000 0.682600
v 1.091600 6.513300 0.873000
v 1.036200 6.507500 0.680900
v 1.078900 6.120400 0.893200
v 1.023400 6.106700 0.701600
v 0.994400 5.291700 1.001900
v 0.937900 5.267300 0.811600
v 0.109200 7.748200 1.112500
v 0.688500 7.526900 0.991900
v 0.644200 7.526900 0.796900
v 0.070000 7.746000 0.916400
v 0.880700 7.351400 0.943600
v 0.832500 7.354800 0.749500
v 0.994500 7.155500 0.909700
v 0.945000 7.161000 0.716000
v 1.065500 6.965700 0.885500
v 1.016000 6.971200 0.691800
v 1.090700 6.685400 0.871900
v 1.041900 6.685300 0.677900
v 1.010800 5.423800 0.925900
v 0.961700 5.415700 0.732200
v 0.184700 7.736000 1.099300
v 0.703100 7.502800 0.985300
v 0.652700 7.502800 0.791800
v 0.143300 7.731400 0.903700
v 0.867400 7.332800 0.933700
v 0.810800 7.338800 0.742000
v 0.990200 7.098300 0.887700
v 0.933200 7.105000 0.696100
v 1.067200 6.873800 0.858300
v 1.011700 6.876000 0.666100
v 1.091700 6.592000 0.853400
v 1.037200 6.584400 0.661100
v 1.002100 5.338100 0.968200
v 0.947200 5.321100 0.776600
v 0.323500 7.683900 1.092200
v 0.803600 7.393700 0.994500
v 0.750300 7.393700 0.801800
v 0.284300 7.674300 0.896300
v 0.934600 7.205500 0.943900
v 0.872600 7.217000 0.754100
v 1.010500 6.997400 0.903200
v 0.948800 7.008200 0.713300
v 1.059200 6.777000 0.879100
v 1.082800 6.496600 0.876800
v 1.023800 6.489900 0.685800
v 0.999300 6.779100 0.688200
v 1.070500 6.075700 0.902500
v 1.011300 6.059800 0.712100
v 0.994500 5.227800 1.023500
v 0.934500 5.201200 0.834600
v 0.324800 7.628600 1.163200
v 0.763100 7.365000 1.107500
v 0.719500 7.365000 0.912300
v 0.300700 7.615600 0.965100
v 0.893600 7.192600 1.060400
v 0.837300 7.208500 0.869200
v 0.982300 6.970700 1.010000
v 0.924600 6.989600 0.819400
v 1.035000 6.764700 0.975000
v 0.979100 6.775900 0.783300
v 1.050200 6.484800 0.964000
v 0.995300 6.483200 0.771700
v 0.966000 5.316800 1.035800
v 0.910500 5.305600 0.843900
v 0.383200 7.622300 1.112600
v 0.801900 7.329700 1.046600
v 0.755700 7.329700 0.852000
v 0.351700 7.611000 0.915400
v 0.920000 7.147800 1.004400
v 0.865100 7.160400 0.812500
v 0.997400 6.916800 0.963400
v 0.942300 6.929800 0.771600
v 1.043400 6.682100 0.937300
v 0.989800 6.687400 0.744700
v 1.054100 6.390300 0.934700
v 1.000900 6.384200 0.741900
v 0.955000 5.254900 1.033900
v 0.901300 5.239600 0.841900
v 0.069500 7.796200 1.018800
v 0.595000 7.725900 0.828100
v 0.540600 7.725900 0.635700
v -0.004200 7.800000 0.832900
v 0.785300 7.605700 0.791500
v 0.744700 7.597400 0.595900
v 0.954400 7.396300 0.768300
v 0.912100 7.390000 0.573000
v 1.071400 7.154000 0.744300
v 1.025300 7.155900 0.549700
v 1.117200 6.861100 0.723700
v 1.071700 6.859700 0.529000
v 1.063200 5.640100 0.794300
v 1.017600 5.627400 0.600000
v 0.439100 7.621500 1.047700
v 0.832400 7.324100 0.974600
v 0.782700 7.324100 0.780800
v 0.401600 7.611400 0.851500
v 0.942000 7.144700 0.934700
v 0.885300 7.155300 0.743100
v 1.014300 6.919000 0.898200
v 0.957900 6.929000 0.706600
v 1.059100 6.690900 0.876300
v 1.004100 6.693100 0.684000
v 1.070900 6.411300 0.877500
v 1.016500 6.401600 0.685200
v 0.973400 5.269500 1.002400
v 0.918300 5.249900 0.811200
v 0.516000 7.548900 0.998800
v 0.839400 7.234400 0.931400
v 0.794300 7.234400 0.736500
v 0.474100 7.545500 0.803200
v 0.943100 7.061500 0.904000
v 0.894900 7.066600 0.710000
v 1.000800 6.881100 0.882200
v 0.952100 6.887700 0.688300
v 1.036200 6.624200 0.866400
v 0.988200 6.625600 0.672200
v 1.041700 6.257100 0.869500
v 0.993900 6.250300 0.675500
v 1.003200 5.792800 0.906000
v 0.954700 5.775700 0.712800
v 0.867100 4.945600 1.041400
v 0.817200 4.919300 0.849500
v 0.482200 7.621700 0.965800
v 0.842300 7.321400 0.888200
v 0.795100 7.321400 0.693900
v 0.439400 7.617700 0.770500
v 0.954700 7.153000 0.856600
v 0.903200 7.159200 0.663400
v 1.010000 7.006600 0.834200
v 0.957600 7.015000 0.641400
v 1.044900 6.778200 0.816000
v 0.993200 6.782700 0.622900
v 1.065500 6.505100 0.808200
v 1.014500 6.499400 0.614800
v 1.056900 6.159900 0.833700
v 1.005800 6.140700 0.641300
v 0.958800 4.995800 1.014100
v 0.906900 4.967200 0.823000
v 0.667300 7.283600 0.781500
v 0.909800 6.904900 0.691200
v 0.857600 6.904900 0.498100
v 0.607100 7.296700 0.591300
v 0.977400 6.731600 0.683000
v 0.930900 6.717500 0.489000
v 1.017300 6.554100 0.690900
v 0.972000 6.534700 0.497100
v 1.035100 6.385800 0.704200
v 0.990100 6.364200 0.510500
v 1.023600 6.098300 0.741400
v 0.978500 6.070600 0.548500
v 0.902100 4.906100 0.969300
v 0.856300 4.871600 0.777700
v 0.643100 7.338800 0.841600
v 0.902500 6.954700 0.747500
v 0.850300 6.954700 0.554400
v 0.583100 7.350800 0.651200
v 0.976100 6.778000 0.737300
v 0.929200 6.765500 0.543300
v 1.020200 6.595400 0.742300
v 0.974100 6.579700 0.548300
v 1.039000 6.402200 0.752700
v 0.992800 6.386700 0.558700
v 1.025500 6.101100 0.780700
v 0.979200 6.078600 0.587500
v 0.886000 4.919800 0.992600
v 0.838700 4.887500 0.801000
v 0.887900 6.888600 0.746200
v 0.954500 6.721100 0.738600
v 0.910000 6.708100 0.544100
v 0.838100 6.888600 0.552500
v 0.995400 6.546500 0.744600
v 0.951500 6.530600 0.550100
v 1.013600 6.360900 0.754800
v 0.969700 6.345800 0.560200
v 1.001700 6.070800 0.779900
v 0.957600 6.049000 0.586100
v 0.876100 4.943000 0.975700
v 0.831000 4.910900 0.783500
v 0.657100 7.251300 0.828600
v 0.599500 7.264200 0.637600
v 0.544300 7.505600 0.988100
v 0.883700 7.137000 0.912000
v 0.835700 7.137000 0.717800
v 0.499100 7.502200 0.793300
v 0.971600 6.946700 0.887000
v 0.921900 6.949900 0.693300
v 1.018500 6.749400 0.870900
v 0.968900 6.752600 0.677200
v 1.041400 6.542000 0.862500
v 0.992200 6.542000 0.668600
v 1.034500 6.218700 0.868200
v 0.985200 6.208800 0.674600
v 0.903000 5.027900 1.009400
v 0.852500 5.005800 0.817200
v 0.607100 7.406800 0.905900
v 0.896000 7.029100 0.818200
v 0.845600 7.029100 0.624600
v 0.552500 7.412800 0.713600
v 0.974200 6.846500 0.803000
v 0.926700 6.840200 0.608800
v 1.018600 6.656900 0.800300
v 0.971400 6.649300 0.606100
v 1.038000 6.456300 0.802700
v 0.990800 6.448700 0.608500
v 1.025100 6.144500 0.819000
v 0.977700 6.128900 0.625300
v 0.889800 4.966600 0.993000
v 0.841200 4.939300 0.800900
v 0.587100 7.485500 0.899100
v 0.865900 7.184600 0.819000
v 0.812100 7.184600 0.626400
v 0.532200 7.486700 0.706800
v 0.957000 7.025000 0.794500
v 0.904100 7.023400 0.601600
v 1.011000 6.862400 0.781800
v 0.958700 6.858900 0.588800
v 1.044900 6.633900 0.778100
v 0.993200 6.626800 0.585000
v 1.047600 6.244800 0.796900
v 0.996100 6.227500 0.604400
v 0.917800 4.959600 0.998500
v 0.865300 4.930900 0.807700
v 0.563300 6.593200 0.295600
v 0.699000 5.531400 0.591400
v 0.893300 5.531400 0.544100
v 0.755900 6.607900 0.244000
v 0.708300 5.292400 0.690200
v 0.903300 5.267800 0.653000
v 0.689300 5.128300 0.777800
v 0.881600 5.078800 0.753400
v 0.656800 5.000900 0.854600
v 0.840300 4.921800 0.848300
v 0.568400 4.848600 0.962800
v 0.737600 4.742700 0.974700
v 0.200500 4.379100 1.297800
v 0.359100 4.259200 1.319600
v 0.576300 6.572300 0.316900
v 0.740400 5.395300 0.681800
v 0.936900 5.395300 0.644600
v 0.770600 6.591500 0.273300
v 0.742200 5.068600 0.834200
v 0.938100 5.035200 0.812100
v 0.711400 4.938400 0.911100
v 0.898900 4.868800 0.909700
v 0.621600 4.763100 1.026600
v 0.797600 4.669100 1.040800
v 0.294000 4.273100 1.345000
v 0.461300 4.165800 1.367700
v 0.662000 6.905000 0.669400
v 0.794300 6.554000 0.693300
v 0.848700 6.554000 0.500800
v 0.712500 6.915800 0.476200
v 0.838200 6.280300 0.715600
v 0.894700 6.267700 0.524200
v 0.841200 5.883900 0.755200
v 0.898100 5.854400 0.565800
v 0.744700 4.955200 0.925000
v 0.800000 4.907700 0.738800
v 0.594000 6.640000 0.315500
v 0.755100 5.564500 0.602600
v 0.944400 5.564500 0.537900
v 0.781500 6.652600 0.247300
v 0.775600 5.312500 0.706500
v 0.966300 5.285400 0.652600
v 0.759200 5.159200 0.785200
v 0.946500 5.100300 0.747300
v 0.714500 5.014400 0.868700
v 0.892600 4.925800 0.847900
v 0.629600 4.861500 0.968700
v 0.793100 4.746400 0.965200
v 0.291800 4.460400 1.262700
v 0.442100 4.328700 1.271200
v 0.659600 6.872000 0.419100
v 0.798200 6.546800 0.473700
v 0.902000 6.546800 0.302800
v 0.755800 6.891500 0.244900
v 0.830200 6.276700 0.515900
v 0.937900 6.253400 0.349000
v 0.835400 5.835500 0.607900
v 0.943500 5.789600 0.446000
v 0.758000 4.874300 0.911000
v 0.864600 4.808100 0.755300
v 0.594800 6.667200 0.795600
v 0.710300 6.269500 0.851600
v 0.812200 6.269500 0.679500
v 0.694400 6.675600 0.622400
v 0.741600 5.980400 0.878800
v 0.844700 5.969200 0.707700
v 0.709300 5.522700 0.905700
v 0.811900 5.501600 0.735300
v 0.606200 6.776400 0.810100
v 0.746600 6.215500 0.846700
v 0.829700 6.215500 0.664700
v 0.685300 6.792200 0.627100
v 0.753400 5.746400 0.872000
v 0.837000 5.728000 0.691300
v 0.650000 5.003000 0.940600
v 0.731800 4.968400 0.761400
v 0.645600 7.196400 0.899200
v 0.857900 6.864300 0.819400
v 0.802600 6.864300 0.627200
v 0.583400 7.207600 0.709500
v 0.921800 6.704700 0.809100
v 0.870800 6.694100 0.616000
v 0.965200 6.502800 0.811400
v 0.914300 6.491600 0.618300
v 0.968200 6.091600 0.830500
v 0.917400 6.077700 0.637500
v 0.849600 4.985600 0.968400
v 0.797800 4.961300 0.776700
v 0.640300 7.161700 0.930900
v 0.856100 6.809300 0.852100
v 0.802800 6.809300 0.659300
v 0.579400 7.174400 0.740900
v 0.921900 6.635000 0.842400
v 0.872400 6.624800 0.648900
v 0.954700 6.464300 0.844900
v 0.905200 6.454600 0.651400
v 0.953300 6.097300 0.858900
v 0.903800 6.085800 0.665500
v 0.828200 5.020200 0.979200
v 0.777800 4.999400 0.786800
v 0.650800 7.111700 0.886400
v 0.849000 6.771900 0.817700
v 0.796900 6.771900 0.624600
v 0.593200 7.121600 0.695100
v 0.906600 6.605100 0.808900
v 0.857800 6.595800 0.615100
v 0.941800 6.429300 0.810900
v 0.893400 6.418000 0.617100
v 0.958400 6.241300 0.817200
v 0.909900 6.231500 0.623400
v 0.946200 5.952600 0.833400
v 0.897600 5.938500 0.639900
v 0.829900 5.013600 0.957400
v 0.780200 4.989900 0.765100
v 0.696200 7.107200 0.547400
v 0.901600 6.652600 0.524000
v 0.909600 6.652600 0.324100
v 0.696700 7.124900 0.348200
v 0.940700 6.474700 0.537200
v 0.953600 6.454800 0.338600
v 0.956500 6.303900 0.562100
v 0.970800 6.269500 0.365600
v 0.963000 5.914600 0.644700
v 0.977600 5.871500 0.450000
v 0.927800 4.912300 0.874400
v 0.942200 4.867200 0.680100
v 0.684500 7.045400 0.574600
v 0.883100 6.559800 0.575300
v 0.918500 6.559800 0.378500
v 0.713900 7.062000 0.377500
v 0.913300 6.378200 0.593200
v 0.953000 6.355300 0.398500
v 0.914100 5.996000 0.659100
v 0.954200 5.958300 0.466800
v 0.849400 4.924800 0.882600
v 0.889100 4.880000 0.691800
v 0.690200 7.050100 0.524800
v 0.869900 6.607900 0.530300
v 0.902800 6.607900 0.333000
v 0.717700 7.064300 0.327200
v 0.906100 6.429500 0.545700
v 0.943000 6.411400 0.350000
v 0.921400 6.226900 0.576100
v 0.959700 6.191000 0.383200
v 0.881200 4.905800 0.881100
v 0.919400 4.858700 0.690600
v 0.703900 7.205300 0.543200
v 0.902300 6.841400 0.491800
v 0.875200 6.841400 0.293700
v 0.669100 7.220400 0.346800
v 0.953200 6.673200 0.495000
v 0.932500 6.652800 0.297200
v 0.989400 6.395500 0.534200
v 0.971200 6.357200 0.338700
v 0.992800 4.898200 0.891900
v 0.974800 4.849800 0.698700
v 0.686800 7.143000 0.494600
v 0.874500 6.699400 0.475800
v 0.909000 6.699400 0.278800
v 0.706600 7.178400 0.298800
v 0.942400 6.263700 0.535500
v 0.983300 6.228700 0.342900
v 0.951100 4.885700 0.897800
v 0.992700 4.832600 0.709500
v 0.700200 7.246000 0.481500
v 0.900400 6.852500 0.435900
v 0.879400 6.852500 0.237000
v 0.671800 7.261300 0.284100
v 0.954700 6.674400 0.440400
v 0.939700 6.655200 0.241900
v 0.976900 6.528900 0.459600
v 0.965100 6.491100 0.263600
v 0.998000 6.225400 0.532700
v 0.987500 6.173100 0.340000
v 1.038300 5.744800 0.674500
v 1.028700 5.681500 0.485000
v 1.065500 5.281200 0.844600
v 1.055700 5.204400 0.660200
v 0.917900 4.691900 1.127500
v 0.905400 4.603400 0.948500
v 0.659100 7.009400 0.563100
v 0.845400 6.437700 0.590900
v 0.939000 6.437700 0.414100
v 0.742300 7.043000 0.384300
v 0.868700 5.965000 0.659600
v 0.965000 5.932800 0.487300
v 0.793500 4.915000 0.888600
v 0.889000 4.866700 0.719700
v 0.654400 7.009300 0.509700
v 0.837700 6.415100 0.549000
v 0.952300 6.415100 0.385100
v 0.757600 7.047900 0.342700
v 0.862900 5.866500 0.646400
v 0.980300 5.833800 0.487800
v 0.810000 4.903400 0.868600
v 0.926700 4.856300 0.713200
v 0.652200 7.020900 0.865100
v 0.827100 6.683600 0.817800
v 0.789000 6.683600 0.621400
v 0.608800 7.031900 0.670200
v 0.890900 6.410800 0.815300
v 0.854900 6.402600 0.618700
v 0.902600 5.982300 0.834500
v 0.866800 5.967500 0.638300
v 0.798200 5.023000 0.950600
v 0.761600 4.998000 0.755500
v 0.646100 6.938600 0.862200
v 0.799400 6.613200 0.836000
v 0.778100 6.613200 0.637200
v 0.620900 6.947300 0.664000
v 0.856200 6.349000 0.837200
v 0.836500 6.342100 0.638300
v 0.866500 5.945900 0.853900
v 0.847000 5.932000 0.655400
v 0.756600 5.037300 0.952900
v 0.736100 5.013200 0.755400
v 0.641800 6.906700 0.849800
v 0.789900 6.559400 0.836200
v 0.784000 6.559400 0.636300
v 0.632600 6.914800 0.650200
v 0.842100 6.273400 0.841800
v 0.837600 6.266300 0.642000
v 0.846300 5.860400 0.861200
v 0.842000 5.845000 0.661800
v 0.732700 4.993300 0.956600
v 0.727100 4.966700 0.758500
v 0.674900 7.001600 0.690200
v 0.830400 6.645500 0.685200
v 0.844500 6.645500 0.485700
v 0.683800 7.014500 0.490800
v 0.883900 6.373400 0.700400
v 0.900800 6.360100 0.501600
v 0.894200 5.991400 0.737300
v 0.911700 5.963500 0.540000
v 0.803300 4.964500 0.923600
v 0.819800 4.922400 0.728700
v 0.672700 6.961200 0.661200
v 0.817400 6.600200 0.671200
v 0.852800 6.600200 0.474400
v 0.703200 6.973700 0.464000
v 0.865500 6.322100 0.691500
v 0.903600 6.307700 0.495700
v 0.871000 5.915200 0.736400
v 0.909500 5.884200 0.542600
v 0.781000 4.951000 0.923700
v 0.818300 4.903800 0.733000
v 0.649800 6.886100 0.737600
v 0.783100 6.549900 0.753000
v 0.821800 6.549900 0.556800
v 0.685000 6.895500 0.540900
v 0.828700 6.283800 0.770100
v 0.869300 6.273800 0.574600
v 0.830200 5.879000 0.800300
v 0.871000 5.855500 0.606000
v 0.725600 4.972200 0.931200
v 0.764800 4.932300 0.739100
v 0.682400 7.004200 0.617700
v 0.834400 6.639400 0.622500
v 0.865000 6.639400 0.424800
v 0.707400 7.018500 0.419800
v 0.885700 6.365200 0.643700
v 0.919700 6.348600 0.447300
v 0.895900 5.980800 0.692600
v 0.930600 5.947200 0.498500
v 0.809100 4.941200 0.911100
v 0.842800 4.893300 0.719900
v 0.673300 6.945600 0.629800
v 0.811000 6.592500 0.648900
v 0.859900 6.592500 0.455000
v 0.717600 6.957900 0.435200
v 0.857500 6.326200 0.671800
v 0.909100 6.311700 0.479100
v 0.865700 5.953900 0.715000
v 0.917900 5.921600 0.524700
v 0.771100 4.940400 0.922800
v 0.822000 4.891300 0.735700
v 0.677200 6.960200 0.594200
v 0.817100 6.602100 0.612600
v 0.866700 6.602100 0.418800
v 0.721800 6.973600 0.399700
v 0.864500 6.333200 0.637100
v 0.917200 6.316900 0.444900
v 0.873900 5.957000 0.686900
v 0.927200 5.922500 0.497300
v 0.789400 4.935700 0.907600
v 0.841800 4.885900 0.721100
v 0.689500 7.068400 0.677400
v 0.854900 6.742000 0.651000
v 0.839500 6.742000 0.451600
v 0.669100 7.078600 0.478700
v 0.903600 6.594100 0.653000
v 0.891800 6.583100 0.453700
v 0.933400 6.439200 0.663200
v 0.923100 6.420500 0.464300
v 0.937400 6.109400 0.700100
v 0.927500 6.080200 0.502500
v 0.856600 4.968900 0.913700
v 0.846000 4.928000 0.718200
v 0.696100 7.141600 0.664900
v 0.881000 6.806400 0.617600
v 0.849400 6.806400 0.420100
v 0.658100 7.153700 0.468900
v 0.935100 6.656300 0.616300
v 0.908400 6.642900 0.418500
v 0.968400 6.499600 0.626700
v 0.943500 6.477300 0.429500
v 0.975200 6.166200 0.670000
v 0.950700 6.135700 0.473900
v 0.922000 4.966200 0.890900
v 0.897300 4.928500 0.696100
v 0.686600 7.117700 0.710200
v 0.871500 6.774500 0.665300
v 0.840200 6.774500 0.467800
v 0.649800 7.128400 0.513900
v 0.924400 6.615200 0.663700
v 0.897100 6.603600 0.465900
v 0.955900 6.447600 0.673000
v 0.930000 6.428100 0.475600
v 0.958600 6.093900 0.713900
v 0.933000 6.065400 0.517600
v 0.878800 4.959900 0.921200
v 0.852600 4.921900 0.726600
v 0.661900 7.049400 0.809600
v 0.841300 6.693800 0.766600
v 0.811400 6.693800 0.568900
v 0.626100 7.061700 0.613200
v 0.905500 6.409700 0.768400
v 0.878000 6.399600 0.570600
v 0.917500 5.990300 0.793700
v 0.890400 5.971500 0.596400
v 0.818500 5.017800 0.930100
v 0.790500 4.987800 0.734300
v 0.692500 7.047300 0.640400
v 0.850900 6.711300 0.626900
v 0.849300 6.711300 0.426900
v 0.686700 7.056700 0.440800
v 0.896500 6.557700 0.631900
v 0.898200 6.547100 0.432200
v 0.923600 6.398300 0.644200
v 0.926700 6.378000 0.445200
v 0.925500 6.061400 0.687700
v 0.929000 6.029100 0.490400
v 0.844600 4.952500 0.907000
v 0.847500 4.909000 0.711800
v 0.698100 7.061500 0.596100
v 0.859300 6.723900 0.582100
v 0.858300 6.723900 0.382100
v 0.692600 7.071500 0.396400
v 0.905400 6.573300 0.587500
v 0.908100 6.561600 0.387800
v 0.932700 6.418700 0.601100
v 0.937400 6.395200 0.402600
v 0.937000 6.089200 0.651600
v 0.942100 6.053800 0.454800
v 0.870700 4.929800 0.889200
v 0.875400 4.886700 0.694000
v 0.693500 7.113500 0.623700
v 0.898400 6.686300 0.590100
v 0.890800 6.686300 0.390300
v 0.679200 7.128500 0.424700
v 0.942900 6.513300 0.598200
v 0.939800 6.496500 0.399000
v 0.961700 6.313000 0.621600
v 0.960000 6.282800 0.423900
v 0.906300 4.944300 0.879000
v 0.904500 4.906100 0.682700
v 0.691400 7.237500 0.628300
v 0.942700 6.797200 0.552800
v 0.914500 6.797200 0.354900
v 0.653400 7.256300 0.432900
v 0.987100 6.635300 0.559700
v 0.965100 6.614600 0.362000
v 1.011200 6.427000 0.585800
v 0.990400 6.396500 0.389200
v 1.015200 6.185100 0.627100
v 0.994700 6.148100 0.431700
v 1.010400 5.829900 0.701000
v 0.989800 5.789800 0.506100
v 0.692200 7.160700 0.650400
v 0.914300 6.730700 0.598200
v 0.893800 6.730700 0.399300
v 0.663800 7.177000 0.453100
v 0.962800 6.556400 0.604200
v 0.947200 6.539000 0.405500
v 0.983600 6.353400 0.626900
v 0.969400 6.323900 0.429500
v 0.933900 4.950600 0.882800
v 0.919700 4.914100 0.686700
v 0.687100 7.171400 0.595300
v 0.909500 6.686700 0.554200
v 0.916100 6.686700 0.354300
v 0.681600 7.199400 0.397400
v 0.968000 6.323300 0.589700
v 0.980000 6.294400 0.392200
v 0.949700 4.925700 0.876400
v 0.962000 4.883400 0.681300
v 0.982200 4.918600 0.890700
v 0.961700 4.879300 0.695700
v 0.680300 7.242900 0.737300
v 0.898900 6.887700 0.659900
v 0.850000 6.887700 0.466000
v 0.623700 7.255900 0.545900
v 0.962000 6.726000 0.653100
v 0.918700 6.711800 0.458300
v 1.000500 6.554900 0.661800
v 0.958900 6.532700 0.467500
v 1.006800 6.171200 0.709700
v 0.965500 6.142600 0.516100
v 0.931700 4.943500 0.931000
v 0.890100 4.908200 0.738600
v 0.684300 7.186400 0.696000
v 0.919000 6.747900 0.631600
v 0.890000 6.747900 0.433700
v 0.647300 7.202600 0.500100
v 0.970200 6.566700 0.635500
v 0.946100 6.550100 0.437700
v 0.991800 6.356400 0.656500
v 0.969000 6.328400 0.459700
v 0.922400 4.951300 0.907800
v 0.899500 4.916100 0.712300
v 0.682900 7.267200 0.682300
v 0.944400 6.819500 0.595000
v 0.908900 6.819500 0.398100
v 0.637600 7.285600 0.488400
v 0.993500 6.654500 0.599400
v 0.964200 6.635000 0.402600
v 1.020500 6.442900 0.622500
v 0.992300 6.415300 0.426400
v 1.023700 6.197600 0.659700
v 0.995800 6.164400 0.464500
v 1.013000 5.833700 0.729100
v 0.985000 5.797200 0.534500
v 0.964700 4.911600 0.910000
v 0.936700 4.875500 0.715200
v 0.667000 7.128400 0.806700
v 0.860800 6.790500 0.745900
v 0.816600 6.790500 0.550900
v 0.616700 7.139400 0.613400
v 0.917700 6.630000 0.740400
v 0.877500 6.619200 0.544700
v 0.952900 6.461600 0.745300
v 0.913300 6.447900 0.549700
v 0.969200 6.281600 0.754300
v 0.929600 6.268100 0.558800
v 0.959800 6.021700 0.774100
v 0.920000 6.001500 0.579200
v 0.855200 4.985600 0.938800
v 0.814500 4.955300 0.745300
v 0.655700 7.178800 0.852600
v 0.865700 6.834600 0.778900
v 0.815000 6.834600 0.585400
v 0.598400 7.190300 0.661300
v 0.927500 6.670400 0.770800
v 0.881200 6.659300 0.576500
v 0.966000 6.497300 0.774300
v 0.920200 6.484100 0.580100
v 0.984100 6.311700 0.781800
v 0.938100 6.300100 0.587500
v 0.971700 6.021800 0.800900
v 0.925500 6.004700 0.607000
v 0.861200 4.984100 0.953700
v 0.814100 4.956300 0.761300
v 0.657600 7.092200 0.843300
v 0.850200 6.734100 0.784800
v 0.808300 6.734100 0.589300
v 0.609200 7.105000 0.649600
v 0.920000 6.445600 0.782300
v 0.880600 6.435800 0.586500
v 0.934000 6.012400 0.805500
v 0.895000 5.995400 0.610100
v 0.831300 5.010500 0.939800
v 0.791500 4.983500 0.745700
v 0.499300 6.550000 0.187600
v 0.660000 5.861700 0.426100
v 0.828300 5.861700 0.318000
v 0.667600 6.549800 0.079600
v 0.757100 5.499800 0.583500
v 0.927400 5.491500 0.479000
v 0.796700 5.311600 0.677000
v 0.971300 5.276500 0.586100
v 0.791000 5.180300 0.756700
v 0.965200 5.115000 0.683400
v 0.760500 5.016600 0.861900
v 0.929700 4.926600 0.804600
v 0.679600 4.829100 0.992900
v 0.836900 4.711500 0.954700
v 0.350400 4.378600 1.327700
v 0.493500 4.240900 1.304400
v 0.609300 6.842800 0.275600
v 0.725100 6.159600 0.413300
v 0.901200 6.159600 0.318400
v 0.782200 6.861100 0.176800
v 0.766200 5.762800 0.535200
v 0.943900 5.748400 0.444600
v 0.793900 5.474900 0.651700
v 0.972800 5.444700 0.567500
v 0.792100 5.248800 0.765000
v 0.970100 5.191400 0.694200
v 0.751900 5.061100 0.872000
v 0.922500 4.970600 0.820100
v 0.658800 4.870000 0.997100
v 0.814600 4.748800 0.965100
v 0.316900 4.447100 1.308600
v 0.456000 4.304200 1.292400
v 0.347100 7.255300 -0.310300
v 0.458000 6.716000 -0.526700
v 0.293800 6.716000 -0.641000
v 0.179800 7.271300 -0.418800
v 0.511200 6.331500 -0.565400
v 0.348600 6.322100 -0.681400
v 0.572500 5.901200 -0.621700
v 0.409300 5.895900 -0.737100
v 0.627500 5.502300 -0.691500
v 0.463500 5.502900 -0.805900
v 0.664300 5.119600 -0.757500
v 0.499100 5.133800 -0.869200
v 0.688200 4.484000 -0.936300
v 0.522200 4.515600 -1.043300
v 0.418200 7.217100 -0.288000
v 0.522000 6.683500 -0.492400
v 0.359200 6.683500 -0.608600
v 0.252300 7.233700 -0.398500
v 0.562900 6.374600 -0.517700
v 0.401900 6.362400 -0.635800
v 0.596900 6.116800 -0.536100
v 0.435300 6.109500 -0.653600
v 0.637500 5.856500 -0.588500
v 0.474600 5.858300 -0.704600
v 0.685500 5.380200 -0.679100
v 0.521600 5.390700 -0.793400
v 0.744200 4.443800 -0.892800
v 0.579500 4.465400 -1.004200
v 0.311600 7.240600 -0.323800
v 0.420100 6.698200 -0.531400
v 0.259300 6.698200 -0.650400
v 0.147400 7.258600 -0.436500
v 0.476200 6.314200 -0.566800
v 0.317100 6.304000 -0.687500
v 0.542200 5.884600 -0.624500
v 0.382300 5.879600 -0.744500
v 0.602800 5.487400 -0.699900
v 0.442000 5.488600 -0.818800
v 0.645300 5.106000 -0.771600
v 0.483100 5.121200 -0.887500
v 0.669500 4.470300 -0.952000
v 0.506400 4.503800 -1.062900
v 0.654900 7.006300 0.054700
v 0.827400 6.307100 0.031600
v 0.768800 6.307100 -0.159600
v 0.597700 7.000800 -0.136800
v 0.882100 5.887300 -0.003300
v 0.819400 5.917000 -0.190900
v 0.895400 5.589000 -0.093500
v 0.830600 5.676400 -0.261300
v 0.877000 5.394100 -0.242400
v 0.814800 5.522700 -0.382400
v 0.856100 5.249900 -0.382200
v 0.793000 5.369000 -0.530000
v 0.852700 5.092200 -0.478700
v 0.788800 5.171700 -0.650700
v 0.884700 4.624500 -0.639800
v 0.822400 4.673600 -0.823400
v 0.673400 7.092200 0.029000
v 0.838300 6.566500 -0.047500
v 0.733900 6.566500 -0.218100
v 0.572200 7.081600 -0.143200
v 0.903800 6.123000 -0.107500
v 0.796800 6.138700 -0.275700
v 0.930900 5.751400 -0.179300
v 0.822000 5.798300 -0.340400
v 0.913200 5.431800 -0.310200
v 0.804400 5.498800 -0.464100
v 0.916800 4.626000 -0.650500
v 0.808200 4.681900 -0.808900
v 0.619200 7.012500 0.132000
v 0.780700 6.417300 0.148000
v 0.854600 6.417300 -0.037800
v 0.686600 7.037100 -0.054700
v 0.826300 6.102000 0.191300
v 0.904500 6.074900 0.009200
v 0.844800 5.812500 0.264100
v 0.923200 5.782200 0.082600
v 0.861400 5.589200 0.294100
v 0.934900 5.609500 0.109300
v 0.886100 5.453100 0.255900
v 0.942900 5.559700 0.096600
v 0.919700 5.373300 0.177200
v 0.947400 5.549600 0.087000
v 0.962900 5.338200 0.049100
v 0.974800 5.533300 0.006700
v 1.003500 5.303400 -0.111500
v 1.022000 5.489300 -0.183100
v 1.013000 5.215200 -0.259600
v 1.034900 5.367800 -0.387100
v 0.941200 4.852900 -0.578800
v 0.957800 4.973500 -0.737500
v 0.101100 7.297000 -0.360100
v 0.215700 6.736600 -0.598900
v 0.050100 6.736600 -0.711100
v -0.068300 7.316200 -0.464600
v 0.293300 6.190200 -0.651100
v 0.129900 6.176600 -0.765600
v 0.361400 5.742400 -0.689900
v 0.198300 5.727100 -0.804600
v 0.419600 5.477300 -0.736400
v 0.255400 5.467400 -0.850100
v 0.484700 5.172200 -0.821900
v 0.315900 5.187800 -0.928000
v 0.520600 4.576300 -1.094600
v 0.349500 4.623800 -1.186700
v 0.197300 7.260000 -0.357400
v 0.307100 6.725500 -0.571500
v 0.143200 6.725500 -0.686100
v 0.030200 7.276100 -0.466000
v 0.369500 6.299700 -0.618400
v 0.207500 6.288300 -0.735100
v 0.464700 5.720800 -0.691200
v 0.302100 5.712900 -0.807400
v 0.559000 5.150900 -0.806900
v 0.393400 5.164700 -0.918300
v 0.586100 4.506500 -1.038600
v 0.419200 4.551100 -1.139300
v 0.640500 7.062800 -0.107200
v 0.819800 6.168900 -0.309500
v 0.655200 6.168900 -0.423100
v 0.478300 7.050700 -0.223700
v 0.855300 5.728900 -0.388800
v 0.689300 5.745800 -0.499100
v 0.844800 5.492200 -0.431400
v 0.679200 5.523100 -0.539100
v 0.825700 5.277500 -0.472000
v 0.660100 5.307600 -0.580000
v 0.866500 4.594300 -0.692500
v 0.701100 4.618000 -0.802300
v 0.624400 7.151300 -0.105400
v 0.775200 6.595500 -0.277600
v 0.618000 6.595500 -0.401200
v 0.468500 7.146300 -0.230600
v 0.828100 6.107100 -0.361300
v 0.669700 6.116400 -0.483000
v 0.833700 5.624200 -0.428000
v 0.675100 5.644500 -0.548100
v 0.816700 5.237800 -0.488600
v 0.658200 5.266100 -0.607100
v 0.846300 4.625200 -0.689900
v 0.687600 4.657000 -0.807400
v 0.674700 7.102600 -0.033300
v 0.878200 6.248600 -0.204100
v 0.725300 6.248600 -0.333000
v 0.526100 7.084600 -0.166000
v 0.914700 5.795600 -0.284200
v 0.897400 5.482900 -0.366600
v 0.742400 5.524400 -0.486000
v 0.759600 5.820800 -0.407900
v 0.903800 4.649200 -0.672500
v 0.748900 4.688700 -0.792600
v 0.514900 7.188600 -0.234600
v 0.620200 6.689300 -0.418200
v 0.454600 6.689300 -0.530300
v 0.347600 7.197000 -0.343900
v 0.665900 6.352000 -0.467800
v 0.501000 6.347700 -0.580800
v 0.708800 5.995800 -0.521700
v 0.543100 5.998700 -0.633600
v 0.735600 5.499500 -0.600900
v 0.569400 5.509400 -0.711600
v 0.788600 4.506200 -0.778900
v 0.622400 4.515800 -0.889800
v 0.470500 7.122300 -0.276700
v 0.566000 6.604200 -0.441100
v 0.400700 6.604200 -0.553700
v 0.303900 7.129600 -0.387200
v 0.609300 6.256600 -0.489000
v 0.444500 6.253000 -0.602300
v 0.662200 5.864500 -0.558100
v 0.496900 5.866000 -0.670500
v 0.705800 5.404400 -0.645300
v 0.539700 5.413300 -0.756400
v 0.777700 4.420400 -0.863500
v 0.611200 4.434000 -0.973400
v 0.449600 7.229400 -0.269100
v 0.553400 6.688200 -0.461300
v 0.390400 6.688200 -0.577100
v 0.284200 7.242400 -0.380700
v 0.596000 6.378200 -0.496300
v 0.434300 6.369000 -0.613700
v 0.630500 6.121200 -0.522900
v 0.468100 6.116500 -0.639700
v 0.668200 5.860800 -0.576500
v 0.504800 5.864600 -0.691700
v 0.706600 5.384200 -0.662400
v 0.542600 5.394900 -0.776400
v 0.761900 4.446400 -0.859000
v 0.597400 4.463500 -0.971500
v 0.013100 7.352000 1.395100
v 0.132800 7.217600 1.551300
v 0.267800 7.217600 1.403700
v 0.170800 7.326300 1.274800
v 0.220000 7.103700 1.599500
v 0.314400 7.154600 1.430700
v 0.400200 6.879900 1.568600
v 0.462300 6.971100 1.401800
v 0.110700 7.369100 1.413200
v 0.451700 7.040400 1.541700
v 0.471000 7.040400 1.342600
v 0.169000 7.328900 1.226200
v 0.586500 6.850400 1.509900
v 0.569500 6.895500 1.315700
v 0.699600 6.715300 1.451200
v 0.666100 6.779600 1.264800
v 0.793500 6.633500 1.400300
v 0.762200 6.694700 1.212400
v 0.868500 6.325700 1.308700
v 0.842600 6.371600 1.115800
v 0.000100 7.379600 1.381100
v 0.121100 7.242400 1.548500
v 0.258600 7.242400 1.403300
v 0.161900 7.351900 1.266800
v 0.219900 7.113800 1.603700
v 0.315300 7.166500 1.436000
v 0.410100 6.879800 1.569100
v 0.470500 6.975800 1.404400
v 0.209400 7.336000 1.392500
v 0.446100 7.086200 1.452700
v 0.474000 7.086200 1.254700
v 0.255500 7.317400 1.198800
v 0.575000 6.938500 1.455700
v 0.579700 6.964000 1.257400
v 0.687600 6.823100 1.427900
v 0.672100 6.871100 1.234300
v 0.787900 6.690200 1.376900
v 0.765500 6.749800 1.187300
v 0.817500 6.208300 1.214400
v 0.794700 6.270000 1.025500
v 0.137600 7.370600 1.395400
v 0.366100 7.147700 1.499900
v 0.422400 7.147700 1.308000
v 0.220900 7.343800 1.215600
v 0.524700 6.966100 1.518800
v 0.547400 7.005900 1.324100
v 0.672800 6.736500 1.445500
v 0.674000 6.808700 1.259000
v 0.790800 6.498700 1.340600
v 0.790200 6.575600 1.155900
v 0.786900 6.208900 1.226100
v 0.786500 6.280000 1.039100
v 0.276200 7.314800 1.329600
v 0.442700 7.051100 1.458300
v 0.532300 7.051100 1.279500
v 0.385900 7.284200 1.165200
v 0.549600 6.897000 1.485600
v 0.606300 6.942300 1.299200
v 0.655000 6.780500 1.463100
v 0.685100 6.858700 1.281500
v 0.748700 6.648800 1.412400
v 0.777600 6.729100 1.231500
v 0.762400 6.209400 1.240000
v 0.792700 6.279600 1.055200
v 0.242700 7.312700 1.363600
v 0.429600 7.051900 1.476400
v 0.500400 7.051900 1.289400
v 0.335300 7.283400 1.188700
v 0.547000 6.902300 1.496500
v 0.584200 6.943500 1.304300
v 0.659800 6.790200 1.470000
v 0.669600 6.861500 1.283400
v 0.758500 6.669900 1.419900
v 0.765000 6.746500 1.235300
v 0.772100 6.218400 1.244200
v 0.779400 6.289800 1.057500
v 0.296900 7.278700 1.352600
v 0.515300 6.942100 1.469600
v 0.562000 6.942100 1.275100
v 0.369700 7.239600 1.170500
v 0.637700 6.780300 1.468000
v 0.654900 6.818600 1.272500
v 0.737300 6.673200 1.442500
v 0.737500 6.731300 1.251200
v 0.805500 6.590100 1.412500
v 0.803700 6.651400 1.222100
v 0.833500 6.386100 1.351800
v 0.833100 6.440900 1.159500
v 0.350800 7.269500 1.260200
v 0.484700 7.009200 1.410100
v 0.597800 7.009200 1.245100
v 0.482000 7.235300 1.113200
v 0.586600 6.840800 1.444300
v 0.672600 6.887700 1.269900
v 0.757800 6.537700 1.397200
v 0.828100 6.612900 1.225700
v 0.314400 7.271300 1.310400
v 0.462400 7.018800 1.435000
v 0.557400 7.018800 1.259000
v 0.427500 7.241300 1.148200
v 0.571700 6.837500 1.462800
v 0.634500 6.886900 1.279400
v 0.771400 6.605600 1.411700
v 0.799800 6.695900 1.235500
v 0.521700 7.150500 1.227200
v 0.806300 6.704100 1.123500
v 0.734800 6.704100 0.936800
v 0.451600 7.148100 1.039900
v 0.890000 6.383800 1.088200
v 0.817700 6.386300 0.901700
v 0.892900 5.770700 1.076000
v 0.820600 5.774100 0.889500
v 0.507200 7.197700 1.209800
v 0.753300 6.796200 1.195100
v 0.706400 6.796200 1.000600
v 0.472600 7.175200 1.014100
v 0.805000 6.568400 1.160500
v 0.753200 6.585000 0.968000
v 0.841400 6.339100 1.132300
v 0.791000 6.347300 0.938900
v 0.878800 5.950700 1.121200
v 0.829000 5.952200 0.927500
v 0.402400 7.227400 1.247000
v 0.585000 6.847600 1.414900
v 0.656400 6.847600 1.228100
v 0.498700 7.175700 1.079500
v 0.761700 6.513900 1.400800
v 0.804100 6.570000 1.213600
v 0.537800 7.132100 1.204500
v 0.826700 6.682000 1.099800
v 0.757400 6.682000 0.912200
v 0.468900 7.131400 1.016800
v 0.896100 6.388300 1.073100
v 0.826500 6.389600 0.885600
v 0.893100 5.775700 1.067700
v 0.823400 5.777900 0.880200
v 0.623300 6.953700 1.047900
v 0.839700 6.509800 0.973600
v 0.781300 6.509800 0.782300
v 0.562900 6.958500 0.857300
v 0.889200 6.193600 0.963800
v 0.831200 6.191600 0.772400
v 0.848800 5.587300 0.978800
v 0.790800 5.588100 0.787400
v 0.381900 6.468000 0.071400
v 0.521400 5.959800 0.253100
v 0.563300 5.959800 0.057600
v 0.445900 6.394700 -0.103300
v 0.607400 5.769500 0.214500
v 0.613600 5.853500 0.033100
v 0.686500 5.618300 0.106500
v 0.672300 5.745500 -0.047200
v 0.737000 5.481400 -0.034000
v 0.714300 5.633400 -0.162100
v 0.740500 5.354300 -0.219400
v 0.717000 5.514900 -0.336200
v 0.717300 5.197600 -0.419700
v 0.691700 5.336700 -0.561100
v 0.695400 5.014900 -0.552500
v 0.665200 5.105600 -0.728100
v 0.689400 4.824200 -0.612700
v 0.658800 4.859300 -0.807200
v 0.763500 4.220000 -0.649600
v 0.736600 4.217700 -0.847800
v 0.376600 6.425100 0.103300
v 0.581600 5.727100 0.297100
v 0.686200 5.727100 0.126600
v 0.488100 6.402000 -0.061200
v 0.674100 5.456400 0.325000
v 0.758000 5.514800 0.153100
v 0.727800 5.339800 0.271700
v 0.769500 5.487300 0.143300
v 0.774200 5.284600 0.162700
v 0.775300 5.481800 0.129400
v 0.816600 5.304100 -0.052100
v 0.807800 5.503500 -0.040100
v 0.836000 5.311200 -0.256900
v 0.830000 5.508500 -0.289400
v 0.821700 5.270900 -0.364600
v 0.807300 5.444900 -0.462200
v 0.790600 5.210600 -0.434600
v 0.760400 5.346500 -0.578200
v 0.757700 5.111800 -0.495700
v 0.716100 5.208300 -0.665900
v 0.741900 4.940700 -0.567600
v 0.696600 4.997800 -0.753900
v 0.792600 4.431500 -0.670600
v 0.749700 4.454600 -0.864600
v 0.349200 6.427700 0.031100
v 0.554600 5.910900 0.180700
v 0.479600 5.910900 -0.004700
v 0.311400 6.329800 -0.139100
v 0.602000 5.734000 0.080100
v 0.498300 5.839200 -0.054700
v 0.612700 5.615400 -0.080500
v 0.505900 5.747200 -0.186500
v 0.609500 5.473400 -0.246900
v 0.502600 5.596000 -0.363300
v 0.597100 5.318400 -0.380800
v 0.489200 5.422800 -0.513000
v 0.592100 5.130800 -0.501500
v 0.483900 5.211500 -0.649100
v 0.608200 4.910800 -0.609900
v 0.502000 4.960700 -0.771900
v 0.635100 4.701000 -0.665700
v 0.532800 4.714900 -0.836900
v 0.698200 4.078200 -0.688700
v 0.598600 4.066800 -0.861700
v 0.368400 6.466100 0.015400
v 0.536100 5.947000 0.154600
v 0.472000 5.947000 -0.034800
v 0.332200 6.376800 -0.159900
v 0.581000 5.764900 0.069800
v 0.492900 5.862400 -0.081000
v 0.598400 5.631400 -0.076300
v 0.506300 5.757800 -0.201100
v 0.600300 5.454000 -0.255900
v 0.508400 5.573800 -0.387200
v 0.593800 5.262100 -0.410800
v 0.501800 5.366100 -0.554700
v 0.594800 5.087100 -0.521100
v 0.503200 5.168700 -0.679000
v 0.611400 4.908200 -0.605100
v 0.522200 4.960100 -0.776400
v 0.637100 4.705900 -0.657500
v 0.552000 4.721900 -0.837800
v 0.704000 4.106300 -0.677600
v 0.622100 4.094200 -0.859700
v 0.372900 6.448000 0.053600
v 0.546200 5.941500 0.221300
v 0.518800 5.941500 0.023200
v 0.376700 6.358400 -0.125200
v 0.611400 5.762500 0.143900
v 0.548600 5.862800 -0.017400
v 0.651700 5.637600 0.002100
v 0.578700 5.771100 -0.127700
v 0.672600 5.516800 -0.139500
v 0.599500 5.652000 -0.267500
v 0.669300 5.368900 -0.291600
v 0.596200 5.497300 -0.426400
v 0.657300 5.171000 -0.458400
v 0.583500 5.279200 -0.609600
v 0.657000 4.961600 -0.579700
v 0.583300 5.032400 -0.751700
v 0.668800 4.762900 -0.636800
v 0.598100 4.785300 -0.822500
v 0.738100 4.161000 -0.652000
v 0.671300 4.147100 -0.840000
v 0.170900 6.383300 -0.099700
v 0.306000 5.771800 -0.221200
v 0.121400 5.771800 -0.298000
v -0.005800 6.344400 -0.185000
v 0.325400 5.313000 -0.427500
v 0.138900 5.334800 -0.496200
v 0.342400 4.885900 -0.600600
v 0.156200 4.899100 -0.672500
v 0.363100 4.597300 -0.674200
v 0.177800 4.597300 -0.749400
v 0.380300 4.338600 -0.696700
v 0.195400 4.331700 -0.772400
v 0.398700 3.613800 -0.664900
v 0.213800 3.606000 -0.740700
v 0.195400 6.338600 -0.079800
v 0.342000 5.757100 -0.217900
v 0.155100 5.757100 -0.288900
v 0.018700 6.294300 -0.162300
v 0.349400 5.359900 -0.414100
v 0.160400 5.386300 -0.473800
v 0.354100 5.078600 -0.552800
v 0.165300 5.095500 -0.616900
v 0.371400 4.875100 -0.622500
v 0.183700 4.878400 -0.691400
v 0.391700 4.661000 -0.675000
v 0.204600 4.657000 -0.745600
v 0.412800 4.418200 -0.705500
v 0.226000 4.410100 -0.776500
v 0.443300 3.653800 -0.690600
v 0.256600 3.645200 -0.761600
v 0.430500 6.408000 0.228000
v 0.684900 5.455800 0.594600
v 0.860500 5.455800 0.499100
v 0.605100 6.412600 0.130600
v 0.734500 5.243700 0.696300
v 0.912300 5.173400 0.637500
v 0.675100 5.169500 0.757100
v 0.826200 5.039500 0.740800
v 0.580200 5.055600 0.856400
v 0.743400 4.944300 0.824800
v 0.534300 4.883500 0.986600
v 0.711300 4.819100 0.919300
v 0.566100 4.428800 1.296800
v 0.742600 4.392900 1.209700
v 0.441800 6.440900 0.207600
v 0.677800 5.385300 0.624500
v 0.868000 5.385300 0.562700
v 0.628300 6.459600 0.138000
v 0.707000 5.037200 0.817000
v 0.898600 4.994800 0.778700
v 0.627900 4.765100 1.022100
v 0.813500 4.692900 1.004100
v 0.402300 4.128500 1.447400
v 0.588300 4.057500 1.428600
v 0.459800 6.432100 0.264000
v 0.647200 5.612400 0.565100
v 0.827300 5.612400 0.478000
v 0.638900 6.436600 0.175300
v 0.706600 5.281900 0.711300
v 0.887000 5.215500 0.656300
v 0.545700 5.040500 0.883600
v 0.684200 4.896300 0.880700
v 0.368300 6.392500 0.117100
v 0.598300 5.548200 0.409500
v 0.758800 5.548200 0.290200
v 0.525600 6.404000 -0.005800
v 0.649200 5.367100 0.473900
v 0.790900 5.422100 0.343900
v 0.703200 5.272300 0.441600
v 0.791000 5.421500 0.341400
v 0.762300 5.223600 0.365200
v 0.794400 5.418900 0.336500
v 0.812700 5.226200 0.269600
v 0.811700 5.423100 0.304200
v 0.866900 5.276400 0.099600
v 0.863200 5.471800 0.142300
v 0.905300 5.308500 -0.103500
v 0.908600 5.508500 -0.105200
v 0.898900 5.282400 -0.254500
v 0.899800 5.473600 -0.313200
v 0.864000 5.229300 -0.370200
v 0.853400 5.398700 -0.476000
v 0.822800 5.143100 -0.468800
v 0.798500 5.278500 -0.614000
v 0.795600 5.000400 -0.566500
v 0.762000 5.082500 -0.745800
v 0.808400 4.550800 -0.676600
v 0.774800 4.577700 -0.872000
v 0.382900 6.434800 0.100200
v 0.536100 5.583500 0.408300
v 0.720200 5.583500 0.330000
v 0.564100 6.449700 0.016900
v 0.564300 5.402300 0.475600
v 0.736300 5.451500 0.386300
v 0.613800 5.306200 0.451600
v 0.739800 5.445000 0.382100
v 0.678600 5.251300 0.388000
v 0.748100 5.438300 0.373800
v 0.744000 5.244300 0.303600
v 0.773500 5.438400 0.341900
v 0.829000 5.282500 0.144500
v 0.854600 5.475500 0.190300
v 0.897800 5.307200 -0.051500
v 0.935800 5.503500 -0.046600
v 0.902700 5.285800 -0.204600
v 0.942600 5.475500 -0.253800
v 0.867600 5.244500 -0.327100
v 0.897300 5.417500 -0.422900
v 0.821700 5.172300 -0.434400
v 0.836600 5.316300 -0.572400
v 0.789800 5.041500 -0.541800
v 0.793100 5.134800 -0.718700
v 0.790300 4.597900 -0.675200
v 0.791800 4.636900 -0.871400
v 0.101300 6.386400 -0.136600
v 0.168400 5.772800 -0.258300
v -0.024800 5.772800 -0.309900
v -0.090200 6.369500 -0.191800
v 0.187000 5.309800 -0.429000
v -0.006800 5.321500 -0.477000
v 0.192000 4.912000 -0.561100
v -0.001800 4.925900 -0.608400
v 0.180500 4.593500 -0.610900
v -0.013300 4.607900 -0.658200
v 0.155100 4.222600 -0.618500
v -0.038900 4.234700 -0.665800
v 0.101300 3.580000 -0.534500
v -0.092900 3.588500 -0.581400
v 0.333500 6.441900 0.002700
v 0.530700 5.928700 0.111700
v 0.439500 5.928700 -0.066300
v 0.273900 6.352800 -0.166100
v 0.563500 5.748700 0.020600
v 0.452900 5.846600 -0.114300
v 0.562100 5.627000 -0.118600
v 0.450500 5.750300 -0.229600
v 0.559500 5.485100 -0.264800
v 0.447800 5.589700 -0.393600
v 0.570700 5.229800 -0.432400
v 0.460300 5.303400 -0.582100
v 0.602000 4.803200 -0.613800
v 0.494200 4.838600 -0.778500
v 0.671500 4.032700 -0.709700
v 0.567200 4.028000 -0.880300
v 0.446300 6.457000 0.201900
v 0.704400 5.382600 0.622000
v 0.886200 5.382600 0.538600
v 0.625400 6.468700 0.113800
v 0.741400 5.170500 0.729700
v 0.927300 5.137300 0.663700
v 0.724600 5.025800 0.831200
v 0.907500 4.956600 0.789100
v 0.648200 4.781300 1.020500
v 0.825700 4.693700 0.991700
v 0.377600 4.167200 1.426900
v 0.552800 4.074200 1.401700
v 0.438500 6.470800 0.166300
v 0.689900 5.666000 0.447300
v 0.850400 5.666000 0.327900
v 0.598300 6.473200 0.046000
v 0.781100 5.393800 0.588900
v 0.949700 5.365200 0.485300
v 0.807000 5.224700 0.736200
v 0.979600 5.177600 0.646700
v 0.833900 5.086100 0.847200
v 0.993100 5.086800 0.726100
v 0.918800 4.966000 0.848200
v 0.950700 5.131200 0.740000
v 1.004600 4.973400 0.718100
v 0.926200 5.154000 0.753100
v 1.048600 5.040100 0.582500
v 0.961500 5.209600 0.643000
v 1.083000 5.122900 0.411700
v 0.996600 5.293900 0.468800
v 1.105400 5.195900 0.197500
v 1.020300 5.371900 0.239800
v 1.088900 5.281800 -0.290600
v 1.003600 5.460000 -0.259600
v 0.381900 6.481800 0.058400
v 0.516700 5.972200 0.233200
v 0.559100 5.972200 0.037700
v 0.445100 6.410600 -0.117500
v 0.601500 5.781400 0.196800
v 0.610100 5.862600 0.014200
v 0.680800 5.628200 0.093500
v 0.669400 5.751800 -0.063300
v 0.731900 5.488200 -0.042400
v 0.712000 5.637100 -0.174500
v 0.736100 5.356800 -0.223700
v 0.715400 5.515000 -0.344300
v 0.713400 5.196900 -0.420700
v 0.690800 5.334300 -0.564300
v 0.691600 5.013600 -0.552200
v 0.664400 5.103800 -0.728600
v 0.684900 4.823200 -0.612400
v 0.657200 4.858500 -0.807200
v 0.755200 4.212500 -0.649500
v 0.730900 4.210900 -0.848100
v 0.372600 6.489000 0.037800
v 0.546300 5.837000 0.216700
v 0.666800 5.837000 0.057100
v 0.498300 6.469500 -0.116600
v 0.630300 5.596400 0.261800
v 0.740100 5.628000 0.097600
v 0.673800 5.486900 0.252500
v 0.763500 5.569900 0.094200
v 0.709500 5.400500 0.205600
v 0.775600 5.539500 0.077900
v 0.742300 5.334800 0.116200
v 0.784000 5.521500 0.058000
v 0.765400 5.321600 -0.050600
v 0.798300 5.518900 -0.054100
v 0.773300 5.321600 -0.228500
v 0.807300 5.515400 -0.264300
v 0.760000 5.275000 -0.359800
v 0.787000 5.439900 -0.469600
v 0.727800 5.158400 -0.474000
v 0.742500 5.268900 -0.640000
v 0.698200 4.970900 -0.557100
v 0.707500 5.029100 -0.748200
v 0.763700 4.355900 -0.663100
v 0.775300 4.380100 -0.861300
v 0.355600 6.489700 0.023300
v 0.467800 6.043100 0.194000
v 0.527500 6.043100 0.003100
v 0.432600 6.426300 -0.150000
v 0.530600 5.869900 0.162800
v 0.560700 5.953600 -0.016300
v 0.597800 5.716200 0.065300
v 0.611500 5.841800 -0.089700
v 0.647000 5.553700 -0.084500
v 0.656700 5.693800 -0.226800
v 0.656300 5.380400 -0.261500
v 0.666200 5.518300 -0.405900
v 0.642100 5.187400 -0.434500
v 0.651400 5.306300 -0.595100
v 0.635900 4.984300 -0.559100
v 0.644400 5.066500 -0.741200
v 0.642700 4.788800 -0.619300
v 0.653200 4.823900 -0.815900
v 0.712900 4.184600 -0.646600
v 0.727000 4.184900 -0.846100
v 0.322800 6.507100 -0.057000
v 0.454700 5.981700 0.015600
v 0.371500 5.981700 -0.166300
v 0.254700 6.443800 -0.234000
v 0.478100 5.818700 -0.036800
v 0.383600 5.895700 -0.195400
v 0.483500 5.662600 -0.159500
v 0.387200 5.767800 -0.299600
v 0.490800 5.471900 -0.303300
v 0.395100 5.563100 -0.453400
v 0.514300 5.191100 -0.457900
v 0.420400 5.258800 -0.621100
v 0.560900 4.746300 -0.632900
v 0.469900 4.784200 -0.806900
v 0.630400 3.980900 -0.749500
v 0.542300 3.986100 -0.928900
v 0.343800 6.493000 -0.025300
v 0.495600 5.976500 0.084400
v 0.431700 5.976500 -0.105100
v 0.301900 6.415700 -0.205000
v 0.536300 5.791400 0.012600
v 0.453400 5.876800 -0.148100
v 0.555300 5.652600 -0.109900
v 0.468300 5.766200 -0.249600
v 0.568500 5.472100 -0.265100
v 0.482300 5.576600 -0.412200
v 0.582000 5.198100 -0.441900
v 0.497200 5.278700 -0.604100
v 0.605300 4.796400 -0.610100
v 0.522900 4.838100 -0.787500
v 0.668400 4.055200 -0.706000
v 0.589500 4.053900 -0.889700
v 0.168900 6.454200 -0.129300
v 0.289300 5.843700 -0.202200
v 0.109400 5.843700 -0.289600
v -0.003800 6.415300 -0.222400
v 0.316600 5.370500 -0.401100
v 0.134600 5.393600 -0.480600
v 0.340100 4.909900 -0.588800
v 0.158500 4.924900 -0.671200
v 0.367700 4.487000 -0.681400
v 0.186800 4.488700 -0.766600
v 0.383200 3.676200 -0.682500
v 0.202400 3.671400 -0.767900
v 0.107200 6.493900 -0.200800
v 0.169900 5.862000 -0.250000
v -0.019100 5.862000 -0.315300
v -0.079800 6.471800 -0.268300
v 0.188300 5.352100 -0.414400
v -0.001400 5.367900 -0.475600
v 0.188900 4.910800 -0.551500
v -0.000800 4.931300 -0.611400
v 0.173400 4.640800 -0.603800
v -0.016200 4.663800 -0.663300
v 0.145600 4.384200 -0.616700
v -0.044300 4.403700 -0.676400
v 0.065300 3.669700 -0.545700
v -0.125300 3.682700 -0.604900
v 0.138600 6.478000 -0.166200
v 0.227200 5.858500 -0.227700
v 0.043000 5.858500 -0.305600
v -0.041600 6.448400 -0.247700
v 0.253100 5.347100 -0.417000
v 0.067600 5.366100 -0.489300
v 0.266400 4.875800 -0.584900
v 0.081000 4.891800 -0.658100
v 0.265400 4.477900 -0.644100
v 0.079900 4.484100 -0.718700
v 0.242500 3.674900 -0.595900
v 0.056800 3.672400 -0.670200
v 0.026100 7.514500 1.333200
v 0.287800 7.264400 1.540400
v 0.369800 7.264400 1.358000
v 0.147100 7.476400 1.178500
v 0.461100 7.063100 1.561300
v 0.499400 7.114200 1.371700
v 0.755900 6.639900 1.429900
v 0.772200 6.721700 1.248200
v 0.100500 7.512000 1.327200
v 0.408100 7.275100 1.510000
v 0.467300 7.275100 1.319000
v 0.203500 7.477800 1.159200
v 0.562800 7.137000 1.516500
v 0.577400 7.178300 1.321300
v 0.707200 6.966000 1.466500
v 0.701900 7.030800 1.277300
v 0.812500 6.793700 1.393100
v 0.801000 6.869000 1.208200
v 0.865700 6.623300 1.317400
v 0.856500 6.691500 1.129700
v 0.888400 6.374300 1.240600
v 0.882100 6.416300 1.045100
v 0.865000 5.796500 1.167500
v 0.858400 5.813000 0.968300
v 0.060100 7.555100 1.280000
v 0.360500 7.361600 1.511400
v 0.445600 7.361600 1.330400
v 0.175300 7.531600 1.137400
v 0.534900 7.168800 1.547900
v 0.578800 7.211800 1.357500
v 0.842700 6.732700 1.439200
v 0.862600 6.808100 1.255000
v -0.068700 7.509200 1.326800
v 0.083100 7.391600 1.493700
v 0.212400 7.391600 1.341100
v 0.086500 7.489100 1.202300
v 0.218300 7.259400 1.576900
v 0.315800 7.290300 1.405100
v 0.373900 7.084300 1.598600
v 0.433700 7.157100 1.422100
v 0.759500 6.616200 1.425500
v 0.793200 6.720100 1.258000
v -0.000100 7.526500 1.327800
v 0.275000 7.279500 1.549800
v 0.358100 7.279500 1.367900
v 0.123600 7.489000 1.175200
v 0.451500 7.077900 1.570700
v 0.488900 7.129900 1.381200
v 0.765100 6.642400 1.431100
v 0.780000 6.724800 1.249500
v -0.032900 7.556800 1.300300
v 0.152100 7.452400 1.442600
v 0.265800 7.518300 1.298300
v 0.097600 7.550800 1.148900
v 0.316100 7.392900 1.541200
v 0.403200 7.409600 1.362000
v 0.483500 7.219300 1.577900
v 0.536600 7.271100 1.392200
v 0.824900 6.693400 1.430400
v 0.855800 6.777100 1.251300
v 0.641800 6.904800 0.918000
v 0.787200 6.589800 0.887500
v 0.753700 6.589800 0.690300
v 0.605800 6.910400 0.721300
v 0.848300 6.319300 0.881800
v 0.815800 6.315100 0.684500
v 0.861400 5.938200 0.889700
v 0.829000 5.931000 0.692500
v 0.766400 5.147700 0.942400
v 0.733600 5.136500 0.745400
v 0.625100 6.781100 0.922600
v 0.781300 6.338900 0.922100
v 0.788600 6.338900 0.722200
v 0.631200 6.784900 0.722700
v 0.812900 6.063900 0.926900
v 0.820800 6.059300 0.727100
v 0.769300 5.515500 0.943100
v 0.777000 5.508200 0.743400
v 0.578100 6.628000 0.878300
v 0.722700 5.727800 0.960200
v 0.821300 5.727800 0.786200
v 0.676700 6.628000 0.704300
v 0.137000 7.497100 1.333400
v 0.442200 7.242000 1.492100
v 0.488400 7.242000 1.297500
v 0.226700 7.460300 1.158500
v 0.592300 7.102800 1.487200
v 0.596000 7.143800 1.291500
v 0.729200 6.932700 1.432600
v 0.717100 6.993500 1.242400
v 0.826900 6.759700 1.363700
v 0.812000 6.825600 1.175400
v 0.876100 6.582500 1.298300
v 0.864300 6.637500 1.106400
v 0.897900 6.285200 1.229600
v 0.888100 6.317500 1.032500
v 0.860900 5.713900 1.173500
v 0.850100 5.725200 0.974100
v 0.233800 7.479600 1.320500
v 0.528300 7.225500 1.400900
v 0.545000 7.225500 1.201600
v 0.284200 7.450100 1.129200
v 0.666100 7.080000 1.384700
v 0.654500 7.110500 1.187300
v 0.772100 6.928600 1.342300
v 0.748400 6.976900 1.149700
v 0.836800 6.770700 1.286700
v 0.808400 6.830700 1.098100
v 0.859200 6.621400 1.232100
v 0.831000 6.679900 1.042900
v 0.867900 6.460400 1.185900
v 0.841400 6.492700 0.990300
v 0.870200 5.716500 1.142200
v 0.844000 5.722600 0.944000
v 0.179300 7.526900 1.298300
v 0.542600 7.263400 1.417600
v 0.569100 7.271800 1.218400
v 0.250000 7.502100 1.111100
v 0.691900 7.115400 1.392600
v 0.680600 7.161800 1.197200
v 0.804900 6.968700 1.336100
v 0.774800 7.022500 1.145900
v 0.869600 6.797400 1.273800
v 0.839800 6.850200 1.083200
v 0.900400 6.567800 1.211200
v 0.872900 6.607000 1.017100
v 0.912400 6.220200 1.156500
v 0.885500 6.239200 0.959200
v 0.867200 5.556400 1.135800
v 0.839400 5.560800 0.937800
v 0.634800 6.996200 0.980900
v 0.800200 6.695000 0.925100
v 0.744400 6.695000 0.733000
v 0.575200 7.003300 0.790100
v 0.875900 6.431700 0.909200
v 0.821500 6.426900 0.716800
v 0.903700 6.072100 0.911500
v 0.849300 6.067900 0.719100
v 0.815100 5.251800 0.949100
v 0.760800 5.249700 0.756600
v 0.591100 7.176800 1.076100
v 0.816300 6.859400 0.988600
v 0.752400 6.859400 0.799100
v 0.522500 7.183700 0.888400
v 0.885300 6.696500 0.970500
v 0.824100 6.690300 0.780200
v 0.929700 6.522700 0.963200
v 0.868600 6.516200 0.772900
v 0.953200 6.335900 0.960800
v 0.891700 6.333000 0.770500
v 0.945900 6.046800 0.964100
v 0.884400 6.043700 0.773900
v 0.818500 5.094200 1.033200
v 0.756300 5.086100 0.843300
v 0.613300 7.159900 1.021800
v 0.831200 6.823300 0.942600
v 0.774600 6.823300 0.750800
v 0.550400 7.170000 0.832200
v 0.899800 6.650500 0.929200
v 0.846300 6.642800 0.736700
v 0.935100 6.479200 0.927600
v 0.881300 6.472900 0.735000
v 0.936300 6.106100 0.933900
v 0.882500 6.100300 0.741400
v 0.813500 5.082100 1.012200
v 0.759100 5.070200 0.820100
v 0.578400 7.233900 1.086200
v 0.826000 6.893900 0.995500
v 0.765400 6.893900 0.804900
v 0.512600 7.241300 0.897600
v 0.907400 6.717100 0.975100
v 0.849200 6.711700 0.783800
v 0.951100 6.542500 0.967300
v 0.892400 6.539300 0.776200
v 0.958900 6.165600 0.965400
v 0.900200 6.162900 0.774200
v 0.838300 5.106700 1.031300
v 0.779000 5.097800 0.840500
v 0.637800 7.116000 0.946500
v 0.845700 6.763500 0.871800
v 0.791000 6.763500 0.679400
v 0.576900 7.126900 0.756300
v 0.908200 6.583800 0.861200
v 0.856600 6.575200 0.668200
v 0.938400 6.407900 0.862800
v 0.886800 6.399300 0.669800
v 0.933800 6.035800 0.876800
v 0.882200 6.025800 0.683900
v 0.811600 5.057000 0.978100
v 0.759100 5.038700 0.786000
v 0.623900 7.137900 0.996800
v 0.834800 6.799400 0.919700
v 0.778500 6.799400 0.727800
v 0.561100 7.148500 0.807200
v 0.899900 6.626700 0.907500
v 0.846700 6.618500 0.714900
v 0.932700 6.455700 0.907100
v 0.879300 6.448600 0.714500
v 0.931800 6.083500 0.916000
v 0.878400 6.076300 0.723400
v 0.807200 5.065200 1.003000
v 0.753100 5.051400 0.811000
v 0.637700 7.056700 0.951700
v 0.821400 6.735900 0.887900
v 0.768400 6.735900 0.695100
v 0.578900 7.067400 0.760800
v 0.892200 6.471100 0.878200
v 0.841100 6.464200 0.685000
v 0.910800 6.051100 0.889000
v 0.859900 6.041600 0.695800
v 0.802100 5.091300 0.976300
v 0.750700 5.076400 0.783600
v 0.213300 7.539300 1.272400
v 0.497200 7.238400 1.345700
v 0.568400 7.238400 1.147700
v 0.370900 7.513200 1.110700
v 0.663000 7.090900 1.342700
v 0.670400 7.116400 1.144500
v 0.762300 6.942300 1.317000
v 0.758300 6.985200 1.121600
v 0.822000 6.815800 1.280800
v 0.809200 6.878400 1.091300
v 0.840400 6.714800 1.239000
v 0.825900 6.785000 1.052200
v 0.849800 6.586300 1.192900
v 0.837400 6.636700 0.999700
v 0.872700 6.347300 1.149800
v 0.862400 6.369200 0.951300
v 0.885200 5.841900 1.126200
v 0.875400 5.842900 0.926500
v 0.267400 7.457600 1.319000
v 0.523800 7.218800 1.380200
v 0.541100 7.218800 1.181000
v 0.311600 7.432400 1.125600
v 0.652400 7.076000 1.370600
v 0.647400 7.101100 1.172300
v 0.755600 6.930700 1.339300
v 0.738700 6.972900 1.144500
v 0.818200 6.806100 1.299500
v 0.792000 6.867900 1.111100
v 0.838500 6.705800 1.256300
v 0.810500 6.775100 1.070900
v 0.849000 6.577400 1.209800
v 0.823200 6.627100 1.017700
v 0.872200 6.338300 1.165800
v 0.848500 6.360200 0.968400
v 0.886300 5.831300 1.139000
v 0.863100 5.834100 0.940400
v 0.342400 7.434500 1.283500
v 0.554400 7.194200 1.325100
v 0.566700 7.194200 1.125500
v 0.374500 7.411700 1.087500
v 0.652900 7.045800 1.315700
v 0.649900 7.068400 1.117000
v 0.734100 6.891700 1.288300
v 0.721400 6.933400 1.093100
v 0.792300 6.724500 1.237600
v 0.775100 6.778500 1.045800
v 0.829700 6.549900 1.183400
v 0.815200 6.592200 0.988400
v 0.864700 6.313500 1.146600
v 0.853700 6.331000 0.947700
v 0.888000 5.874400 1.132300
v 0.878000 5.871700 0.932600
v 0.376400 7.414000 1.271700
v 0.579500 7.162000 1.300000
v 0.575500 7.162000 1.100000
v 0.394000 7.386500 1.074300
v 0.702000 6.919800 1.270500
v 0.683400 6.946800 1.073200
v 0.784200 6.700300 1.219700
v 0.760300 6.742000 1.025600
v 0.824300 6.526700 1.172400
v 0.801900 6.562300 0.976900
v 0.862900 6.297500 1.140400
v 0.843900 6.311600 0.941800
v 0.892700 5.889200 1.129600
v 0.874900 5.884900 0.930500
v 0.459600 7.378900 1.207400
v 0.671300 7.090700 1.208700
v 0.645900 7.090700 1.010300
v 0.448400 7.355800 1.010400
v 0.792600 6.814000 1.170200
v 0.759600 6.830600 0.973700
v 0.878500 6.454200 1.119200
v 0.846400 6.467400 0.922300
v 0.882000 5.699600 1.094500
v 0.850200 5.699600 0.897000
v 0.415900 7.430800 1.219100
v 0.616700 7.175400 1.248200
v 0.620000 7.175400 1.048300
v 0.435500 7.409500 1.021200
v 0.768900 6.821500 1.204300
v 0.816300 6.647400 1.165400
v 0.802300 6.686300 0.969700
v 0.756300 6.855400 1.007600
v 0.842000 6.493300 1.133600
v 0.830200 6.520000 0.935700
v 0.869800 6.251200 1.113800
v 0.859900 6.259100 0.914200
v 0.877500 5.784600 1.112100
v 0.867700 5.781100 0.912400
v 0.698200 7.012100 1.235300
v 0.690500 7.033100 1.036500
v 0.620500 7.015400 1.043900
v 0.778000 6.760700 0.984300
v 0.713200 6.760700 0.795100
v 0.552400 7.021000 0.855900
v 0.864100 6.529800 0.959400
v 0.800900 6.525700 0.769800
v 0.909700 6.185400 0.953600
v 0.846300 6.182700 0.764000
v 0.852400 5.516500 0.973300
v 0.789300 5.519600 0.783500
v 0.615200 7.065000 1.046000
v 0.792200 6.783700 0.977700
v 0.728200 6.783700 0.788300
v 0.546500 7.072600 0.858300
v 0.880500 6.529900 0.954600
v 0.818100 6.525100 0.764600
v 0.919400 6.160100 0.951700
v 0.856700 6.157400 0.761800
v 0.836000 5.358500 0.980300
v 0.773700 5.360200 0.790200
v 0.600100 7.079200 1.093700
v 0.774300 6.828000 1.022300
v 0.704300 6.828000 0.834900
v 0.526100 7.085300 0.908000
v 0.871600 6.596200 0.991200
v 0.803300 6.592100 0.803300
v 0.926400 6.246900 0.980200
v 0.857800 6.245000 0.792300
v 0.874800 5.558800 0.995000
v 0.806500 5.563200 0.807100
v 0.173800 7.398900 1.369200
v 0.417400 7.154500 1.470500
v 0.470400 7.154500 1.277700
v 0.252500 7.373400 1.187100
v 0.566100 6.997700 1.490200
v 0.588200 7.029500 1.294000
v 0.675500 6.888100 1.464500
v 0.670700 6.949200 1.274100
v 0.766700 6.760800 1.409400
v 0.755300 6.831900 1.222800
v 0.825200 6.556300 1.329600
v 0.815500 6.621800 1.140900
v 0.824100 6.189000 1.212000
v 0.814600 6.247300 1.020900
v 0.142100 7.379600 1.390400
v 0.379200 7.147200 1.495600
v 0.431500 7.147200 1.302500
v 0.223400 7.350500 1.210000
v 0.550400 6.948100 1.510400
v 0.569000 6.988500 1.315400
v 0.696700 6.717000 1.433900
v 0.693700 6.790900 1.248100
v 0.799300 6.494300 1.327900
v 0.795200 6.571000 1.143200
v 0.793900 6.205100 1.220900
v 0.790300 6.269000 1.031400
v 0.226400 7.364000 1.375100
v 0.490400 7.074600 1.435600
v 0.508900 7.074600 1.236500
v 0.268200 7.339300 1.181100
v 0.627400 6.906200 1.428600
v 0.621800 6.934100 1.230600
v 0.739700 6.785600 1.392700
v 0.717400 6.833500 1.199800
v 0.836600 6.640900 1.338400
v 0.812000 6.693000 1.146900
v 0.859500 6.139800 1.206300
v 0.835400 6.188300 1.013800
v 0.347000 7.285400 1.239500
v 0.462400 7.021200 1.402500
v 0.597600 7.021200 1.255200
v 0.496200 7.254900 1.109800
v 0.554200 6.830700 1.447000
v 0.657700 6.889900 1.286400
v 0.749400 6.583700 1.399300
v 0.812900 6.695300 1.245900
v 0.320500 7.327500 1.253500
v 0.445700 7.045600 1.423100
v 0.576600 7.045600 1.271900
v 0.466800 7.295300 1.121000
v 0.534100 6.885200 1.465200
v 0.632500 6.939100 1.299600
v 0.619700 6.789100 1.457100
v 0.683200 6.885200 1.293600
v 0.679500 6.730200 1.437100
v 0.738800 6.831100 1.274900
v 0.719800 6.666200 1.416900
v 0.790200 6.748600 1.248800
v 0.752200 6.537700 1.377400
v 0.825800 6.607200 1.204900
v 0.726700 6.215700 1.241600
v 0.800300 6.283600 1.068500
v 0.299600 7.316000 1.303600
v 0.458800 7.040800 1.447600
v 0.558500 7.040800 1.274200
v 0.419100 7.283100 1.146600
v 0.563100 6.883700 1.477800
v 0.628600 6.932800 1.295300
v 0.658600 6.776500 1.457700
v 0.700300 6.855700 1.278800
v 0.733700 6.670900 1.425100
v 0.778700 6.745000 1.244800
v 0.774700 6.515400 1.381300
v 0.820800 6.584900 1.199500
v 0.753900 6.199500 1.244300
v 0.800200 6.281700 1.068000
v 0.371900 7.266000 1.223000
v 0.497100 6.954500 1.405000
v 0.626400 6.954500 1.252400
v 0.516600 7.229900 1.089800
v 0.590600 6.765200 1.439800
v 0.686600 6.827200 1.275700
v 0.751500 6.563800 1.395200
v 0.809800 6.675000 1.239500
v 0.412900 7.219100 1.149200
v 0.516600 6.911200 1.370900
v 0.670700 6.911200 1.243400
v 0.579100 7.185800 1.043000
v 0.591900 6.747900 1.415100
v 0.717400 6.808300 1.271600
v 0.723400 6.539100 1.379700
v 0.819200 6.648000 1.242100
v 0.388200 7.267500 1.153500
v 0.471500 6.981600 1.363700
v 0.637200 6.981600 1.251700
v 0.563700 7.236900 1.062700
v 0.547200 6.792000 1.420400
v 0.681800 6.859700 1.288800
v 0.719900 6.572800 1.381700
v 0.811800 6.698800 1.256400
v 0.275000 7.334300 1.316600
v 0.443700 7.051800 1.464400
v 0.540900 7.051800 1.289700
v 0.394000 7.299500 1.159700
v 0.549000 6.892700 1.493400
v 0.612700 6.940200 1.309900
v 0.635000 6.799000 1.477400
v 0.668600 6.883100 1.299100
v 0.715600 6.697000 1.433200
v 0.743600 6.788900 1.257700
v 0.780000 6.532800 1.362800
v 0.812500 6.612000 1.182100
v 0.766600 6.200700 1.233400
v 0.799300 6.266800 1.047400
v 0.292800 7.365200 1.342600
v 0.549300 7.095300 1.375700
v 0.551900 7.095300 1.175700
v 0.317700 7.341500 1.145600
v 0.689400 6.904400 1.358800
v 0.674800 6.928300 1.160800
v 0.752000 6.777100 1.328700
v 0.724700 6.828900 1.137500
v 0.769100 6.663200 1.284400
v 0.738700 6.729100 1.098000
v 0.783700 6.537600 1.239100
v 0.755600 6.587400 1.047500
v 0.818700 6.376900 1.205000
v 0.794800 6.401400 1.007900
v 0.866800 5.992000 1.174700
v 0.845300 5.997400 0.976000
v 0.214300 7.351700 1.349700
v 0.373800 7.121700 1.473400
v 0.471800 7.121700 1.299000
v 0.332600 7.322600 1.191000
v 0.469600 6.980500 1.507600
v 0.543800 7.014500 1.325000
v 0.554500 6.865400 1.502600
v 0.599900 6.939300 1.322400
v 0.671400 6.707300 1.437500
v 0.699300 6.806300 1.266000
v 0.780300 6.511600 1.334300
v 0.813700 6.597900 1.157000
v 0.772500 6.194000 1.217000
v 0.806800 6.248300 1.027600
v 0.063600 7.423200 1.380700
v 0.291700 7.221300 1.516300
v 0.356300 7.221300 1.327000
v 0.168700 7.386900 1.214500
v 0.486100 7.015700 1.533700
v 0.511700 7.057000 1.339700
v 0.686200 6.760800 1.465900
v 0.691000 6.829000 1.277900
v 0.825000 6.532200 1.369900
v 0.832900 6.594300 1.179900
v 0.862900 6.239200 1.304000
v 0.875800 6.271600 1.107100
v 0.003200 7.387400 1.374800
v 0.122300 7.251200 1.545500
v 0.263200 7.251200 1.403500
v 0.167000 7.361100 1.263000
v 0.219500 7.123100 1.603900
v 0.319900 7.174500 1.438800
v 0.398100 6.899300 1.577400
v 0.463700 6.994400 1.414100
v 0.106000 7.388100 1.390700
v 0.337800 7.169200 1.511400
v 0.407400 7.169200 1.323900
v 0.202200 7.362800 1.217200
v 0.465800 7.041100 1.540500
v 0.511100 7.066400 1.347300
v 0.545500 6.941500 1.535000
v 0.567700 6.996600 1.344000
v 0.613000 6.816600 1.490800
v 0.619300 6.898200 1.308300
v 0.701700 6.654200 1.409400
v 0.703100 6.744900 1.231100
v 0.792600 6.490400 1.326000
v 0.798500 6.569200 1.142300
v 0.783600 6.208900 1.228100
v 0.790000 6.266600 1.036700
v -0.092800 7.658600 1.130700
v 0.086600 7.236300 1.578200
v 0.212600 7.236300 1.422900
v 0.101000 7.628700 1.091600
v 0.205100 7.094800 1.630600
v 0.284600 7.148300 1.455100
v 0.396000 6.874900 1.586600
v 0.435800 6.973900 1.417400
v -0.021300 7.397000 1.375000
v 0.108000 7.252500 1.556800
v 0.245700 7.252500 1.411800
v 0.141700 7.368500 1.262800
v 0.211400 7.119400 1.613800
v 0.305300 7.173600 1.445700
v 0.408500 6.880500 1.573500
v 0.466000 6.979000 1.409300
v 0.619400 6.735700 0.945800
v 0.761700 6.331300 0.952000
v 0.775400 6.331300 0.752500
v 0.632300 6.738000 0.746300
v 0.795600 6.094600 0.956300
v 0.809900 6.090600 0.756900
v 0.777400 5.674800 0.968700
v 0.791500 5.666800 0.769300
v 0.528800 7.129000 1.224400
v 0.806300 6.697200 1.118800
v 0.734500 6.697200 0.932200
v 0.457200 7.128600 1.037700
v 0.891500 6.383900 1.085300
v 0.819300 6.385400 0.898800
v 0.898100 5.795000 1.074200
v 0.825700 5.798400 0.887800
v 0.511500 7.145600 1.245400
v 0.811600 6.694500 1.134000
v 0.736600 6.694500 0.948600
v 0.439100 7.141400 1.059000
v 0.895700 6.368100 1.093900
v 0.819600 6.372300 0.909000
v 0.895900 5.767000 1.076600
v 0.819700 5.771900 0.891800
v 0.256700 7.256900 1.395800
v 0.476200 6.955000 1.476300
v 0.507000 6.955000 1.278600
v 0.310500 7.226800 1.205600
v 0.613200 6.794000 1.472300
v 0.618700 6.823200 1.274500
v 0.722800 6.692200 1.449300
v 0.709800 6.740300 1.255600
v 0.794300 6.612100 1.417600
v 0.775900 6.667800 1.226400
v 0.834600 6.389800 1.352500
v 0.817500 6.440300 1.159700
v 0.301100 7.220100 1.383100
v 0.508400 6.948700 1.461900
v 0.537300 6.948700 1.264000
v 0.354500 7.188600 1.193000
v 0.651800 6.780700 1.452700
v 0.658100 6.810800 1.255100
v 0.804600 6.499800 1.398800
v 0.808000 6.535400 1.202100
v 0.160900 7.278100 1.437800
v 0.439900 6.972500 1.515800
v 0.456500 6.972500 1.316500
v 0.203900 7.249400 1.244600
v 0.565100 6.826000 1.501400
v 0.552800 6.857200 1.304200
v 0.676500 6.728000 1.466400
v 0.645300 6.777100 1.275100
v 0.770100 6.644300 1.422700
v 0.735600 6.697200 1.233000
v 0.840900 6.389900 1.346100
v 0.809300 6.434800 1.153700
v 0.112100 7.316300 1.436200
v 0.436600 6.998600 1.539700
v 0.454000 6.998600 1.340400
v 0.163500 7.282100 1.246000
v 0.565900 6.840800 1.518300
v 0.548200 6.878600 1.322700
v 0.685300 6.734300 1.471100
v 0.648700 6.790000 1.282500
v 0.784800 6.654300 1.422300
v 0.749000 6.709100 1.233300
v 0.847700 6.390900 1.348000
v 0.816100 6.433800 1.155200
v 0.003000 7.338900 1.404300
v 0.122200 7.209200 1.554000
v 0.255200 7.209200 1.404600
v 0.158500 7.314200 1.281000
v 0.208700 7.098700 1.601300
v 0.301300 7.148400 1.431100
v 0.391000 6.874000 1.570900
v 0.451500 6.963500 1.402600
v 0.056800 7.298900 1.448800
v 0.328600 7.038300 1.554400
v 0.363600 7.038300 1.357500
v 0.125400 7.266700 1.263700
v 0.463300 6.897400 1.550100
v 0.463800 6.931300 1.353000
v 0.591300 6.785300 1.514700
v 0.576200 6.835400 1.321700
v 0.815900 6.451500 1.402600
v 0.800500 6.502000 1.209700
v 0.269600 7.735100 1.045100
v 0.767200 7.461700 0.924400
v 0.710600 7.461700 0.732600
v 0.223400 7.728600 0.850600
v 0.914300 7.278000 0.870200
v 1.017700 7.034500 0.825100
v 0.955500 7.040700 0.635100
v 0.851500 7.285200 0.680400
v 1.081400 6.806500 0.799700
v 1.021300 6.804200 0.609000
v 1.101100 6.525900 0.806300
v 1.042100 6.511000 0.615800
v 1.018700 5.277300 0.971500
v 0.959300 5.253000 0.782000
v 0.315200 7.760000 0.965800
v 0.798400 7.465800 0.832000
v 0.734900 7.465800 0.642400
v 0.262400 7.752800 0.773000
v 0.941200 7.284000 0.772900
v 0.871100 7.292100 0.585700
v 1.030300 7.084500 0.729000
v 0.961200 7.090300 0.541400
v 1.087500 6.867600 0.706100
v 1.021300 6.862400 0.517500
v 1.116400 6.539400 0.717900
v 1.051500 6.520300 0.529700
v 1.053500 5.282900 0.912300
v 0.988400 5.254500 0.725400
v 0.232300 7.776800 0.995500
v 0.768000 7.479600 0.834200
v 0.706200 7.479600 0.644000
v 0.175800 7.773600 0.803600
v 0.940200 7.288300 0.773000
v 0.876200 7.290700 0.583600
v 1.039100 7.088100 0.737600
v 0.976300 7.088200 0.547700
v 1.099900 6.897500 0.719500
v 1.038800 6.891900 0.529200
v 1.118600 6.618600 0.727400
v 1.058400 6.603400 0.537300
v 1.042700 5.366900 0.890800
v 0.982200 5.342800 0.701700
v 0.201000 7.790200 0.987700
v 0.746400 7.525400 0.813400
v 0.685300 7.525400 0.623000
v 0.140200 7.790100 0.797200
v 0.928500 7.345100 0.754700
v 0.867900 7.344600 0.564100
v 1.037000 7.149600 0.721800
v 0.977500 7.147400 0.530900
v 1.104500 6.960400 0.704100
v 1.046000 6.954900 0.512900
v 1.125800 6.680800 0.709200
v 1.068200 6.667300 0.518100
v 1.048700 5.427000 0.858600
v 0.990800 5.404700 0.668500
v 0.302700 7.834900 0.571700
v 0.711400 7.625800 0.270800
v 0.625100 7.625800 0.090400
v 0.178200 7.855300 0.416500
v 0.838400 7.531300 0.241600
v 0.794100 7.500400 0.049000
v 0.939300 7.436100 0.248200
v 0.906100 7.394100 0.055500
v 1.050400 7.266600 0.262000
v 1.010000 7.235100 0.068600
v 1.138200 7.066100 0.266000
v 1.091100 7.051800 0.072200
v 1.166100 6.784700 0.266300
v 1.118600 6.773100 0.072300
v 1.057600 5.521000 0.411600
v 1.009400 5.498200 0.218800
v 0.404200 7.050500 -0.321700
v 0.534600 6.157200 -0.523300
v 0.370000 6.157200 -0.636900
v 0.238600 7.057000 -0.433600
v 0.613100 5.659200 -0.629700
v 0.448600 5.658500 -0.743500
v 0.657400 5.393400 -0.694200
v 0.493100 5.391700 -0.808200
v 0.666100 5.215800 -0.701100
v 0.501800 5.214200 -0.815100
v 0.669400 5.001500 -0.706700
v 0.504600 5.011400 -0.819600
v 0.721900 4.325000 -0.903100
v 0.556300 4.347800 -1.012900
v 0.277300 6.139700 -0.037200
v 0.416300 5.663900 -0.242700
v 0.224100 5.663900 -0.298000
v 0.095900 6.098700 -0.110800
v 0.415900 5.360500 -0.421300
v 0.222000 5.385600 -0.463000
v 0.413700 5.128000 -0.550200
v 0.219800 5.143900 -0.596700
v 0.426200 4.950900 -0.620600
v 0.233100 4.952800 -0.672800
v 0.443800 4.763600 -0.674000
v 0.251500 4.757900 -0.728400
v 0.464800 4.543700 -0.712900
v 0.272700 4.533900 -0.767900
v 0.509100 3.702600 -0.698100
v 0.317100 3.691900 -0.753100
v 0.369900 7.454200 -0.233200
v 0.516500 7.005700 -0.531000
v 0.346700 7.005700 -0.636600
v 0.195700 7.468400 -0.330400
v 0.551900 6.834000 -0.567800
v 0.385700 6.816800 -0.677700
v 0.575700 6.653000 -0.564900
v 0.409800 6.633600 -0.674900
v 0.602300 6.366000 -0.565200
v 0.435400 6.356400 -0.675000
v 0.650600 5.835900 -0.620600
v 0.482700 5.837800 -0.729300
v 0.711800 4.721200 -0.793600
v 0.543400 4.734800 -0.900700
v 0.438000 7.411600 -0.218900
v 0.561900 6.894900 -0.443900
v 0.397900 6.894900 -0.558300
v 0.270400 7.427200 -0.326900
v 0.644700 6.381300 -0.519400
v 0.481000 6.378800 -0.634300
v 0.758800 4.636700 -0.749600
v 0.594300 4.645100 -0.863000
v 0.389300 7.326100 -0.269900
v 0.509100 6.830900 -0.514800
v 0.343400 6.830900 -0.626800
v 0.219600 7.343900 -0.374200
v 0.553300 6.534000 -0.543900
v 0.389800 6.520500 -0.658300
v 0.590500 6.235200 -0.560200
v 0.426300 6.227700 -0.674100
v 0.643500 5.712600 -0.632800
v 0.477900 5.718400 -0.745000
v 0.709600 4.564000 -0.861200
v 0.543300 4.585100 -0.970200
v 0.395700 6.745300 -0.283800
v 0.586300 5.440900 -0.582800
v 0.406200 5.440900 -0.669800
v 0.217500 6.732100 -0.373600
v 0.662300 4.812600 -0.787100
v 0.482000 4.815200 -0.873400
v 0.706400 4.191500 -0.873000
v 0.526500 4.188100 -0.960300
v 0.347600 6.673000 -0.271100
v 0.508700 5.514300 -0.418400
v 0.326300 5.514300 -0.500500
v 0.168000 6.653100 -0.356900
v 0.562200 5.126600 -0.615200
v 0.378000 5.140000 -0.691700
v 0.604300 4.855500 -0.763800
v 0.420800 4.863800 -0.842800
v 0.628500 4.672000 -0.825300
v 0.445900 4.672000 -0.907000
v 0.663500 4.080800 -0.881700
v 0.481200 4.076700 -0.963900
v 0.318600 6.765800 -0.312000
v 0.450500 5.938200 -0.487200
v 0.279700 5.938200 -0.591200
v 0.148700 6.760300 -0.417300
v 0.541900 5.307500 -0.669200
v 0.369900 5.315300 -0.771100
v 0.609100 4.792400 -0.839400
v 0.437200 4.800100 -0.941300
v 0.642100 4.128300 -0.923700
v 0.470500 4.130500 -1.026400
v 0.210700 7.799100 0.954700
v 0.753900 7.539500 0.768600
v 0.690300 7.539500 0.579000
v 0.145500 7.800000 0.765600
v 0.937500 7.362200 0.708700
v 0.875800 7.360400 0.518500
v 1.047900 7.168400 0.676400
v 0.987400 7.164600 0.485800
v 1.116100 6.979700 0.659500
v 1.056600 6.972700 0.468700
v 1.136800 6.699900 0.666700
v 1.078200 6.685200 0.476100
v 1.062000 5.446200 0.823500
v 1.003100 5.422900 0.633800
v 0.224900 7.832900 0.810600
v 0.752500 7.606000 0.574300
v 0.682600 7.606000 0.387000
v 0.138300 7.840600 0.630500
v 0.942500 7.443300 0.519800
v 0.884100 7.433300 0.328800
v 1.063200 7.255400 0.497200
v 1.006300 7.243400 0.305900
v 1.136900 7.067300 0.485700
v 1.079400 7.056600 0.294400
v 1.157300 6.786200 0.495200
v 1.100600 6.769500 0.304200
v 1.081600 5.533800 0.667100
v 1.024500 5.507700 0.477200
v 0.164300 7.821400 0.893100
v 0.673200 7.677200 0.665000
v 0.607000 7.677200 0.476300
v 0.077100 7.828400 0.713200
v 0.853000 7.550200 0.621400
v 0.804700 7.538200 0.427700
v 0.970000 7.420800 0.605700
v 0.924200 7.406000 0.411600
v 1.056000 7.269300 0.595000
v 1.007000 7.259900 0.401300
v 1.117500 7.111800 0.583400
v 1.066600 7.107600 0.390000
v 1.145500 6.902600 0.579200
v 1.094900 6.896200 0.385800
v 1.138400 6.488300 0.602200
v 1.088000 6.472500 0.409300
v 1.089400 5.588500 0.716300
v 1.038600 5.562300 0.524700
v 0.264700 7.814800 0.278600
v 0.545900 7.571700 -0.128900
v 0.418900 7.571700 -0.283400
v 0.099000 7.849700 0.172100
v 0.682700 7.424200 -0.174100
v 0.605700 7.370800 -0.350700
v 0.856700 7.211400 -0.141400
v 0.806900 7.125600 -0.315000
v 0.988500 7.047200 -0.079300
v 0.954500 6.941100 -0.245400
v 1.064800 6.936000 -0.013100
v 1.030000 6.831100 -0.179800
v 1.125300 6.784600 0.054800
v 1.078900 6.708600 -0.124300
v 1.159500 6.602500 0.101800
v 1.106200 6.566500 -0.087500
v 1.148200 6.391900 0.121200
v 1.095400 6.380500 -0.071400
v 1.023400 5.568400 0.191200
v 0.970500 5.556800 -0.001400
v 0.287800 7.836200 0.418400
v 0.487900 7.729000 0.087400
v 0.343400 7.729000 -0.051000
v 0.114700 7.852400 0.319700
v 0.577400 7.671100 0.030500
v 0.490500 7.635800 -0.146100
v 0.681900 7.607300 0.017800
v 0.650500 7.535600 -0.166200
v 0.825200 7.501300 0.066100
v 0.809600 7.417000 -0.114700
v 0.988700 7.313000 0.125000
v 0.951700 7.254200 -0.062500
v 1.100100 7.081200 0.143100
v 1.046500 7.057400 -0.048100
v 1.148700 6.781600 0.143600
v 1.092100 6.774700 -0.048100
v 1.054700 5.616900 0.198000
v 0.998300 5.613400 0.006200
v 0.331900 7.784900 0.258600
v 0.615800 7.503000 -0.083500
v 0.519300 7.503000 -0.258600
v 0.183900 7.833000 0.132900
v 0.861100 7.310100 -0.045100
v 1.008000 7.125500 0.016200
v 0.988700 7.065900 -0.173700
v 0.854300 7.234500 -0.230100
v 1.100000 6.929100 0.051900
v 1.069600 6.894500 -0.142800
v 1.132000 6.672200 0.074900
v 1.098800 6.657600 -0.121800
v 0.977000 5.446400 0.148500
v 0.944600 5.440700 -0.048800
v 0.724700 7.420100 -0.092600
v 0.698800 7.361700 -0.282100
v 0.207700 7.561600 1.251000
v 0.641600 7.308200 1.298300
v 0.671100 7.333400 1.098900
v 0.248600 7.563000 1.053800
v 0.782600 7.138500 1.253600
v 0.784300 7.195300 1.060700
v 0.286800 7.588800 1.195300
v 0.759000 7.370200 1.144400
v 0.717900 7.370200 0.948700
v 0.267500 7.612800 0.996700
v 0.892600 7.196600 1.096500
v 0.836600 7.214500 0.905400
v 0.970000 7.005400 1.049200
v 0.912300 7.027200 0.858900
v 1.017900 6.799800 1.013200
v 0.962100 6.813400 0.821600
v 1.041500 6.465000 0.994000
v 0.986700 6.464700 0.801600
v 0.951700 5.263800 1.068900
v 0.896300 5.251700 0.877100
v 0.076800 7.666000 1.089800
v 0.631900 7.497100 1.152400
v 0.637700 7.497100 0.952500
v 0.104300 7.657900 0.891900
v 0.818200 7.332600 1.134700
v 0.771700 7.347400 0.940700
v 0.922800 7.134100 1.086900
v 0.873200 7.154400 0.894200
v 0.992300 6.915400 1.045900
v 0.943800 6.932100 0.852600
v 1.033100 6.587700 1.013900
v 0.985900 6.594000 0.819700
v 0.947500 5.320500 1.036800
v 0.899800 5.316900 0.842600
v 0.112600 7.609100 1.261400
v 0.488900 7.428200 1.330500
v 0.559500 7.497800 1.113400
v 0.142800 7.601100 1.063900
v 0.657100 7.317400 1.313200
v 0.693200 7.403200 1.100100
v 0.823600 7.231100 1.250800
v 0.785200 7.268600 1.058200
v 0.906900 6.999300 1.184400
v 0.869300 7.034900 0.991300
v 0.966000 6.654000 1.119500
v 0.930700 6.676400 0.923900
v 0.978500 6.202700 1.084400
v 0.943800 6.209600 0.887500
v 0.900200 5.339000 1.100300
v 0.864700 5.337200 0.903500
v 0.608500 6.947800 0.220900
v 0.759600 6.282100 0.326200
v 0.909300 6.282100 0.193600
v 0.753700 6.968200 0.084900
v 0.848200 5.780900 0.476400
v 1.001700 5.759600 0.349900
v 0.894500 5.395800 0.630200
v 1.050700 5.348800 0.514600
v 0.896000 5.141800 0.782300
v 1.053000 5.073700 0.678700
v 0.896200 4.965200 0.910600
v 1.052100 4.911400 0.797400
v 0.947600 4.843500 0.985300
v 1.047000 4.889200 0.817800
v 0.570500 6.647000 0.265000
v 0.679400 5.931300 0.452600
v 0.866000 5.931300 0.380500
v 0.754800 6.661800 0.188800
v 0.710100 5.543900 0.583700
v 0.898100 5.527400 0.517200
v 0.714200 5.284300 0.695100
v 0.901900 5.244300 0.638900
v 0.687300 5.103600 0.795800
v 0.868700 5.027700 0.759400
v 0.590000 4.890000 0.942700
v 0.755500 4.778400 0.930000
v 0.222300 4.435800 1.288300
v 0.371900 4.303200 1.291200
v 0.558700 6.604400 0.276800
v 0.700300 5.531800 0.599100
v 0.895500 5.531800 0.555500
v 0.751700 6.622100 0.227600
v 0.708200 5.247800 0.719300
v 0.904000 5.224800 0.685300
v 0.693100 5.096800 0.800100
v 0.886200 5.048700 0.779400
v 0.658400 4.970900 0.881900
v 0.843300 4.894700 0.879100
v 0.559900 4.789100 1.015500
v 0.733000 4.689600 1.028900
v 0.211800 4.306100 1.337200
v 0.376000 4.194100 1.358900
v 0.554600 6.611600 0.235100
v 0.693000 5.534000 0.547100
v 0.886800 5.534000 0.497900
v 0.747100 6.623400 0.182100
v 0.705800 5.307500 0.648300
v 0.900600 5.285900 0.608300
v 0.694700 5.159600 0.729800
v 0.887200 5.112400 0.703700
v 0.661200 5.030500 0.811400
v 0.845800 4.953800 0.804000
v 0.588600 4.893700 0.912000
v 0.758800 4.789500 0.924500
v 0.261300 4.498900 1.234300
v 0.418800 4.378300 1.260000
v 0.251200 7.844500 0.638300
v 0.663200 7.687200 0.317800
v 0.575100 7.687200 0.138200
v 0.119400 7.862500 0.489000
v 0.793900 7.606500 0.288600
v 0.755900 7.576100 0.094600
v 0.901400 7.520000 0.297200
v 0.877700 7.477400 0.103200
v 1.022800 7.358000 0.314600
v 0.991500 7.325100 0.119800
v 1.120100 7.162900 0.321600
v 1.081300 7.146600 0.126100
v 1.155000 6.882500 0.325100
v 1.075400 5.616100 0.478200
v 1.036000 5.590400 0.283900
v 1.115900 6.868300 0.129500
v 0.218800 7.865500 0.540000
v 0.419500 7.817400 0.194000
v 0.273100 7.817400 0.057700
v 0.042000 7.874400 0.447000
v 0.510400 7.776900 0.133800
v 0.427900 7.750600 -0.046400
v 0.618400 7.727800 0.117900
v 0.598400 7.670500 -0.072700
v 0.770600 7.633800 0.162300
v 0.769600 7.564000 -0.025200
v 0.947900 7.456700 0.214100
v 0.924400 7.410000 0.021100
v 1.071300 7.234100 0.222600
v 1.031300 7.217400 0.027400
v 1.132200 6.968400 0.218000
v 1.090600 6.958400 0.022600
v 1.098300 5.779500 0.309700
v 1.056800 5.764800 0.114600
v 0.183800 7.853000 0.729000
v 0.617400 7.747900 0.414200
v 0.533000 7.747900 0.232800
v 0.055400 7.865400 0.576100
v 0.752300 7.674400 0.384600
v 0.717800 7.648200 0.189400
v 0.862100 7.589700 0.392000
v 0.841100 7.552700 0.196600
v 0.989400 7.427700 0.405000
v 0.959300 7.401900 0.209000
v 1.097900 7.210400 0.403700
v 1.060200 7.200800 0.207500
v 1.146800 6.920000 0.397900
v 1.109500 6.908400 0.201700
v 1.098800 5.692700 0.537000
v 1.061400 5.667800 0.342100
v 0.160900 6.285200 -0.092600
v 0.273200 5.645500 -0.287700
v 0.079800 5.645500 -0.338600
v -0.028900 6.261700 -0.151100
v 0.279800 5.399200 -0.405000
v 0.085400 5.414200 -0.449600
v 0.286800 5.087200 -0.531900
v 0.092700 5.095500 -0.579200
v 0.308900 4.645200 -0.640500
v 0.115200 4.642000 -0.690200
v 0.352300 3.526800 -0.615500
v 0.158900 3.516700 -0.665300
v 0.151600 6.214100 -0.087400
v 0.240400 5.661900 -0.279900
v 0.046100 5.661900 -0.327100
v -0.039800 6.194200 -0.141900
v 0.251400 5.363400 -0.420500
v 0.056200 5.377200 -0.461900
v 0.254900 5.101300 -0.532600
v 0.059800 5.113400 -0.574700
v 0.259200 4.887700 -0.597900
v 0.064200 4.893400 -0.641800
v 0.265800 4.627700 -0.638400
v 0.070900 4.627600 -0.683300
v 0.273700 4.223700 -0.651500
v 0.078800 4.220300 -0.696500
v 0.269800 3.491800 -0.564700
v 0.074900 3.487600 -0.609600
v 0.118900 6.250000 -0.094600
v 0.208900 5.674000 -0.278700
v 0.015300 5.674000 -0.328700
v -0.071900 6.230500 -0.151100
v 0.220800 5.353400 -0.418000
v 0.026400 5.367100 -0.462800
v 0.221900 5.002600 -0.540400
v 0.027500 5.015000 -0.585600
v 0.220700 4.651600 -0.611200
v 0.026300 4.658900 -0.657500
v 0.219400 4.368200 -0.634300
v 0.024900 4.370900 -0.680900
v 0.215600 4.098800 -0.621700
v 0.021100 4.099100 -0.668300
v 0.188700 3.466900 -0.510600
v -0.005800 3.467000 -0.557000
v 0.169200 6.080600 -0.096800
v 0.238900 5.402700 -0.401200
v 0.040600 5.402700 -0.427300
v -0.027500 6.065400 -0.129300
v 0.242600 5.031500 -0.549100
v 0.044200 5.037500 -0.573100
v 0.242700 4.627800 -0.623900
v 0.044300 4.630200 -0.648600
v 0.243800 4.177900 -0.639000
v 0.045400 4.176900 -0.663800
v 0.239200 3.472100 -0.532400
v 0.040800 3.469300 -0.557000
v 0.109900 7.835800 0.864000
v 0.597500 7.771200 0.600000
v 0.529800 7.771200 0.411800
v 0.004300 7.843100 0.694300
v 0.775500 7.667300 0.569700
v 0.742400 7.648700 0.373300
v 0.902600 7.548300 0.569000
v 0.873500 7.525900 0.372400
v 1.002200 7.401900 0.566400
v 0.964500 7.392000 0.370200
v 1.082400 7.222900 0.549900
v 1.039700 7.224400 0.354500
v 1.133400 6.942400 0.533300
v 1.092400 6.935500 0.337700
v 1.099600 5.714800 0.651800
v 1.058700 5.692500 0.457300
v 0.499900 7.728100 0.584700
v 0.956400 7.410900 0.422700
v 0.882200 7.410900 0.237000
v 0.433000 7.722400 0.396300
v 1.060600 7.237300 0.373700
v 0.981800 7.244600 0.190100
v 1.127500 6.949700 0.329900
v 1.048500 6.957600 0.146400
v 1.160200 6.616400 0.304700
v 1.081100 6.625400 0.121200
v 1.153500 6.256400 0.284300
v 1.074300 6.280400 0.102200
v 1.150200 5.807800 0.194400
v 1.069800 5.876700 0.024700
v 1.238800 5.255900 -0.210100
v 1.151500 5.372000 -0.347600
v 0.490500 7.711800 0.725800
v 0.866600 7.457800 0.609600
v 0.804700 7.457800 0.419400
v 0.431300 7.709800 0.534800
v 0.984500 7.303400 0.568700
v 0.919700 7.307100 0.379500
v 1.042300 7.164700 0.544200
v 0.978500 7.166200 0.354700
v 1.079500 6.922900 0.536000
v 1.018300 6.910500 0.346000
v 1.110300 6.339200 0.592500
v 1.050500 6.311100 0.403800
v 1.215600 5.148300 0.779100
v 1.156900 5.109900 0.591800
v 0.550500 7.658500 0.643000
v 0.985500 7.289100 0.509000
v 0.921500 7.289100 0.319500
v 0.490800 7.654500 0.452200
v 1.077300 7.092800 0.473300
v 1.011300 7.097000 0.284500
v 1.130000 6.724700 0.445500
v 1.064300 6.727000 0.256600
v 1.137700 6.295100 0.443100
v 1.072200 6.290300 0.254200
v 1.108100 5.979000 0.469300
v 1.042100 5.967100 0.280900
v 1.091400 5.774300 0.490600
v 1.025500 5.768600 0.301800
v 1.128000 5.613700 0.475200
v 1.214500 5.471500 0.424800
v 1.133800 5.500300 0.244100
v 1.058100 5.625600 0.288200
v 1.536300 5.261900 0.220700
v 1.445500 5.298600 0.046300
v 0.279800 7.348700 -0.300500
v 0.401400 6.839200 -0.552700
v 0.236000 6.839200 -0.665200
v 0.109900 7.368800 -0.404100
v 0.466600 6.415700 -0.593700
v 0.303400 6.403000 -0.708700
v 0.552000 5.833000 -0.656700
v 0.388000 5.826300 -0.771000
v 0.629100 5.259400 -0.759000
v 0.463100 5.270500 -0.870000
v 0.644800 4.598900 -0.929800
v 0.478200 4.633400 -1.034900
v 0.254400 7.479200 -0.248400
v 0.397600 7.036100 -0.565900
v 0.225000 7.036100 -0.666900
v 0.077100 7.494700 -0.339400
v 0.433400 6.864000 -0.603600
v 0.264800 6.845200 -0.709500
v 0.460200 6.670500 -0.599500
v 0.292000 6.649300 -0.705500
v 0.493900 6.336200 -0.599700
v 0.324800 6.322300 -0.705600
v 0.529100 5.987300 -0.620800
v 0.359500 5.978100 -0.726400
v 0.584700 5.643000 -0.685300
v 0.414100 5.641600 -0.789700
v 0.660000 4.773300 -0.851200
v 0.488300 4.786300 -0.953100
v 0.334900 7.439900 -0.249800
v 0.474000 6.986000 -0.543300
v 0.302700 6.986000 -0.646600
v 0.159500 7.454200 -0.344900
v 0.508200 6.813600 -0.579600
v 0.340400 6.796400 -0.687200
v 0.532000 6.632900 -0.576900
v 0.364600 6.613100 -0.684500
v 0.560300 6.345500 -0.578400
v 0.391900 6.335000 -0.685800
v 0.621200 5.773000 -0.647600
v 0.451900 5.773000 -0.753900
v 0.693500 4.705500 -0.814300
v 0.523500 4.718300 -0.918900
v 0.433500 7.702800 0.921000
v 0.821200 7.442000 0.827200
v 0.768400 7.442000 0.634300
v 0.386500 7.698500 0.726600
v 0.945800 7.284200 0.787700
v 0.886900 7.291500 0.596700
v 1.009200 7.145000 0.759200
v 0.948800 7.155800 0.568800
v 1.048600 6.961900 0.736800
v 0.989300 6.967800 0.545900
v 1.077900 6.732200 0.726100
v 1.020300 6.724400 0.534700
v 1.089100 6.322600 0.759200
v 1.032300 6.299900 0.568800
v 1.109300 5.131300 0.931800
v 1.052800 5.099300 0.742700
v 0.276100 6.745000 -0.305600
v 0.398300 6.008800 -0.447300
v 0.243700 6.008800 -0.574200
v 0.121100 6.747200 -0.432000
v 0.446500 5.659100 -0.509600
v 0.290300 5.670400 -0.634000
v 0.509600 5.211900 -0.669500
v 0.351800 5.234100 -0.790500
v 0.576900 4.705700 -0.855000
v 0.420000 4.720600 -0.978100
v 0.606800 4.067200 -0.925800
v 0.450600 4.068800 -1.050700
v 0.210500 6.662800 -0.276700
v 0.339700 5.818300 -0.363300
v 0.215200 5.818300 -0.519800
v 0.084800 6.670300 -0.432100
v 0.378100 5.471500 -0.402200
v 0.249100 5.506600 -0.551000
v 0.410200 5.222000 -0.552000
v 0.277300 5.287300 -0.686500
v 0.451300 4.956700 -0.723100
v 0.320400 5.008700 -0.865100
v 0.499700 4.635400 -0.846700
v 0.372500 4.658500 -0.999200
v 0.542200 3.962100 -0.916900
v 0.416500 3.960300 -1.072500
v 0.201700 6.763600 -0.337700
v 0.341200 5.898800 -0.523500
v 0.179200 5.898800 -0.640800
v 0.038900 6.768100 -0.453900
v 0.391400 5.475300 -0.596400
v 0.228300 5.484200 -0.711800
v 0.426200 5.161500 -0.693400
v 0.261700 5.181300 -0.805400
v 0.469700 4.890300 -0.813700
v 0.304900 4.912300 -0.924800
v 0.509200 4.677600 -0.913100
v 0.345100 4.694700 -1.026200
v 0.529700 4.476200 -0.964500
v 0.366600 4.483600 -1.080000
v 0.535600 4.010900 -0.980900
v 0.372700 4.010200 -1.096900
v 0.268500 7.801300 0.882300
v 0.795800 7.513500 0.684600
v 0.725100 7.513500 0.497600
v 0.198600 7.800800 0.694900
v 0.972400 7.329700 0.617100
v 0.902400 7.328900 0.429700
v 1.075100 7.134100 0.581600
v 1.006900 7.130000 0.393600
v 1.135300 6.945300 0.566100
v 1.068900 6.935200 0.377700
v 1.149400 6.665800 0.582200
v 1.083800 6.646400 0.394300
v 1.071400 5.415500 0.773700
v 1.005500 5.388400 0.586900
v 0.325600 7.767700 0.932300
v 0.806500 7.476700 0.786600
v 0.739700 7.476700 0.598100
v 0.268200 7.761500 0.740900
v 0.949700 7.296400 0.725800
v 0.877200 7.303200 0.539500
v 1.039700 7.097700 0.682300
v 0.968500 7.101700 0.495400
v 1.096800 6.881100 0.660800
v 1.028500 6.874100 0.472900
v 1.124700 6.552700 0.675700
v 1.057700 6.532300 0.488400
v 1.064000 5.296400 0.876900
v 0.996800 5.267300 0.690800
v 0.520700 6.530300 0.246400
v 0.709100 5.375000 0.658800
v 0.904500 5.375000 0.616100
v 0.713400 6.549600 0.196400
v 0.716800 5.059000 0.821100
v 0.912300 5.025200 0.795400
v 0.688100 4.932600 0.904000
v 0.875600 4.863100 0.900800
v 0.600300 4.759100 1.026600
v 0.776800 4.665800 1.039500
v 0.276800 4.265700 1.347000
v 0.444900 4.159400 1.368400
v 0.119500 7.843900 0.264400
v 0.332000 7.728600 -0.140100
v 0.167600 7.728600 -0.254000
v -0.061700 7.854600 0.180300
v 0.429400 7.622400 -0.243600
v 0.286300 7.599500 -0.381500
v 0.502300 7.512300 -0.285300
v 0.379700 7.460900 -0.434700
v 0.576600 7.399500 -0.288700
v 0.678900 7.288200 -0.265800
v 0.620100 7.161100 -0.408700
v 0.480400 7.311800 -0.440500
v 0.848800 7.174500 -0.185100
v 0.817300 7.026100 -0.315400
v 1.036400 7.036700 -0.064300
v 0.985200 6.906400 -0.207100
v 1.130200 6.846900 0.019600
v 1.050800 6.772200 -0.148100
v 1.151200 6.535600 0.088700
v 1.066500 6.504600 -0.089800
v 1.090700 5.810800 0.188600
v 1.007300 5.799800 0.007100
v 0.173600 7.861700 0.393100
v 0.325300 7.838500 0.012000
v 0.152400 7.838500 -0.088600
v -0.014500 7.865400 0.325300
v 0.369600 7.817900 -0.042500
v 0.227600 7.804100 -0.182600
v 0.417300 7.790600 -0.077400
v 0.309500 7.757700 -0.242600
v 0.464400 7.761900 -0.094800
v 0.399100 7.702800 -0.274300
v 0.544000 7.708400 -0.089700
v 0.511500 7.626600 -0.269300
v 0.666000 7.609400 -0.056800
v 0.637300 7.524600 -0.235600
v 0.839600 7.426400 -0.006500
v 0.800900 7.351900 -0.188100
v 1.019800 7.178200 0.042100
v 0.970500 7.119300 -0.142600
v 1.115500 6.937400 0.078500
v 1.057700 6.900400 -0.109400
v 1.152400 6.584000 0.111700
v 1.092000 6.567400 -0.078300
v 1.097300 5.807000 0.166600
v 1.037400 5.800900 -0.024100
v 0.235600 7.824100 0.240600
v 0.457800 7.635900 -0.123200
v 0.305600 7.635900 -0.253000
v 0.062200 7.843000 0.142800
v 0.564600 7.518100 -0.208500
v 0.444100 7.483600 -0.364400
v 0.677500 7.375000 -0.234100
v 0.587000 7.303800 -0.397700
v 0.820400 7.196400 -0.203300
v 0.758700 7.090400 -0.361200
v 0.965800 7.037700 -0.119700
v 0.923000 6.909500 -0.267100
v 1.075900 6.901300 -0.022200
v 1.027500 6.780900 -0.174400
v 1.138200 6.765900 0.044100
v 1.072000 6.684800 -0.126300
v 1.163500 6.630600 0.075900
v 1.088200 6.598100 -0.106500
v 1.154200 6.425800 0.091000
v 1.079300 6.420000 -0.094400
v 1.032100 5.594000 0.149000
v 0.957300 5.588600 -0.036400
v 0.536600 7.606300 0.886700
v 0.878100 7.300700 0.797600
v 0.825100 7.300700 0.604700
v 0.485500 7.604500 0.693300
v 0.982700 7.133000 0.766900
v 0.927800 7.136000 0.574600
v 1.032500 6.987800 0.749000
v 0.978300 6.988900 0.556500
v 1.058100 6.718300 0.745800
v 1.005400 6.708200 0.553100
v 1.065200 6.122100 0.797800
v 1.012700 6.099100 0.606200
v 1.000000 4.964100 0.988400
v 0.947100 4.934000 0.797900
v 0.503300 7.670500 0.814900
v 0.926900 7.324100 0.700100
v 0.870800 7.324100 0.508100
v 0.450400 7.667500 0.622100
v 1.015600 7.152300 0.671000
v 0.959100 7.152900 0.479100
v 1.060700 6.868600 0.660400
v 1.006100 6.860900 0.468200
v 1.085000 6.406300 0.686700
v 1.031300 6.383900 0.495400
v 1.123800 5.067300 0.894400
v 1.070600 5.034300 0.704400
v 0.150500 6.601100 -0.274300
v 0.265800 5.734800 -0.344200
v 0.114700 5.734800 -0.475300
v 0.001300 6.587900 -0.406800
v 0.297300 5.388300 -0.406500
v 0.143200 5.415500 -0.531100
v 0.327800 5.135200 -0.541800
v 0.171800 5.179400 -0.659000
v 0.361200 4.853400 -0.693300
v 0.206100 4.889700 -0.814200
v 0.383100 4.513600 -0.797500
v 0.228800 4.534000 -0.923000
v 0.358100 3.833000 -0.834000
v 0.203300 3.840400 -0.960500
v 0.118500 6.565800 -0.253100
v 0.201200 5.868800 -0.292800
v 0.036400 5.868800 -0.406100
v -0.043600 6.542700 -0.367900
v 0.223200 5.500700 -0.367700
v 0.056900 5.520900 -0.477100
v 0.238900 5.185700 -0.473200
v 0.249300 4.864700 -0.579900
v 0.082700 4.890900 -0.687400
v 0.072200 5.214500 -0.579900
v 0.240400 4.466800 -0.648600
v 0.073600 4.481000 -0.758000
v 0.200800 3.739800 -0.626900
v 0.033200 3.737400 -0.735900
v 0.674500 7.275400 0.751300
v 0.911400 6.897200 0.665200
v 0.862000 6.897200 0.471400
v 0.616800 7.289400 0.560300
v 0.977200 6.725300 0.659000
v 0.933800 6.710200 0.464300
v 1.016000 6.549500 0.668800
v 0.974000 6.528300 0.474500
v 1.033100 6.382200 0.684400
v 0.991500 6.357100 0.490400
v 1.020800 6.050900 0.734900
v 0.979100 6.020300 0.541700
v 0.912400 4.905300 0.955900
v 0.870300 4.870700 0.763500
v 0.686100 7.306100 0.691900
v 0.896400 6.994900 0.609100
v 0.835800 6.994900 0.418500
v 0.619000 7.316000 0.503700
v 0.966200 6.842400 0.593800
v 0.911800 6.829100 0.401900
v 1.011500 6.688400 0.597400
v 0.960000 6.665000 0.405600
v 1.040500 6.470100 0.620600
v 0.989700 6.441500 0.429200
v 1.044600 6.210800 0.660400
v 0.994000 6.177500 0.469800
v 1.031700 5.835400 0.735700
v 0.981000 5.799200 0.545600
v 0.667600 7.364300 0.744300
v 0.899600 7.037300 0.651800
v 0.835800 7.037300 0.462200
v 0.598200 7.372600 0.556900
v 0.975300 6.875000 0.632600
v 0.916900 6.863800 0.441700
v 1.022600 6.711000 0.633100
v 0.966700 6.690900 0.442100
v 1.051400 6.479400 0.653200
v 0.996200 6.454200 0.462600
v 1.054100 6.205800 0.691000
v 1.038400 5.881600 0.753800
v 0.983200 5.847700 0.564600
v 0.999000 6.175300 0.501100
v 0.945300 4.847500 0.965900
v 0.890200 4.815200 0.776400
v 0.973800 4.881600 0.931600
v 0.923300 4.847400 0.741100
v 0.566800 7.559800 0.888700
v 0.932800 7.160300 0.788000
v 0.878200 7.160300 0.595600
v 0.513200 7.558700 0.696100
v 1.016600 6.949900 0.762900
v 0.962700 6.948400 0.570400
v 1.054400 6.639300 0.758900
v 1.001800 6.628600 0.566200
v 1.049600 6.054700 0.812900
v 0.997100 6.032200 0.621300
v 0.941000 4.931100 1.005800
v 0.887900 4.901500 0.815300
v 0.636400 7.437500 0.802500
v 0.893000 7.127800 0.710000
v 0.830900 7.127800 0.519900
v 0.570600 7.442200 0.613600
v 0.976100 6.968600 0.686600
v 0.917400 6.962100 0.495600
v 1.025300 6.807300 0.680100
v 0.968500 6.794700 0.488800
v 1.052900 6.557800 0.692000
v 0.997000 6.537700 0.501000
v 1.045900 6.010100 0.765600
v 0.990000 5.982600 0.575600
v 0.954500 4.911800 0.967200
v 0.898300 4.881500 0.777700
v 0.606900 7.523700 0.771100
v 0.907900 7.199000 0.673100
v 0.848900 7.199000 0.482000
v 0.545600 7.526300 0.580700
v 0.997100 7.029800 0.647700
v 0.939900 7.026500 0.456100
v 1.038300 6.885100 0.639200
v 0.982900 6.875300 0.447200
v 1.060100 6.630700 0.652500
v 1.005800 6.612000 0.460900
v 1.066700 6.294600 0.690500
v 1.012600 6.265900 0.500100
v 1.062500 5.864100 0.770500
v 1.008400 5.829600 0.581100
v 1.024100 4.902900 0.956500
v 0.970200 4.870600 0.766600
v 0.646100 6.994800 0.315200
v 0.820200 6.483400 0.344400
v 0.937000 6.483400 0.182000
v 0.747900 7.041000 0.149400
v 0.858400 6.093100 0.444500
v 0.980700 6.058100 0.290100
v 0.895800 5.658400 0.595200
v 1.019300 5.607100 0.446500
v 0.911300 5.264600 0.770900
v 1.034000 5.180400 0.637300
v 0.747500 4.684100 1.126000
v 0.862300 4.566700 1.011700
v 0.629800 6.934900 0.327500
v 0.796000 6.344600 0.402500
v 0.957300 6.344600 0.284300
v 0.777700 6.984400 0.202400
v 0.805900 5.807300 0.554200
v 0.969800 5.769900 0.445700
v 0.782700 5.373500 0.710200
v 0.945100 5.313100 0.610300
v 0.745200 5.152800 0.819000
v 0.901900 5.062000 0.733900
v 0.681900 4.990100 0.922300
v 0.824700 4.865300 0.858700
v 0.397100 4.613400 1.224600
v 0.523700 4.465400 1.179000
v 0.588700 6.810000 0.212200
v 0.714100 6.115600 0.381100
v 0.889000 6.115600 0.284200
v 0.761200 6.823500 0.111800
v 0.788900 5.650300 0.555800
v 0.966000 5.636300 0.463900
v 0.822800 5.351400 0.692700
v 1.001700 5.316800 0.610200
v 0.816500 5.186500 0.782900
v 0.994000 5.123300 0.715800
v 0.782100 5.045000 0.868500
v 0.952400 4.952200 0.819400
v 0.691300 4.859100 0.994400
v 0.847700 4.738000 0.964300
v 0.352200 4.438600 1.312400
v 0.491900 4.296200 1.298300
v 0.595300 6.868100 0.207800
v 0.733100 6.166700 0.363500
v 0.901200 6.166700 0.255100
v 0.760300 6.883800 0.095900
v 0.824100 5.669100 0.547500
v 0.994700 5.654700 0.444200
v 0.864800 5.379100 0.675700
v 1.037800 5.341500 0.582800
v 0.856700 5.211400 0.767500
v 1.028700 5.144500 0.690200
v 0.818400 5.033200 0.875700
v 0.984100 4.938900 0.815200
v 0.740400 4.863800 0.992800
v 0.891500 4.738800 0.953500
v 0.430000 4.493800 1.290400
v 0.563600 4.346600 1.268600
v 0.558900 6.655400 0.210000
v 0.708700 5.576300 0.522900
v 0.901600 5.576300 0.469900
v 0.750200 6.668500 0.152900
v 0.726500 5.284600 0.652600
v 0.920500 5.262400 0.609100
v 0.716400 5.131800 0.737000
v 0.907400 5.078600 0.710700
v 0.678600 5.017300 0.815400
v 0.856300 4.925600 0.815200
v 0.340900 4.556800 1.195600
v 0.504000 4.442400 1.213500
v 0.464500 6.384000 0.329100
v 0.658400 5.501700 0.648900
v 0.803700 5.501700 0.511500
v 0.615400 6.362400 0.199700
v 0.710600 5.404900 0.686700
v 0.863600 5.377900 0.560800
v 0.706000 5.360500 0.711500
v 0.856800 5.263500 0.622800
v 0.548300 5.075700 0.896800
v 0.682900 4.943700 0.830200
v 0.428400 6.337900 0.286500
v 0.622700 5.544400 0.578900
v 0.766600 5.544400 0.440000
v 0.576800 6.323000 0.153200
v 0.689500 5.418700 0.632500
v 0.828100 5.430200 0.488800
v 0.723800 5.361600 0.658600
v 0.877000 5.337400 0.532400
v 0.725700 5.311200 0.688600
v 0.878900 5.211500 0.607300
v 0.551600 5.063500 0.875600
v 0.679000 4.916700 0.828300
v 0.466800 7.560200 1.069100
v 0.844100 7.229000 1.006800
v 0.799500 7.229000 0.811800
v 0.432000 7.550800 0.872400
v 0.945300 7.040700 0.973500
v 0.895100 7.050400 0.780100
v 1.007500 6.807900 0.943000
v 0.957300 6.817900 0.749700
v 1.040900 6.573900 0.924500
v 0.991500 6.577800 0.730800
v 1.038300 6.267800 0.925500
v 0.988900 6.260800 0.731800
v 0.912100 5.137400 1.038900
v 0.861600 5.119200 0.846300
v 0.421000 7.555200 1.144400
v 0.766800 7.274800 1.119200
v 0.734200 7.274800 0.921900
v 0.404400 7.541300 0.945500
v 0.875900 7.113700 1.087200
v 0.832500 7.129100 0.892600
v 0.951100 6.913300 1.049200
v 0.907300 6.929800 0.854800
v 0.999000 6.519500 1.012400
v 0.956600 6.526200 0.817100
v 0.914200 5.323100 1.028300
v 0.871300 5.320200 0.833000
v 0.501000 7.490300 1.086700
v 0.831600 7.137500 1.031800
v 0.789600 7.137500 0.836300
v 0.465300 7.483100 0.890000
v 0.925400 6.952500 1.004700
v 0.879600 6.959700 0.810200
v 0.983600 6.725000 0.980300
v 0.937900 6.731600 0.785700
v 0.998500 6.263700 0.967200
v 0.953300 6.261000 0.772400
v 0.863400 5.061200 1.057000
v 0.817000 5.045800 0.863100
v 0.591700 7.582700 0.705100
v 0.954700 7.201300 0.593200
v 0.900400 7.201300 0.400700
v 0.534200 7.586400 0.513600
v 1.028700 7.029100 0.575600
v 0.978700 7.019400 0.382200
v 1.065500 6.693000 0.595600
v 1.018300 6.666400 0.403100
v 1.096700 4.935800 0.922500
v 1.049900 4.895900 0.732200
v 0.642900 7.488000 0.625800
v 0.960000 7.071700 0.517700
v 0.909000 7.071700 0.324300
v 0.584700 7.498500 0.434700
v 1.023200 6.898000 0.509500
v 0.979300 6.879600 0.315200
v 1.056000 6.564800 0.552500
v 1.052300 4.829300 0.980400
v 1.011300 4.779600 0.791100
v 1.014800 6.526900 0.360500
v 0.677800 7.412700 0.577200
v 0.962400 6.955200 0.478200
v 0.919600 6.955200 0.282800
v 0.625600 7.429200 0.384800
v 1.016200 6.777300 0.478800
v 0.981200 6.753400 0.283400
v 1.045000 6.496900 0.525800
v 1.012400 6.455000 0.333000
v 1.064200 5.981400 0.651500
v 1.032100 5.927000 0.461700
v 1.018700 4.763000 1.053600
v 0.986200 4.698900 0.866900
v 0.670200 7.396600 0.667200
v 0.952900 6.976500 0.561900
v 0.900800 6.976500 0.368800
v 0.609900 7.410000 0.476900
v 1.015600 6.779300 0.556600
v 0.969900 6.760800 0.362700
v 1.047800 6.512500 0.586700
v 1.004300 6.478300 0.394500
v 1.057900 5.960900 0.703500
v 1.014700 5.918000 0.513000
v 1.009500 4.819700 0.981900
v 0.966300 4.776500 0.791500
v 0.688500 7.330100 0.616600
v 0.940000 6.932300 0.524400
v 0.893200 6.932300 0.330000
v 0.632200 7.346100 0.425300
v 1.000400 6.748900 0.522600
v 0.960700 6.728100 0.327700
v 1.034900 6.498200 0.554600
v 0.997700 6.461700 0.361500
v 1.049000 5.938200 0.677700
v 1.012100 5.894200 0.486100
v 1.016600 4.854600 0.938700
v 0.979700 4.811600 0.746900
v 0.285600 6.618200 -0.233800
v 0.383300 5.926800 -0.251300
v 0.239000 5.926800 -0.389800
v 0.145500 6.588800 -0.373500
v 0.429000 5.544100 -0.346900
v 0.280700 5.575900 -0.477300
v 0.464500 5.258100 -0.496800
v 0.314200 5.305500 -0.619900
v 0.508200 4.979900 -0.660400
v 0.359000 5.019500 -0.787600
v 0.558000 4.665000 -0.789800
v 0.411700 4.683200 -0.925000
v 0.604700 4.005600 -0.865300
v 0.459900 4.004200 -1.003300
v 0.352400 6.611300 -0.183800
v 0.432800 6.034300 -0.154300
v 0.304900 6.034300 -0.308100
v 0.230200 6.570600 -0.336800
v 0.493600 5.657200 -0.270500
v 0.360000 5.694700 -0.414600
v 0.554700 5.214700 -0.488700
v 0.419500 5.264400 -0.627400
v 0.607300 4.756900 -0.704100
v 0.474000 4.788500 -0.849900
v 0.657100 4.076300 -0.805400
v 0.526100 4.077700 -0.956500
v 0.621300 7.308600 0.921400
v 0.883000 6.911300 0.835600
v 0.835400 6.911300 0.641400
v 0.565900 7.320800 0.729600
v 0.961000 6.719800 0.825900
v 0.917500 6.709800 0.630900
v 0.998100 6.535800 0.829100
v 0.954600 6.526000 0.634100
v 0.993400 6.141900 0.845400
v 0.949900 6.128400 0.650600
v 0.854000 4.960300 0.994500
v 0.809300 4.934800 0.801200
v 0.643600 7.222600 0.895500
v 0.864200 6.880800 0.812800
v 0.809900 6.880800 0.620300
v 0.582000 7.234500 0.705500
v 0.930000 6.718700 0.802900
v 0.880300 6.707400 0.609500
v 0.973900 6.515000 0.806500
v 0.924400 6.502800 0.613100
v 0.976300 6.103100 0.828000
v 0.926900 6.087900 0.634800
v 0.850500 4.962400 0.978900
v 0.800200 4.936800 0.787100
v 0.648800 7.257800 0.857700
v 0.880900 6.899200 0.772700
v 0.828700 6.899200 0.579600
v 0.589000 7.270000 0.667200
v 0.948300 6.732300 0.763700
v 0.901000 6.720100 0.569800
v 0.991800 6.525300 0.770000
v 0.945200 6.509900 0.576100
v 0.993300 6.106600 0.802400
v 0.946800 6.086100 0.609000
v 0.854600 4.927900 0.993700
v 0.807100 4.896900 0.801900
v 0.564500 7.440100 0.989500
v 0.872900 7.068000 0.912700
v 0.824900 7.068000 0.718500
v 0.516200 7.440300 0.795400
v 0.957200 6.882500 0.892000
v 0.909300 6.882300 0.697800
v 1.005200 6.690600 0.880500
v 0.957200 6.690400 0.686300
v 1.028400 6.487900 0.874800
v 0.980500 6.487200 0.680600
v 1.018700 6.171900 0.879600
v 0.970600 6.163400 0.685700
v 0.871500 4.995600 1.011300
v 0.822200 4.975500 0.818500
v 0.530000 7.450700 1.070800
v 0.836800 7.108800 1.006800
v 0.790100 7.108800 0.812400
v 0.487200 7.446100 0.875400
v 0.926500 6.930800 0.981100
v 0.877400 6.935500 0.787300
v 0.984200 6.710800 0.959700
v 0.935200 6.715300 0.765900
v 0.999800 6.265100 0.948600
v 0.951200 6.261900 0.754700
v 0.866700 5.084600 1.040300
v 0.816900 5.069200 0.847200
v 0.590100 7.368000 0.985500
v 0.875300 6.976200 0.898100
v 0.824100 6.976200 0.704800
v 0.534400 7.374300 0.793500
v 0.959800 6.781300 0.880900
v 0.910800 6.776300 0.687000
v 1.000300 6.593900 0.876300
v 0.951100 6.589700 0.682400
v 0.999500 6.193200 0.881400
v 0.950400 6.184700 0.687700
v 0.866100 5.007500 1.004500
v 0.815900 4.986600 0.812100
v 0.053900 7.478600 1.345100
v 0.249300 7.290300 1.502300
v 0.344200 7.290300 1.326300
v 0.178600 7.449600 1.191400
v 0.364600 7.166200 1.536200
v 0.427700 7.199700 1.349400
v 0.514400 7.002700 1.536500
v 0.555600 7.060500 1.349600
v 0.669800 6.819500 1.494700
v 0.692800 6.899400 1.312800
v 0.779500 6.658000 1.421700
v 0.795600 6.748400 1.244000
v 0.843100 6.518800 1.356500
v 0.868500 6.585700 1.169800
v 0.864400 6.229300 1.297400
v 0.894200 6.256300 1.101500
v 0.025000 7.449400 1.368800
v 0.228500 7.262200 1.515500
v 0.314700 7.262200 1.335000
v 0.145000 7.417900 1.212000
v 0.433600 7.029500 1.564300
v 0.490000 7.061700 1.375100
v 0.599000 6.847100 1.559000
v 0.611200 6.925100 1.375300
v 0.712000 6.754200 1.487700
v 0.682400 6.869300 1.326800
v 0.786100 6.694100 1.421000
v 0.765800 6.799900 1.252500
v 0.819500 6.631700 1.390100
v 0.824800 6.688300 1.198400
v 0.850600 6.399300 1.363200
v 0.864200 6.411700 1.164000
v 0.097100 7.444700 1.359900
v 0.319200 7.227100 1.508000
v 0.402100 7.227100 1.326000
v 0.209700 7.415400 1.197200
v 0.441900 7.094200 1.539000
v 0.495800 7.125500 1.349000
v 0.558900 6.956100 1.531900
v 0.590000 7.014800 1.343300
v 0.674300 6.796700 1.483000
v 0.688100 6.879500 1.301500
v 0.762400 6.641400 1.404700
v 0.770100 6.735400 1.228300
v 0.817200 6.486000 1.323600
v 0.828800 6.566300 1.140900
v 0.800000 6.197500 1.222100
v 0.810400 6.249800 1.029300
v 0.759200 7.026200 1.254800
v 0.834900 6.860900 1.217700
v 0.813100 6.900200 1.022800
v 0.743400 7.052400 1.057200
v 0.877700 6.684700 1.172800
v 0.855300 6.726300 0.978500
v 0.894400 6.478900 1.129100
v 0.873900 6.501400 0.931400
v 0.880700 5.696900 1.109300
v 0.860000 5.696400 0.910400
v 0.277200 7.542800 1.261400
v 0.601000 7.260500 1.340100
v 0.609900 7.260500 1.140300
v 0.320400 7.512300 1.068600
v 0.738600 7.105000 1.316000
v 0.720000 7.136600 1.119400
v 0.838300 6.943900 1.268700
v 0.811700 6.988700 1.075600
v 0.897700 6.771200 1.216900
v 0.871000 6.816100 1.023800
v 0.920700 6.550400 1.166600
v 0.895700 6.583200 0.970800
v 0.925100 6.225300 1.126400
v 0.900400 6.239700 0.928500
v 0.880200 5.616700 1.117800
v 0.854600 5.619000 0.919500
v 0.332200 7.513800 1.229400
v 0.639400 7.204600 1.276800
v 0.640900 7.204600 1.076800
v 0.387200 7.484000 1.033600
v -0.044100 7.483300 1.340500
v 0.094400 7.354200 1.494900
v 0.223200 7.354200 1.342000
v 0.109400 7.460200 1.214400
v 0.219600 7.216900 1.569100
v 0.317500 7.250300 1.398000
v 0.367400 7.042500 1.585400
v 0.428800 7.118100 1.410800
v 0.748900 6.601200 1.423600
v 0.784100 6.707100 1.257600
v -0.066400 7.449800 1.364300
v 0.064200 7.332200 1.504400
v 0.189800 7.332200 1.348700
v 0.083800 7.427300 1.234200
v 0.182800 7.204900 1.570900
v 0.277600 7.237500 1.397800
v 0.341600 7.022600 1.589600
v 0.399100 7.096700 1.413000
v 0.748000 6.581500 1.424800
v 0.775600 6.688100 1.257800
v 0.001600 7.462100 1.368200
v 0.254000 7.218900 1.554700
v 0.331300 7.218900 1.370200
v 0.119300 7.422800 1.211300
v 0.434600 7.014700 1.574500
v 0.465900 7.066400 1.383800
v 0.749900 6.607100 1.428800
v 0.754800 6.692400 1.248000
v 0.419000 6.589200 -0.118500
v 0.500300 6.019500 -0.043100
v 0.382900 6.019500 -0.205000
v 0.310200 6.528900 -0.275100
v 0.560400 5.701400 -0.166000
v 0.434400 5.753700 -0.312300
v 0.594400 5.424800 -0.331800
v 0.466400 5.493300 -0.469300
v 0.615600 5.150600 -0.491500
v 0.488500 5.208900 -0.634500
v 0.650600 4.816400 -0.626400
v 0.526600 4.843700 -0.781000
v 0.721900 4.131800 -0.712900
v 0.601100 4.126600 -0.872200
v 0.402000 6.611700 -0.095300
v 0.472400 6.118400 -0.003000
v 0.494000 6.118400 -0.201800
v 0.431200 6.562700 -0.287000
v 0.518400 5.922200 -0.031800
v 0.527700 5.979700 -0.223200
v 0.575400 5.678500 -0.137800
v 0.577600 5.769100 -0.316100
v 0.613200 5.425200 -0.283700
v 0.613700 5.527400 -0.455600
v 0.623000 5.170600 -0.439800
v 0.624100 5.263500 -0.616900
v 0.638900 4.839600 -0.587300
v 0.642600 4.890900 -0.780500
v 0.707900 4.196800 -0.650200
v 0.716700 4.199300 -0.850000
v 0.376000 6.577400 -0.061300
v 0.431800 6.167000 0.053400
v 0.551500 6.167000 -0.106900
v 0.502000 6.536500 -0.211000
v 0.491700 5.965000 0.062300
v 0.597400 6.013400 -0.100400
v 0.570400 5.781500 0.030500
v 0.661400 5.868300 -0.125000
v 0.642500 5.585400 -0.064200
v 0.723000 5.702700 -0.204700
v 0.672700 5.404700 -0.226900
v 0.751400 5.532600 -0.359000
v 0.662700 5.207400 -0.417200
v 0.741300 5.319300 -0.563200
v 0.643800 5.001900 -0.555400
v 0.720300 5.079700 -0.723000
v 0.641400 4.835300 -0.609500
v 0.718300 4.238900 -0.652900
v 0.797700 4.255500 -0.835700
v 0.718300 4.875400 -0.789700
v 0.609500 5.601300 -0.165300
v 0.628300 5.406500 -0.306000
v 0.537600 5.503700 -0.455400
v 0.519400 5.693500 -0.318300
v 0.636100 5.180800 -0.455300
v 0.546300 5.262100 -0.614500
v 0.658800 4.859800 -0.595300
v 0.572200 4.897700 -0.771500
v 0.731200 4.165200 -0.661800
v 0.649400 4.155200 -0.844000
v 0.421400 6.570100 -0.069300
v 0.506000 6.012500 0.040400
v 0.436700 6.012500 -0.147200
v 0.363900 6.497400 -0.246500
v 0.567400 5.784800 -0.042300
v 0.482800 5.850600 -0.211200
v 0.357800 7.777100 0.297400
v 0.658200 7.477200 -0.028000
v 0.571600 7.477200 -0.208300
v 0.217800 7.826800 0.163400
v 0.768800 7.396000 -0.032300
v 0.754200 7.340000 -0.223700
v 0.871700 7.326200 0.003200
v 0.884900 7.249400 -0.181000
v 0.957200 7.250300 0.042800
v 0.960000 7.183500 -0.145700
v 1.037000 7.127500 0.073200
v 1.023800 7.084200 -0.121600
v 1.105700 6.966000 0.094600
v 1.084300 6.943600 -0.103000
v 1.131600 6.722300 0.105000
v 1.108000 6.715300 -0.093500
v 1.112100 6.276700 0.114500
v 1.088600 6.271500 -0.084000
v 0.974700 5.418000 0.161700
v 0.950400 5.406800 -0.036500
v 0.374500 7.795400 0.449600
v 0.772900 7.534600 0.163000
v 0.687900 7.534600 -0.018000
v 0.255000 7.818800 0.290900
v 0.894000 7.426100 0.136300
v 0.845300 7.393800 -0.054900
v 0.988900 7.318300 0.143900
v 0.948000 7.276600 -0.047400
v 1.088700 7.130900 0.157400
v 1.040900 7.101800 -0.034600
v 1.157500 6.922900 0.161500
v 1.103800 6.913500 -0.031000
v 1.164900 6.627700 0.156400
v 1.110200 6.630800 -0.036000
v 1.129900 6.117000 0.155800
v 1.075000 6.116600 -0.036500
v 1.013100 5.387800 0.207300
v 0.956800 5.378600 0.015600
v 0.414600 7.756600 0.301400
v 0.801100 7.515600 0.152900
v 0.738600 7.515600 -0.037100
v 0.342200 7.763400 0.115100
v 0.958900 7.328800 0.112100
v 0.905000 7.318900 -0.080200
v 1.058200 7.123900 0.100700
v 1.006100 7.110400 -0.091900
v 1.115600 6.886400 0.100600
v 1.062300 6.877700 -0.092000
v 1.134800 6.643500 0.101100
v 1.080400 6.646900 -0.091300
v 1.119900 6.352900 0.087500
v 1.065900 6.377700 -0.103500
v 1.092600 5.918100 0.007600
v 1.041200 5.983500 -0.174300
v 1.048100 5.257200 -0.334600
v 0.999700 5.369100 -0.493100
v 0.474800 7.372200 1.138800
v 0.798600 6.996100 1.082800
v 0.758400 7.021300 0.888800
v 0.474500 7.387900 0.943300
v 0.898800 6.821200 1.052000
v 0.846500 6.829000 0.859100
v 0.945900 6.633100 1.029800
v 0.893700 6.640400 0.836900
v 0.963300 6.252500 1.015100
v 0.911500 6.254200 0.821900
v 0.853300 5.176900 1.054100
v 0.800900 5.172500 0.861100
v 0.576600 7.326400 1.051500
v 0.851300 6.941100 0.964100
v 0.796700 6.941100 0.771700
v 0.518400 7.331600 0.860200
v 0.937100 6.748400 0.943900
v 0.884200 6.744700 0.751100
v 0.980100 6.562400 0.935900
v 0.926700 6.560600 0.743200
v 0.981000 6.162100 0.934700
v 0.927700 6.157700 0.742000
v 0.836900 5.008600 1.030100
v 0.782500 4.993700 0.838300
v 0.552000 7.391200 1.063700
v 0.851700 7.008900 0.984500
v 0.800200 7.008900 0.791300
v 0.500800 7.390800 0.870400
v 0.942700 6.811200 0.959900
v 0.890800 6.811800 0.766700
v 0.987100 6.621200 0.946800
v 0.935100 6.622600 0.753700
v 0.991700 6.213000 0.942100
v 0.939800 6.209400 0.748900
v 0.855800 5.067700 1.031700
v 0.802800 5.053100 0.839400
v 0.634400 7.194200 0.950300
v 0.849600 6.863600 0.868800
v 0.792700 6.863600 0.677100
v 0.571000 7.204600 0.760900
v 0.914200 6.703400 0.857200
v 0.861200 6.693900 0.664600
v 0.957700 6.500600 0.857500
v 0.904500 6.491600 0.664900
v 0.959800 6.088700 0.870400
v 0.906600 6.078300 0.677900
v 0.829000 4.984800 0.990000
v 0.774800 4.964700 0.798500
v 0.375900 7.484700 1.210300
v 0.632400 7.217300 1.243800
v 0.634000 7.217300 1.043800
v 0.420200 7.462200 1.012600
v 0.727500 7.053400 1.227800
v 0.807200 6.860500 1.192500
v 0.790300 6.894900 0.996200
v 0.715700 7.075800 1.029400
v 0.859200 6.666800 1.148900
v 0.841600 6.703900 0.953100
v 0.882100 6.471300 1.111600
v 0.875400 5.696200 1.100400
v 0.860200 5.693900 0.901000
v 0.866700 6.490500 0.913100
v 0.446100 7.469700 1.153500
v 0.755300 7.164900 1.129200
v 0.723500 7.164900 0.931700
v 0.451800 7.453400 0.946800
v 0.841600 6.991200 1.101400
v 0.801500 7.006800 0.906100
v 0.900800 6.780900 1.068400
v 0.860900 6.795500 0.872900
v 0.943200 6.383100 1.039400
v 0.904300 6.388500 0.843300
v 0.873800 5.377200 1.049100
v 0.834500 5.375900 0.853000
v 0.163800 7.869700 0.604000
v 0.358600 7.869200 0.242500
v 0.199500 7.869200 0.121300
v -0.015500 7.871400 0.515300
v 0.407700 7.854600 0.195800
v 0.290200 7.842800 0.034300
v 0.457100 7.833800 0.170900
v 0.395500 7.799200 -0.016200
v 0.547200 7.790300 0.170300
v 0.538000 7.728700 -0.019800
v 0.704500 7.684700 0.220100
v 0.707800 7.614700 0.032800
v 0.872800 7.529600 0.272000
v 0.855400 7.478800 0.079400
v 0.993700 7.376400 0.279600
v 0.954000 7.354000 0.084900
v 1.068200 7.238000 0.269000
v 1.021100 7.229700 0.074900
v 1.123100 7.060000 0.261800
v 1.076900 7.048800 0.067500
v 1.161800 6.684500 0.283100
v 1.116000 6.669400 0.089000
v 1.115300 5.857800 0.356100
v 1.069600 5.846300 0.161700
v 0.091800 7.878700 0.525000
v 0.435400 7.858300 0.077000
v 0.293400 7.858300 -0.063900
v -0.073900 7.882900 0.413100
v 0.579200 7.743200 -0.029700
v 0.471100 7.719800 -0.196300
v 0.720400 7.589300 -0.070100
v 0.644600 7.533600 -0.246600
v 0.843800 7.460000 -0.058800
v 0.802600 7.368300 -0.231700
v 0.961600 7.344000 0.003000
v 0.935200 7.236000 -0.163300
v 1.088800 7.157700 0.096500
v 1.045200 7.077600 -0.081500
v 1.173000 6.811700 0.170200
v 1.118600 6.774200 -0.018600
v 1.121400 5.966600 0.287200
v 1.067300 5.944700 0.095900
v 0.673500 7.196900 0.121000
v 0.865200 6.750000 0.050500
v 0.810100 6.750000 -0.141700
v 0.615000 7.205400 -0.070000
v 0.918700 6.481200 0.043800
v 0.863700 6.480600 -0.148500
v 0.954800 6.169200 0.025100
v 0.897000 6.190800 -0.165200
v 0.979500 5.785600 -0.061900
v 0.919400 5.851300 -0.241000
v 0.931500 4.725400 -0.624500
v 0.872500 4.825900 -0.787000
v 0.661300 7.112200 0.201700
v 0.837900 6.621300 0.179300
v 0.859700 6.621300 -0.019500
v 0.675100 7.136000 0.003600
v 0.887300 6.320900 0.209400
v 0.911300 6.309800 0.011200
v 0.916400 6.004100 0.223400
v 0.938800 6.009000 0.024700
v 0.933500 5.781800 0.206300
v 0.952200 5.822600 0.011400
v 0.959800 5.623200 0.154600
v 0.971900 5.702600 -0.028600
v 0.996400 5.503600 0.092200
v 0.996200 5.619700 -0.070600
v 1.041200 5.433800 0.025100
v 1.025100 5.578300 -0.112200
v 1.088900 5.366100 -0.063500
v 1.069900 5.516000 -0.194600
v 1.115100 5.255700 -0.187100
v 1.098200 5.394900 -0.329800
v 1.004500 4.776000 -0.594000
v 0.986000 4.905400 -0.745400
v 0.651000 7.099500 0.117600
v 0.812200 6.628000 0.084800
v 0.805000 6.628000 -0.115100
v 0.638600 7.115800 -0.081300
v 0.865300 6.338600 0.098800
v 0.858700 6.335800 -0.101000
v 0.905500 6.003800 0.088400
v 0.895500 6.027800 -0.109900
v 0.931700 5.708400 0.021100
v 0.916900 5.783400 -0.163700
v 0.948300 5.497600 -0.110100
v 0.930000 5.617900 -0.268900
v 0.957800 5.324900 -0.269800
v 0.939600 5.442600 -0.430400
v 0.917900 4.703900 -0.622700
v 0.898500 4.795400 -0.799500
v 0.151400 7.372500 -0.324000
v 0.268500 6.881700 -0.590700
v 0.095900 6.881700 -0.691800
v -0.024700 7.387900 -0.417500
v 0.300000 6.701700 -0.622600
v 0.130600 6.684300 -0.727400
v 0.326800 6.507400 -0.622100
v 0.157800 6.487200 -0.727000
v 0.362200 6.228500 -0.634400
v 0.192400 6.214100 -0.739000
v 0.408400 5.905000 -0.673300
v 0.238600 5.890800 -0.778000
v 0.468400 5.601600 -0.721900
v 0.298900 5.586100 -0.826700
v 0.538100 5.281800 -0.792000
v 0.364800 5.287700 -0.891600
v 0.573600 4.652300 -1.032700
v 0.398000 4.692000 -1.119900
v 0.108300 7.492700 -0.272200
v 0.236800 7.062700 -0.598800
v 0.061000 7.062700 -0.694200
v -0.072700 7.510700 -0.355500
v 0.275000 6.890400 -0.639700
v 0.104000 6.868800 -0.741100
v 0.314100 6.657000 -0.638200
v 0.143800 6.631600 -0.739900
v 0.362100 6.294600 -0.641700
v 0.190700 6.276500 -0.743200
v 0.445900 5.754400 -0.706300
v 0.273000 5.746600 -0.806500
v 0.570900 4.808800 -0.916800
v 0.395900 4.820300 -1.013000
v 0.212300 7.460800 -0.266300
v 0.346300 7.014000 -0.578800
v 0.174700 7.014000 -0.681600
v 0.035100 7.480300 -0.356900
v 0.386200 6.836400 -0.615700
v 0.219500 6.814600 -0.724100
v 0.427000 6.590300 -0.612800
v 0.260700 6.566400 -0.721200
v 0.466200 6.255800 -0.614500
v 0.298600 6.241800 -0.722700
v 0.496000 5.960600 -0.636400
v 0.327700 5.952300 -0.744200
v 0.552100 5.624100 -0.700800
v 0.382900 5.622500 -0.807500
v 0.636600 4.756100 -0.872500
v 0.466300 4.768500 -0.976600
v 0.652800 7.183500 -0.028700
v 0.816000 6.711000 -0.185200
v 0.674100 6.711000 -0.326100
v 0.511700 7.181100 -0.170400
v 0.874500 6.266800 -0.250900
v 0.731500 6.273100 -0.390600
v 0.898300 5.868300 -0.305500
v 0.754800 5.887300 -0.443400
v 0.883100 5.580000 -0.347500
v 0.740000 5.613300 -0.483200
v 0.859700 5.292400 -0.406000
v 0.717300 5.339100 -0.538500
v 0.874800 4.700100 -0.670300
v 0.732300 4.757100 -0.798500
v 0.644600 7.281800 -0.007700
v 0.826000 6.868600 -0.204900
v 0.687100 6.868600 -0.348700
v 0.502400 7.289700 -0.148100
v 0.865400 6.712500 -0.235600
v 0.728500 6.704600 -0.381200
v 0.887300 6.545100 -0.244700
v 0.749800 6.541200 -0.389900
v 0.905600 6.277200 -0.266400
v 0.767400 6.286200 -0.410600
v 0.901200 5.869500 -0.307000
v 0.763000 5.891600 -0.449900
v 0.871200 5.417100 -0.368300
v 0.733900 5.461700 -0.506700
v 0.860400 4.767400 -0.652000
v 0.723600 4.834600 -0.781500
v 0.670400 7.215100 0.071300
v 0.874500 6.770300 -0.032100
v 0.779300 6.770300 -0.208000
v 0.576700 7.211700 -0.105400
v 0.923100 6.558600 -0.061500
v 0.826100 6.566200 -0.236200
v 0.952500 6.249200 -0.100900
v 0.853900 6.271400 -0.273500
v 0.956500 5.836800 -0.179700
v 0.857600 5.881400 -0.347700
v 0.932500 5.397300 -0.318900
v 0.834300 5.463700 -0.479900
v 0.918600 4.694400 -0.646000
v 0.820500 4.771900 -0.802100
v 0.577000 7.242300 -0.142400
v 0.713100 6.732700 -0.342700
v 0.557500 6.732700 -0.468400
v 0.418500 7.253500 -0.263900
v 0.757400 6.456900 -0.381600
v 0.602500 6.453000 -0.508100
v 0.788000 6.162400 -0.417000
v 0.632300 6.166200 -0.542400
v 0.806100 5.871500 -0.459700
v 0.649900 5.884600 -0.583900
v 0.799100 5.566500 -0.494100
v 0.642700 5.586400 -0.617200
v 0.825100 4.632000 -0.695600
v 0.668700 4.654600 -0.818200
v 0.560500 7.362500 -0.131500
v 0.722800 6.798500 -0.349400
v 0.570400 6.798500 -0.479000
v 0.404700 7.375300 -0.256200
v 0.792300 6.353600 -0.411400
v 0.639900 6.353800 -0.540900
v 0.812200 5.874800 -0.457300
v 0.659200 5.887500 -0.585500
v 0.803000 5.408900 -0.517300
v 0.649900 5.432300 -0.643800
v 0.818600 4.719300 -0.686700
v 0.665400 4.748300 -0.811900
v 0.621900 7.289400 -0.056900
v 0.780600 6.868100 -0.265700
v 0.629800 6.868100 -0.397200
v 0.467900 7.298300 -0.184300
v 0.818000 6.710600 -0.299700
v 0.669600 6.701400 -0.433400
v 0.842100 6.542200 -0.311600
v 0.693100 6.536300 -0.444900
v 0.864600 6.272800 -0.336900
v 0.714600 6.279700 -0.469000
v 0.865800 5.862000 -0.382000
v 0.715700 5.881200 -0.512800
v 0.842800 5.407300 -0.440900
v 0.693000 5.440600 -0.569200
v 0.846500 4.743700 -0.666400
v 0.696700 4.789400 -0.790800
v 0.641600 7.014400 0.287300
v 0.820400 6.469500 0.323100
v 0.932200 6.469500 0.157300
v 0.740600 7.055000 0.118400
v 0.892000 5.932500 0.454200
v 1.009200 5.900100 0.295400
v 0.913400 5.545500 0.570900
v 1.030400 5.476700 0.424000
v 0.854300 5.339000 0.668200
v 0.963000 5.233500 0.537500
v 0.825400 5.100200 0.784800
v 0.926700 5.041900 0.787700
v 0.920200 5.115000 0.601700
v 0.905600 5.120700 0.602800
v 0.623400 7.011600 0.220500
v 0.803500 6.313000 0.263400
v 0.920800 6.313000 0.101400
v 0.732600 7.044400 0.056200
v 0.821900 6.020500 0.312300
v 0.941400 5.978200 0.157600
v 0.797400 5.887000 0.351700
v 0.910300 5.805100 0.208400
v 0.715800 5.680200 0.436500
v 0.825900 5.588800 0.296700
v 0.674100 5.505000 0.504100
v 0.789900 5.460600 0.347200
v 0.711300 5.405600 0.532500
v 0.808200 5.418400 0.358000
v 0.780400 5.331500 0.553200
v 0.849400 5.374200 0.370400
v 0.903200 5.269900 0.569500
v 0.940800 5.330100 0.382500
v 1.050900 5.223100 0.570800
v 1.048000 5.296600 0.384800
v 1.160300 5.201200 0.543200
v 1.101600 5.286900 0.372200
v 1.258800 5.185500 0.475900
v 1.129700 5.281900 0.357500
v 1.325800 5.185200 0.323200
v 1.150600 5.280400 0.306600
v 1.264600 5.292800 -0.218200
v 1.091600 5.375600 -0.161400
v 0.663700 7.095000 0.241700
v 0.843200 6.588900 0.231800
v 0.882200 6.588900 0.035600
v 0.694200 7.120600 0.045700
v 0.894400 6.227000 0.273400
v 0.936200 6.211900 0.078400
v 0.932000 5.858600 0.307500
v 0.974500 5.837500 0.113200
v 0.960500 5.625100 0.346700
v 1.008100 5.565500 0.161800
v 0.990600 5.464700 0.440700
v 1.045200 5.367300 0.274700
v 1.029700 5.315500 0.551100
v 1.078400 5.238100 0.373300
v 1.094000 5.184100 0.579500
v 1.073800 5.241200 0.388900
v 1.166100 5.111800 0.471000
v 1.053000 5.265300 0.410500
v 1.286100 5.247000 -0.136900
v 1.152200 5.394700 -0.120900
v 0.793400 5.190300 0.750000
v 0.908200 5.117300 0.603400
v 0.532300 7.361900 -0.165500
v 0.679500 6.807400 -0.385400
v 0.522300 6.807400 -0.509100
v 0.371600 7.375600 -0.283800
v 0.749400 6.370200 -0.450300
v 0.592300 6.369500 -0.574100
v 0.777800 5.768100 -0.511200
v 0.619900 5.778800 -0.633500
v 0.809500 4.670700 -0.699900
v 0.651300 4.688800 -0.820900
v 0.486400 7.292100 -0.221600
v 0.614400 6.726800 -0.441400
v 0.455500 6.726800 -0.562800
v 0.323900 7.308100 -0.337100
v 0.660800 6.432100 -0.476700
v 0.503400 6.422900 -0.599700
v 0.694700 6.171300 -0.502100
v 0.536400 6.169000 -0.624300
v 0.724600 5.865300 -0.551500
v 0.565400 5.873100 -0.672300
v 0.740400 5.414200 -0.615800
v 0.581000 5.426000 -0.736000
v 0.783000 4.530800 -0.759800
v 0.623600 4.541400 -0.880200
v 0.468400 7.421600 -0.196600
v 0.608900 6.874900 -0.429900
v 0.449100 6.874900 -0.550100
v 0.304800 7.437100 -0.310600
v 0.681800 6.439100 -0.492700
v 0.522500 6.435600 -0.613700
v 0.730800 5.718400 -0.569700
v 0.570700 5.724200 -0.689400
v 0.782200 4.647900 -0.725800
v 0.621900 4.656900 -0.845000
v 0.434700 7.061600 -0.309200
v 0.557000 6.255000 -0.502500
v 0.392100 6.255000 -0.615600
v 0.268700 7.068600 -0.420400
v 0.625000 5.758600 -0.592400
v 0.460000 5.759600 -0.705400
v 0.677800 5.256400 -0.688500
v 0.511900 5.264800 -0.799900
v 0.744900 4.363200 -0.893400
v 0.578300 4.380500 -1.002700
v 0.499200 7.033200 -0.267200
v 0.621100 6.268100 -0.450300
v 0.453800 6.268100 -0.559900
v 0.331700 7.034200 -0.376600
v 0.680700 5.795400 -0.543000
v 0.512900 5.799600 -0.651800
v 0.717900 5.318600 -0.636600
v 0.549600 5.327900 -0.744400
v 0.786300 4.419900 -0.831900
v 0.618000 4.429900 -0.939500
v 0.460600 6.967900 -0.287400
v 0.576600 6.194700 -0.469000
v 0.408100 6.194700 -0.576700
v 0.291800 6.969700 -0.394600
v 0.641800 5.721300 -0.570900
v 0.473100 5.723000 -0.678300
v 0.688000 5.239300 -0.659300
v 0.518700 5.246000 -0.765700
v 0.755400 4.351700 -0.851700
v 0.585500 4.365500 -0.956300
v 0.688700 6.907600 0.004000
v 0.883100 5.804600 0.001500
v 0.724100 5.804600 -0.119800
v 0.535700 6.870700 -0.119400
v 0.906000 5.480500 -0.107900
v 0.742700 5.543600 -0.204600
v 0.892000 5.320900 -0.283100
v 0.730300 5.418600 -0.348600
v 0.877000 5.206800 -0.436500
v 0.714300 5.291800 -0.515800
v 0.878100 5.066300 -0.535100
v 0.715600 5.111100 -0.642800
v 0.918500 4.620500 -0.674800
v 0.758600 4.633200 -0.794300
v 0.875700 6.031400 -0.176700
v 0.900200 5.649400 -0.268500
v 0.735400 5.686800 -0.375600
v 0.713400 6.031400 -0.293500
v 0.883000 5.431000 -0.365600
v 0.719600 5.494500 -0.461800
v 0.860900 5.249000 -0.464000
v 0.696500 5.296900 -0.567400
v 0.906100 4.580100 -0.682100
v 0.742800 4.598300 -0.796200
v 0.698600 6.942800 0.081900
v 0.914500 5.857800 0.113400
v 0.788500 5.857800 -0.041900
v 0.579700 6.904800 -0.074500
v 0.950800 5.526600 0.016000
v 0.816000 5.600700 -0.111800
v 0.955300 5.369500 -0.170900
v 0.818500 5.488400 -0.255400
v 0.952100 5.265100 -0.341600
v 0.815200 5.379300 -0.432200
v 0.947800 5.139700 -0.456500
v 0.809900 5.222900 -0.575100
v 0.935600 4.748700 -0.635100
v 0.796800 4.803700 -0.768200
v 0.680400 6.993300 -0.049200
v 0.523000 6.967300 -0.169800
v 0.097200 7.100500 -0.400500
v 0.204300 6.549800 -0.599000
v 0.041300 6.549800 -0.714800
v -0.068400 7.114000 -0.511900
v 0.264100 6.088800 -0.645700
v 0.102500 6.079700 -0.763000
v 0.338500 5.561200 -0.706600
v 0.175900 5.559200 -0.822900
v 0.407500 5.042000 -0.828400
v 0.242300 5.061400 -0.939500
v 0.447600 4.348400 -1.109400
v 0.280900 4.392600 -1.210700
v 0.181600 7.078000 -0.380700
v 0.290900 6.444700 -0.581700
v 0.130300 6.444700 -0.700800
v 0.018800 7.090900 -0.496200
v 0.331000 6.122300 -0.609600
v 0.171800 6.113200 -0.730200
v 0.405400 5.665700 -0.674300
v 0.245300 5.661700 -0.794100
v 0.491400 5.118100 -0.795100
v 0.329100 5.130900 -0.911200
v 0.544300 4.310000 -1.047200
v 0.380500 4.341800 -1.157500
v 0.133300 7.000700 -0.384600
v 0.245800 6.344900 -0.592800
v 0.083700 6.344900 -0.710100
v -0.030900 7.013200 -0.498100
v 0.296400 5.958200 -0.633000
v 0.135500 5.950300 -0.751600
v 0.366700 5.524700 -0.702000
v 0.204900 5.522600 -0.819600
v 0.431500 5.170100 -0.801500
v 0.267500 5.181100 -0.915400
v 0.467900 4.905100 -0.900800
v 0.302600 4.928000 -1.011000
v 0.464900 4.237400 -1.059500
v 0.299500 4.265000 -1.168500
v 0.659700 6.989400 -0.085500
v 0.842800 6.052500 -0.235800
v 0.678900 6.052500 -0.350500
v 0.500000 6.967300 -0.203900
v 0.872200 5.641100 -0.326900
v 0.706400 5.670800 -0.434600
v 0.855600 5.409300 -0.404200
v 0.832400 5.211000 -0.481100
v 0.666800 5.250000 -0.586400
v 0.690700 5.461100 -0.505000
v 0.888500 4.555300 -0.686000
v 0.724300 4.569800 -0.799300
v 0.627800 6.931500 -0.122800
v 0.788200 6.042700 -0.304500
v 0.619800 6.042700 -0.412400
v 0.461900 6.917700 -0.233600
v 0.826000 5.605900 -0.397200
v 0.656000 5.627300 -0.500300
v 0.815100 5.370800 -0.460300
v 0.645500 5.409500 -0.558900
v 0.796300 5.165600 -0.518100
v 0.626300 5.192600 -0.619900
v 0.862300 4.510700 -0.692600
v 0.693800 4.516600 -0.800100
v 0.609900 7.016300 -0.157800
v 0.752400 6.230100 -0.360000
v 0.585600 6.230100 -0.470400
v 0.443500 7.014200 -0.268800
v 0.790300 5.898700 -0.422700
v 0.622800 5.904700 -0.531800
v 0.807000 5.673700 -0.470400
v 0.639000 5.689400 -0.577700
v 0.799900 5.462600 -0.500600
v 0.631900 5.485700 -0.606700
v 0.782500 5.243500 -0.525800
v 0.614500 5.263300 -0.632400
v 0.832500 4.523000 -0.699000
v 0.664800 4.535400 -0.807300
v 0.547700 6.949800 -0.215300
v 0.674400 6.177900 -0.397400
v 0.506900 6.177900 -0.506700
v 0.380600 6.947900 -0.325100
v 0.728400 5.775400 -0.486500
v 0.560300 5.780100 -0.594700
v 0.754000 5.556600 -0.542500
v 0.585200 5.568400 -0.649100
v 0.752700 5.371000 -0.568000
v 0.583800 5.387800 -0.673800
v 0.743600 5.148100 -0.591200
v 0.574700 5.162300 -0.697400
v 0.804700 4.441200 -0.758100
v 0.636200 4.450600 -0.865400
v 0.526300 7.042700 -0.246300
v 0.654000 6.265600 -0.435500
v 0.487600 6.265600 -0.546400
v 0.359700 7.043800 -0.357000
v 0.708800 5.851200 -0.518900
v 0.542000 5.854400 -0.629200
v 0.737600 5.619500 -0.575500
v 0.570000 5.629700 -0.684300
v 0.742300 5.317400 -0.622900
v 0.574700 5.330200 -0.731100
v 0.798500 4.462300 -0.799700
v 0.631100 4.471300 -0.908800
v 0.584900 7.008700 -0.185200
v 0.710800 6.300500 -0.369000
v 0.543100 6.300500 -0.478000
v 0.417400 7.007600 -0.294500
v 0.759200 5.881200 -0.449300
v 0.590700 5.889100 -0.556700
v 0.772600 5.420200 -0.533200
v 0.824500 4.502300 -0.717900
v 0.656100 4.509300 -0.825600
v 0.603700 5.433400 -0.639500
v 0.621400 6.853600 0.166400
v 0.814800 5.878400 0.283500
v 0.877900 5.878400 0.093700
v 0.687100 6.840600 -0.022000
v 0.859500 5.623300 0.283200
v 0.912200 5.666800 0.095300
v 0.917300 5.491800 0.242500
v 0.949200 5.583500 0.067600
v 0.985500 5.404200 0.195200
v 0.990800 5.528400 0.038600
v 1.067600 5.353500 0.139800
v 1.045300 5.497900 0.003200
v 1.159000 5.302800 0.059000
v 1.125200 5.455000 -0.066300
v 1.225700 5.217300 -0.069300
v 1.188800 5.374200 -0.187700
v 1.140300 4.873500 -0.517000
v 1.103800 5.034800 -0.629500
v 0.615900 6.917300 0.139400
v 0.885500 5.816800 0.204100
v 0.961800 5.816800 0.019200
v 0.690900 6.922500 -0.045900
v 0.942800 5.611300 0.235200
v 1.029900 5.573300 0.059200
v 0.990400 5.468600 0.323600
v 1.087300 5.401000 0.162200
v 1.045600 5.328800 0.414700
v 1.129400 5.292500 0.236800
v 1.113800 5.205500 0.429400
v 1.130100 5.288300 0.248100
v 1.181800 5.127800 0.328700
v 1.116400 5.305000 0.263100
v 1.283300 5.189600 -0.234100
v 1.197000 5.369300 -0.218600
v 0.586900 6.869700 0.177200
v 0.725500 6.177100 0.333000
v 0.895000 6.177100 0.226800
v 0.753000 6.886200 0.067200
v 0.805400 5.714100 0.505700
v 0.977600 5.697700 0.405200
v 0.840800 5.412100 0.641900
v 1.015000 5.375000 0.550900
v 0.836500 5.216000 0.749900
v 1.010000 5.153300 0.672800
v 0.804200 5.036400 0.862900
v 0.972400 4.946200 0.803100
v 0.733500 4.869200 0.983100
v 0.887000 4.746400 0.946700
v 0.424000 4.504600 1.283900
v 0.558300 4.357400 1.267200
v 0.524600 6.722000 -0.104600
v 0.641800 6.023300 -0.086500
v 0.552500 6.023300 -0.265400
v 0.440400 6.691600 -0.283500
v 0.697000 5.721500 -0.148100
v 0.600800 5.759900 -0.319100
v 0.732600 5.535500 -0.234100
v 0.631200 5.603700 -0.392400
v 0.753200 5.359500 -0.339400
v 0.650000 5.445500 -0.487500
v 0.750100 5.191600 -0.445400
v 0.647000 5.286500 -0.588100
v 0.734600 5.066900 -0.520300
v 0.630400 5.145500 -0.671900
v 0.733600 4.922600 -0.573600
v 0.629900 4.956400 -0.741200
v 0.828300 4.322000 -0.655300
v 0.729400 4.319500 -0.829100
v 0.483300 6.668000 -0.111200
v 0.591300 6.060900 -0.077500
v 0.505600 6.060900 -0.258200
v 0.404600 6.625700 -0.290100
v 0.662800 5.695400 -0.164300
v 0.568900 5.745400 -0.333700
v 0.692700 5.303600 -0.365700
v 0.596400 5.378000 -0.524400
v 0.708900 4.872100 -0.579000
v 0.614700 4.915300 -0.750100
v 0.784400 4.252900 -0.654100
v 0.696600 4.242400 -0.833500
v 0.491400 6.751300 -0.184600
v 0.593200 6.133500 -0.210500
v 0.462500 6.133500 -0.361800
v 0.365100 6.724300 -0.337200
v 0.650200 5.707000 -0.303200
v 0.515900 5.734600 -0.448900
v 0.684000 5.267500 -0.460500
v 0.548400 5.310000 -0.601300
v 0.706200 4.857600 -0.613300
v 0.571900 4.883600 -0.759200
v 0.778200 4.256700 -0.704300
v 0.647300 4.253300 -0.855400
v 0.534800 6.681400 0.112600
v 0.668300 5.916300 0.281000
v 0.840300 5.916300 0.178900
v 0.706200 6.685100 0.009600
v 0.701100 5.644000 0.354600
v 0.876100 5.610900 0.263600
v 0.691300 5.493500 0.445600
v 0.866400 5.446300 0.361400
v 0.704300 5.333300 0.508500
v 0.859500 5.393000 0.397400
v 0.794000 5.219500 0.445300
v 0.856800 5.402500 0.394800
v 0.896300 5.204500 0.321100
v 0.904900 5.403800 0.335500
v 0.978200 5.224600 0.183500
v 0.982400 5.423400 0.205300
v 1.027800 5.232000 0.058800
v 1.043700 5.431100 0.048500
v 1.040800 5.208100 -0.065700
v 1.061100 5.399600 -0.119500
v 0.954700 5.045900 -0.505200
v 0.971100 5.228800 -0.584500
v 0.539800 6.652700 0.163800
v 0.661100 5.902600 0.334600
v 0.848900 5.902600 0.265800
v 0.725700 6.666600 0.091500
v 0.663500 5.640000 0.391300
v 0.848700 5.589100 0.335500
v 0.594700 5.470100 0.453700
v 0.778400 5.411900 0.400300
v 0.596100 5.296600 0.520500
v 0.770700 5.333500 0.430400
v 0.694700 5.194800 0.563300
v 0.801300 5.310400 0.439600
v 0.834100 5.144200 0.591700
v 0.886400 5.282900 0.457400
v 1.013800 5.110200 0.596000
v 1.015500 5.258800 0.462200
v 1.176100 5.100400 0.542200
v 1.088500 5.253000 0.447100
v 1.255900 5.126100 0.394900
v 1.107700 5.260200 0.402600
v 1.182600 5.291100 -0.125700
v 1.036600 5.405400 -0.050700
v 0.467600 6.737900 -0.200800
v 0.579200 6.048800 -0.236500
v 0.442300 6.048800 -0.382300
v 0.334500 6.714300 -0.348200
v 0.625500 5.691400 -0.316500
v 0.485300 5.717200 -0.456800
v 0.661000 5.278100 -0.465800
v 0.519700 5.316100 -0.602200
v 0.692900 4.839700 -0.624200
v 0.552800 4.864000 -0.764800
v 0.762500 4.223200 -0.731800
v 0.624900 4.224800 -0.876800
v 0.419800 6.674600 -0.186800
v 0.510800 6.068800 -0.174500
v 0.385300 6.068800 -0.330200
v 0.299800 6.637500 -0.342400
v 0.566400 5.656400 -0.279000
v 0.436200 5.691000 -0.426900
v 0.619000 5.196700 -0.479800
v 0.487200 5.245100 -0.622300
v 0.665400 4.762400 -0.674500
v 0.535600 4.792700 -0.823500
v 0.720600 4.156100 -0.762200
v 0.593600 4.156100 -0.916600
v 0.427300 6.759700 -0.277000
v 0.601400 5.557200 -0.540700
v 0.421500 5.557200 -0.628200
v 0.249200 6.747200 -0.367100
v 0.664300 4.982300 -0.715900
v 0.484100 4.985200 -0.802600
v 0.729000 4.229700 -0.844000
v 0.549400 4.225800 -0.932000
v 0.523300 6.674400 0.089400
v 0.696200 5.828100 0.287200
v 0.862000 5.828100 0.175400
v 0.688800 6.676000 -0.022900
v 0.771200 5.460200 0.424700
v 0.938400 5.453000 0.315300
v 0.807200 5.301900 0.482100
v 0.958500 5.352700 0.361500
v 0.856000 5.203200 0.438200
v 0.950200 5.365600 0.369400
v 0.898400 5.181000 0.345700
v 0.946800 5.373100 0.373600
v 0.933400 5.214800 0.215700
v 0.974500 5.403000 0.269300
v 0.964500 5.252000 0.040400
v 1.012700 5.445900 0.048600
v 0.968200 5.224700 -0.131300
v 1.017600 5.405300 -0.201700
v 0.891800 4.968800 -0.544900
v 0.933600 5.122200 -0.666200
v 0.486200 6.621600 0.054300
v 0.586100 5.853000 0.260000
v 0.762600 5.853000 0.166000
v 0.662200 6.624600 -0.040500
v 0.615000 5.656100 0.308100
v 0.786100 5.681500 0.207800
v 0.670400 5.531800 0.337200
v 0.822700 5.598900 0.226400
v 0.780700 5.404100 0.377000
v 0.908100 5.501300 0.257300
v 0.920100 5.298300 0.412800
v 1.017800 5.418600 0.286400
v 1.029700 5.238100 0.419200
v 1.083700 5.383500 0.292900
v 1.106100 5.201700 0.388400
v 1.108900 5.372000 0.283500
v 1.164400 5.177100 0.320900
v 1.120700 5.365500 0.269700
v 1.192600 5.180100 0.223600
v 1.125200 5.366000 0.253900
v 1.172400 5.228500 0.080500
v 1.108000 5.402800 0.154400
v 1.128500 5.285300 -0.083600
v 1.058800 5.465300 -0.031300
v 1.107700 5.289100 -0.156700
v 1.021000 5.469000 -0.167600
v 1.084600 5.248000 -0.251000
v 0.980600 5.400800 -0.327400
v 0.986500 4.900400 -0.595300
v 0.872700 5.021600 -0.706400
v 0.508200 6.703000 0.018200
v 0.618100 5.904500 0.195900
v 0.753700 5.904500 0.048900
v 0.645500 6.692300 -0.126900
v 0.668600 5.664700 0.217400
v 0.791300 5.715700 0.067900
v 0.732300 5.534700 0.186100
v 0.819300 5.657100 0.054000
v 0.836000 5.427800 0.103400
v 0.891300 5.588700 -0.001700
v 0.921300 5.339000 -0.009000
v 0.967600 5.510700 -0.100500
v 0.941200 5.271500 -0.134800
v 0.986300 5.447500 -0.218400
v 0.896100 5.215500 -0.283300
v 0.941500 5.392100 -0.365400
v 0.832200 5.177200 -0.403200
v 0.863100 5.337400 -0.518800
v 0.806200 5.112000 -0.469600
v 0.816400 5.215100 -0.640700
v 0.821000 4.547500 -0.653400
v 0.829500 4.593700 -0.847800
v 0.157900 6.738900 -0.326300
v 0.269900 6.079300 -0.490900
v 0.130200 6.079300 -0.633900
v 0.015300 6.755800 -0.465600
v 0.305100 5.803100 -0.502900
v 0.165600 5.800800 -0.646200
v 0.333700 5.520800 -0.544500
v 0.191800 5.540500 -0.684100
v 0.365300 5.197000 -0.655000
v 0.221600 5.233500 -0.789300
v 0.410600 4.889600 -0.798300
v 0.266600 4.928300 -0.931600
v 0.453800 4.670800 -0.905200
v 0.311300 4.700300 -1.042400
v 0.475000 4.470600 -0.957900
v 0.334100 4.483400 -1.099300
v 0.475900 4.002700 -0.970700
v 0.335300 4.001600 -1.112900
v 0.113400 6.654700 -0.306300
v 0.194000 6.210200 -0.428800
v 0.057300 6.210200 -0.574800
v -0.026800 6.675100 -0.447400
v 0.218300 6.009500 -0.431200
v 0.084900 5.982800 -0.577900
v 0.232600 5.812500 -0.391300
v 0.099600 5.781900 -0.537500
v 0.246700 5.611000 -0.374600
v 0.111200 5.612500 -0.521700
v 0.264300 5.428900 -0.423000
v 0.124600 5.474500 -0.558600
v 0.288900 5.235000 -0.550700
v 0.146700 5.300500 -0.675200
v 0.321300 4.990900 -0.718300
v 0.180600 5.044300 -0.850000
v 0.351100 4.658000 -0.845000
v 0.212100 4.685800 -0.986100
v 0.329400 3.954600 -0.898700
v 0.189800 3.961800 -1.041800
v 0.568300 6.731900 -0.092700
v 0.705000 5.871700 -0.055100
v 0.578400 5.871700 -0.209900
v 0.447100 6.699400 -0.248400
v 0.750500 5.631600 -0.136400
v 0.615600 5.678000 -0.276500
v 0.787100 5.429300 -0.278300
v 0.647800 5.506100 -0.399400
v 0.789000 5.232600 -0.432600
v 0.649500 5.321100 -0.545200
v 0.767900 5.071300 -0.535900
v 0.627200 5.142700 -0.658800
v 0.764200 4.923300 -0.591400
v 0.623800 4.947100 -0.731900
v 0.868700 4.338100 -0.667100
v 0.734400 4.321400 -0.814300
v 0.481100 6.690400 -0.017700
v 0.590200 5.935800 0.143400
v 0.738600 5.935800 0.009300
v 0.629900 6.687100 -0.151200
v 0.625000 5.723000 0.167500
v 0.764400 5.770000 0.032000
v 0.676600 5.553900 0.104500
v 0.791100 5.679800 -0.000500
v 0.744000 5.441800 -0.039200
v 0.839400 5.605900 -0.102300
v 0.785900 5.375200 -0.181600
v 0.883300 5.534900 -0.252500
v 0.788200 5.308700 -0.290800
v 0.886100 5.443000 -0.402100
v 0.752200 5.219800 -0.395200
v 0.841300 5.325700 -0.539700
v 0.700500 5.100400 -0.493900
v 0.782300 5.183900 -0.656200
v 0.683300 4.959000 -0.564400
v 0.762700 5.019400 -0.737700
v 0.782400 4.407700 -0.663700
v 0.864000 4.450300 -0.841200
v 0.447000 6.637200 -0.033900
v 0.573200 5.885400 0.134100
v 0.709100 5.885400 -0.012700
v 0.584200 6.630000 -0.179300
v 0.616000 5.671800 0.155900
v 0.740500 5.726300 0.009100
v 0.662700 5.507000 0.074200
v 0.763100 5.645400 -0.029400
v 0.712700 5.402400 -0.126600
v 0.800100 5.573600 -0.181600
v 0.736300 5.352600 -0.270400
v 0.826600 5.513600 -0.347200
v 0.732800 5.299800 -0.344700
v 0.822100 5.433200 -0.464000
v 0.714100 5.223900 -0.426400
v 0.797400 5.330000 -0.574000
v 0.687200 5.140200 -0.485900
v 0.764000 5.218200 -0.653300
v 0.672900 4.987300 -0.550100
v 0.747900 5.042100 -0.727200
v 0.771700 4.361500 -0.660000
v 0.848900 4.398900 -0.840600
v 0.396900 6.347500 0.209500
v 0.662700 5.535900 0.527800
v 0.829700 5.535900 0.417600
v 0.561600 6.354900 0.096300
v 0.742200 5.258400 0.677100
v 0.916300 5.228100 0.583300
v 0.747800 5.059200 0.818000
v 0.923600 5.014300 0.733900
v 0.773100 4.899100 0.928000
v 0.932500 4.910100 0.807700
v 0.871600 4.809900 0.967700
v 0.912700 4.918800 0.805100
v 1.308800 5.112400 0.611800
v 1.313500 5.207000 0.449300
v 1.117900 5.190000 0.487400
v 1.114100 5.139300 0.574900
v 1.090000 5.379600 0.011700
v 0.919600 5.338000 0.107800
v 0.349600 6.410600 0.042600
v 0.564300 5.898800 0.197900
v 0.490200 5.898800 0.012100
v 0.315500 6.310400 -0.127200
v 0.612200 5.724500 0.095000
v 0.507700 5.832800 -0.036700
v 0.620800 5.610900 -0.068500
v 0.616100 5.474700 -0.237600
v 0.508400 5.600400 -0.349900
v 0.513300 5.745900 -0.169600
v 0.603400 5.324400 -0.374200
v 0.494700 5.431600 -0.503400
v 0.598200 5.141100 -0.497500
v 0.489100 5.224200 -0.643100
v 0.613600 4.925200 -0.607700
v 0.506500 4.976400 -0.768700
v 0.639900 4.717800 -0.663500
v 0.536900 4.731200 -0.834400
v 0.704700 4.092400 -0.682100
v 0.604500 4.079100 -0.854700
v 0.363100 6.389100 0.072200
v 0.567400 5.882000 0.256300
v 0.515300 5.882000 0.063200
v 0.351900 6.287300 -0.099600
v 0.631500 5.712200 0.156100
v 0.538500 5.822800 0.017900
v 0.659700 5.605800 -0.012300
v 0.559400 5.745100 -0.114900
v 0.669300 5.478900 -0.192300
v 0.569300 5.613100 -0.301800
v 0.661200 5.338200 -0.342900
v 0.560800 5.458000 -0.467700
v 0.650700 5.164100 -0.478600
v 0.549400 5.260600 -0.621600
v 0.654800 4.956000 -0.595000
v 0.554200 5.016700 -0.756800
v 0.671400 4.753800 -0.649900
v 0.574300 4.768600 -0.824100
v 0.741200 4.131400 -0.656200
v 0.647600 4.112800 -0.832000
v 0.284100 6.345300 0.053200
v 0.505100 5.907000 0.249400
v 0.535200 5.907000 0.051700
v 0.345200 6.279400 -0.125500
v 0.550700 5.775700 0.212400
v 0.543700 5.880000 0.041900
v 0.571800 5.673300 0.106900
v 0.552800 5.834300 -0.010200
v 0.570100 5.582500 -0.060400
v 0.550700 5.754200 -0.161100
v 0.562200 5.484100 -0.213900
v 0.541700 5.638700 -0.339200
v 0.553700 5.363200 -0.331300
v 0.531500 5.489800 -0.484600
v 0.547900 5.174400 -0.460200
v 0.525200 5.278300 -0.629600
v 0.554700 4.964300 -0.575400
v 0.533000 5.042600 -0.758200
v 0.573800 4.794000 -0.632700
v 0.556000 4.829900 -0.828700
v 0.652900 4.049100 -0.676000
v 0.638900 4.048300 -0.875500
v 0.178700 6.543500 -0.217600
v 0.262400 5.868300 -0.233500
v 0.086100 5.868300 -0.327900
v 0.006500 6.509200 -0.313500
v 0.303200 5.325600 -0.428300
v 0.125100 5.346800 -0.516900
v 0.329200 4.861700 -0.605800
v 0.151200 4.880500 -0.695100
v 0.337300 4.456200 -0.684400
v 0.159500 4.464600 -0.775600
v 0.322700 3.745100 -0.677800
v 0.144700 3.743600 -0.769000
v 0.107800 6.365600 -0.121800
v 0.195900 5.761600 -0.252600
v 0.004100 5.761600 -0.309400
v -0.080800 6.342400 -0.184000
v 0.208200 5.387100 -0.401400
v 0.015500 5.402800 -0.452700
v 0.212200 5.094200 -0.514700
v 0.019500 5.109200 -0.566200
v 0.213200 4.873800 -0.573500
v 0.020600 4.886300 -0.625700
v 0.209300 4.644700 -0.611400
v 0.016600 4.656500 -0.663700
v 0.198100 4.382300 -0.628400
v 0.005300 4.391900 -0.680800
v 0.138600 3.563800 -0.527500
v -0.054400 3.570400 -0.579600
v 0.142000 6.334300 -0.104800
v 0.240500 5.746900 -0.250900
v 0.048900 5.746900 -0.308100
v -0.045800 6.309000 -0.168900
v 0.251500 5.434200 -0.389700
v 0.058800 5.451600 -0.440100
v 0.255800 5.160700 -0.509300
v 0.063100 5.175600 -0.560700
v 0.264000 4.900200 -0.593200
v 0.071500 4.907100 -0.647100
v 0.274800 4.589900 -0.646400
v 0.082500 4.589800 -0.701500
v 0.283400 4.210900 -0.657000
v 0.091200 4.207500 -0.712200
v 0.274300 3.552000 -0.578100
v 0.082100 3.548300 -0.633200
v 0.101000 6.304000 -0.106700
v 0.191000 5.712900 -0.269300
v -0.003100 5.712900 -0.317300
v -0.090000 6.280800 -0.161500
v 0.196900 5.391900 -0.405500
v 0.002000 5.408100 -0.447500
v 0.194100 5.113600 -0.512500
v -0.000700 5.129500 -0.554600
v 0.191400 4.888900 -0.573000
v -0.003600 4.901400 -0.616000
v 0.186500 4.657600 -0.609600
v -0.008500 4.667800 -0.653000
v 0.179000 4.414700 -0.629100
v -0.016100 4.423200 -0.672600
v 0.166400 4.148000 -0.619800
v -0.028700 4.155000 -0.663200
v 0.123200 3.508300 -0.518400
v -0.072000 3.514200 -0.561600
v 0.559900 7.094200 -0.203600
v 0.667800 6.581200 -0.369800
v 0.502500 6.581200 -0.482400
v 0.394000 7.097100 -0.315300
v 0.706400 6.269100 -0.421800
v 0.541100 6.269300 -0.534400
v 0.738800 5.964500 -0.475000
v 0.572900 5.971700 -0.586400
v 0.757800 5.502600 -0.555900
v 0.591500 5.514600 -0.666400
v 0.807400 4.513400 -0.733900
v 0.641500 4.521100 -0.845300
v 0.543200 7.193500 -0.207300
v 0.660100 6.663700 -0.404900
v 0.496900 6.663700 -0.520500
v 0.377700 7.204000 -0.319200
v 0.699700 6.381800 -0.444600
v 0.537100 6.377400 -0.561000
v 0.733800 6.084000 -0.486100
v 0.570600 6.085500 -0.601600
v 0.759900 5.788300 -0.537700
v 0.596000 5.798400 -0.651900
v 0.761400 5.433200 -0.585300
v 0.597400 5.445600 -0.699200
v 0.801500 4.541000 -0.723100
v 0.637900 4.547500 -0.838000
v 0.598300 7.147600 -0.141200
v 0.729800 6.634100 -0.313500
v 0.572100 6.634100 -0.436600
v 0.440100 7.149700 -0.263600
v 0.771500 6.307300 -0.364700
v 0.613500 6.310100 -0.487200
v 0.800300 5.954500 -0.421000
v 0.641600 5.965800 -0.542200
v 0.804800 5.579700 -0.476700
v 0.646000 5.598900 -0.596800
v 0.789600 5.230400 -0.522200
v 0.630800 5.253800 -0.641500
v 0.822600 4.589000 -0.697300
v 0.663800 4.613500 -0.816300
v 0.654800 7.414100 0.152700
v 0.992400 6.888800 0.022600
v 0.906800 6.888800 -0.158100
v 0.576100 7.402600 -0.030800
v 1.040800 6.397100 -0.023600
v 0.952900 6.409400 -0.202800
v 1.032800 5.992800 -0.056600
v 0.944800 6.009100 -0.235500
v 1.009600 5.707000 -0.071300
v 0.922200 5.730200 -0.249700
v 0.984300 5.470000 -0.099900
v 0.962200 5.287100 -0.182700
v 0.885200 5.401200 -0.327800
v 0.900300 5.527000 -0.272300
v 0.908300 4.894200 -0.605500
v 0.835600 5.041000 -0.720200
v 0.676400 7.316500 0.198000
v 0.944400 6.807900 0.105700
v 0.893600 6.807900 -0.087700
v 0.619600 7.328700 0.006600
v 1.000400 6.463500 0.104200
v 0.950100 6.460900 -0.089400
v 1.013400 6.087200 0.097000
v 0.963200 6.083800 -0.096600
v 1.012900 5.718400 0.114100
v 0.962700 5.711600 -0.079300
v 1.006100 5.428100 0.119300
v 0.957500 5.475400 -0.068900
v 0.992300 5.244500 0.016400
v 0.951400 5.392400 -0.111800
v 0.939100 5.000700 -0.561700
v 0.904700 5.187800 -0.623200
v 0.663500 7.306500 0.091300
v 0.905800 6.874500 -0.060900
v 0.801500 6.874500 -0.231500
v 0.558300 7.308100 -0.078800
v 0.954600 6.690400 -0.089100
v 0.849800 6.692200 -0.259500
v 0.981800 6.377900 -0.115200
v 0.875900 6.389300 -0.284500
v 0.988800 5.992200 -0.160500
v 0.882600 6.019500 -0.327800
v 0.971200 5.681100 -0.218400
v 0.866000 5.729400 -0.381600
v 0.943200 5.388800 -0.309100
v 0.839800 5.460300 -0.464700
v 0.914100 4.750000 -0.641500
v 0.811500 4.838200 -0.788800
v 0.158800 7.570700 -0.191600
v 0.335000 7.290200 -0.564600
v 0.162300 7.290200 -0.665300
v -0.020100 7.582000 -0.280300
v 0.380500 7.151900 -0.620200
v 0.214300 7.132700 -0.729800
v 0.435400 6.877700 -0.635200
v 0.270400 6.852800 -0.745500
v 0.486600 6.475800 -0.628500
v 0.320500 6.458500 -0.738500
v 0.553400 5.926800 -0.671900
v 0.385900 5.921100 -0.781100
v 0.657700 4.971400 -0.835500
v 0.489000 4.979200 -0.942600
v 0.094500 7.686800 -0.062000
v 0.411400 7.391700 -0.420900
v 0.278800 7.391700 -0.570600
v -0.054800 7.704200 -0.193800
v 0.497400 7.235300 -0.471200
v 0.383300 7.204400 -0.632500
v 0.611500 6.956700 -0.466400
v 0.508400 6.901200 -0.628500
v 0.740600 6.654800 -0.424900
v 0.641500 6.589600 -0.586000
v 0.829300 6.425300 -0.386100
v 0.724600 6.376200 -0.549200
v 0.871900 6.232200 -0.377100
v 0.759200 6.220200 -0.541900
v 0.882600 5.977000 -0.396500
v 0.768200 5.995800 -0.559600
v 0.814600 5.194700 -0.491700
v 0.701300 5.228200 -0.653100
v 0.217800 7.649800 -0.082900
v 0.419000 7.349800 -0.364600
v 0.271600 7.349800 -0.499700
v 0.058100 7.668400 -0.201800
v 0.504800 7.201900 -0.433100
v 0.373000 7.175400 -0.581100
v 0.574100 7.071200 -0.455700
v 0.450700 7.027900 -0.607000
v 0.672000 6.816800 -0.455700
v 0.547600 6.776000 -0.606900
v 0.773500 6.426800 -0.451700
v 0.643900 6.406900 -0.602700
v 0.818000 5.941000 -0.474200
v 0.685600 5.949500 -0.623800
v 0.782100 5.029800 -0.578000
v 0.650300 5.059300 -0.725500
v 0.271700 6.325800 0.050100
v 0.509900 5.890300 0.243600
v 0.531100 5.890300 0.044700
v 0.326800 6.258700 -0.130100
v 0.556500 5.759000 0.203000
v 0.538700 5.866400 0.035200
v 0.573600 5.659400 0.092700
v 0.545300 5.823400 -0.018300
v 0.565300 5.572900 -0.077900
v 0.537200 5.746200 -0.173700
v 0.554800 5.477700 -0.231200
v 0.525100 5.631500 -0.355500
v 0.551000 5.357300 -0.345000
v 0.520200 5.479900 -0.500000
v 0.551800 5.166300 -0.468600
v 0.521100 5.265300 -0.639600
v 0.559900 4.954100 -0.579300
v 0.530300 5.028800 -0.762500
v 0.574200 4.782700 -0.634900
v 0.547600 4.817000 -0.830100
v 0.646200 4.027000 -0.680000
v 0.622800 4.026400 -0.878600
v 0.262800 6.260200 0.053500
v 0.530900 5.824400 0.209900
v 0.515500 5.824400 0.010500
v 0.286700 6.190200 -0.132300
v 0.578600 5.694500 0.157400
v 0.521600 5.804700 0.000500
v 0.588300 5.601700 0.037500
v 0.524100 5.766400 -0.056200
v 0.567500 5.524500 -0.136600
v 0.504400 5.696000 -0.217700
v 0.548300 5.435600 -0.286200
v 0.481100 5.583300 -0.403000
v 0.542200 5.315700 -0.390900
v 0.472700 5.424700 -0.543500
v 0.544200 5.117600 -0.500800
v 0.474900 5.198000 -0.670300
v 0.556500 4.875900 -0.602500
v 0.488600 4.930100 -0.782700
v 0.578400 4.638300 -0.659500
v 0.513200 4.659000 -0.847500
v 0.643200 3.965600 -0.691700
v 0.580700 3.958600 -0.881500
v 0.226300 6.286500 0.036000
v 0.480000 5.882000 0.152600
v 0.490200 5.882000 -0.047100
v 0.267300 6.234700 -0.152700
v 0.537700 5.735000 0.120200
v 0.515100 5.819300 -0.059800
v 0.549300 5.644100 0.044600
v 0.517300 5.796800 -0.080500
v 0.527000 5.563600 -0.094600
v 0.498000 5.736200 -0.191500
v 0.499400 5.474200 -0.240600
v 0.466200 5.628700 -0.363300
v 0.486900 5.335500 -0.368800
v 0.450100 5.450100 -0.528500
v 0.495700 5.070500 -0.510500
v 0.459700 5.143800 -0.693100
v 0.531600 4.656900 -0.635000
v 0.498400 4.691300 -0.829200
v 0.593100 3.910500 -0.699200
v 0.562400 3.913600 -0.896800
v 0.299300 6.259700 0.094300
v 0.518700 5.816500 0.331500
v 0.552800 5.816500 0.134500
v 0.369900 6.184500 -0.077100
v 0.577200 5.686200 0.287300
v 0.556300 5.806600 0.129000
v 0.613100 5.603000 0.161900
v 0.569900 5.778000 0.075100
v 0.625500 5.543100 -0.027700
v 0.624100 5.467900 -0.195400
v 0.578900 5.633400 -0.298200
v 0.580700 5.724900 -0.098200
v 0.609200 5.358200 -0.323100
v 0.561100 5.494200 -0.461600
v 0.591100 5.171000 -0.464600
v 0.540900 5.280700 -0.624100
v 0.589600 4.970900 -0.583600
v 0.539400 5.050500 -0.760100
v 0.605200 4.824400 -0.634600
v 0.558200 4.866100 -0.824500
v 0.633800 4.592500 -0.669500
v 0.591100 4.597100 -0.864800
v 0.694200 4.079500 -0.643800
v 0.655100 4.054800 -0.838400
v 0.284900 6.297500 0.068900
v 0.514800 5.859400 0.287100
v 0.545500 5.859400 0.089500
v 0.350400 6.227000 -0.106400
v 0.565700 5.728300 0.245600
v 0.551100 5.842700 0.082200
v 0.589400 5.636100 0.128600
v 0.560000 5.807300 0.029400
v 0.588400 5.562500 -0.050800
v 0.558500 5.742000 -0.133800
v 0.580300 5.477700 -0.211900
v 0.549000 5.639100 -0.325900
v 0.570400 5.363900 -0.331700
v 0.536900 5.494100 -0.479700
v 0.562200 5.178000 -0.462100
v 0.527700 5.283000 -0.628800
v 0.567100 4.969700 -0.578300
v 0.533500 5.047300 -0.759600
v 0.585700 4.801000 -0.635000
v 0.556100 4.833400 -0.830200
v 0.667200 4.049600 -0.664200
v 0.641800 4.043100 -0.862500
v 0.315900 6.330500 0.089800
v 0.499800 5.895900 0.325800
v 0.565700 5.895900 0.137000
v 0.409800 6.264400 -0.074000
v 0.555400 5.766400 0.298900
v 0.576100 5.870200 0.129200
v 0.603100 5.664700 0.199800
v 0.598200 5.826000 0.081600
v 0.637200 5.576600 0.031300
v 0.627400 5.751300 -0.065600
v 0.652200 5.482700 -0.132000
v 0.643900 5.646700 -0.246000
v 0.642200 5.348800 -0.294100
v 0.633300 5.494500 -0.430800
v 0.624100 5.171400 -0.458900
v 0.613500 5.296000 -0.615000
v 0.619500 5.017700 -0.563100
v 0.608200 5.109600 -0.740400
v 0.625700 4.881800 -0.614400
v 0.615900 4.934600 -0.807100
v 0.645400 4.653100 -0.655700
v 0.638800 4.669000 -0.855000
v 0.710300 4.134900 -0.649100
v 0.707200 4.121800 -0.848700
v 0.323900 6.295200 0.115400
v 0.493900 5.857600 0.374300
v 0.568700 5.857600 0.188800
v 0.427100 6.225300 -0.041000
v 0.555000 5.728500 0.347600
v 0.576700 5.839500 0.182600
v 0.612300 5.634800 0.243300
v 0.601200 5.803300 0.136200
v 0.658100 5.560800 0.067400
v 0.640300 5.741400 -0.016500
v 0.680600 5.479500 -0.103300
v 0.665000 5.650700 -0.205500
v 0.671000 5.356800 -0.273700
v 0.655000 5.510300 -0.400900
v 0.649400 5.189400 -0.446100
v 0.631200 5.320200 -0.596200
v 0.641100 5.041100 -0.552900
v 0.621300 5.136100 -0.727800
v 0.644200 4.906000 -0.605100
v 0.625100 4.960300 -0.796700
v 0.661500 4.676200 -0.649200
v 0.645200 4.694100 -0.847700
v 0.728600 4.155900 -0.652000
v 0.715800 4.145300 -0.851400
v 0.347800 6.289900 0.140700
v 0.627100 5.500800 0.430900
v 0.771000 5.500800 0.292100
v 0.488900 6.297600 -0.000800
v 0.691600 5.325400 0.490400
v 0.810900 5.383300 0.340700
v 0.751000 5.235000 0.456700
v 0.807900 5.387300 0.340200
v 0.810600 5.191800 0.379900
v 0.807500 5.387800 0.340000
v 0.857300 5.198800 0.287300
v 0.817900 5.392300 0.318600
v 0.894800 5.244600 0.165900
v 0.848100 5.431500 0.219700
v 0.922500 5.293700 0.010100
v 0.879400 5.486200 0.043100
v 0.927300 5.306700 -0.147200
v 0.885000 5.502100 -0.153100
v 0.907200 5.284400 -0.279000
v 0.858900 5.472800 -0.325400
v 0.872500 5.239800 -0.376200
v 0.810300 5.404800 -0.470500
v 0.837300 5.141700 -0.475400
v 0.757800 5.250500 -0.623200
v 0.804700 4.585100 -0.680900
v 0.719400 4.633100 -0.855300
v 0.327000 6.227600 0.154700
v 0.507700 5.793400 0.341300
v 0.614100 5.793400 0.171900
v 0.448600 6.193000 -0.000300
v 0.685900 5.512100 0.404200
v 0.768600 5.551200 0.226400
v 0.818700 5.335300 0.397300
v 0.860200 5.429600 0.225800
v 0.897600 5.246200 0.327000
v 0.877200 5.409900 0.213800
v 0.938100 5.218000 0.209900
v 0.878900 5.409000 0.207300
v 0.929000 5.273400 0.002000
v 0.868700 5.456800 0.054100
v 0.895800 5.322700 -0.219300
v 0.829900 5.510800 -0.203600
v 0.863600 5.299000 -0.340900
v 0.779700 5.473100 -0.392500
v 0.824300 5.225900 -0.432300
v 0.720500 5.360700 -0.537400
v 0.778200 5.064600 -0.534900
v 0.660500 5.142600 -0.676600
v 0.772200 4.467800 -0.694600
v 0.652100 4.493500 -0.852400
v 0.407000 6.301100 0.267800
v 0.611500 5.595900 0.537400
v 0.766900 5.595900 0.411400
v 0.563500 6.297500 0.143300
v 0.696500 5.390700 0.635800
v 0.857600 5.372200 0.518800
v 0.715500 5.279000 0.701400
v 0.879100 5.193300 0.624700
v 0.542300 5.010200 0.906800
v 0.677100 4.866500 0.872400
v 0.357200 6.183000 0.238800
v 0.597600 5.492700 0.565200
v 0.774300 5.492700 0.471500
v 0.528700 6.199800 0.137100
v 0.669900 5.184000 0.751100
v 0.851400 5.121000 0.695500
v 0.528700 4.936900 0.939000
v 0.678400 4.804400 0.934400
v 0.426000 6.199200 0.371200
v 0.520100 5.027800 0.885000
v 0.705100 5.027800 0.849000
v 0.611000 6.199200 0.335200
v 0.424600 6.590500 -0.031500
v 0.576600 5.866500 0.147100
v 0.693100 5.866500 -0.015500
v 0.544900 6.572500 -0.190300
v 0.653900 5.616200 0.174300
v 0.751200 5.681300 0.012100
v 0.709400 5.457000 0.080900
v 0.776200 5.610700 -0.028300
v 0.744300 5.367800 -0.136700
v 0.802100 5.548900 -0.198800
v 0.752100 5.302700 -0.321700
v 0.810800 5.470400 -0.413500
v 0.738700 5.231600 -0.417600
v 0.791100 5.365100 -0.557000
v 0.714400 5.155400 -0.479600
v 0.757700 5.251800 -0.649400
v 0.692900 5.044200 -0.531800
v 0.731600 5.112000 -0.716000
v 0.693100 4.858200 -0.589100
v 0.731800 4.902800 -0.780200
v 0.779500 4.341200 -0.654600
v 0.821100 4.365200 -0.848700
v 0.411600 6.550500 -0.003400
v 0.585600 5.830000 0.177300
v 0.668700 5.830000 -0.004600
v 0.503000 6.516200 -0.178000
v 0.686400 5.582400 0.183900
v 0.741400 5.658600 0.007400
v 0.747900 5.430200 0.074200
v 0.768500 5.593500 -0.039400
v 0.770800 5.348500 -0.152200
v 0.784200 5.537700 -0.215400
v 0.766900 5.287500 -0.339700
v 0.779600 5.464400 -0.432100
v 0.750600 5.218200 -0.433500
v 0.755400 5.360800 -0.573700
v 0.727400 5.143700 -0.490900
v 0.722100 5.246000 -0.662600
v 0.707900 5.034400 -0.537500
v 0.697300 5.102300 -0.725300
v 0.708100 4.849600 -0.590300
v 0.697400 4.888400 -0.786200
v 0.789400 4.328700 -0.653300
v 0.782100 4.342900 -0.852600
v 0.647800 7.497900 0.432600
v 1.003000 7.057000 0.318500
v 0.948300 7.057000 0.126100
v 0.589400 7.503100 0.241400
v 1.066100 6.848500 0.305600
v 1.013600 6.842300 0.112700
v 1.091600 6.475700 0.314800
v 1.039500 6.466100 0.122000
v 1.090600 6.170300 0.332200
v 1.038400 6.149900 0.140200
v 1.076500 5.978400 0.365900
v 1.022600 5.929600 0.179500
v 1.055100 5.769300 0.450900
v 0.999100 5.699100 0.272200
v 1.032400 5.565900 0.540900
v 0.978900 5.521200 0.353500
v 1.022900 5.412400 0.550200
v 0.974400 5.466600 0.363900
v 1.027900 5.311200 0.476100
v 0.975100 5.464100 0.358600
v 1.042100 5.266000 0.356600
v 0.979600 5.452800 0.321900
v 1.110600 5.296200 -0.130400
v 1.042000 5.483800 -0.120600
v 0.607900 7.589200 0.542000
v 0.999900 7.209000 0.421600
v 0.942200 7.209000 0.230100
v 0.549400 7.590000 0.350800
v 1.078500 7.009500 0.398700
v 1.021400 7.008000 0.207100
v 1.118200 6.611100 0.391900
v 1.061600 6.606100 0.200100
v 1.116700 6.212700 0.408100
v 1.060100 6.196400 0.217000
v 1.083700 5.942400 0.453500
v 1.026100 5.915600 0.263800
v 1.063400 5.745800 0.489300
v 1.006600 5.733800 0.297900
v 1.078700 5.605700 0.480800
v 1.017300 5.632500 0.292400
v 1.117100 5.508700 0.441700
v 1.042700 5.569700 0.266400
v 1.176300 5.427500 0.376800
v 1.084400 5.512100 0.220600
v 1.453700 5.244200 0.061200
v 1.348300 5.339300 -0.079800
v 0.666400 7.450900 0.527400
v 0.971300 7.024000 0.426100
v 0.927400 7.024000 0.231000
v 0.613000 7.465400 0.335200
v 1.028300 6.852700 0.424300
v 0.992400 6.830100 0.228800
v 1.056300 6.574500 0.468800
v 1.023100 6.532600 0.276100
v 1.068200 5.925600 0.634600
v 1.035400 5.872300 0.444600
v 1.084200 4.843400 0.959500
v 1.051600 4.783700 0.771500
v 0.555700 7.644200 0.407100
v 0.992200 7.295600 0.266700
v 0.926500 7.295600 0.077900
v 0.493900 7.640600 0.216900
v 1.078400 7.108200 0.232600
v 1.010200 7.113100 0.044600
v 1.118500 6.754000 0.205400
v 1.105100 6.185600 0.178900
v 1.036400 6.202600 -0.008200
v 1.049800 6.762500 0.017800
v 1.061200 5.702100 0.132200
v 0.995200 5.756300 -0.048600
v 1.041900 5.491000 0.033600
v 0.981800 5.618400 -0.108400
v 1.038300 5.196800 -0.424300
v 0.979600 5.364400 -0.516300
v 0.508800 7.718500 0.542800
v 0.968000 7.396600 0.381400
v 0.894600 7.396600 0.195400
v 0.442400 7.713000 0.354200
v 1.068800 7.224300 0.334700
v 0.990700 7.231800 0.150700
v 1.126400 6.980600 0.296500
v 1.048000 6.989100 0.112800
v 1.158500 6.751400 0.274400
v 1.080700 6.755200 0.090200
v 1.163200 6.561600 0.271400
v 1.085400 6.568000 0.087300
v 1.148700 6.252600 0.257400
v 1.071200 6.276500 0.074500
v 1.135800 5.799500 0.171700
v 1.058400 5.872000 0.002100
v 1.005100 7.244000 0.386900
v 1.087900 7.036200 0.358200
v 1.025800 7.037900 0.168100
v 0.943800 7.244000 0.196500
v 1.128200 6.619300 0.340900
v 1.066500 6.618800 0.150700
v 1.126800 6.203200 0.347400
v 1.065000 6.190900 0.157600
v 1.098800 5.918800 0.389500
v 1.036300 5.896900 0.200800
v 1.075800 5.708600 0.420600
v 1.015900 5.714400 0.229900
v 1.068900 5.558000 0.395000
v 1.075400 5.456700 0.328400
v 1.014600 5.583500 0.186200
v 1.011400 5.628000 0.216700
v 1.091500 5.380600 0.226400
v 1.022900 5.544100 0.134000
v 1.175100 5.261000 -0.205300
v 1.099400 5.437800 -0.260200
v 1.206700 5.248000 -0.253500
v 1.123100 5.373000 -0.385300
v 0.582900 7.625600 0.517500
v 0.523300 7.623800 0.326600
v 0.448000 6.531400 0.056200
v 0.538400 5.956700 0.234700
v 0.737100 5.956700 0.212400
v 0.643400 6.560200 0.024600
v 0.518500 5.711000 0.333300
v 0.717400 5.701200 0.314500
v 0.530200 5.538400 0.389800
v 0.719400 5.591400 0.352600
v 0.618300 5.394700 0.404700
v 0.768300 5.518400 0.357600
v 0.728600 5.295200 0.401900
v 0.827000 5.463500 0.357400
v 0.868800 5.239900 0.371100
v 0.917900 5.431000 0.338600
v 1.010900 5.203900 0.299300
v 1.038600 5.400800 0.278400
v 1.098200 5.188400 0.206200
v 1.108300 5.388100 0.205000
v 1.127000 5.194800 0.114700
v 1.124200 5.391200 0.152600
v 1.117800 5.228500 0.008100
v 1.115900 5.419100 0.068800
v 1.080500 5.269600 -0.119300
v 1.070000 5.467600 -0.092800
v 1.036900 5.265900 -0.248700
v 0.993800 5.445900 -0.324400
v 0.920500 4.852200 -0.608600
v 0.852400 4.965800 -0.758400
v 0.460900 6.577900 0.034800
v 0.565400 5.747100 0.303500
v 0.740700 5.747100 0.207200
v 0.636000 6.579300 -0.061900
v 0.605800 5.510800 0.347100
v 0.765400 5.574200 0.244600
v 0.672800 5.396000 0.304800
v 0.780100 5.549000 0.233500
v 0.745400 5.347700 0.235900
v 0.800800 5.538700 0.214300
v 0.826400 5.331600 0.136100
v 0.865100 5.527800 0.135600
v 0.897800 5.316200 0.006100
v 0.944800 5.509900 -0.010600
v 0.926300 5.284900 -0.133200
v 0.979400 5.470800 -0.184400
v 0.893900 5.236900 -0.281100
v 0.941500 5.410500 -0.368200
v 0.828900 5.165400 -0.423400
v 0.862000 5.316200 -0.550600
v 0.795700 5.069700 -0.515900
v 0.813300 5.166800 -0.689900
v 0.809100 4.560500 -0.663900
v 0.825000 4.606700 -0.857800
v 0.691100 7.377600 0.432100
v 0.999100 6.905700 0.336100
v 0.958400 6.905700 0.140300
v 0.638700 7.396300 0.240000
v 1.079100 6.529600 0.341100
v 1.041200 6.518800 0.145000
v 1.088000 6.185600 0.358700
v 1.072800 5.907700 0.383600
v 1.035300 5.903600 0.187200
v 1.050200 6.172300 0.162700
v 1.067600 5.687300 0.373800
v 1.030200 5.740200 0.184600
v 1.085600 5.517800 0.275300
v 1.039800 5.649800 0.132200
v 1.204900 5.198100 -0.259700
v 1.149600 5.362500 -0.359100
v 0.685200 7.335300 0.521400
v 0.946700 6.857100 0.445800
v 0.925000 6.857100 0.247000
v 0.652400 7.357400 0.325300
v 0.992800 6.671200 0.457200
v 0.979200 6.641600 0.259900
v 1.020800 6.332500 0.530600
v 1.009700 6.283200 0.337000
v 1.062000 5.793600 0.683900
v 1.051700 5.733600 0.493400
v 1.092200 5.289500 0.854600
v 1.081800 5.218800 0.667800
v 0.974200 4.729500 1.094500
v 0.962100 4.649700 0.911500
v 0.694600 7.279300 0.456600
v 0.930300 6.831700 0.395500
v 0.916000 6.831700 0.196000
v 0.669200 7.302100 0.259500
v 0.973200 6.663300 0.407500
v 0.967200 6.633400 0.209900
v 1.000800 6.381400 0.469800
v 1.025900 5.927300 0.598200
v 1.022900 5.868400 0.407100
v 0.997200 6.332500 0.275900
v 1.035300 5.414800 0.768900
v 1.032500 5.344500 0.581700
v 1.001100 4.768600 1.040200
v 0.997500 4.684400 0.858800
v 0.613300 6.790700 0.834600
v 0.758900 6.249600 0.859400
v 0.818300 6.249600 0.668400
v 0.669400 6.803400 0.643000
v 0.771100 5.792700 0.879800
v 0.831200 5.778300 0.689600
v 0.679500 5.079100 0.934100
v 0.738200 5.052000 0.744800
v 0.688000 7.295500 0.238900
v 0.926200 6.865300 0.159300
v 0.884500 6.865300 -0.036300
v 0.638700 7.310200 0.045600
v 0.974900 6.693800 0.159300
v 0.936800 6.681600 -0.036600
v 1.005300 6.417700 0.172500
v 0.966600 6.410400 -0.023600
v 1.016000 6.078800 0.172000
v 0.977100 6.075800 -0.024200
v 0.997500 5.750800 0.184000
v 0.958700 5.749700 -0.012200
v 0.966700 5.463500 0.182400
v 0.933400 5.519200 -0.006800
v 0.947400 5.283200 0.071400
v 0.924000 5.436400 -0.054900
v 0.935600 5.047300 -0.528200
v 0.914800 5.236700 -0.589100
v 0.680100 7.200100 0.296500
v 0.897200 6.673800 0.263000
v 0.908500 6.673800 0.063300
v 0.679300 7.230500 0.098800
v 0.958500 6.325700 0.295300
v 0.973200 6.309000 0.096600
v 0.977700 6.009300 0.325000
v 0.993100 5.984700 0.127100
v 0.979400 5.845000 0.349200
v 0.994600 5.773700 0.162900
v 0.966300 5.726500 0.427100
v 0.978500 5.616900 0.260200
v 0.948300 5.565900 0.524700
v 0.965700 5.524200 0.329800
v 0.951000 5.443200 0.504700
v 0.965300 5.543600 0.332300
v 0.968900 5.354800 0.402900
v 0.967900 5.535900 0.318200
v 1.082100 5.236700 -0.231800
v 1.071300 5.434200 -0.261700
v 0.679900 7.203800 0.205100
v 0.882300 6.733000 0.148400
v 0.853200 6.733000 -0.049400
v 0.644800 7.219000 0.008800
v 0.936900 6.436200 0.156200
v 0.908700 6.432200 -0.041700
v 0.977400 6.098200 0.146400
v 0.947000 6.109700 -0.050900
v 1.019300 5.811700 0.109600
v 0.986400 5.837800 -0.086000
v 1.085100 5.584800 0.061000
v 1.047900 5.627400 -0.130800
v 1.150100 5.381100 -0.011800
v 1.102800 5.463000 -0.187900
v 1.159700 5.218200 -0.126300
v 1.109900 5.354300 -0.264200
v 1.010200 4.845700 -0.592100
v 0.968300 5.009400 -0.699100
v 0.470200 7.581000 0.001300
v 0.702600 7.180600 -0.212300
v 0.607000 7.180600 -0.388000
v 0.353900 7.616200 -0.157500
v 0.829200 6.978500 -0.239400
v 0.748200 6.952200 -0.420400
v 0.929200 6.742100 -0.249000
v 0.842300 6.732000 -0.428800
v 0.953300 6.330200 -0.278900
v 0.863200 6.347900 -0.456600
v 0.917500 5.780600 -0.346800
v 0.828600 5.823200 -0.520800
v 0.828700 5.055500 -0.545400
v 0.742500 5.121500 -0.713400
v 0.526700 7.527600 0.019800
v 0.801000 7.161200 -0.160700
v 0.700000 7.161200 -0.333300
v 0.420200 7.535400 -0.149300
v 0.885700 6.983500 -0.202000
v 0.787900 6.976700 -0.376400
v 0.941300 6.795700 -0.225000
v 0.842800 6.791600 -0.399000
v 0.971200 6.589700 -0.241700
v 0.870900 6.597600 -0.414600
v 0.966700 6.226600 -0.273700
v 0.866400 6.258800 -0.443700
v 0.844800 5.059300 -0.536600
v 0.746900 5.118800 -0.700600
v 0.498000 7.470100 -0.100800
v 0.676000 7.007800 -0.320500
v 0.541200 7.007800 -0.468200
v 0.355700 7.489800 -0.240000
v 0.743000 6.805900 -0.358600
v 0.613800 6.788500 -0.510300
v 0.795900 6.595800 -0.374900
v 0.666000 6.581400 -0.526200
v 0.830200 6.364400 -0.392100
v 0.697800 6.368200 -0.542000
v 0.828200 5.916800 -0.438400
v 0.695200 5.940600 -0.585900
v 0.805500 4.775700 -0.663700
v 0.672600 4.814300 -0.808100
v 0.689200 7.095800 0.376100
v 0.861300 6.749000 0.371500
v 0.886500 6.749000 0.173100
v 0.706200 7.114100 0.177700
v 0.907900 6.520200 0.393400
v 0.939100 6.495200 0.197500
v 0.930000 6.194200 0.459700
v 0.963300 6.147900 0.268000
v 0.951500 5.774600 0.586400
v 0.985700 5.711300 0.399700
v 0.966500 5.356900 0.750500
v 1.000700 5.275100 0.571300
v 0.886300 4.750500 1.056500
v 0.918800 4.653300 0.884800
v 0.670600 7.096800 0.304200
v 0.892900 6.642300 0.307700
v 0.940300 6.642300 0.113400
v 0.705900 7.124600 0.109300
v 0.912900 6.308400 0.346600
v 0.963700 6.286900 0.154400
v 0.926100 5.980900 0.390700
v 0.977500 5.945700 0.200600
v 0.934100 5.742300 0.450100
v 0.985500 5.660700 0.274900
v 0.913400 5.573800 0.567500
v 0.959300 5.440900 0.425300
v 0.878100 5.415300 0.715300
v 0.932300 5.372400 0.527700
v 0.902500 5.263800 0.657300
v 0.923800 5.428900 0.546500
v 1.101200 5.222700 -0.000400
v 1.087600 5.422300 0.000400
v 0.682700 7.178100 0.333900
v 0.905500 6.643000 0.318100
v 0.926900 6.643000 0.119300
v 0.692300 7.206800 0.136200
v 0.969100 6.184200 0.357200
v 0.993500 6.167600 0.159400
v 0.976600 5.896500 0.386900
v 1.000900 5.873900 0.189600
v 0.945700 5.749800 0.402000
v 0.969100 5.721200 0.205500
v 0.916800 5.631500 0.417800
v 0.939300 5.593700 0.222700
v 0.958300 5.508300 0.450600
v 0.984100 5.460900 0.258000
v 0.630800 7.427200 0.106800
v 0.932200 7.029900 -0.052700
v 0.837900 7.029900 -0.229000
v 0.536900 7.426500 -0.069800
v 0.990000 6.844200 -0.084300
v 0.894300 6.848200 -0.259900
v 1.015600 6.499200 -0.113300
v 0.919100 6.510100 -0.288200
v 1.014900 6.112000 -0.144900
v 0.918400 6.129600 -0.319200
v 0.987200 5.826400 -0.163800
v 0.891900 5.857900 -0.336800
v 0.945100 5.522800 -0.216700
v 0.854700 5.595400 -0.379700
v 0.884000 4.907000 -0.597200
v 0.798000 5.021600 -0.736700
v 0.588400 7.402400 -0.018000
v 0.787100 7.084100 -0.182400
v 0.659900 7.084100 -0.336700
v 0.461000 7.402700 -0.172200
v 0.863200 6.843700 -0.244700
v 0.735300 6.845700 -0.398500
v 0.906600 6.506700 -0.290700
v 0.777800 6.515200 -0.443400
v 0.910200 6.076700 -0.329500
v 0.781200 6.096000 -0.481100
v 0.884500 5.621700 -0.386000
v 0.756400 5.661100 -0.534300
v 0.833200 4.892900 -0.606000
v 0.706400 4.952300 -0.748800
v 0.550000 7.524700 0.064100
v 0.819200 7.238100 -0.067700
v 0.728600 7.238100 -0.246000
v 0.461500 7.522300 -0.115300
v 0.907300 7.081500 -0.114700
v 0.814800 7.084900 -0.292000
v 0.959500 6.916400 -0.146900
v 0.865700 6.923900 -0.323400
v 0.993200 6.675200 -0.178600
v 0.898400 6.689100 -0.354200
v 0.994700 6.277200 -0.219700
v 0.899800 6.301600 -0.394000
v 0.956200 5.770600 -0.290000
v 0.863100 5.820600 -0.459700
v 0.862900 5.038400 -0.543600
v 0.773100 5.117100 -0.704100
v 0.330200 7.619200 -0.066900
v 0.557400 7.201600 -0.344900
v 0.438800 7.201600 -0.505900
v 0.191200 7.655600 -0.206000
v 0.641600 7.064800 -0.373400
v 0.548200 7.022800 -0.545100
v 0.714700 6.946500 -0.369100
v 0.626500 6.895000 -0.541100
v 0.792500 6.756400 -0.361100
v 0.697200 6.722100 -0.533500
v 0.848600 6.536700 -0.363300
v 0.746700 6.531100 -0.535300
v 0.852400 6.160600 -0.393100
v 0.749000 6.183800 -0.562700
v 0.782400 4.971100 -0.588900
v 0.679900 5.014100 -0.755300
v 0.295700 7.549900 -0.172400
v 0.482100 7.231100 -0.511000
v 0.317700 7.231100 -0.624900
v 0.124100 7.563600 -0.274300
v 0.531700 7.080800 -0.559500
v 0.374300 7.060200 -0.681200
v 0.590600 6.789700 -0.567900
v 0.433800 6.766000 -0.689800
v 0.631400 6.419400 -0.561900
v 0.473200 6.407800 -0.683800
v 0.648000 6.116700 -0.573800
v 0.488900 6.117500 -0.695000
v 0.678400 5.774700 -0.629700
v 0.518700 5.783400 -0.749800
v 0.712100 4.900000 -0.762700
v 0.552200 4.914700 -0.881900
v 0.257200 7.654600 -0.055200
v 0.495200 7.264600 -0.367400
v 0.370700 7.264600 -0.523900
v 0.109700 7.691300 -0.185100
v 0.582800 7.134100 -0.400600
v 0.486700 7.090600 -0.570500
v 0.660200 7.016700 -0.397800
v 0.571700 6.960700 -0.568100
v 0.751300 6.820300 -0.386800
v 0.656800 6.777200 -0.557700
v 0.824100 6.580300 -0.380400
v 0.723300 6.558700 -0.551800
v 0.856300 6.288100 -0.384800
v 0.752400 6.289900 -0.555700
v 0.860200 5.821300 -0.420800
v 0.756100 5.846500 -0.589600
v 0.794400 5.050100 -0.556200
v 0.692100 5.098600 -0.721100
v 0.362700 7.628900 -0.040500
v 0.599000 7.216600 -0.309900
v 0.489600 7.216600 -0.477300
v 0.229800 7.668300 -0.184600
v 0.689300 7.085800 -0.334200
v 0.608800 7.042100 -0.512000
v 0.770300 6.969100 -0.327000
v 0.694700 6.917400 -0.504800
v 0.854900 6.774600 -0.317700
v 0.770500 6.742900 -0.496200
v 0.907600 6.559800 -0.320100
v 0.816500 6.557800 -0.498200
v 0.902700 6.241700 -0.345900
v 0.810800 6.262800 -0.522300
v 0.867100 5.715000 -0.406000
v 0.776300 5.752300 -0.580200
v 0.792800 5.014900 -0.564000
v 0.704000 5.071600 -0.734000
v 0.439900 7.577500 -0.033700
v 0.661300 7.155800 -0.269100
v 0.556100 7.155800 -0.439200
v 0.314900 7.614800 -0.185300
v 0.781200 6.940500 -0.296400
v 0.690000 6.912400 -0.472200
v 0.876500 6.689200 -0.305300
v 0.779600 6.678300 -0.479900
v 0.899900 6.253000 -0.337200
v 0.800200 6.269500 -0.509800
v 0.868100 5.678200 -0.404200
v 0.769200 5.716200 -0.573800
v 0.801300 4.969400 -0.579300
v 0.704200 5.028100 -0.744100
v 0.406500 7.520300 -0.152000
v 0.542600 7.151000 -0.378600
v 0.382300 7.151000 -0.498200
v 0.240900 7.534700 -0.263300
v 0.601800 6.979400 -0.439300
v 0.448200 6.960300 -0.565900
v 0.649400 6.837900 -0.463900
v 0.498200 6.811000 -0.592000
v 0.703600 6.592100 -0.479500
v 0.549900 6.576500 -0.606500
v 0.749200 6.115800 -0.514300
v 0.593400 6.120000 -0.639700
v 0.767100 4.780000 -0.687100
v 0.611000 4.796200 -0.811000
v 0.104100 6.077900 -0.103000
v 0.159800 5.409700 -0.394800
v -0.039300 5.409700 -0.413500
v -0.094100 6.065900 -0.126800
v 0.158800 5.139400 -0.504100
v -0.040400 5.149700 -0.518900
v 0.148700 4.925400 -0.563700
v -0.050400 4.937400 -0.578000
v 0.132900 4.582400 -0.601800
v -0.066400 4.591700 -0.616400
v 0.114500 4.104800 -0.606300
v -0.084800 4.112300 -0.621000
v 0.081000 3.397100 -0.494900
v -0.118300 3.404800 -0.509600
v 0.111100 6.170700 -0.102600
v 0.194400 5.323100 -0.437400
v -0.004600 5.323100 -0.457400
v -0.086100 6.151600 -0.129700
v 0.186400 4.965500 -0.560900
v -0.012600 4.975300 -0.577900
v 0.175700 4.626200 -0.616800
v -0.023400 4.634100 -0.634100
v 0.167700 4.333500 -0.636400
v -0.031400 4.338700 -0.653900
v 0.161100 4.067500 -0.621400
v -0.038000 4.072200 -0.638800
v 0.133300 3.426700 -0.505400
v -0.065800 3.432700 -0.523000
v 0.316600 6.135700 0.136900
v 0.488400 5.698900 0.440800
v 0.563800 5.698900 0.255500
v 0.427500 6.057500 -0.010000
v 0.571200 5.576700 0.412200
v 0.565400 5.695500 0.251400
v 0.654600 5.509100 0.300900
v 0.594800 5.676300 0.209000
v 0.717200 5.482800 0.156300
v 0.640600 5.659200 0.101400
v 0.748000 5.466500 0.044500
v 0.672300 5.642300 -0.013500
v 0.763300 5.422600 -0.082600
v 0.689100 5.594600 -0.152700
v 0.759800 5.360400 -0.227600
v 0.685500 5.530200 -0.302800
v 0.735200 5.297900 -0.339500
v 0.657300 5.454700 -0.436000
v 0.707500 5.189100 -0.457300
v 0.623500 5.320300 -0.582700
v 0.689800 5.048800 -0.568100
v 0.601200 5.141900 -0.721300
v 0.688200 4.914600 -0.619900
v 0.598800 4.961200 -0.792700
v 0.702700 4.680300 -0.662000
v 0.615800 4.687800 -0.842000
v 0.773600 4.151900 -0.660900
v 0.690500 4.129700 -0.841500
v 0.303600 6.093800 0.102100
v 0.533000 5.648700 0.365500
v 0.557100 5.648700 0.167000
v 0.373700 6.011100 -0.066000
v 0.615400 5.532800 0.311900
v 0.550500 5.655900 0.168300
v 0.675300 5.491100 0.175500
v 0.566800 5.650800 0.123100
v 0.706600 5.490100 0.017600
v 0.592200 5.652200 -0.007900
v 0.718500 5.471100 -0.139700
v 0.605900 5.629800 -0.185800
v 0.715000 5.413600 -0.273700
v 0.601100 5.557200 -0.353700
v 0.690300 5.309100 -0.387500
v 0.571900 5.428900 -0.495300
v 0.659800 5.142900 -0.505300
v 0.537300 5.235700 -0.633300
v 0.652300 4.953100 -0.608400
v 0.528300 5.009400 -0.754900
v 0.668600 4.728500 -0.669600
v 0.547100 4.737800 -0.828200
v 0.739800 4.057500 -0.659600
v 0.622100 4.028800 -0.818800
v 0.332000 6.147500 0.186200
v 0.673100 5.403800 0.519600
v 0.812500 5.403800 0.376100
v 0.468600 6.153400 0.040200
v 0.758100 5.235900 0.591400
v 0.859700 5.301600 0.432100
v 0.841100 5.148400 0.543100
v 0.836400 5.323300 0.446200
v 0.911100 5.144500 0.411600
v 0.842400 5.331700 0.427200
v 0.949000 5.217300 0.218300
v 0.871400 5.393700 0.271800
v 0.960300 5.286000 0.010500
v 0.883600 5.467000 0.047500
v 0.944200 5.298900 -0.173300
v 0.864700 5.482400 -0.168900
v 0.910600 5.276100 -0.328800
v 0.821200 5.449000 -0.375000
v 0.878100 5.200200 -0.442400
v 0.770700 5.323800 -0.557300
v 0.803700 4.675900 -0.683800
v 0.686000 4.739400 -0.832500
v 0.735800 7.029300 1.153900
v 0.869500 6.767000 1.118100
v 0.827600 6.777000 0.922800
v 0.698700 7.029300 0.957400
v 0.934200 6.410400 1.078200
v 0.892200 6.421400 0.883000
v 0.883300 5.583300 1.056200
v 0.841000 5.586900 0.860700
v 0.560600 7.284700 1.103500
v 0.822600 6.934100 1.015900
v 0.764400 6.934100 0.824600
v 0.499000 7.289300 0.913300
v 0.910000 6.755100 0.992900
v 0.853300 6.752100 0.801100
v 0.957300 6.580200 0.981600
v 0.899900 6.579800 0.790000
v 0.967000 6.201700 0.974600
v 0.909700 6.200200 0.783000
v 0.837600 5.085400 1.042600
v 0.779500 5.076100 0.851500
v 0.505100 7.401100 1.159300
v 0.815200 6.982600 1.049100
v 0.762800 6.982600 0.856100
v 0.484900 7.341600 0.929800
v 0.909200 6.798200 1.022800
v 0.856000 6.799700 0.830000
v 0.960000 6.620600 1.006400
v 0.906300 6.623800 0.813800
v 0.972900 6.234500 0.994700
v 0.919400 6.234500 0.802000
v 0.846700 5.106500 1.053600
v 0.792400 5.098100 0.861300
v 0.518100 7.366400 1.148000
v 0.461900 7.335100 0.988100
v 0.174800 7.461100 1.342200
v 0.466300 7.185900 1.472300
v 0.507800 7.185900 1.276700
v 0.256100 7.423300 1.163400
v 0.616500 7.026500 1.469200
v 0.622400 7.065100 1.273100
v 0.742500 6.862800 1.418800
v 0.729100 6.926500 1.229800
v 0.829900 6.715600 1.351600
v 0.809600 6.792000 1.167900
v 0.867400 6.580300 1.288100
v 0.850000 6.646500 1.100100
v 0.883100 6.344000 1.222700
v 0.868400 6.382000 1.026900
v 0.875800 5.832800 1.162600
v 0.861200 5.845900 0.963600
v 0.406300 7.792500 0.534100
v 0.875600 7.509900 0.337400
v 0.799400 7.509900 0.152500
v 0.329000 7.793300 0.349600
v 1.021200 7.330400 0.278900
v 0.945400 7.329900 0.093800
v 1.115700 7.121600 0.240000
v 1.038900 7.123400 0.055400
v 1.166900 6.890600 0.213800
v 1.089700 6.894100 0.029400
v 1.174100 6.548800 0.204800
v 1.097100 6.548200 0.020200
v 1.145400 6.045500 0.228900
v 1.067700 6.032000 0.045100
v 1.059800 5.336900 0.353100
v 0.980200 5.307600 0.171900
v 0.481900 7.739600 0.512600
v 0.944200 7.439200 0.338900
v 0.867900 7.439200 0.154100
v 0.411700 7.735000 0.325400
v 1.051000 7.268900 0.288800
v 1.121600 6.982000 0.245200
v 1.041100 6.988600 0.062200
v 0.970700 7.274900 0.105700
v 1.157000 6.648500 0.220100
v 1.076400 6.656900 0.037300
v 1.152500 6.289900 0.199200
v 1.071600 6.312400 0.017700
v 1.151300 5.842400 0.115900
v 1.069400 5.902300 -0.056500
v 1.231500 5.255300 -0.235900
v 1.144600 5.355300 -0.385700
v 0.456100 7.739200 0.384100
v 0.926500 7.440600 0.217900
v 0.857800 7.440600 0.030100
v 0.389600 7.737600 0.195400
v 1.046900 7.232200 0.171300
v 0.976600 7.234700 -0.015900
v 1.119400 6.916900 0.138000
v 1.048500 6.921200 -0.049000
v 1.146200 6.609100 0.119200
v 1.074700 6.620300 -0.067300
v 1.134000 6.291200 0.094300
v 1.062700 6.318300 -0.090600
v 1.118700 5.848700 0.010500
v 1.048000 5.912000 -0.165600
v 1.137500 5.242400 -0.321900
v 1.065800 5.346900 -0.476600
v 0.646800 7.040200 0.904000
v 0.825000 6.710900 0.848200
v 0.778500 6.710900 0.653700
v 0.594800 7.051000 0.711200
v 0.892600 6.441000 0.841900
v 0.848100 6.433500 0.647000
v 0.908300 6.016100 0.856600
v 0.864000 6.003900 0.662000
v 0.800600 5.067400 0.959200
v 0.755600 5.047100 0.765400
v 0.563600 7.197200 1.131700
v 0.796000 6.889700 1.041900
v 0.729600 6.889700 0.853200
v 0.493800 7.202000 0.944300
v 0.872100 6.724900 1.018900
v 0.807800 6.720700 0.829600
v 0.923800 6.548200 1.005900
v 0.859300 6.544500 0.816600
v 0.952400 6.360200 0.998800
v 0.887600 6.359500 0.809600
v 0.951000 6.096500 0.997600
v 0.886100 6.097100 0.808400
v 0.835600 5.178700 1.037300
v 0.770500 5.177800 0.848200
v 0.578200 7.140300 1.122800
v 0.776500 6.883000 1.041200
v 0.706100 6.883000 0.853900
v 0.503300 7.146200 0.937400
v 0.861200 6.728800 1.013100
v 0.793300 6.724400 0.825100
v 0.916300 6.582900 0.997600
v 0.848400 6.578400 0.809500
v 0.946300 6.295200 0.991800
v 0.877900 6.294800 0.803900
v 0.880200 5.525600 1.005900
v 0.812200 5.530700 0.817900
v 0.601000 7.131200 1.070100
v 0.807800 6.828400 0.989000
v 0.743000 6.828400 0.799700
v 0.531800 7.137900 0.882600
v 0.874700 6.665700 0.971000
v 0.812600 6.659700 0.781000
v 0.919600 6.492000 0.963100
v 0.857500 6.485500 0.773100
v 0.943400 6.309200 0.960800
v 0.881000 6.305400 0.770800
v 0.939400 6.059600 0.964500
v 0.877000 6.057700 0.774500
v 0.824100 5.170000 1.012000
v 0.761700 5.167400 0.822000
v 0.593300 7.271200 1.035900
v 0.850600 6.897500 0.948200
v 0.796100 6.897500 0.755800
v 0.533000 7.279700 0.845400
v 0.929500 6.711100 0.932300
v 0.877600 6.704700 0.739300
v 0.968700 6.530000 0.928600
v 0.916400 6.525900 0.735600
v 0.968900 6.140100 0.930400
v 0.916600 6.134800 0.737400
v 0.824300 5.003200 1.026300
v 0.771000 4.988300 0.834200
v 0.604300 7.209100 1.026900
v 0.837200 6.868300 0.943700
v 0.781800 6.868300 0.751500
v 0.542100 7.219600 0.837100
v 0.911700 6.695100 0.929600
v 0.859800 6.687200 0.736600
v 0.950900 6.523700 0.927200
v 0.898600 6.517800 0.734200
v 0.955300 6.151000 0.931100
v 0.902900 6.145200 0.738100
v 0.827800 5.079100 1.015300
v 0.774600 5.066000 0.822900
v 0.630000 7.193200 0.964800
v 0.845300 6.862700 0.883800
v 0.788000 6.862700 0.692200
v 0.566500 7.203100 0.775400
v 0.909400 6.701700 0.871800
v 0.855700 6.692600 0.679400
v 0.952300 6.497400 0.871500
v 0.898400 6.489200 0.679100
v 0.954000 6.080400 0.883100
v 0.900100 6.071000 0.690700
v 0.821500 4.984800 0.995900
v 0.766700 4.966000 0.804500
v 0.629300 7.036600 0.998600
v 0.801900 6.741100 0.936300
v 0.742600 6.741100 0.745300
v 0.565600 7.044500 0.809200
v 0.883600 6.478900 0.917900
v 0.825900 6.473800 0.726500
v 0.914600 6.099400 0.919800
v 0.856800 6.095400 0.728400
v 0.829000 5.300200 0.954900
v 0.771500 5.299400 0.763400
v 0.625800 7.090700 0.998700
v 0.818200 6.777000 0.927300
v 0.758600 6.777000 0.736400
v 0.561700 7.098500 0.809400
v 0.878400 6.612100 0.913800
v 0.821500 6.605100 0.722200
v 0.917600 6.437400 0.910300
v 0.937200 6.253800 0.911900
v 0.880400 6.247700 0.720200
v 0.861000 6.429200 0.718600
v 0.928500 5.987000 0.920500
v 0.871700 5.981000 0.728900
v 0.808500 5.121600 0.990400
v 0.751300 5.112200 0.799000
v 0.611600 7.111100 1.046200
v 0.807400 6.815800 0.970600
v 0.744600 6.815800 0.780700
v 0.544000 7.118600 0.858100
v 0.871800 6.658800 0.954500
v 0.811800 6.652200 0.763800
v 0.915400 6.490900 0.948100
v 0.855700 6.483500 0.757300
v 0.938700 6.312800 0.946900
v 0.878700 6.308100 0.756200
v 0.935000 6.068200 0.951800
v 0.874900 6.065400 0.761000
v 0.819200 5.177500 1.001000
v 0.759100 5.174400 0.810200
v 0.255700 7.395900 1.345600
v 0.459800 7.187100 1.401200
v 0.489400 7.187100 1.203400
v 0.305200 7.375300 1.152900
v 0.560700 7.056500 1.402500
v 0.573300 7.078400 1.204100
v 0.648600 6.915700 1.383100
v 0.647600 6.960100 1.188100
v 0.720200 6.739600 1.327400
v 0.713000 6.798200 1.136300
v 0.783600 6.540400 1.263100
v 0.779900 6.588500 1.069000
v 0.844800 6.334400 1.224400
v 0.845700 6.363500 1.026600
v 0.867700 6.012100 1.190300
v 0.869600 6.028600 0.991000
v 0.339300 7.378100 1.313800
v 0.554300 7.143100 1.331300
v 0.540000 7.143100 1.131800
v 0.349100 7.351000 1.115900
v 0.683100 6.909300 1.294500
v 0.652700 6.936500 1.098700
v 0.771200 6.696400 1.237900
v 0.734600 6.738600 1.045900
v 0.816000 6.527900 1.186800
v 0.781100 6.564400 0.993300
v 0.858900 6.303900 1.151000
v 0.828000 6.318700 0.954000
v 0.894900 5.892900 1.136700
v 0.865500 5.888900 0.938900
v 0.296900 7.417600 1.317900
v 0.517700 7.195700 1.363000
v 0.532700 7.195700 1.163500
v 0.333600 7.395500 1.122600
v 0.626300 7.057700 1.355500
v 0.623400 7.080200 1.156700
v 0.717200 6.912100 1.328300
v 0.701700 6.955800 1.133700
v 0.779500 6.750500 1.273800
v 0.757600 6.809900 1.084100
v 0.816400 6.581900 1.213300
v 0.797100 6.630800 1.020400
v 0.853100 6.353500 1.169500
v 0.838000 6.375400 0.971300
v 0.886700 5.902000 1.147900
v 0.873100 5.900700 0.948400
v 0.375200 7.352400 1.214500
v 0.532300 6.959000 1.446900
v 0.623200 6.959000 1.268800
v 0.496100 7.283500 1.070900
v 0.674600 6.734800 1.438000
v 0.729900 6.797600 1.256400
v 0.782300 6.549000 1.389200
v 0.833200 6.620900 1.209700
v 0.816500 6.291900 1.302500
v 0.868800 6.355800 1.120400
v 0.412000 7.379300 1.257400
v 0.646500 7.006200 1.267200
v 0.614800 7.006200 1.069700
v 0.404200 7.342000 1.061000
v 0.771000 6.626700 1.204400
v 0.731200 6.648300 1.009600
v 0.855100 6.274500 1.144400
v 0.817200 6.288000 0.948500
v 0.893300 5.914800 1.131300
v 0.857300 5.910300 0.934700
v 0.387200 7.325200 1.183700
v 0.517600 6.960200 1.423900
v 0.637400 6.960200 1.263800
v 0.530900 7.264900 1.058400
v 0.629600 6.776100 1.441800
v 0.713300 6.838300 1.271200
v 0.723300 6.648200 1.421900
v 0.792400 6.732200 1.254100
v 0.776800 6.558200 1.395300
v 0.850000 6.633600 1.225100
v 0.787000 6.335000 1.321800
v 0.862800 6.390600 1.145200
v 0.543300 7.245200 1.147300
v 0.789300 6.918300 1.066300
v 0.729100 6.918300 0.875500
v 0.481800 7.247100 0.957000
v 0.868900 6.747200 1.042700
v 0.809300 6.745700 0.851800
v 0.921900 6.566300 1.027600
v 0.862100 6.565800 0.836700
v 0.951500 6.374600 1.017900
v 0.891300 6.376300 0.827100
v 0.950000 6.100000 1.013900
v 0.889800 6.101100 0.823200
v 0.826800 5.133800 1.057100
v 0.766300 5.131400 0.866400
v 0.517300 7.298800 1.166800
v 0.782000 6.934300 1.101700
v 0.728800 6.934300 0.909000
v 0.467500 7.293800 0.973100
v 0.937800 6.210400 1.039400
v 0.833400 5.181200 1.059700
v 0.777700 5.181600 0.867600
v 0.882400 6.213900 0.847200
v 0.871000 6.739600 1.073300
v 0.815700 6.743900 0.881100
v 0.919100 6.555400 1.054100
v 0.863600 6.560800 0.862000
v 0.001700 6.806200 -0.368600
v 0.076300 6.379400 -0.561000
v -0.104100 6.379400 -0.647200
v -0.180200 6.815000 -0.451200
v 0.100200 6.169500 -0.594700
v -0.079000 6.158500 -0.682900
v 0.117200 5.917800 -0.584300
v -0.061900 5.906000 -0.672400
v 0.136200 5.633400 -0.597300
v -0.043800 5.634100 -0.684500
v 0.161100 5.305900 -0.685000
v -0.019900 5.319600 -0.769100
v 0.186600 5.004100 -0.807500
v 0.005000 5.025800 -0.888400
v 0.200900 4.815300 -0.900700
v 0.018900 4.844000 -0.978600
v 0.193400 4.626000 -0.962300
v 0.011800 4.661200 -1.038300
v 0.077400 4.052000 -0.975200
v -0.103300 4.092100 -1.050900
v 0.038000 6.885900 -0.378800
v 0.127000 6.339200 -0.585100
v -0.044300 6.339200 -0.688400
v -0.135600 6.900700 -0.477000
v 0.165900 6.001100 -0.615600
v -0.004300 5.992300 -0.720300
v 0.213500 5.594200 -0.663900
v 0.042600 5.591300 -0.767800
v 0.254000 5.272000 -0.737100
v 0.081200 5.284400 -0.837100
v 0.286800 5.029900 -0.853600
v 0.112300 5.056100 -0.947800
v 0.314800 4.739800 -0.999500
v 0.140300 4.766700 -1.093400
v 0.269200 4.151200 -1.063800
v 0.094300 4.173500 -1.158400
v 0.074500 6.786100 -0.366600
v 0.151900 6.356500 -0.536600
v -0.020700 6.356500 -0.637600
v -0.100100 6.797200 -0.463500
v 0.180000 6.149400 -0.567700
v 0.009200 6.135600 -0.670900
v 0.204500 5.904300 -0.561300
v 0.033800 5.889800 -0.664600
v 0.230900 5.625500 -0.580100
v 0.058600 5.627100 -0.681700
v 0.263900 5.309700 -0.677300
v 0.090000 5.326900 -0.774500
v 0.305100 4.962000 -0.832500
v 0.130600 4.984400 -0.927600
v 0.338200 4.645700 -0.969600
v 0.164000 4.664400 -1.066000
v 0.315300 4.047600 -1.016000
v 0.140900 4.059400 -1.113300
v -0.109300 6.804900 -0.349700
v -0.025900 6.300900 -0.598300
v -0.212800 6.300900 -0.669500
v -0.296900 6.809800 -0.418800
v -0.016600 6.151200 -0.614800
v -0.203100 6.145300 -0.686800
v -0.018500 5.940400 -0.585800
v -0.205000 5.934800 -0.657800
v -0.019100 5.661200 -0.572300
v -0.205600 5.664000 -0.644500
v -0.016700 5.333700 -0.618800
v -0.203200 5.348100 -0.689600
v -0.020900 4.961800 -0.714200
v -0.207200 4.986800 -0.782600
v -0.042000 4.621500 -0.807300
v -0.227700 4.654200 -0.874100
v -0.150300 4.023400 -0.825500
v -0.335300 4.060100 -0.892000
v -0.153100 6.901400 -0.356300
v -0.072500 6.391200 -0.618100
v -0.259900 6.391200 -0.687800
v -0.341600 6.908500 -0.422700
v -0.057400 6.201600 -0.643900
v -0.244300 6.194700 -0.714700
v -0.051200 5.989400 -0.634400
v -0.238200 5.984700 -0.705200
v -0.048400 5.624000 -0.638000
v -0.235400 5.626800 -0.708700
v -0.047000 5.286900 -0.672400
v -0.234200 5.300200 -0.741700
v -0.043200 5.054500 -0.751700
v -0.230500 5.078300 -0.817800
v -0.043200 4.821800 -0.851200
v -0.230300 4.853700 -0.914300
v -0.066100 4.604700 -0.909600
v -0.252200 4.645400 -0.970400
v -0.169700 4.135200 -0.943400
v -0.354400 4.182900 -1.003600
v -0.104600 6.135700 -0.622000
v -0.111100 5.943700 -0.600600
v -0.302800 5.946800 -0.657700
v -0.296400 6.135400 -0.678900
v -0.125500 5.672900 -0.581400
v -0.316900 5.682700 -0.638800
v -0.144900 5.346700 -0.593300
v -0.335800 5.364700 -0.650400
v -0.176200 4.920700 -0.658200
v -0.366300 4.946500 -0.714400
v -0.287700 4.032500 -0.739600
v -0.477300 4.063400 -0.795500
v -0.188500 6.824100 -0.333000
v -0.111600 6.324200 -0.601300
v -0.303400 6.324200 -0.658100
v -0.380400 6.825100 -0.389300
v -0.241900 6.781100 -0.308700
v -0.173200 6.274200 -0.584300
v -0.369500 6.274200 -0.622500
v -0.437400 6.774100 -0.350200
v -0.175400 6.079700 -0.598700
v -0.371700 6.089000 -0.635800
v -0.194300 5.886200 -0.569100
v -0.390100 5.902300 -0.606700
v -0.218300 5.674300 -0.550600
v -0.413400 5.697000 -0.588600
v -0.255000 5.357700 -0.582700
v -0.449400 5.385500 -0.620300
v -0.301900 4.947900 -0.658000
v -0.496300 4.976900 -0.695400
v -0.339800 4.601800 -0.728300
v -0.534300 4.629400 -0.765900
v -0.422100 4.001600 -0.722000
v -0.616900 4.027200 -0.759700
v -0.304800 6.790000 -0.282100
v -0.262200 6.289200 -0.563900
v -0.461800 6.289200 -0.576800
v -0.503500 6.777600 -0.301200
v -0.268700 6.100000 -0.587700
v -0.467900 6.115400 -0.598100
v -0.286700 5.949600 -0.574400
v -0.483400 5.984200 -0.585200
v -0.329400 5.773100 -0.568500
v -0.518700 5.836700 -0.579300
v -0.437400 5.521000 -0.611900
v -0.620100 5.601900 -0.620400
v -0.545200 5.276400 -0.673100
v -0.736400 5.333200 -0.686700
v -0.571800 5.079600 -0.712800
v -0.770000 5.094200 -0.734800
v -0.564300 4.814100 -0.750100
v -0.762800 4.822200 -0.772900
v -0.632900 4.089300 -0.738100
v -0.830100 4.113700 -0.760700
v -0.273300 6.867200 -0.310700
v -0.215700 6.289300 -0.594600
v -0.412900 6.289300 -0.628000
v -0.470100 6.863000 -0.346000
v -0.218000 6.024200 -0.605300
v -0.414900 6.039400 -0.636800
v -0.249700 5.810900 -0.597900
v -0.441100 5.859800 -0.628900
v -0.337200 5.566300 -0.622600
v -0.521100 5.639400 -0.651600
v -0.419200 5.358800 -0.656900
v -0.607500 5.418600 -0.688000
v -0.448500 5.208800 -0.681600
v -0.643900 5.228700 -0.719000
v -0.440300 5.039600 -0.705000
v -0.635600 5.027300 -0.746700
v -0.410500 4.810100 -0.729000
v -0.606300 4.813600 -0.769300
v -0.511000 4.108700 -0.738300
v -0.703000 4.148400 -0.777700
v -0.330300 6.770800 -0.264900
v -0.297300 6.291500 -0.539900
v -0.497200 6.291500 -0.535700
v -0.529300 6.751700 -0.270300
v -0.314300 6.060600 -0.565200
v -0.512100 6.088600 -0.555800
v -0.365100 5.825700 -0.564900
v -0.555700 5.885200 -0.553700
v -0.478700 5.555000 -0.599300
v -0.662800 5.632100 -0.586100
v -0.579500 5.328600 -0.649800
v -0.771600 5.383400 -0.641200
v -0.607700 5.148100 -0.692800
v -0.807000 5.164600 -0.692800
v -0.609500 4.903200 -0.742800
v -0.809200 4.914200 -0.743700
v -0.684900 4.154600 -0.763700
v -0.883300 4.179300 -0.763800
v -0.388600 6.775100 -0.215500
v -0.374500 6.285800 -0.501200
v -0.572800 6.285800 -0.475400
v -0.586600 6.749400 -0.203600
v -0.404000 6.013900 -0.537300
v -0.599700 6.040300 -0.505800
v -0.444600 5.802700 -0.551200
v -0.637200 5.845200 -0.517800
v -0.554200 5.434000 -0.627500
v -0.745000 5.483000 -0.593000
v -0.699800 4.937500 -0.732400
v -0.894300 4.971200 -0.700500
v -0.359200 6.852200 -0.253700
v -0.334800 6.365400 -0.547300
v -0.534800 6.365400 -0.550000
v -0.558800 6.841700 -0.262000
v -0.341200 6.179500 -0.577400
v -0.540800 6.192600 -0.577400
v -0.355500 6.032100 -0.568600
v -0.553200 6.062400 -0.568600
v -0.391800 5.861200 -0.563800
v -0.583200 5.919200 -0.563700
v -0.489000 5.617800 -0.601500
v -0.599200 5.369200 -0.660700
v -0.791500 5.424100 -0.662500
v -0.673600 5.694800 -0.599000
v -0.641500 5.062500 -0.715200
v -0.840000 5.085800 -0.722000
v -0.720800 4.162300 -0.750600
v -0.919100 4.187400 -0.757300
v -0.768000 4.260500 -0.767200
v -0.965500 4.270200 -0.736900
v -0.438600 6.830800 -0.167600
v -0.441900 6.413400 -0.458500
v -0.641200 6.413400 -0.442100
v -0.638100 6.820200 -0.157800
v -0.452500 6.243300 -0.500600
v -0.651000 6.256900 -0.480200
v -0.471500 6.060200 -0.509100
v -0.669200 6.081700 -0.487800
v -0.508400 5.777600 -0.540000
v -0.704500 5.810000 -0.517400
v -0.578600 5.489200 -0.602700
v -0.706900 5.289100 -0.691500
v -0.869700 5.395400 -0.644700
v -0.763900 5.557700 -0.571500
v -0.822400 5.175100 -0.763900
v -0.994300 5.268700 -0.722900
v -0.858900 5.080500 -0.784800
v -1.055100 5.108500 -0.757800
v -0.821200 4.457700 -0.745100
v -1.017900 4.435000 -0.717100
v -0.411300 6.751200 -0.184100
v -0.397700 6.307500 -0.449300
v -0.595600 6.307500 -0.420200
v -0.609000 6.724100 -0.169500
v -0.433900 6.016400 -0.492400
v -0.629500 6.040100 -0.457600
v -0.486000 5.700500 -0.532200
v -0.679300 5.736400 -0.495500
v -0.560500 5.432400 -0.591500
v -0.743300 5.500300 -0.547100
v -0.681400 5.247000 -0.670700
v -0.844500 5.347500 -0.613400
v -0.782200 5.142600 -0.731500
v -0.956100 5.227500 -0.680800
v -0.815100 5.045600 -0.752800
v -1.010300 5.069100 -0.715900
v -0.784800 4.411000 -0.752300
v -0.980600 4.390800 -0.717000
v -0.463700 6.755100 -0.111400
v -0.468600 6.299000 -0.392200
v -0.665100 6.299000 -0.354900
v -0.660800 6.728600 -0.089600
v -0.534400 5.800500 -0.494800
v -0.727600 5.825900 -0.449900
v -0.615400 5.453900 -0.568000
v -0.794000 5.523700 -0.511300
v -0.734800 5.311400 -0.638100
v -0.890500 5.415200 -0.567400
v -0.840800 5.201700 -0.696200
v -1.015100 5.279200 -0.636300
v -0.882300 5.051100 -0.724800
v -1.076000 5.067000 -0.677800
v -0.851200 4.514700 -0.739900
v -1.044800 4.492900 -0.695100
v -0.065900 7.812400 0.199600
v 0.291100 7.666700 -0.290300
v 0.152000 7.666700 -0.434100
v -0.237000 7.827500 0.097100
v 0.459900 7.511000 -0.394100
v 0.352100 7.482700 -0.560100
v 0.635700 7.270000 -0.440800
v 0.541600 7.223700 -0.611100
v 0.762000 7.052400 -0.439800
v 0.687400 6.975300 -0.608600
v 0.846100 6.920200 -0.389800
v 0.805100 6.795100 -0.540400
v 0.906000 6.861300 -0.336100
v 0.909800 6.693500 -0.444800
v 0.983300 6.832000 -0.234700
v 1.013900 6.649300 -0.310200
v 1.085200 6.789300 -0.083600
v 1.102000 6.614700 -0.179600
v 1.138300 6.718600 0.011100
v 1.125000 6.586800 -0.138700
v 1.165200 6.569100 0.089500
v 1.138700 6.510600 -0.099900
v 1.092600 6.062500 0.151200
v 1.072000 6.059900 -0.047700
v 0.055200 7.813400 0.169100
v 0.297800 7.665900 -0.219700
v 0.135600 7.665900 -0.336600
v -0.117300 7.820600 0.068100
v 0.395700 7.533200 -0.333900
v 0.244800 7.518100 -0.464400
v 0.475400 7.365300 -0.391600
v 0.340700 7.321900 -0.532900
v 0.559600 7.224900 -0.402000
v 0.454500 7.136400 -0.547400
v 0.627700 7.155400 -0.389900
v 0.574100 7.017200 -0.524200
v 0.777500 7.085400 -0.318100
v 0.760000 6.925300 -0.436700
v 0.948700 6.997500 -0.221000
v 0.913200 6.848900 -0.350100
v 1.037900 6.889400 -0.152300
v 0.977100 6.769300 -0.300200
v 1.108400 6.739500 -0.079300
v 1.033900 6.649700 -0.241700
v 1.137400 6.551900 -0.013800
v 1.056700 6.495300 -0.187800
v 1.139500 6.274400 0.050200
v 1.058700 6.252300 -0.131400
v 1.066300 5.766300 0.088300
v 0.989700 5.776200 -0.096200
v -0.016600 7.742000 0.043400
v 0.256900 7.563700 -0.309200
v 0.105300 7.563700 -0.439700
v -0.177100 7.748500 -0.075700
v 0.359000 7.429200 -0.413400
v 0.214600 7.419900 -0.551500
v 0.418800 7.301600 -0.462900
v 0.284100 7.274200 -0.608100
v 0.474300 7.181300 -0.476800
v 0.360900 7.114500 -0.627400
v 0.561800 7.067000 -0.465900
v 0.487600 6.951200 -0.611100
v 0.704200 6.967900 -0.414000
v 0.665800 6.823100 -0.546500
v 0.864900 6.867000 -0.331700
v 0.817000 6.729500 -0.468900
v 0.980400 6.723400 -0.264900
v 0.899800 6.627100 -0.420500
v 1.043500 6.547300 -0.225600
v 0.943800 6.504400 -0.393600
v 1.049400 6.282200 -0.204400
v 0.947300 6.278200 -0.376300
v 0.959300 5.560400 -0.182600
v 0.859400 5.575800 -0.355200
v -0.150200 7.720300 0.044300
v 0.138100 7.667800 -0.331200
v -0.003900 7.667800 -0.472000
v -0.315200 7.726100 -0.068500
v 0.271300 7.582900 -0.432100
v 0.161200 7.563000 -0.597900
v 0.412300 7.442700 -0.483300
v 0.318600 7.406500 -0.656200
v 0.563900 7.226200 -0.514100
v 0.469100 7.191500 -0.686700
v 0.654800 7.035200 -0.532700
v 0.559400 7.001800 -0.705300
v 0.700400 6.901700 -0.529200
v 0.736200 6.822900 -0.509800
v 0.675000 6.717700 -0.668500
v 0.615000 6.843800 -0.700500
v 0.772100 6.780800 -0.482700
v 0.746400 6.632700 -0.614700
v 0.813400 6.753100 -0.447100
v 0.831000 6.576800 -0.539900
v 0.900700 6.739600 -0.351000
v 0.946100 6.555300 -0.414200
v 1.031500 6.722900 -0.195000
v 1.059900 6.543400 -0.278400
v 1.106900 6.660700 -0.097700
v 1.084400 6.529400 -0.246800
v 1.144900 6.503900 -0.036600
v 1.096100 6.475800 -0.228500
v 1.056200 5.979300 -0.075900
v 1.015200 6.021500 -0.267000
v -0.173400 7.791100 0.199100
v 0.131500 7.718800 -0.272100
v -0.014000 7.718800 -0.409300
v -0.349700 7.799200 0.105000
v 0.258500 7.661700 -0.362400
v 0.154700 7.642500 -0.532200
v 0.379700 7.586100 -0.408900
v 0.294600 7.554100 -0.587100
v 0.538200 7.416800 -0.449700
v 0.453200 7.384700 -0.627900
v 0.652500 7.203600 -0.470800
v 0.573300 7.161900 -0.649600
v 0.717200 7.048100 -0.450500
v 0.659400 6.964700 -0.622800
v 0.766300 6.975600 -0.414300
v 0.746400 6.840300 -0.560200
v 0.804500 6.950400 -0.382000
v 0.833300 6.781000 -0.484400
v 0.888600 6.937900 -0.289200
v 0.945900 6.760300 -0.361100
v 1.012100 6.922100 -0.139200
v 1.056100 6.748100 -0.227300
v 1.083300 6.868500 -0.041700
v 1.133200 6.730900 0.045200
v 1.114100 6.656200 -0.139400
v 1.089000 6.726400 -0.182400
v 1.120200 6.223000 0.145700
v 1.100100 6.202500 -0.052200
v -0.105300 7.792100 0.170800
v 0.220300 7.682600 -0.287900
v 0.079400 7.682600 -0.429800
v -0.275600 7.804300 0.066600
v 0.382100 7.553000 -0.392900
v 0.274100 7.526900 -0.559100
v 0.573600 7.323100 -0.452600
v 0.476700 7.283700 -0.623000
v 0.704700 7.096700 -0.471600
v 0.618200 7.040500 -0.642900
v 0.778100 6.953500 -0.446100
v 0.716100 6.855800 -0.609200
v 0.829800 6.884900 -0.406800
v 0.868700 6.858300 -0.370200
v 0.887900 6.682100 -0.462900
v 0.805200 6.740100 -0.542600
v 0.949400 6.840500 -0.268000
v 0.992400 6.655900 -0.331800
v 1.060200 6.815100 -0.111200
v 1.088500 6.636100 -0.195800
v 1.120800 6.753100 -0.011300
v 1.113500 6.614200 -0.154900
v 1.154900 6.606500 0.070800
v 1.129300 6.545200 -0.117900
v 1.094600 6.093200 0.132000
v 1.073500 6.091200 -0.066900
v -0.299700 7.745500 0.223100
v 0.098000 7.773200 -0.274400
v -0.042400 7.773200 -0.416900
v -0.465100 7.745600 0.110600
v 0.282800 7.667800 -0.413800
v 0.167200 7.654000 -0.576400
v 0.439000 7.485400 -0.491700
v 0.331600 7.462300 -0.658700
v 0.538600 7.274200 -0.524200
v 0.441000 7.233200 -0.693900
v 0.603700 7.125700 -0.509100
v 0.530400 7.039500 -0.674000
v 0.657300 7.059700 -0.481000
v 0.627300 6.923800 -0.624600
v 0.699900 7.038900 -0.456700
v 0.726800 6.873200 -0.565400
v 0.800800 7.035900 -0.381700
v 0.861900 6.865100 -0.465900
v 0.947900 7.034900 -0.261700
v 0.995700 6.865600 -0.356800
v 1.036800 6.995100 -0.178900
v 1.043500 6.846300 -0.312400
v 1.114700 6.877200 -0.089400
v 1.089500 6.776000 -0.260100
v 1.188000 6.405900 0.087300
v 1.154200 6.346300 -0.100600
v -0.207900 7.764300 0.171200
v 0.092800 7.707300 -0.301100
v -0.050000 7.707300 -0.441100
v -0.386000 7.771900 0.080500
v 0.345700 7.596100 -0.424200
v 0.476700 7.489000 -0.452300
v 0.404400 7.459000 -0.636400
v 0.274800 7.564800 -0.608500
v 0.564900 7.378100 -0.473800
v 0.484600 7.358500 -0.656000
v 0.624500 7.214100 -0.489400
v 0.548000 7.186500 -0.672100
v 0.683300 7.054400 -0.476600
v 0.626400 6.981800 -0.654000
v 0.730700 6.980400 -0.444200
v 0.767800 6.956900 -0.414900
v 0.803400 6.792000 -0.522200
v 0.713200 6.851700 -0.596200
v 0.853000 6.949100 -0.326700
v 0.920400 6.776700 -0.402300
v 0.984300 6.941800 -0.178200
v 1.038900 6.771800 -0.268200
v 1.062400 6.893300 -0.081600
v 1.075500 6.752500 -0.223000
v 1.120800 6.758600 0.003600
v 1.104500 6.684500 -0.181400
v 0.222900 7.658600 -0.384800
v 0.129300 7.639800 -0.560500
v 1.129600 6.248200 0.100200
v 1.109800 6.228400 -0.097900
v -0.415600 7.712400 0.047000
v -0.838800 7.610000 0.052900
v -0.840500 7.610000 0.252900
v -0.411600 7.714400 0.247000
v -0.925700 7.491000 0.049000
v -0.929400 7.488500 0.249000
v -0.983800 7.259200 0.046300
v -0.985700 7.262300 0.246300
v -1.036900 6.955600 0.057700
v -1.037400 6.967900 0.257300
v -1.052900 6.476300 0.089700
v -1.053400 6.486900 0.289400
v -1.024500 5.628400 0.108800
v -1.025000 5.626200 0.308800
v -0.425700 7.625500 -0.056200
v -0.781700 7.597000 -0.148000
v -0.822200 7.597000 0.047800
v -0.477400 7.622900 0.137000
v -0.855300 7.519400 -0.158000
v -0.883700 7.530900 0.039700
v -0.898600 7.364800 -0.149700
v -0.923400 7.385600 0.047700
v -0.945700 7.113800 -0.125400
v -0.969900 7.137500 0.071700
v -1.067100 6.656100 -0.096100
v -1.092700 6.670100 0.101800
v -1.013900 5.751400 -0.074900
v -1.040100 5.751500 0.123300
v -0.553900 7.554600 0.141500
v -0.915900 7.384000 0.020000
v -0.963200 7.384000 0.214400
v -0.616500 7.544600 0.331200
v -0.978600 7.253400 0.016100
v -1.014500 7.274100 0.211800
v -0.989900 6.903200 0.065800
v -1.025000 6.930500 0.260800
v -0.959800 6.444500 0.131600
v -0.994500 6.463100 0.327700
v -0.919800 6.044100 0.162100
v -0.953500 6.048000 0.359200
v -0.906500 5.475700 0.153800
v -0.940000 5.467300 0.350800
v -0.484900 7.638100 0.085600
v -0.867100 7.475600 -0.001100
v -0.898100 7.475600 0.196500
v -0.528800 7.630300 0.280500
v -0.938900 7.337500 -0.002500
v -0.959600 7.354200 0.195700
v -0.974800 6.937200 0.041500
v -0.994500 6.959800 0.239200
v -0.969400 6.428200 0.098100
v -0.989100 6.444800 0.296400
v -0.944400 6.035000 0.123200
v -0.963800 6.040400 0.322100
v -0.961200 5.367800 0.120000
v -0.980900 5.364100 0.319000
v -0.523400 7.527000 0.003200
v -0.870000 7.359200 -0.120500
v -0.923000 7.359200 0.072400
v -0.589900 7.518300 0.191600
v -0.938900 7.242100 -0.129900
v -0.980900 7.259200 0.064900
v -0.978400 6.947000 -0.102100
v -1.019500 6.968200 0.092500
v -0.977000 6.375500 -0.047300
v -1.018300 6.390200 0.147800
v -1.007300 5.423100 -0.000600
v -1.049000 5.433400 0.194700
v -0.669000 7.288500 0.139000
v -0.915400 6.816800 0.117400
v -0.924200 6.816800 0.317200
v -0.682100 7.280200 0.338400
v -0.959800 6.557300 0.120700
v -0.967900 6.561100 0.320500
v -0.945200 6.374200 0.124600
v -0.953200 6.375300 0.324400
v -0.912600 6.157900 0.124500
v -0.920000 6.152000 0.324200
v -0.925400 5.378900 0.082600
v -0.932700 5.366700 0.282100
v -0.679800 7.288200 0.238100
v -0.911500 6.851500 0.225300
v -0.912900 6.851500 0.425300
v -0.685600 7.279600 0.437900
v -0.954500 6.596700 0.230800
v -0.955200 6.600700 0.430800
v -0.918700 6.292700 0.236300
v -0.919200 6.289000 0.436300
v -0.856000 5.440500 0.190300
v -0.855700 5.424100 0.389600
v -0.644600 7.375600 0.182200
v -0.913600 7.092800 0.112500
v -0.944600 7.092800 0.310100
v -0.688800 7.360400 0.376700
v -0.979600 6.931100 0.114100
v -1.003500 6.947400 0.312000
v -1.001500 6.734600 0.131700
v -1.025500 6.750900 0.329600
v -0.962900 6.370900 0.159100
v -0.986300 6.374300 0.357700
v -0.892400 5.436700 0.141800
v -0.914900 5.424400 0.340100
v -0.693800 7.156200 0.281900
v -0.900000 6.950600 0.273600
v -0.906200 6.950600 0.473500
v -0.701400 7.154700 0.481800
v -0.935100 6.828400 0.273300
v -0.940800 6.830200 0.473200
v -0.936600 6.645600 0.275300
v -0.942300 6.646800 0.475200
v -0.899000 6.323100 0.276600
v -0.904100 6.317400 0.476400
v -0.826800 5.539000 0.233100
v -0.831100 5.522800 0.432400
v -0.696600 7.117400 0.282500
v -0.908400 6.903400 0.272900
v -0.915300 6.903400 0.472800
v -0.705500 7.115300 0.482300
v -0.930400 6.654000 0.274000
v -0.889500 6.296900 0.273900
v -0.896000 6.290800 0.473700
v -0.937300 6.654400 0.473800
v -0.825400 5.619500 0.237300
v -0.831100 5.602900 0.436500
v -0.673400 7.066000 0.260400
v -0.885000 6.858800 0.188100
v -0.932100 6.858800 0.382500
v -0.737500 7.047900 0.449000
v -0.904100 6.612300 0.200400
v -0.948900 6.623000 0.395000
v -0.873700 6.327600 0.219200
v -0.917900 6.325300 0.414300
v -0.723700 7.037300 0.310500
v -0.921800 6.875000 0.344500
v -0.903000 6.875000 0.543600
v -0.688700 7.052100 0.506900
v -0.936800 6.647500 0.332300
v -0.920300 6.637500 0.531300
v -0.884000 6.264200 0.311700
v -0.867500 6.254300 0.510800
v -0.818600 5.677000 0.273000
v -0.801400 5.658800 0.471400
v -0.818800 5.583100 0.183400
v -0.862000 5.567300 0.378000
v -0.716500 7.007200 0.308400
v -0.892500 6.802800 0.325300
v -0.882400 6.802800 0.525000
v -0.698200 7.016800 0.507300
v -0.871500 6.349000 0.310700
v -0.862700 6.339900 0.510300
v -0.803400 5.610300 0.261900
v -0.794000 5.592700 0.460900
v -0.716500 6.957000 0.285600
v -0.876900 6.759600 0.300300
v -0.869800 6.759600 0.500200
v -0.699600 6.968900 0.484500
v -0.858900 6.313500 0.283800
v -0.853300 6.303000 0.483400
v -0.805600 5.618000 0.233600
v -0.799500 5.598000 0.432500
v -0.717300 6.944500 0.328700
v -0.852600 6.719600 0.346400
v -0.837700 6.719600 0.545900
v -0.695600 6.955500 0.527300
v -0.837200 6.285500 0.332700
v -0.823200 6.276300 0.532000
v -0.780000 5.568300 0.282900
v -0.765400 5.550200 0.481600
v -0.522500 6.791100 -0.103100
v -0.663000 6.407700 -0.267100
v -0.830600 6.407700 -0.157900
v -0.684400 6.808400 0.013100
v -0.684100 6.124000 -0.333900
v -0.853900 6.106600 -0.229700
v -0.690600 5.801400 -0.416000
v -0.860700 5.779400 -0.313100
v -0.718700 5.524900 -0.518900
v -0.887800 5.511700 -0.412900
v -0.777400 5.302100 -0.620200
v -0.943200 5.304800 -0.508300
v -0.921100 4.583300 -0.757300
v -1.084800 4.596100 -0.643000
v -0.481600 6.732100 -0.072400
v -0.492900 6.253700 -0.361600
v -0.689000 6.253700 -0.322400
v -0.678500 6.705400 -0.048900
v -0.556000 5.782100 -0.474200
v -0.748900 5.806400 -0.427300
v -0.631200 5.465700 -0.546700
v -0.809900 5.533200 -0.487700
v -0.744700 5.324500 -0.612200
v -0.901500 5.425400 -0.539900
v -0.847600 5.213900 -0.667100
v -1.021300 5.290500 -0.604400
v -0.891600 5.065400 -0.698200
v -1.084300 5.084600 -0.648400
v -0.879200 4.547300 -0.732500
v -1.073000 4.530500 -0.685900
v -0.532400 6.708200 -0.034500
v -0.673000 6.327100 -0.200200
v -0.847700 6.327100 -0.102800
v -0.697600 6.736300 0.074800
v -0.693000 5.939000 -0.316500
v -0.870100 5.919000 -0.225800
v -0.704400 5.621800 -0.416600
v -0.881600 5.601500 -0.326100
v -0.726200 5.456900 -0.492200
v -0.902400 5.444200 -0.398400
v -0.765100 5.290400 -0.574600
v -0.937700 5.294400 -0.473800
v -0.930100 4.603900 -0.743100
v -1.099500 4.621900 -0.638200
v -0.559900 6.753100 0.021400
v -0.716700 6.334700 -0.172600
v -0.895800 6.334700 -0.083500
v -0.726400 6.787900 0.126500
v -0.730300 5.920700 -0.309300
v -0.911900 5.894100 -0.230000
v -0.721600 5.652900 -0.400900
v -0.902200 5.605300 -0.329300
v -0.701900 5.541300 -0.454800
v -0.880300 5.477400 -0.390700
v -0.682400 5.426600 -0.515200
v -0.863100 5.387800 -0.438900
v -0.704200 5.258100 -0.581700
v -0.878400 5.272500 -0.484500
v -0.939400 4.673500 -0.733700
v -1.101500 4.721700 -0.626900
v -0.575400 6.691700 0.115700
v -0.721100 6.253900 -0.066900
v -0.902600 6.253900 0.017100
v -0.743000 6.732800 0.216800
v -0.732900 5.837200 -0.211500
v -0.916700 5.808600 -0.138100
v -0.723100 5.624600 -0.288800
v -0.901200 5.550600 -0.236000
v -0.686500 5.556900 -0.343600
v -0.851000 5.446800 -0.315200
v -0.635500 5.455400 -0.431100
v -0.813400 5.386200 -0.371500
v -0.656700 5.312600 -0.512000
v -0.825900 5.323200 -0.405900
v -0.957700 4.765500 -0.713900
v -1.107200 4.816800 -0.591400
v -0.585000 6.660900 0.139000
v -0.739800 6.304600 -0.015000
v -0.916900 6.304600 0.077800
v -0.743300 6.707900 0.251900
v -0.736100 6.060400 -0.096900
v -0.916000 6.029900 -0.014900
v -0.729400 5.784700 -0.189000
v -0.909200 5.750400 -0.108300
v -0.726400 5.635800 -0.245200
v -0.900900 5.559700 -0.183700
v -0.694000 5.575200 -0.295200
v -0.854000 5.460100 -0.261000
v -0.642000 5.477900 -0.384000
v -0.814500 5.399700 -0.319900
v -0.661800 5.341800 -0.470200
v -0.826200 5.340600 -0.356300
v -0.965700 4.809300 -0.705200
v -1.110300 4.847700 -0.572500
v -0.600400 6.713300 0.161600
v -0.764500 6.361000 -0.000300
v -0.943100 6.361000 0.089800
v -0.757200 6.764600 0.274600
v -0.753700 6.115200 -0.081900
v -0.934800 6.081400 -0.004000
v -0.738700 5.834300 -0.173200
v -0.919700 5.798400 -0.096000
v -0.732600 5.679200 -0.229000
v -0.908900 5.608800 -0.166100
v -0.707100 5.624600 -0.264200
v -0.871700 5.519300 -0.221500
v -0.664500 5.532000 -0.333100
v -0.838700 5.456900 -0.269600
v -0.677500 5.378100 -0.429100
v -0.847300 5.370800 -0.323600
v -0.968500 4.818900 -0.700500
v -1.121000 4.850600 -0.575100
v -0.623900 6.781300 0.211700
v -0.743900 6.369900 0.098600
v -0.907100 6.369900 0.214200
v -0.780200 6.805900 0.334100
v -0.777300 5.936200 -0.005500
v -0.942400 5.920000 0.106200
v -0.790500 5.601800 -0.080100
v -0.956000 5.580700 0.030200
v -0.819000 5.427400 -0.161400
v -0.985800 5.399100 -0.054700
v -1.017000 4.949500 -0.632400
v -1.185500 4.916300 -0.530000
v -0.769300 6.838700 0.644000
v -0.828400 6.335200 0.702000
v -0.636200 6.335200 0.646600
v -0.581000 6.793700 0.593600
v -0.777200 6.035300 0.724600
v -0.587900 6.064300 0.667000
v -0.730300 5.755200 0.736200
v -0.540100 5.778200 0.678900
v -0.711500 5.565900 0.743600
v -0.519700 5.572500 0.687400
v -0.706800 5.400300 0.770400
v -0.514400 5.391000 0.716800
v -0.707600 5.202900 0.826000
v -0.515100 5.184800 0.774900
v -0.705800 5.012400 0.910200
v -0.514000 5.006100 0.854000
v -0.572300 4.475700 1.246200
v -0.384500 4.488300 1.178700
v -0.718700 6.881700 0.432900
v -0.836300 6.665800 0.451600
v -0.781800 6.665800 0.644000
v -0.675600 6.861100 0.627100
v -0.808200 6.276700 0.466600
v -0.753200 6.284800 0.658800
v -0.708500 5.609000 0.454800
v -0.652100 5.606300 0.646700
v -0.695000 6.935100 0.379700
v -0.831100 6.707800 0.371500
v -0.841700 6.707800 0.571200
v -0.707000 6.932600 0.579300
v -0.814900 6.308300 0.373900
v -0.825900 6.303700 0.573500
v -0.737100 5.554800 0.340000
v -0.747100 5.537600 0.539000
v -0.757900 6.754800 0.678600
v -0.788200 6.273400 0.734200
v -0.609100 6.273400 0.645200
v -0.580400 6.719200 0.593500
v -0.723500 5.852300 0.762400
v -0.546400 5.872000 0.671700
v -0.662400 5.453700 0.802200
v -0.483400 5.460400 0.713200
v -0.621100 5.101400 0.906900
v -0.440200 5.095400 0.821800
v -0.479400 4.453800 1.269800
v -0.298700 4.448500 1.184400
v -0.771300 6.820300 0.635800
v -0.814400 6.224800 0.702700
v -0.640900 6.224800 0.603300
v -0.599400 6.783800 0.540300
v -0.760700 5.922900 0.724600
v -0.589400 5.944100 0.623600
v -0.728200 5.680100 0.733900
v -0.555200 5.686500 0.633900
v -0.722900 5.444100 0.758500
v -0.548900 5.426300 0.661400
v -0.730500 5.218900 0.813800
v -0.556900 5.181800 0.721900
v -0.734500 5.030700 0.901400
v -0.560800 4.992500 0.809900
v -0.704000 4.822300 1.026300
v -0.533400 4.802900 0.923700
v -0.554100 4.475900 1.276600
v -0.390300 4.473500 1.161900
v -0.778600 6.817300 0.614800
v -0.820700 6.222000 0.686900
v -0.644600 6.222000 0.592000
v -0.604100 6.780400 0.524200
v -0.767200 5.920200 0.710200
v -0.593400 5.941500 0.613600
v -0.735000 5.677400 0.720500
v -0.559400 5.683700 0.625000
v -0.729500 5.441400 0.746600
v -0.553000 5.424000 0.654100
v -0.736300 5.216500 0.804300
v -0.560100 5.180700 0.716800
v -0.739000 5.028900 0.894500
v -0.562700 4.992900 0.807200
v -0.707500 4.821400 1.021800
v -0.534500 4.804600 0.922900
v -0.557500 4.476400 1.273700
v -0.391500 4.477000 1.162200
v -0.715200 6.732000 0.496900
v -0.811200 6.548100 0.516300
v -0.729900 6.548100 0.699000
v -0.652700 6.695800 0.683400
v -0.780300 6.242600 0.536400
v -0.698700 6.264900 0.717700
v -0.654400 5.688000 0.553300
v -0.573100 5.711200 0.734500
v -0.708500 6.864100 0.386800
v -0.833600 6.665900 0.394100
v -0.811300 6.665900 0.592800
v -0.692900 6.853800 0.585900
v -0.811100 6.277300 0.402700
v -0.788800 6.278200 0.601500
v -0.740800 5.635200 0.382200
v -0.717100 5.621600 0.580300
v -0.746600 6.858600 0.377800
v -0.880100 6.632600 0.416500
v -0.789000 6.632600 0.594600
v -0.675700 6.824300 0.561600
v -0.850700 6.250100 0.443800
v -0.758700 6.265800 0.620700
v -0.751900 5.528900 0.438700
v -0.658400 5.531600 0.615400
v -0.797200 6.819000 0.572400
v -0.822200 6.188200 0.682900
v -0.642300 6.188200 0.595500
v -0.617800 6.785100 0.490700
v -0.766700 5.874700 0.717100
v -0.588700 5.892500 0.627600
v -0.733100 5.595300 0.741200
v -0.553600 5.599700 0.653200
v -0.720200 5.359900 0.781200
v -0.539500 5.346900 0.696500
v -0.715800 5.189600 0.834300
v -0.534600 5.161800 0.754200
v -0.714000 5.070900 0.891400
v -0.532900 5.043400 0.811200
v -0.692900 4.939100 0.969100
v -0.515100 4.930700 0.878000
v -0.626100 4.757400 1.080200
v -0.457300 4.773400 0.974000
v -0.378100 4.365700 1.339300
v -0.219500 4.398600 1.222000
v -0.731000 6.988900 0.567000
v -0.836000 6.528100 0.618300
v -0.700400 6.528100 0.765300
v -0.599400 6.968400 0.716200
v -0.831300 6.294400 0.636400
v -0.695800 6.317800 0.781600
v -0.773100 5.990200 0.650600
v -0.637900 6.016500 0.795600
v -0.732400 5.672300 0.656800
v -0.596200 5.688700 0.802300
v -0.732800 5.394900 0.680800
v -0.596500 5.413200 0.826100
v -0.756800 5.155100 0.743800
v -0.619400 5.188000 0.885300
v -0.782700 4.962000 0.828900
v -0.643300 5.026900 0.956800
v -0.753400 4.771800 0.938200
v -0.624100 4.887900 1.037200
v -0.425800 4.332000 1.242100
v -0.320600 4.485200 1.315900
v -0.716100 7.073900 0.548100
v -0.850000 6.607200 0.597800
v -0.743700 6.607200 0.767200
v -0.614100 7.056800 0.719300
v -0.850000 6.370200 0.614500
v -0.743300 6.389900 0.782500
v -0.787600 6.057600 0.626600
v -0.681300 6.079900 0.794500
v -0.742000 5.729400 0.630800
v -0.634700 5.744500 0.799000
v -0.742100 5.442200 0.653600
v -0.635000 5.463300 0.821200
v -0.770200 5.192900 0.715400
v -0.661400 5.231800 0.878600
v -0.802500 4.993900 0.798800
v -0.690800 5.063000 0.949700
v -0.785100 4.802300 0.907100
v -0.679800 4.917700 1.032000
v -0.501600 4.367800 1.219200
v -0.416100 4.518100 1.319600
v -0.703300 7.146200 0.609400
v -0.876100 6.578100 0.667300
v -0.756700 6.578100 0.827800
v -0.590800 7.118800 0.772500
v -0.860800 6.370500 0.680400
v -0.742200 6.398600 0.839000
v -0.806500 6.169200 0.687200
v -0.688200 6.199000 0.845700
v -0.752500 5.856400 0.691000
v -0.632500 5.876100 0.849800
v -0.732100 5.525800 0.710400
v -0.612100 5.544100 0.869400
v -0.752500 5.275100 0.757300
v -0.632000 5.300300 0.914900
v -0.783800 5.073000 0.821600
v -0.661100 5.123600 0.971300
v -0.772600 4.871500 0.912900
v -0.654700 4.970400 1.040700
v -0.526700 4.398500 1.202200
v -0.426200 4.536000 1.307100
v -0.676400 7.236300 0.624400
v -0.882800 6.683000 0.677100
v -0.794700 6.683000 0.856600
v -0.594900 7.215600 0.805900
v -0.875600 6.478900 0.690100
v -0.787300 6.500800 0.868300
v -0.824200 6.276200 0.698000
v -0.736400 6.300300 0.876100
v -0.765800 5.961700 0.702700
v -0.676700 5.979000 0.880900
v -0.737800 5.630600 0.717200
v -0.648600 5.647100 0.895500
v -0.751800 5.378600 0.749300
v -0.662500 5.400400 0.926900
v -0.780700 5.175000 0.794100
v -0.689500 5.217700 0.966900
v -0.781000 4.969000 0.867600
v -0.691100 5.052400 1.025700
v -0.619500 4.457400 1.143800
v -0.538900 4.574700 1.284200
v -0.693000 7.199600 0.576000
v -0.890600 6.642700 0.627300
v -0.799300 6.642700 0.805200
v -0.608000 7.178300 0.755800
v -0.880200 6.438500 0.639100
v -0.788900 6.460500 0.815700
v -0.828400 6.237000 0.645400
v -0.737200 6.259200 0.822000
v -0.780500 5.922100 0.648200
v -0.688100 5.936400 0.825000
v -0.767300 5.588600 0.665800
v -0.675000 5.606300 0.842300
v -0.790600 5.335500 0.710200
v -0.697400 5.365300 0.884700
v -0.822700 5.133900 0.771600
v -0.726900 5.188600 0.938500
v -0.819700 4.933900 0.859800
v -0.726000 5.028600 1.009000
v -0.628800 4.443400 1.154100
v -0.546000 4.570500 1.284500
v -0.485200 6.492300 0.146500
v -0.613800 5.942800 -0.087700
v -0.799300 5.942800 -0.012900
v -0.665400 6.513600 0.230500
v -0.643100 5.680500 -0.200900
v -0.829700 5.673500 -0.129300
v -0.677700 5.496900 -0.300900
v -0.864300 5.489800 -0.229400
v -0.710000 5.384100 -0.402600
v -0.896800 5.376300 -0.331700
v -0.750600 5.266300 -0.517200
v -0.933000 5.272800 -0.435400
v -0.932100 4.607800 -0.725200
v -1.109300 4.632400 -0.635800
v -0.481500 6.507000 0.104500
v -0.621000 5.952700 -0.124500
v -0.803500 5.952700 -0.042700
v -0.658100 6.529500 0.195800
v -0.654100 5.662600 -0.240600
v -0.838000 5.654100 -0.162400
v -0.684700 5.482000 -0.328000
v -0.869200 5.469800 -0.251800
v -0.709000 5.390900 -0.410900
v -0.894100 5.376500 -0.336500
v -0.746500 5.273400 -0.519700
v -0.926600 5.276000 -0.432800
v -0.934300 4.591800 -0.730000
v -1.108600 4.614800 -0.634700
v -0.406000 6.506700 0.008800
v -0.452300 6.090500 -0.244500
v -0.640700 6.090500 -0.177400
v -0.597400 6.481500 0.060900
v -0.550900 5.658800 -0.403300
v -0.734700 5.679800 -0.327100
v -0.643400 5.370700 -0.517500
v -0.814800 5.420800 -0.427600
v -0.732100 5.281600 -0.593400
v -0.881200 5.357600 -0.483900
v -0.807400 5.234500 -0.650700
v -0.966300 5.300800 -0.549100
v -0.853300 5.137100 -0.689700
v -1.034000 5.158900 -0.606700
v -0.861900 4.485100 -0.743800
v -1.045500 4.474400 -0.665300
v -0.460700 6.486000 0.051000
v -0.596000 6.133300 -0.104400
v -0.767300 6.133300 -0.001100
v -0.622100 6.512800 0.166000
v -0.640800 5.756900 -0.247500
v -0.815200 5.740500 -0.150900
v -0.678000 5.480800 -0.363200
v -0.851700 5.468100 -0.264800
v -0.718500 5.381500 -0.441000
v -0.889800 5.375600 -0.337800
v -0.773700 5.270800 -0.533000
v -0.942100 5.271900 -0.425200
v -0.931900 4.581800 -0.739500
v -1.098900 4.588200 -0.629600
v -0.315900 6.529900 -0.156900
v -0.338200 6.012700 -0.335100
v -0.515600 6.012700 -0.242600
v -0.495600 6.493300 -0.077100
v -0.429000 5.715900 -0.429700
v -0.598300 5.744800 -0.327400
v -0.546900 5.464700 -0.528900
v -0.714800 5.497000 -0.425200
v -0.624400 5.292600 -0.608400
v -0.802200 5.298000 -0.516900
v -0.639500 5.161700 -0.674100
v -0.821900 5.137900 -0.595700
v -0.636300 4.925500 -0.755700
v -0.818100 4.916900 -0.672700
v -0.707500 4.174100 -0.792800
v -0.886700 4.197100 -0.707000
v -0.332900 6.514000 -0.121300
v -0.382900 5.984600 -0.331200
v -0.552300 5.984600 -0.224900
v -0.506800 6.472500 -0.031700
v -0.481700 5.707300 -0.419500
v -0.640800 5.737900 -0.302200
v -0.607800 5.484300 -0.510100
v -0.765600 5.517500 -0.391800
v -0.690300 5.328800 -0.585800
v -0.860700 5.334100 -0.481300
v -0.710200 5.233600 -0.643700
v -0.889300 5.201600 -0.560500
v -0.708800 5.129900 -0.705400
v -0.888000 5.094200 -0.624100
v -0.709100 4.955300 -0.753600
v -0.887800 4.948600 -0.664000
v -0.763900 4.251800 -0.780900
v -0.941200 4.267200 -0.689700
v -0.453800 7.618100 0.913000
v -0.657900 7.246600 1.115400
v -0.528100 7.246600 1.267600
v -0.318300 7.629100 1.059700
v -0.726000 7.061400 1.161100
v -0.602000 7.045800 1.317300
v -0.771400 6.869500 1.168100
v -0.648600 6.848800 1.324600
v -0.785800 6.625100 1.151100
v -0.662400 6.614600 1.308200
v -0.748100 6.351800 1.117100
v -0.626500 6.356000 1.275800
v -0.682200 6.104700 1.084700
v -0.564300 6.124900 1.245000
v -0.599600 5.770500 1.086000
v -0.485300 5.804700 1.246500
v -0.361400 4.905200 1.129400
v -0.249100 4.946600 1.289700
v -0.490400 6.482800 0.177400
v -0.612500 5.932500 -0.059700
v -0.799500 5.932500 0.011200
v -0.672600 6.503200 0.257300
v -0.642600 5.672700 -0.179600
v -0.830400 5.667700 -0.111200
v -0.681700 5.490000 -0.287000
v -0.868300 5.490800 -0.214900
v -0.725200 5.376800 -0.392300
v -0.910300 5.381800 -0.316800
v -0.776400 5.264200 -0.503800
v -0.959200 5.275500 -0.423300
v -0.932500 4.618100 -0.720600
v -1.113700 4.635200 -0.637600
v -0.495700 6.468000 0.203600
v -0.611400 5.949900 -0.023300
v -0.796100 5.949900 0.053500
v -0.675500 6.487400 0.289200
v -0.655500 5.668600 -0.157800
v -0.841200 5.663700 -0.083500
v -0.695600 5.497500 -0.265500
v -0.882700 5.485500 -0.196000
v -0.720300 5.397100 -0.370300
v -0.909400 5.377100 -0.308300
v -0.747900 5.284200 -0.492200
v -0.932200 5.282600 -0.414500
v -0.941300 4.614400 -0.722100
v -1.117800 4.640700 -0.631700
v -0.514000 6.498300 0.199600
v -0.632500 5.917100 -0.042300
v -0.814700 5.917100 0.040200
v -0.692300 6.513900 0.288800
v -0.689400 5.618500 -0.178600
v -0.872500 5.614100 -0.098300
v -0.721600 5.487400 -0.261000
v -0.909400 5.456000 -0.199700
v -0.719400 5.415700 -0.353500
v -0.908400 5.362500 -0.315600
v -0.717000 5.318200 -0.475000
v -0.904700 5.287900 -0.412900
v -0.758500 5.148800 -0.575200
v -0.935900 5.164000 -0.484200
v -0.938600 4.657600 -0.722500
v -1.107400 4.697400 -0.623000
v -0.516200 7.583800 0.789200
v -0.796900 6.905700 0.873000
v -0.726400 6.905700 1.060100
v -0.449000 7.575500 0.977400
v -0.828600 6.502000 0.897000
v -0.768100 6.213500 0.903900
v -0.697600 6.233000 1.090000
v -0.757000 6.514400 1.083400
v -0.700300 5.931900 0.908200
v -0.628700 5.945200 1.094400
v -0.692700 5.534700 0.919800
v -0.620900 5.536200 1.106500
v -0.843100 4.818800 0.962500
v -0.772900 4.811800 1.149700
v -0.457100 7.620500 0.855600
v -0.685000 7.219100 0.965200
v -0.607100 7.219100 1.149400
v -0.375700 7.627000 1.038100
v -0.772600 6.989200 0.995300
v -0.697600 6.982000 1.180500
v -0.817800 6.811600 1.004000
v -0.742400 6.805900 1.189200
v -0.820600 6.608100 1.003600
v -0.745000 6.613800 1.188600
v -0.771400 6.347000 1.001700
v -0.697600 6.363300 1.186800
v -0.678600 6.049400 0.997300
v -0.605000 6.066500 1.182400
v -0.514300 4.867200 1.021500
v -0.440100 4.880900 1.206700
v -0.486800 7.648200 0.774100
v -0.719000 7.286100 0.936000
v -0.627400 7.286100 1.113800
v -0.383200 7.667500 0.944100
v -0.800400 7.112300 0.960200
v -0.721800 7.085000 1.142000
v -0.862500 6.932200 0.944800
v -0.786900 6.895200 1.126300
v -0.889200 6.695000 0.913300
v -0.811600 6.678300 1.096900
v -0.833600 6.392900 0.889800
v -0.759600 6.401100 1.075400
v -0.722000 6.047600 0.877700
v -0.649600 6.062000 1.063500
v -0.581200 4.946700 0.893600
v -0.508200 4.958200 1.079500
v -0.681400 7.282700 0.658500
v -0.893400 6.652200 0.716600
v -0.770400 6.652200 0.874300
v -0.570400 7.241800 0.819800
v -0.850100 6.316400 0.736600
v -0.728000 6.344000 0.892600
v -0.779900 5.971500 0.747300
v -0.657700 5.997900 0.903300
v -0.741500 5.654500 0.764400
v -0.618500 5.674600 0.920800
v -0.745300 5.414000 0.793200
v -0.622400 5.431200 0.950000
v -0.765800 5.217300 0.831600
v -0.642000 5.249400 0.985400
v -0.765200 5.010600 0.895800
v -0.642600 5.079600 1.037900
v -0.635000 4.480000 1.140400
v -0.519200 4.581300 1.268200
v -0.576000 7.449500 0.701800
v -0.940000 6.987000 0.689800
v -0.923000 6.987000 0.889000
v -0.571200 7.431900 0.901000
v -0.981900 6.782500 0.708600
v -0.959600 6.804400 0.906200
v -0.946400 6.529300 0.743000
v -0.924900 6.559500 0.939500
v -0.882400 6.304800 0.771000
v -0.860500 6.333800 0.967700
v -0.802600 6.138100 0.785100
v -0.778800 6.162400 0.982200
v -0.708700 5.909900 0.797700
v -0.682800 5.928400 0.995100
v -0.644200 5.511200 0.821100
v -0.618700 5.531500 1.018400
v -0.681700 4.749700 0.921900
v -0.655800 4.782200 1.117500
v -0.561400 7.522300 0.800900
v -0.819800 6.828700 0.884200
v -0.728100 6.828700 1.061900
v -0.476900 7.501900 0.981000
v -0.836200 6.419600 0.920300
v -0.743300 6.441800 1.096100
v -0.766000 6.133300 0.936700
v -0.675000 6.165800 1.111800
v -0.695300 5.882700 0.946800
v -0.602100 5.904700 1.122400
v -0.681700 5.498400 0.963800
v -0.587600 5.504600 1.140100
v -0.765800 4.729000 1.014200
v -0.672300 4.728900 1.191000
v -0.573100 7.539900 0.719400
v -0.864000 6.924600 0.803400
v -0.796000 6.924600 0.991500
v -0.509500 7.530400 0.908700
v -0.905500 6.673500 0.826300
v -0.835600 6.684900 1.013300
v -0.880200 6.455500 0.837100
v -0.811200 6.476100 1.023600
v -0.807100 6.196600 0.843500
v -0.738600 6.219400 1.030000
v -0.714700 5.893400 0.844700
v -0.644500 5.909300 1.031200
v -0.671700 5.480900 0.850800
v -0.600600 5.485400 1.037700
v -0.814500 4.791700 0.899800
v -0.745000 4.787300 1.087400
v -0.081800 6.448000 -0.159000
v -0.081600 5.800800 -0.314700
v -0.281200 5.800800 -0.302300
v -0.281400 6.443600 -0.147700
v -0.100800 5.300200 -0.497600
v -0.300200 5.307200 -0.482900
v -0.139100 4.854700 -0.655100
v -0.336800 4.877200 -0.635600
v -0.216700 4.454400 -0.730300
v -0.410400 4.498600 -0.707200
v -0.433400 3.670800 -0.680700
v -0.623000 3.730200 -0.658200
v -0.134400 6.470900 -0.151400
v -0.106200 5.816200 -0.311500
v -0.306200 5.816200 -0.313800
v -0.333900 6.457400 -0.157200
v -0.126200 5.279500 -0.506000
v -0.325800 5.290900 -0.504600
v -0.162800 4.835800 -0.663900
v -0.360900 4.862600 -0.657700
v -0.236300 4.474200 -0.728900
v -0.430600 4.520400 -0.719500
v -0.451800 3.697100 -0.680100
v -0.643300 3.754000 -0.671200
v -0.077600 6.488700 -0.190100
v -0.065400 5.827200 -0.325800
v -0.265200 5.827200 -0.316700
v -0.277300 6.479300 -0.183100
v -0.089300 5.285500 -0.508300
v -0.288700 5.294200 -0.496500
v -0.126800 4.837500 -0.659800
v -0.324800 4.861000 -0.643700
v -0.197800 4.473100 -0.725700
v -0.392000 4.516800 -0.706300
v -0.405900 3.695300 -0.684700
v -0.596900 3.751800 -0.665800
v -0.035600 6.473600 -0.189600
v -0.023400 5.782500 -0.339100
v -0.223100 5.782500 -0.327900
v -0.235200 6.463500 -0.180600
v -0.048000 5.280800 -0.503500
v -0.247300 5.290900 -0.489300
v -0.089900 4.860100 -0.640800
v -0.287700 4.883600 -0.622700
v -0.162900 4.462500 -0.712700
v -0.357600 4.503400 -0.691800
v -0.360700 3.673900 -0.678200
v -0.552200 3.727500 -0.657700
v -0.849300 6.814300 0.518700
v -0.872700 6.363800 0.658700
v -0.684400 6.363800 0.591300
v -0.663400 6.761500 0.467300
v -0.784300 5.975300 0.732000
v -0.600700 6.004400 0.658200
v -0.693600 5.591600 0.802800
v -0.509400 5.618100 0.729500
v -0.617300 5.254300 0.888800
v -0.434100 5.284300 0.814600
v -0.410500 4.682000 1.105100
v -0.230900 4.722600 1.027100
v -0.690100 7.224100 0.738600
v -0.867800 6.576800 0.797900
v -0.706400 6.576800 0.916100
v -0.541300 7.171500 0.861400
v -0.811700 6.232900 0.814600
v -0.652800 6.268100 0.930900
v -0.728400 5.850800 0.826000
v -0.569200 5.884100 0.942400
v -0.685900 5.545300 0.842800
v -0.525100 5.563900 0.960100
v -0.694600 5.345500 0.868900
v -0.533900 5.351700 0.987800
v -0.717300 5.150900 0.906400
v -0.555600 5.173100 1.022100
v -0.707700 4.940300 0.970400
v -0.550000 5.010900 1.071100
v -0.506600 4.422700 1.208400
v -0.363000 4.535000 1.290700
v -0.686600 7.117400 0.689600
v -0.845900 6.544600 0.743300
v -0.721600 6.544600 0.900000
v -0.568600 7.089700 0.848700
v -0.828500 6.336300 0.754700
v -0.705400 6.365100 0.909700
v -0.772500 6.134700 0.760400
v -0.650200 6.167100 0.915300
v -0.711800 5.822600 0.765900
v -0.587900 5.846100 0.921100
v -0.683000 5.492100 0.786300
v -0.558800 5.512500 0.941700
v -0.701800 5.212200 0.838200
v -0.577400 5.239100 0.992400
v -0.725700 4.957100 0.914000
v -0.600500 5.011500 1.060200
v -0.694700 4.764400 0.992200
v -0.580000 4.870600 1.117000
v -0.417400 4.366400 1.224100
v -0.322900 4.507400 1.329800
v -0.694100 7.167800 0.759600
v -0.859900 6.550600 0.818700
v -0.690000 6.550600 0.924300
v -0.537000 7.112300 0.870200
v -0.805000 6.225000 0.835500
v -0.638300 6.264200 0.938800
v -0.718000 5.870300 0.846700
v -0.551400 5.909700 0.950000
v -0.664900 5.572800 0.861300
v -0.496000 5.597700 0.965500
v -0.661900 5.355200 0.887000
v -0.492700 5.374700 0.991800
v -0.657300 5.045400 0.953600
v -0.490800 5.099200 1.050400
v -0.477000 4.421600 1.209200
v -0.322300 4.520700 1.288400
v -0.726800 7.052300 0.383100
v -0.878200 6.868600 0.432700
v -0.831200 6.868600 0.627000
v -0.670200 7.065000 0.574500
v -0.902200 6.765700 0.432800
v -0.858500 6.754200 0.627600
v -0.901000 6.598500 0.421100
v -0.857200 6.590400 0.616100
v -0.857700 6.262000 0.406500
v -0.814300 6.258200 0.601700
v -0.775100 5.624000 0.372600
v -0.730800 5.612300 0.567300
v -0.710600 7.133900 0.369200
v -0.847100 6.964500 0.396700
v -0.816500 6.964500 0.594300
v -0.674600 7.141300 0.565800
v -0.893600 6.803900 0.399000
v -0.865100 6.798000 0.596800
v -0.910100 6.603500 0.394800
v -0.881400 6.600200 0.592700
v -0.865700 6.253600 0.388200
v -0.837000 6.250200 0.586100
v -0.786700 5.616200 0.355400
v -0.756800 5.599800 0.552400
v -0.898400 6.823600 0.317400
v -0.934200 6.578100 0.321300
v -0.927400 6.580300 0.521100
v -0.892000 6.823600 0.517200
v -0.893900 6.272400 0.323300
v -0.886700 6.268600 0.523100
v -0.812200 5.483100 0.281400
v -0.804100 5.467600 0.480600
v -0.694100 7.156800 0.302000
v -0.901500 6.951600 0.295900
v -0.905600 6.951600 0.495800
v -0.699600 7.155200 0.501900
v -0.937800 6.829700 0.296000
v -0.941200 6.831500 0.495900
v -0.940000 6.646500 0.298100
v -0.943500 6.647900 0.498100
v -0.896800 6.304500 0.299600
v -0.899700 6.299500 0.499500
v -0.815900 5.543100 0.260800
v -0.817800 5.527200 0.460100
v -0.912300 6.551600 0.384100
v -0.868200 6.236100 0.382800
v -0.850600 6.232900 0.582000
v -0.894900 6.551700 0.583400
v -0.783300 5.550300 0.348400
v -0.764600 5.535800 0.547000
v -0.687900 7.240600 0.315800
v -0.683500 7.236500 0.515700
v -0.697900 7.180900 0.364200
v -0.884500 6.790100 0.383300
v -0.867200 6.790100 0.582600
v -0.678800 7.184600 0.563300
v -0.715000 6.998800 0.366400
v -0.879300 6.779900 0.388300
v -0.856500 6.779900 0.587000
v -0.689300 7.002700 0.564700
v -0.857500 6.344800 0.381000
v -0.835300 6.339400 0.579700
v -0.772300 5.585900 0.338800
v -0.749300 5.572500 0.537100
v -0.717300 7.020300 0.324800
v -0.894200 6.813200 0.344800
v -0.879100 6.813200 0.544300
v -0.695300 7.028400 0.523500
v -0.872900 6.357300 0.332000
v -0.859000 6.349300 0.531400
v -0.800900 5.616800 0.285400
v -0.786300 5.600300 0.484200
v -0.708600 6.957200 0.342200
v -0.845400 6.730600 0.348300
v -0.842000 6.730600 0.548300
v -0.702000 6.962200 0.542000
v -0.828300 6.298600 0.341900
v -0.825500 6.291600 0.541800
v -0.766100 5.584400 0.301600
v -0.762600 5.566700 0.500800
v -0.716300 6.964000 0.451800
v -0.840100 6.717300 0.477100
v -0.784500 6.717300 0.669200
v -0.667500 6.950800 0.645300
v -0.841100 6.413900 0.488900
v -0.785100 6.420500 0.680700
v -0.716300 6.995700 0.483800
v -0.841300 6.736100 0.517600
v -0.765900 6.736100 0.702900
v -0.650500 6.975900 0.671700
v -0.843900 6.423700 0.536900
v -0.767600 6.436800 0.721400
v -0.677300 5.559600 0.540000
v -0.601400 5.574800 0.724400
v -0.726000 7.034500 0.457500
v -0.866400 6.569300 0.497500
v -0.789800 6.569300 0.682200
v -0.652000 7.024400 0.643100
v -0.868500 6.342500 0.506900
v -0.791500 6.354700 0.691100
v -0.815300 6.088800 0.508900
v -0.738600 6.103500 0.693000
v -0.781200 5.816600 0.512100
v -0.703900 5.825200 0.696400
v -0.792400 5.572500 0.524000
v -0.714900 5.587300 0.707800
v -0.828800 5.325400 0.572700
v -0.748300 5.364000 0.751600
v -0.873900 5.081100 0.667800
v -0.788500 5.149100 0.835400
v -0.900100 4.889100 0.782000
v -0.812200 4.987800 0.932100
v -0.869800 4.701900 0.915600
v -0.787300 4.831900 1.043400
v -0.663700 4.357500 1.213300
v -0.593500 4.510000 1.321900
v -0.703100 5.559900 0.474900
v -0.646800 5.564500 0.666800
v -0.758700 6.938000 0.648500
v -0.855200 6.411000 0.706300
v -0.655300 6.411000 0.713100
v -0.566400 6.884200 0.660900
v -0.801600 6.101600 0.725900
v -0.605000 6.138100 0.730200
v -0.741000 5.783800 0.736600
v -0.543400 5.814100 0.741200
v -0.710800 5.518800 0.753600
v -0.511300 5.530800 0.759700
v -0.711000 5.332700 0.781500
v -0.511200 5.328100 0.790200
v -0.720500 5.182300 0.821200
v -0.520600 5.185900 0.827600
v -0.705500 5.002600 0.900200
v -0.508400 5.035700 0.893900
v -0.537900 4.437700 1.240900
v -0.346200 4.491800 1.222600
v -0.719300 6.961500 0.438100
v -0.846500 6.697800 0.464700
v -0.791700 6.697800 0.657000
v -0.670600 6.949600 0.631800
v -0.821300 6.272700 0.471500
v -0.766400 6.276600 0.663700
v -0.715200 5.555500 0.446700
v -0.659300 5.551800 0.638700
v -0.716800 7.028200 0.437700
v -0.853300 6.747500 0.469200
v -0.800900 6.747500 0.662200
v -0.667200 7.022800 0.631400
v -0.864600 6.487700 0.476800
v -0.811700 6.493400 0.669600
v -0.819300 6.151300 0.478500
v -0.766200 6.155700 0.671300
v -0.723700 5.562900 0.454500
v -0.669200 5.557600 0.646900
v -0.717500 6.987900 0.407100
v -0.875600 6.790200 0.439700
v -0.839300 6.790200 0.636300
v -0.677900 6.992400 0.603100
v -0.881900 6.568800 0.437900
v -0.845800 6.568100 0.634600
v -0.829600 6.212800 0.430600
v -0.793300 6.210900 0.627300
v -0.751000 5.634900 0.401200
v -0.713400 5.621900 0.597200
v -0.698000 7.144500 0.465500
v -0.825400 6.890800 0.490300
v -0.784800 6.890800 0.686200
v -0.658300 7.142700 0.661500
v -0.862900 6.746200 0.498900
v -0.821600 6.748600 0.694600
v -0.880300 6.593000 0.505600
v -0.838600 6.599900 0.701100
v -0.838100 6.273900 0.512900
v -0.796400 6.280700 0.708400
v -0.709800 5.575500 0.497900
v -0.666500 5.572000 0.693100
v -0.714500 7.066500 0.465500
v -0.859900 6.695800 0.501200
v -0.795200 6.695800 0.690400
v -0.654700 7.054200 0.655900
v -0.868800 6.450600 0.512800
v -0.803400 6.461200 0.701500
v -0.820900 6.154200 0.519400
v -0.755500 6.165300 0.708100
v -0.709000 5.568700 0.503100
v -0.641800 5.569900 0.691500
v -0.707000 7.043700 0.608300
v -0.829100 6.574300 0.658200
v -0.711400 6.574300 0.819900
v -0.593500 7.025000 0.771900
v -0.826300 6.336200 0.675100
v -0.708400 6.358000 0.835300
v -0.762700 6.024000 0.688100
v -0.645400 6.049700 0.848100
v -0.714300 5.697400 0.695000
v -0.596000 5.715700 0.855200
v -0.709100 5.412000 0.719100
v -0.590900 5.433500 0.879100
v -0.731300 5.163000 0.778300
v -0.612100 5.198300 0.934900
v -0.757900 4.961800 0.856400
v -0.637000 5.026600 1.001900
v -0.730500 4.766900 0.956200
v -0.619000 4.881400 1.076600
v -0.405900 4.334300 1.233800
v -0.318600 4.485700 1.331000
v -0.736900 6.999500 0.679400
v -0.857200 6.460800 0.732700
v -0.665500 6.460800 0.789800
v -0.554900 6.944500 0.741500
v -0.801800 6.141800 0.748500
v -0.613300 6.179700 0.803500
v -0.735200 5.814000 0.755400
v -0.545900 5.847300 0.810500
v -0.699300 5.536900 0.769100
v -0.508300 5.555900 0.825100
v -0.695800 5.334800 0.794400
v -0.504400 5.342300 0.851900
v -0.702800 5.168500 0.831400
v -0.511400 5.189000 0.885900
v -0.685700 4.978600 0.905500
v -0.498000 5.034300 0.946300
v -0.515900 4.426100 1.222200
v -0.335300 4.507700 1.248900
v -0.702800 7.141100 0.446200
v -0.860800 6.723000 0.474300
v -0.816800 6.723000 0.669400
v -0.661100 7.135200 0.641800
v -0.885500 6.474000 0.484100
v -0.840800 6.481000 0.678900
v -0.836900 6.194900 0.488400
v -0.792100 6.200900 0.683300
v -0.730200 5.589700 0.467800
v -0.683600 5.584000 0.662200
v -0.711900 7.093100 0.409100
v -0.835100 6.910000 0.437000
v -0.796200 6.910000 0.633100
v -0.670400 7.097200 0.604700
v -0.874000 6.743200 0.442100
v -0.835900 6.740600 0.638400
v -0.884800 6.542300 0.441700
v -0.846400 6.542700 0.638000
v -0.850400 6.254600 0.439900
v -0.812000 6.254600 0.636200
v -0.748200 5.541500 0.407800
v -0.708800 5.533400 0.603700
v -0.703700 7.180400 0.459500
v -0.905500 6.625100 0.492800
v -0.847800 6.625100 0.684300
v -0.649900 7.167800 0.651700
v -0.897000 6.423400 0.499600
v -0.839200 6.436400 0.690600
v -0.849800 6.223900 0.503300
v -0.792100 6.237100 0.694400
v -0.816900 5.977400 0.505300
v -0.758300 5.983700 0.696400
v -0.817100 5.733700 0.509500
v -0.758600 5.745400 0.700300
v -0.842100 5.484800 0.543700
v -0.781600 5.518100 0.731400
v -0.881300 5.235700 0.619500
v -0.817000 5.296200 0.798900
v -0.910400 5.037500 0.715400
v -0.843400 5.125100 0.882200
v -0.897200 4.839800 0.834500
v -0.832200 4.954300 0.985100
v -0.758800 4.458500 1.119500
v -0.700500 4.593500 1.255100
v -0.685100 7.219700 0.409200
v -0.882000 6.865100 0.418000
v -0.867600 6.865100 0.617400
v -0.672700 7.215800 0.608800
v -0.918600 6.693600 0.422900
v -0.903100 6.697900 0.622300
v -0.921500 6.546200 0.427500
v -0.906100 6.552300 0.626900
v -0.871200 6.268200 0.432600
v -0.855100 6.269200 0.631900
v -0.759000 5.559900 0.407700
v -0.741300 5.548800 0.606600
v -0.702000 7.186000 0.481500
v -0.904800 6.630400 0.518700
v -0.840500 6.630400 0.708100
v -0.642200 7.171700 0.671800
v -0.896000 6.428000 0.526400
v -0.831600 6.442800 0.715200
v -0.847700 6.228600 0.530700
v -0.783400 6.243800 0.719500
v -0.812700 5.982800 0.532900
v -0.747300 5.990100 0.721700
v -0.809900 5.739900 0.536700
v -0.744600 5.751100 0.725400
v -0.831300 5.491300 0.568900
v -0.764500 5.522000 0.754900
v -0.867100 5.241000 0.640800
v -0.797100 5.297600 0.819400
v -0.893500 5.040500 0.732800
v -0.821100 5.124700 0.899100
v -0.876600 4.840500 0.848700
v -0.806900 4.953600 0.998300
v -0.729100 4.457500 1.128200
v -0.666900 4.592300 1.262200
v -0.686700 7.227800 0.525900
v -0.907000 6.678500 0.563000
v -0.845300 6.678500 0.753200
v -0.630300 7.212400 0.717200
v -0.901400 6.476300 0.572800
v -0.839400 6.492100 0.762300
v -0.853000 6.272900 0.579200
v -0.790900 6.288100 0.768700
v -0.812100 5.986700 0.580800
v -0.749200 5.995600 0.770400
v -0.803500 5.699700 0.589800
v -0.740800 5.714800 0.779100
v -0.824900 5.449300 0.626600
v -0.761000 5.480500 0.813500
v -0.857500 5.237400 0.684100
v -0.790700 5.290800 0.864900
v -0.875400 5.076900 0.751800
v -0.806700 5.155100 0.922500
v -0.860500 4.878400 0.853500
v -0.794000 4.982400 1.010800
v -0.726100 4.478200 1.112800
v -0.666100 4.603600 1.256600
v -0.674700 7.277500 0.482200
v -0.927000 6.744000 0.496400
v -0.896100 6.744000 0.694000
v -0.648400 7.266000 0.680100
v -0.928500 6.544600 0.505100
v -0.896900 6.556500 0.702200
v -0.883700 6.340200 0.514000
v -0.851900 6.350800 0.711100
v -0.844100 6.052100 0.516000
v -0.811600 6.057600 0.713200
v -0.836500 5.766200 0.522100
v -0.804200 5.778400 0.719100
v -0.856200 5.544400 0.547200
v -0.822200 5.575200 0.741900
v -0.896700 5.347400 0.598000
v -0.858800 5.400200 0.787100
v -0.939400 5.153000 0.673300
v -0.897800 5.227000 0.854400
v -0.946900 4.947400 0.774200
v -0.904700 5.044700 0.943700
v -0.864300 4.534500 1.031000
v -0.825200 4.650600 1.189200
v -0.667400 7.208800 0.693200
v -0.857800 6.652500 0.748200
v -0.757100 6.652500 0.921100
v -0.573400 7.185600 0.868200
v -0.846500 6.440500 0.761600
v -0.746000 6.465000 0.932800
v -0.780400 6.184800 0.771800
v -0.681000 6.214600 0.942800
v -0.706500 5.855000 0.781000
v -0.606000 5.879600 0.952200
v -0.669100 5.570700 0.795500
v -0.568200 5.592100 0.966900
v -0.678700 5.336400 0.829600
v -0.577900 5.365600 0.999800
v -0.692000 5.015700 0.910300
v -0.592900 5.084100 1.069900
v -0.495900 4.424900 1.177000
v -0.411100 4.541000 1.316000
v -0.511500 6.553200 0.092700
v -0.628600 6.179100 -0.062800
v -0.806300 6.179100 0.028900
v -0.681800 6.578000 0.194600
v -0.664600 5.789300 -0.203200
v -0.844500 5.774200 -0.117300
v -0.693800 5.505000 -0.317500
v -0.873700 5.489700 -0.231600
v -0.726200 5.398700 -0.403300
v -0.905500 5.386100 -0.315500
v -0.774000 5.277900 -0.512700
v -0.949600 5.276500 -0.416900
v -0.935200 4.622300 -0.731900
v -1.107300 4.633700 -0.630700
v -0.505900 6.565100 0.037000
v -0.635200 6.199100 -0.113900
v -0.807500 6.199100 -0.012400
v -0.669500 6.591100 0.148900
v -0.671700 5.813100 -0.243900
v -0.846800 5.795000 -0.149100
v -0.693400 5.535000 -0.345900
v -0.869700 5.505300 -0.256200
v -0.706700 5.432600 -0.419900
v -0.883700 5.397000 -0.333900
v -0.734300 5.303400 -0.523000
v -0.906100 5.292300 -0.421100
v -0.934700 4.613400 -0.738900
v -1.098300 4.631800 -0.625300
v -0.673000 6.841300 0.180600
v -0.858400 6.591700 0.130300
v -0.933100 6.591700 0.315800
v -0.737300 6.858800 0.369200
v -0.850600 6.391900 0.117800
v -0.927400 6.373000 0.301400
v -0.814300 6.111900 0.096900
v -0.890700 6.087900 0.280100
v -0.786200 5.887900 0.078900
v -0.863100 5.851100 0.259800
v -1.203900 5.281100 -0.278000
v -1.286500 5.231900 -0.102600
v -0.057000 7.269400 -0.364500
v 0.054400 6.716400 -0.659600
v -0.125900 6.716400 -0.746300
v -0.239600 7.281400 -0.445300
v 0.090000 6.353800 -0.697200
v -0.088300 6.338200 -0.786500
v 0.130300 6.003200 -0.687500
v -0.047100 5.980100 -0.776900
v 0.176300 5.687300 -0.696500
v -0.002700 5.676100 -0.784900
v 0.230700 5.301900 -0.813900
v 0.049000 5.309400 -0.897100
v 0.331400 4.607200 -1.164200
v 0.148200 4.624800 -1.242600
v -0.057100 7.138400 -0.384400
v 0.036600 6.560600 -0.643200
v -0.144000 6.560600 -0.729200
v -0.239600 7.150600 -0.465300
v 0.072500 6.200400 -0.683300
v -0.106200 6.185600 -0.771700
v 0.109500 5.887400 -0.681400
v -0.068400 5.865400 -0.770100
v 0.150200 5.610600 -0.693400
v -0.029500 5.602000 -0.780700
v 0.195100 5.239900 -0.812600
v 0.012600 5.257200 -0.892600
v 0.219700 4.434600 -1.184700
v 0.036600 4.471400 -1.256400
v -0.115100 7.201500 -0.361100
v -0.024400 6.628600 -0.655100
v -0.210000 6.628600 -0.729600
v -0.302400 7.212100 -0.430500
v 0.007400 6.256300 -0.695100
v -0.176400 6.239800 -0.772300
v 0.050600 5.899100 -0.679700
v -0.132400 5.875300 -0.756900
v 0.086500 5.615900 -0.684900
v -0.099000 5.617200 -0.759800
v 0.089600 5.394500 -0.769900
v -0.096900 5.427400 -0.834200
v 0.083100 5.167500 -0.908100
v -0.103000 5.190900 -0.977300
v 0.193500 4.569000 -1.207200
v 0.011500 4.565600 -1.290100
v -0.631700 6.937800 0.096700
v -0.798800 6.505300 0.007600
v -0.917200 6.505300 0.168800
v -0.742800 6.957400 0.261800
v -0.840900 6.264400 -0.041100
v -0.963000 6.242200 0.115700
v -0.827300 6.025600 -0.082400
v -0.949800 5.986900 0.070900
v -0.834700 5.725100 -0.174900
v -0.958100 5.672700 -0.026500
v -1.022100 5.126400 -0.589000
v -1.148200 5.063100 -0.447200
v -0.625300 6.870100 0.083900
v -0.823900 6.540800 -0.016000
v -0.960900 6.540800 0.129700
v -0.738000 6.914900 0.242900
v -0.818400 6.069600 -0.116900
v -0.960000 6.035000 0.020100
v -0.819800 5.540600 -0.267900
v -0.961700 5.502500 -0.132200
v -1.030500 4.963000 -0.649500
v -1.172100 4.925800 -0.513300
v -0.631100 6.887700 0.127300
v -0.777600 6.483800 0.037100
v -0.906300 6.483800 0.190200
v -0.753500 6.905900 0.284400
v -0.812900 6.239900 -0.011500
v -0.944600 6.219900 0.137700
v -0.806100 5.983900 -0.055700
v -0.938300 5.949600 0.090300
v -0.820900 5.688400 -0.150200
v -0.954600 5.639000 -0.009900
v -1.009500 5.126300 -0.583600
v -1.146400 5.064700 -0.451400
v -0.549800 7.090600 -0.136400
v -0.706400 6.622900 -0.309300
v -0.843700 6.622900 -0.163800
v -0.690200 7.080500 0.005600
v -0.755500 6.326000 -0.341100
v -0.892800 6.325900 -0.195700
v -0.783900 6.042800 -0.381600
v -0.923600 6.016600 -0.240900
v -0.784300 5.795600 -0.463400
v -0.923400 5.724200 -0.338600
v -0.745500 5.589600 -0.595800
v -0.879900 5.486200 -0.489700
v -0.702400 5.402200 -0.738600
v -0.840600 5.332000 -0.612200
v -0.735000 5.174300 -0.810500
v -0.860900 5.192500 -0.656200
v -0.964100 4.671500 -0.775900
v -1.066100 4.748400 -0.622000
v -0.513500 7.012500 -0.113400
v -0.562400 6.511400 -0.386800
v -0.754000 6.511400 -0.329500
v -0.706700 6.996000 -0.064500
v -0.613700 6.020700 -0.462800
v -0.803900 6.033300 -0.402300
v -0.657200 5.683800 -0.518600
v -0.847100 5.698700 -0.457700
v -0.682900 5.550100 -0.565100
v -0.873200 5.563000 -0.504900
v -0.719200 5.425300 -0.660000
v -0.910000 5.436400 -0.601000
v -0.763500 5.285600 -0.775400
v -0.952100 5.304200 -0.711500
v -0.799900 5.142300 -0.819700
v -0.984200 5.177700 -0.750800
v -0.919700 4.529800 -0.742000
v -1.101500 4.577900 -0.673800
v -0.564200 7.000800 -0.057000
v -0.761800 6.436800 -0.250900
v -0.923900 6.436800 -0.133700
v -0.719500 7.021200 0.067300
v -0.777700 6.150800 -0.309800
v -0.942300 6.126000 -0.199000
v -0.770400 5.928200 -0.371600
v -0.934500 5.882300 -0.266800
v -0.754000 5.769200 -0.432800
v -0.914300 5.694600 -0.339500
v -0.718300 5.646300 -0.502100
v -0.873100 5.549100 -0.420800
v -0.675000 5.513800 -0.586100
v -0.835400 5.442900 -0.490100
v -0.685200 5.323900 -0.663400
v -0.840600 5.328600 -0.537600
v -0.963600 4.719000 -0.749700
v -1.097300 4.779000 -0.613500
v 0.059700 7.147600 -0.393000
v 0.173300 6.601400 -0.611100
v 0.009100 6.601400 -0.725300
v -0.107500 7.162700 -0.501600
v 0.237800 6.106000 -0.658000
v 0.075200 6.095400 -0.773900
v 0.312400 5.548800 -0.709400
v 0.148900 5.544900 -0.824500
v 0.378100 5.053800 -0.819100
v 0.211400 5.075500 -0.927500
v 0.430800 4.431100 -1.151800
v 0.261500 4.483200 -1.244600
v 0.001100 7.220500 -0.379800
v 0.112800 6.733700 -0.641200
v -0.066300 6.733700 -0.730200
v -0.179500 7.227700 -0.465300
v 0.139500 6.528200 -0.681300
v -0.037700 6.515900 -0.773100
v 0.188100 6.110500 -0.687300
v 0.011700 6.091100 -0.779500
v 0.255200 5.613900 -0.709500
v 0.077800 5.602000 -0.801100
v 0.322900 5.197700 -0.824700
v 0.142400 5.207900 -0.910100
v 0.395800 4.545800 -1.190600
v 0.212500 4.581600 -1.262100
v 0.074100 7.291900 -0.361900
v 0.219300 6.775600 -0.630800
v 0.053900 6.775600 -0.743300
v -0.095100 7.306600 -0.467500
v 0.278900 6.249300 -0.669200
v 0.115500 6.236900 -0.783900
v 0.356700 5.695300 -0.708300
v 0.193100 5.684300 -0.822900
v 0.446000 5.236900 -0.808700
v 0.278700 5.250100 -0.917500
v 0.497100 4.597000 -1.102200
v 0.327000 4.647300 -1.194600
v -0.487100 7.082000 -0.158700
v -0.543200 6.574700 -0.425200
v -0.732200 6.574700 -0.359600
v -0.677900 7.065400 -0.100900
v -0.579500 6.237100 -0.467600
v -0.766900 6.251100 -0.398900
v -0.631100 5.846500 -0.515400
v -0.818000 5.863900 -0.446200
v -0.685900 5.561800 -0.586000
v -0.871600 5.584300 -0.515300
v -0.757800 5.385100 -0.705500
v -0.941700 5.412400 -0.632000
v -0.829300 5.244400 -0.827600
v -1.013000 5.272300 -0.753600
v -0.865500 5.111500 -0.869200
v -1.049800 5.137200 -0.795800
v -0.902600 4.514200 -0.766200
v -1.087100 4.537800 -0.692700
v -0.454400 7.156600 -0.220700
v -0.545100 6.600500 -0.469300
v -0.717400 6.600500 -0.367800
v -0.630300 7.134400 -0.128100
v -0.591300 6.248200 -0.493300
v -0.761500 6.263200 -0.389400
v -0.646800 5.877400 -0.531900
v -0.817700 5.887900 -0.428500
v -0.709300 5.577400 -0.618100
v -0.882300 5.578700 -0.517700
v -0.785900 5.357400 -0.762900
v -0.961000 5.352100 -0.666300
v -0.854400 5.199000 -0.900800
v -1.028200 5.197700 -0.801700
v -0.884800 5.057700 -0.945000
v -1.055300 5.072800 -0.841600
v -0.877300 4.503900 -0.794800
v -1.047500 4.533400 -0.694000
v -0.177800 7.551000 1.031000
v 0.047500 7.217500 1.580400
v 0.172300 7.217500 1.424100
v -0.026000 7.525400 0.903400
v 0.152100 7.098300 1.629700
v 0.231700 7.148100 1.453100
v 0.369500 6.847700 1.585200
v 0.415600 6.936000 1.411800
v -0.110400 7.649500 1.123800
v 0.054300 7.245700 1.568800
v 0.185800 7.245700 1.418000
v 0.084700 7.623100 1.088600
v 0.164300 7.115000 1.625500
v 0.250900 7.166400 1.452700
v 0.381600 6.859300 1.582800
v 0.432600 6.952600 1.413400
v -0.293500 7.621800 1.049900
v -0.026400 7.339400 1.549300
v 0.085000 7.339400 1.383200
v -0.097700 7.657400 1.068500
v 0.094400 7.291100 1.612200
v 0.175500 7.302700 1.429800
v 0.208800 7.221300 1.646900
v 0.260800 7.251000 1.456100
v 0.391700 7.058000 1.644700
v 0.406200 7.119800 1.455100
v 0.815800 6.600500 1.426900
v 0.797900 6.696000 1.252100
v -0.308900 7.671500 1.022200
v 0.010900 7.218900 1.607900
v 0.128400 7.218900 1.446100
v -0.110900 7.690600 1.042400
v 0.136300 7.099600 1.660200
v 0.201800 7.147500 1.477400
v 0.410600 6.802800 1.593900
v 0.440900 6.888100 1.415600
v -0.443900 7.169400 1.424200
v -0.457500 7.067200 1.450600
v -0.284600 7.063400 1.551000
v -0.278700 7.292800 1.446300
v -0.463200 6.958600 1.449500
v -0.290100 6.958900 1.549700
v -0.439200 6.820900 1.442000
v -0.294300 6.914800 1.542900
v -0.256000 6.695600 1.470500
v -0.204000 6.867600 1.558400
v -0.312900 7.408500 1.256500
v -0.416300 7.156200 1.445600
v -0.242400 7.156200 1.544500
v -0.140000 7.406900 1.357000
v -0.436200 7.061900 1.489800
v -0.256300 7.095200 1.570700
v -0.417300 6.975600 1.516700
v -0.240700 7.034200 1.590200
v -0.401800 6.944800 1.527300
v -0.216900 6.911200 1.595800
v -0.442400 6.881600 1.459200
v -0.288400 6.754100 1.465200
v -0.354900 7.546700 1.093300
v -0.182700 7.544000 1.194900
v -0.370800 7.305800 1.183100
v -0.484300 7.182200 1.277400
v -0.352000 7.182200 1.427400
v -0.247100 7.295900 1.340000
v -0.527800 7.064300 1.319900
v -0.398000 7.058000 1.471900
v -0.550300 6.873500 1.316500
v -0.423400 6.846400 1.468800
v -0.542200 6.425500 1.201200
v -0.415300 6.384900 1.350400
v -0.396400 7.266300 1.190100
v -0.521400 7.111300 1.304100
v -0.377100 7.111300 1.442500
v -0.262900 7.251000 1.338300
v -0.540100 7.032800 1.330100
v -0.398900 7.023200 1.471400
v -0.561400 6.854900 1.312800
v -0.422500 6.824700 1.453500
v -0.546100 6.388800 1.195600
v -0.407300 6.363000 1.337300
v -0.363500 7.295900 1.239700
v -0.458900 7.154000 1.414900
v -0.279600 7.154000 1.503600
v -0.188400 7.287900 1.336100
v -0.464400 7.014600 1.437900
v -0.287800 6.998400 1.530300
v -0.485600 6.761100 1.368000
v -0.313900 6.698900 1.449400
v -0.465000 7.267900 1.139300
v -0.571800 7.143700 1.248000
v -0.410900 7.143700 1.366700
v -0.321200 7.245800 1.276500
v -0.590800 7.059400 1.290700
v -0.424300 7.077800 1.400100
v -0.595800 6.981300 1.312100
v -0.432100 6.975800 1.426800
v -0.617600 6.782300 1.290600
v -0.455800 6.752900 1.404400
v -0.637000 6.198800 1.167700
v -0.475000 6.178300 1.283200
v -0.487900 7.218700 1.142000
v -0.577300 7.075600 1.241800
v -0.417800 7.075600 1.362500
v -0.337100 7.203200 1.272500
v -0.591500 6.938900 1.274200
v -0.433200 6.933500 1.396300
v -0.617600 6.692100 1.261800
v -0.461000 6.666600 1.383500
v -0.623600 6.140600 1.140100
v -0.466900 6.121100 1.262900
v -0.421000 7.261500 1.171300
v -0.525200 7.158200 1.262700
v -0.374000 7.158200 1.393600
v -0.289400 7.240400 1.320300
v -0.550100 7.089000 1.305000
v -0.391500 7.106900 1.425500
v -0.559600 7.022600 1.327800
v -0.404100 7.021500 1.453600
v -0.571300 6.814900 1.307700
v -0.417700 6.787100 1.432700
v -0.580400 6.356400 1.189100
v -0.427000 6.315900 1.310900
v -0.567800 7.141100 1.085400
v -0.620700 6.977300 1.182800
v -0.457100 6.977300 1.297800
v -0.398800 7.158700 1.190800
v -0.650000 6.804300 1.204500
v -0.489300 6.788100 1.322500
v -0.675700 6.511800 1.190300
v -0.514400 6.509000 1.308500
v -0.574800 5.902100 1.129600
v -0.419000 5.935000 1.250600
v -0.598900 7.103100 1.025700
v -0.659800 6.826200 1.129900
v -0.506600 6.826200 1.258400
v -0.439700 7.131900 1.143300
v -0.696900 6.663600 1.156000
v -0.546200 6.650400 1.286700
v -0.711300 6.510400 1.157200
v -0.559800 6.507000 1.287800
v -0.685900 6.273100 1.139600
v -0.536500 6.291700 1.271300
v -0.603900 5.966100 1.120800
v -0.465300 6.021800 1.253800
v -0.397700 5.589600 1.147600
v -0.279100 5.683600 1.278400
v -0.063400 6.363000 -0.132800
v -0.097600 5.381100 -0.462000
v -0.295300 5.381100 -0.431800
v -0.261100 6.362300 -0.102700
v -0.135700 4.860600 -0.652900
v -0.331900 4.876600 -0.617700
v -0.212300 4.453300 -0.730700
v -0.421100 3.668900 -0.681200
v -0.608300 3.727700 -0.642400
v -0.404000 4.494300 -0.691100
v -0.066600 6.302500 -0.107700
v -0.095400 5.562000 -0.373200
v -0.295100 5.562000 -0.363000
v -0.265600 6.315100 -0.093200
v -0.095800 5.224900 -0.521600
v -0.295300 5.231300 -0.508900
v -0.130300 4.913500 -0.627400
v -0.328000 4.937800 -0.608800
v -0.208100 4.492700 -0.713900
v -0.402400 4.534500 -0.692300
v -0.425500 3.663400 -0.667400
v -0.616200 3.719900 -0.646200
v -0.108800 6.335500 -0.099100
v -0.123500 5.552000 -0.377100
v -0.323400 5.552000 -0.371500
v -0.308500 6.342300 -0.091100
v -0.124700 5.257500 -0.510300
v -0.324200 5.267000 -0.500900
v -0.163600 4.953100 -0.622600
v -0.361000 4.980700 -0.606700
v -0.245600 4.539800 -0.717100
v -0.440000 4.582900 -0.698200
v -0.463400 3.709200 -0.677500
v -0.654700 3.764600 -0.658900
v -0.342300 6.414400 -0.002700
v -0.417400 6.010800 -0.254900
v -0.595100 6.010800 -0.163200
v -0.525800 6.385400 0.071400
v -0.547500 5.620900 -0.410100
v -0.718000 5.643400 -0.308000
v -0.667000 5.343400 -0.531200
v -0.830700 5.379600 -0.422200
v -0.756400 5.243500 -0.615900
v -0.911700 5.289900 -0.498800
v -0.821000 5.194800 -0.677900
v -0.985100 5.231000 -0.569400
v -0.857200 5.090200 -0.719700
v -1.033000 5.095000 -0.624400
v -0.833100 4.431900 -0.754200
v -1.009500 4.416300 -0.661200
v -0.289400 6.405600 -0.060200
v -0.345900 5.933400 -0.290700
v -0.523800 5.933400 -0.199200
v -0.471600 6.374100 0.016000
v -0.445100 5.658200 -0.411500
v -0.613900 5.684700 -0.307600
v -0.570500 5.422100 -0.528600
v -0.737200 5.452900 -0.422700
v -0.649300 5.264400 -0.613200
v -0.826200 5.271000 -0.520200
v -0.666000 5.167400 -0.669400
v -0.849800 5.138600 -0.596000
v -0.661100 5.062300 -0.724700
v -0.844900 5.031000 -0.652400
v -0.661000 4.888500 -0.766400
v -0.844400 4.886800 -0.686700
v -0.729400 4.197500 -0.789400
v -0.911000 4.217900 -0.708200
v 0.013100 6.305700 -0.123400
v 0.034700 5.478900 -0.396000
v -0.165200 5.478900 -0.392600
v -0.186800 6.298100 -0.122400
v 0.017900 5.034300 -0.551000
v -0.181600 5.046800 -0.543800
v -0.027700 4.608300 -0.639200
v -0.226100 4.631000 -0.629800
v -0.089400 4.151100 -0.678100
v -0.286600 4.183300 -0.668200
v -0.211000 3.512200 -0.598200
v -0.406100 3.555100 -0.589400
v -0.453000 6.432900 0.151300
v -0.594400 5.897900 -0.094300
v -0.779000 5.897900 -0.017400
v -0.631400 6.455400 0.238900
v -0.627700 5.641000 -0.219200
v -0.813300 5.636200 -0.144700
v -0.675900 5.455700 -0.331100
v -0.856500 5.467600 -0.246000
v -0.743300 5.341800 -0.431800
v -0.916300 5.368300 -0.335000
v -0.816400 5.240600 -0.523900
v -0.992900 5.260300 -0.431900
v -0.932100 4.601100 -0.723600
v -1.113100 4.603300 -0.638600
v -0.429200 6.400800 0.140700
v -0.558600 5.888900 -0.117000
v -0.742800 5.888900 -0.038900
v -0.609000 6.416200 0.226800
v -0.608300 5.602200 -0.260700
v -0.792300 5.603200 -0.182200
v -0.667200 5.418700 -0.374200
v -0.843700 5.440000 -0.282600
v -0.740900 5.319000 -0.463600
v -0.903000 5.361000 -0.354300
v -0.803800 5.264900 -0.523600
v -0.967100 5.305400 -0.415600
v -0.851400 5.166600 -0.576000
v -1.027200 5.181500 -0.482000
v -0.925600 4.586400 -0.727700
v -1.105100 4.581800 -0.639700
v -0.465300 6.411900 0.197200
v -0.588400 5.903400 -0.033400
v -0.773400 5.903400 0.042600
v -0.644200 6.434200 0.283700
v -0.624100 5.669000 -0.152800
v -0.809800 5.665700 -0.078600
v -0.680000 5.484500 -0.284400
v -0.863700 5.488100 -0.205300
v -0.739100 5.356900 -0.407500
v -0.920300 5.365800 -0.323300
v -0.781600 5.294000 -0.486800
v -0.961200 5.306000 -0.399600
v -0.824000 5.181700 -0.557900
v -1.003700 5.193100 -0.470900
v -0.936700 4.604500 -0.722100
v -1.116800 4.614900 -0.635500
v -0.362000 6.413300 0.015100
v -0.551200 5.669000 -0.384100
v -0.716300 5.669000 -0.271300
v -0.535700 6.379500 0.108100
v -0.682600 5.356100 -0.525300
v -0.837700 5.376800 -0.400700
v -0.767100 5.273700 -0.605500
v -0.915700 5.301700 -0.474700
v -0.828100 5.231000 -0.664200
v -0.984000 5.251100 -0.540500
v -0.865500 5.123800 -0.708300
v -1.029800 5.122300 -0.594200
v -0.853600 4.468500 -0.760900
v -1.018500 4.453800 -0.648600
v -0.411300 6.421500 0.109600
v -0.573800 5.678200 -0.310300
v -0.751800 5.678200 -0.219200
v -0.594000 6.400800 0.188100
v -0.674100 5.374900 -0.463600
v -0.840400 5.401700 -0.355800
v -0.751300 5.305300 -0.539300
v -0.901100 5.350300 -0.414600
v -0.815300 5.264000 -0.595600
v -0.971300 5.303000 -0.476600
v -0.862300 5.163900 -0.641500
v -1.031200 5.176900 -0.535200
v -0.912300 4.540400 -0.732900
v -1.083800 4.535300 -0.630200
v -0.396800 6.449800 0.050000
v -0.554300 5.692800 -0.348900
v -0.727000 5.692800 -0.248000
v -0.576000 6.420000 0.133800
v -0.672700 5.370000 -0.496000
v -0.833300 5.397000 -0.379900
v -0.766500 5.280500 -0.581000
v -0.912700 5.323500 -0.451500
v -0.837800 5.236400 -0.640800
v -0.991600 5.272000 -0.517900
v -0.881700 5.136400 -0.685300
v -1.049600 5.141300 -0.576700
v -0.878300 4.509500 -0.753200
v -1.047600 4.492600 -0.648100
v 0.087900 6.382600 -0.136800
v 0.147200 5.797700 -0.252000
v -0.047200 5.797700 -0.298800
v -0.105100 6.367500 -0.187000
v 0.158200 5.477800 -0.372100
v -0.036700 5.489900 -0.415100
v 0.158200 5.097000 -0.501700
v -0.036800 5.112100 -0.543700
v 0.143800 4.689200 -0.590200
v -0.051100 4.705800 -0.631900
v 0.110500 4.264900 -0.611500
v -0.084400 4.280800 -0.653200
v 0.042500 3.572000 -0.533500
v -0.152700 3.584700 -0.574900
v -0.192300 6.420400 -0.122800
v -0.267500 5.648600 -0.395600
v -0.459600 5.648600 -0.339800
v -0.385300 6.402900 -0.073300
v -0.320300 5.263800 -0.570600
v -0.513000 5.257800 -0.517400
v -0.333200 4.996100 -0.687600
v -0.525200 4.997800 -0.631400
v -0.387900 4.638800 -0.760100
v -0.576500 4.665500 -0.699000
v -0.525500 3.876300 -0.729000
v -0.711900 3.915700 -0.668100
v -0.153400 6.377400 -0.100200
v -0.163000 5.779500 -0.290800
v -0.362100 5.779500 -0.272200
v -0.352600 6.374000 -0.082700
v -0.189200 5.311600 -0.499100
v -0.388000 5.318100 -0.477800
v -0.229000 4.921900 -0.661300
v -0.426600 4.939200 -0.635700
v -0.265300 4.704600 -0.729300
v -0.460500 4.736700 -0.699500
v -0.309600 4.510300 -0.754200
v -0.501800 4.555700 -0.722700
v -0.498300 3.762400 -0.696300
v -0.688800 3.814900 -0.665200
v -0.419000 6.494600 0.036700
v -0.559400 5.689700 -0.361500
v -0.735500 5.689700 -0.266600
v -0.600500 6.464500 0.115300
v -0.664100 5.362100 -0.498800
v -0.826000 5.395300 -0.386100
v -0.754000 5.285600 -0.574800
v -0.896600 5.339100 -0.445100
v -0.828700 5.241500 -0.632200
v -0.980700 5.286400 -0.510300
v -0.876200 5.142900 -0.676300
v -1.045700 5.152600 -0.570500
v -0.881300 4.518300 -0.751700
v -1.053100 4.502000 -0.650500
v -0.326900 6.462500 -0.069300
v -0.401200 5.963400 -0.303800
v -0.572100 5.963400 -0.200000
v -0.503400 6.427200 0.017800
v -0.505200 5.662500 -0.408300
v -0.668100 5.687300 -0.294900
v -0.602700 5.449700 -0.486800
v -0.764400 5.477200 -0.372500
v -0.668600 5.313400 -0.552400
v -0.836800 5.327200 -0.445200
v -0.710800 5.225500 -0.622100
v -0.886800 5.222400 -0.527200
v -0.742800 5.145900 -0.695200
v -0.920700 5.137300 -0.604300
v -0.765500 5.001000 -0.749500
v -0.942300 4.999400 -0.655800
v -0.791800 4.316500 -0.771700
v -0.968200 4.321400 -0.677500
v -0.365900 6.471600 -0.011800
v -0.420900 6.058100 -0.264600
v -0.605100 6.058100 -0.186800
v -0.554200 6.443200 0.049200
v -0.529800 5.654100 -0.411700
v -0.708000 5.677300 -0.323900
v -0.636900 5.363500 -0.528100
v -0.806300 5.406700 -0.431000
v -0.729800 5.255800 -0.613100
v -0.884600 5.317400 -0.502500
v -0.801400 5.204500 -0.674500
v -0.964200 5.257300 -0.570900
v -0.843400 5.101500 -0.714600
v -1.022400 5.116100 -0.626600
v -0.837100 4.440600 -0.751400
v -1.017700 4.428700 -0.666300
v -0.308600 6.463700 -0.087400
v -0.361900 5.941600 -0.307100
v -0.538100 5.941600 -0.212500
v -0.488700 6.430500 -0.007000
v -0.454600 5.668500 -0.414900
v -0.621800 5.696000 -0.308700
v -0.577500 5.444800 -0.521900
v -0.742200 5.477700 -0.413200
v -0.659600 5.285900 -0.605400
v -0.834900 5.294500 -0.509500
v -0.679500 5.184300 -0.664000
v -0.862200 5.158400 -0.587000
v -0.677700 5.074400 -0.722200
v -0.860600 5.045400 -0.646700
v -0.679800 4.898600 -0.765600
v -0.861900 4.897300 -0.683000
v -0.747100 4.212700 -0.786000
v -0.927500 4.233200 -0.702000
v -0.169900 6.442700 -0.129600
v -0.166600 5.516000 -0.426900
v -0.365900 5.516000 -0.410300
v -0.369100 6.431700 -0.116600
v -0.189500 5.158800 -0.569300
v -0.388400 5.166900 -0.549600
v -0.215000 4.887500 -0.670000
v -0.412300 4.909600 -0.645700
v -0.280500 4.556900 -0.734200
v -0.474000 4.599000 -0.706400
v -0.488100 3.751500 -0.696700
v -0.678600 3.805700 -0.669200
v -0.075100 6.384000 -0.137300
v -0.107800 5.389400 -0.462400
v -0.305500 5.389400 -0.431800
v -0.272800 6.382400 -0.107200
v -0.147400 4.863800 -0.655700
v -0.343600 4.879700 -0.620100
v -0.224300 4.453000 -0.734500
v -0.416000 4.493900 -0.694700
v -0.431300 3.672700 -0.683900
v -0.618500 3.731400 -0.644800
v -0.120600 6.408200 -0.124200
v -0.120100 5.790700 -0.293200
v -0.319900 5.790700 -0.284800
v -0.320500 6.405600 -0.116500
v -0.134500 5.314600 -0.487200
v -0.334100 5.321600 -0.476100
v -0.170300 4.889800 -0.651200
v -0.368300 4.912900 -0.634600
v -0.245600 4.504900 -0.728000
v -0.439800 4.548300 -0.707800
v -0.459300 3.701500 -0.681800
v -0.650300 3.757700 -0.662000
v -0.068400 6.429200 -0.152500
v -0.075500 5.754700 -0.325500
v -0.274900 5.754700 -0.310900
v -0.267900 6.428500 -0.138100
v -0.093000 5.265200 -0.507600
v -0.292200 5.271900 -0.490700
v -0.131800 4.850800 -0.655100
v -0.329300 4.873600 -0.633100
v -0.209200 4.456300 -0.728800
v -0.402700 4.499700 -0.703400
v -0.421300 3.667100 -0.679300
v -0.611100 3.725200 -0.654600
v 0.040500 6.455600 -0.190900
v 0.065000 5.803900 -0.308200
v -0.135000 5.803900 -0.311200
v -0.159200 6.444600 -0.195900
v 0.050000 5.324200 -0.455000
v -0.149700 5.335200 -0.455100
v 0.014600 4.872200 -0.587600
v -0.184300 4.893400 -0.584900
v -0.046400 4.438400 -0.663200
v -0.243600 4.471200 -0.658700
v -0.202400 3.636800 -0.632900
v -0.398000 3.678300 -0.628700
v 0.067100 6.482300 -0.210700
v 0.103900 5.853700 -0.289800
v -0.095000 5.853700 -0.310100
v -0.131100 6.467800 -0.233000
v 0.095300 5.341200 -0.441200
v -0.103600 5.352900 -0.458600
v 0.073200 4.895800 -0.568100
v -0.125300 4.914500 -0.583600
v 0.045800 4.623600 -0.622400
v -0.151900 4.650300 -0.636400
v 0.007400 4.365100 -0.644200
v -0.189700 4.396000 -0.657900
v -0.109400 3.650400 -0.600500
v -0.306500 3.681400 -0.614200
v 0.088100 6.453200 -0.179400
v 0.144900 5.825000 -0.263100
v -0.050000 5.825000 -0.308100
v -0.105200 6.434600 -0.227100
v 0.152300 5.316700 -0.430900
v -0.043000 5.330200 -0.472300
v 0.144100 4.874700 -0.564900
v -0.051000 4.893100 -0.604900
v 0.124800 4.603200 -0.613000
v -0.069900 4.626000 -0.652200
v 0.094000 4.344900 -0.623200
v -0.100700 4.367900 -0.662400
v 0.002400 3.629600 -0.554700
v -0.192800 3.649500 -0.593700
v -0.225700 7.602300 1.106100
v 0.007900 7.435200 1.500000
v 0.141700 7.435200 1.351300
v -0.033700 7.658100 1.110200
v 0.112300 7.367700 1.575900
v 0.222000 7.383100 1.409300
v 0.214900 7.283500 1.622400
v 0.296500 7.322000 1.444000
v 0.371700 7.122200 1.629900
v 0.418100 7.196700 1.450200
v 0.786400 6.616000 1.424200
v 0.808600 6.719000 1.254200
v -0.200100 7.690200 1.088800
v 0.058000 7.430400 1.468200
v 0.187200 7.489200 1.308800
v -0.008500 7.747700 1.087300
v 0.164400 7.376400 1.538500
v 0.276100 7.443900 1.367400
v 0.262100 7.318400 1.581100
v 0.355900 7.385300 1.406500
v 0.439400 7.195000 1.607400
v 0.485300 7.255800 1.422500
v 0.795300 6.656300 1.424400
v 0.820000 6.747700 1.248300
v 0.076500 7.399000 1.496800
v 0.218400 7.266500 1.581800
v 0.312100 7.298000 1.407900
v 0.204100 7.399000 1.342900
v 0.386800 7.080200 1.599700
v 0.442500 7.153100 1.422000
v 0.766700 6.614200 1.424800
v 0.797100 6.717600 1.256300
v -0.083100 7.513000 1.324900
v 0.071600 7.493500 1.199600
v -0.654100 7.031300 0.765100
v -0.809000 6.580200 0.806000
v -0.716100 6.580200 0.983100
v -0.567300 7.010300 0.944000
v -0.798900 6.391200 0.816500
v -0.706300 6.413300 0.992400
v -0.705800 6.041200 0.826000
v -0.614600 6.069900 1.001700
v -0.604100 5.635200 0.838700
v -0.513100 5.664900 1.014300
v -0.562500 5.267300 0.882400
v -0.473100 5.309400 1.056300
v -0.524800 4.512200 1.096500
v -0.436700 4.574300 1.264900
v -0.711100 6.968300 0.805500
v -0.822800 6.452400 0.836200
v -0.629000 6.452400 0.885500
v -0.528900 6.905100 0.858400
v -0.729200 5.962600 0.849700
v -0.538900 6.001300 0.897600
v -0.641100 5.513300 0.865400
v -0.449400 5.543400 0.913800
v -0.615700 5.155900 0.918700
v -0.423500 5.181000 0.968000
v -0.578900 4.488500 1.175800
v -0.387300 4.522700 1.221800
v -0.653700 6.985200 0.778700
v -0.797200 6.545600 0.814400
v -0.705000 6.545600 0.991800
v -0.567200 6.964000 0.957800
v -0.785500 6.363700 0.823400
v -0.693700 6.385700 0.999800
v -0.698800 6.048800 0.830700
v -0.608400 6.077100 1.006900
v -0.600000 5.656200 0.841400
v -0.509400 5.683400 1.017500
v -0.555200 5.301200 0.872600
v -0.466300 5.340800 1.047300
v -0.517100 4.513500 1.091600
v -0.429500 4.573400 1.261200
v -0.638400 7.171700 0.842800
v -0.815900 6.675500 0.915600
v -0.698400 6.675500 1.077500
v -0.528200 7.147600 1.008000
v -0.812800 6.489000 0.933000
v -0.694900 6.516600 1.092200
v -0.768700 6.317200 0.941600
v -0.652400 6.352900 1.100400
v -0.687700 6.005900 0.947700
v -0.570100 6.035800 1.106700
v -0.605500 5.451800 0.978500
v -0.488300 5.484300 1.137300
v -0.507100 4.478700 1.143200
v -0.392200 4.528700 1.299100
v -0.631600 7.162700 0.894200
v -0.786500 6.715900 0.980300
v -0.649400 6.715900 1.125900
v -0.502300 7.137100 1.044600
v -0.788000 6.539100 1.003600
v -0.650000 6.566800 1.145600
v -0.744700 6.329200 1.017100
v -0.608000 6.365000 1.158600
v -0.666400 6.021200 1.015700
v -0.529400 6.055700 1.157200
v -0.587100 5.653400 1.029200
v -0.451200 5.693100 1.170500
v -0.519500 5.300800 1.076300
v -0.386600 5.352700 1.216400
v -0.295000 4.694500 1.122800
v -0.165500 4.756500 1.262100
v -0.427300 7.453900 1.120400
v -0.551200 7.278300 1.291800
v -0.384500 7.278300 1.402200
v -0.267000 7.444600 1.239600
v -0.597400 7.139800 1.371000
v -0.428700 7.145400 1.478200
v -0.610700 7.038400 1.397700
v -0.442600 7.038500 1.506100
v -0.600300 6.883200 1.373400
v -0.432300 6.862500 1.480000
v -0.606500 6.329300 1.195600
v -0.438900 6.284300 1.295000
v -0.368700 7.461200 1.166900
v -0.559400 7.179000 1.430000
v -0.381900 7.179000 1.522200
v -0.182300 7.472800 1.260600
v -0.562600 7.046700 1.468600
v -0.382800 7.073000 1.552300
v -0.545200 6.958500 1.466100
v -0.363500 6.966300 1.549300
v -0.538100 6.842600 1.424800
v -0.354000 6.818600 1.499300
v -0.546600 6.496400 1.287600
v -0.362500 6.467300 1.360200
v -0.402100 7.505300 1.162600
v -0.440700 7.391600 1.406700
v -0.241900 7.391600 1.428400
v -0.204800 7.499600 1.195000
v -0.444200 7.278600 1.496700
v -0.244900 7.287100 1.511200
v -0.440400 7.160800 1.536200
v -0.241200 7.159700 1.554000
v -0.447500 7.052400 1.537600
v -0.251300 7.018600 1.555900
v -0.477400 6.937800 1.502500
v -0.286000 6.881200 1.514900
v -0.537000 6.728700 1.402300
v -0.343500 6.680300 1.418000
v -0.623600 6.173200 1.229400
v -0.426700 6.146900 1.251800
v -0.521700 7.409700 1.052600
v -0.653500 7.219000 1.221300
v -0.473200 7.219000 1.307800
v -0.364400 7.372400 1.170400
v -0.656600 7.053700 1.292600
v -0.472800 7.079300 1.367200
v -0.653100 6.915100 1.325100
v -0.469900 6.913300 1.405300
v -0.666700 6.802700 1.319100
v -0.486600 6.766600 1.398200
v -0.687300 6.663100 1.282400
v -0.506900 6.629900 1.362100
v -0.684600 6.431100 1.221400
v -0.504500 6.425500 1.308100
v -0.621300 6.025400 1.134600
v -0.445400 6.047600 1.227100
v -0.459000 7.414500 1.111300
v -0.568500 7.279900 1.242700
v -0.401300 7.279900 1.352400
v -0.305200 7.396500 1.237800
v -0.591700 7.187000 1.295200
v -0.419500 7.203200 1.395700
v -0.600000 7.092700 1.326400
v -0.429300 7.095900 1.430600
v -0.611200 6.874200 1.320600
v -0.442100 6.852200 1.425100
v -0.645800 6.261000 1.183600
v -0.477600 6.222200 1.284600
v -0.485300 7.456900 1.075000
v -0.602000 7.294300 1.232700
v -0.429000 7.294300 1.332900
v -0.324200 7.438500 1.192100
v -0.623800 7.175100 1.292900
v -0.447000 7.190100 1.385300
v -0.630900 7.037700 1.329400
v -0.455400 7.037200 1.425200
v -0.641200 6.744600 1.297800
v -0.466000 6.727000 1.392800
v -0.623000 6.131000 1.141000
v -0.448100 6.121000 1.237600
v -0.657100 7.066400 0.885100
v -0.805100 6.566400 0.941400
v -0.645800 6.566400 1.062300
v -0.512100 7.012100 1.011600
v -0.728200 6.120800 0.958400
v -0.571300 6.157000 1.077100
v -0.610500 5.576800 0.987300
v -0.456000 5.623800 1.105300
v -0.352600 4.613900 1.093300
v -0.202500 4.676500 1.209800
v -0.667200 7.020300 0.877700
v -0.805200 6.523300 0.923700
v -0.641900 6.523300 1.039100
v -0.518400 6.962600 0.998200
v -0.719900 6.048900 0.940500
v -0.559400 6.085900 1.053900
v -0.598000 5.471800 0.974100
v -0.439400 5.518000 1.086900
v -0.395100 4.599700 1.094400
v -0.240500 4.661800 1.205100
v -0.446000 7.341700 1.134600
v -0.557100 7.214900 1.253500
v -0.392600 7.214900 1.367300
v -0.299600 7.318900 1.269000
v -0.578800 7.128700 1.304900
v -0.407600 7.150100 1.405900
v -0.584800 7.046300 1.335000
v -0.414500 7.059200 1.439000
v -0.589900 6.953700 1.344900
v -0.421200 6.937800 1.451200
v -0.622300 6.294900 1.185900
v -0.454600 6.260000 1.289100
v -0.483200 7.299800 1.108700
v -0.594600 7.167900 1.224200
v -0.436000 7.167900 1.346000
v -0.339400 7.279400 1.246200
v -0.605900 7.020200 1.260700
v -0.446900 7.021800 1.382000
v -0.627600 6.765300 1.258600
v -0.469800 6.746400 1.380100
v -0.629600 6.151600 1.141900
v -0.471800 6.134800 1.263700
v -0.431000 7.313100 1.161200
v -0.552300 7.142900 1.298200
v -0.390900 7.142900 1.416400
v -0.281400 7.294200 1.292600
v -0.568100 7.052700 1.331200
v -0.407400 7.050300 1.450200
v -0.582600 6.859600 1.319900
v -0.423200 6.838800 1.438800
v -0.563800 6.366700 1.198600
v -0.404400 6.345900 1.317500
v -0.545200 7.287900 1.072800
v -0.636100 7.101100 1.212000
v -0.456900 7.101100 1.300800
v -0.374900 7.268100 1.175700
v -0.648700 6.959600 1.263700
v -0.467900 6.969800 1.348500
v -0.655300 6.825300 1.287200
v -0.475900 6.815000 1.375000
v -0.672900 6.628600 1.262500
v -0.494500 6.602500 1.349000
v -0.681000 6.346600 1.196500
v -0.502900 6.342900 1.287400
v -0.603800 5.961500 1.128100
v -0.432500 5.995800 1.225600
v -0.572300 7.213200 1.043800
v -0.646200 6.973900 1.181600
v -0.486600 6.973900 1.302100
v -0.405600 7.236500 1.152000
v -0.679100 6.828600 1.203800
v -0.524200 6.807500 1.328600
v -0.709700 6.627900 1.198800
v -0.555400 6.602500 1.323500
v -0.719200 6.430700 1.172800
v -0.564600 6.418700 1.299100
v -0.693800 6.253300 1.142700
v -0.542900 6.269800 1.273000
v -0.623600 6.016200 1.123300
v -0.483700 6.068300 1.256500
v -0.435600 5.655500 1.130500
v -0.314800 5.744200 1.262900
v -0.523900 7.264900 1.102400
v -0.614400 7.104200 1.223800
v -0.437100 7.104200 1.316500
v -0.359900 7.238800 1.213800
v -0.624200 6.986100 1.271700
v -0.444300 7.002200 1.357500
v -0.627600 6.876600 1.295100
v -0.449400 6.866900 1.385500
v -0.654300 6.669300 1.273000
v -0.476800 6.648200 1.362700
v -0.613800 6.063300 1.125600
v -0.438400 6.070300 1.221400
v -0.358400 7.349700 1.225200
v -0.474000 7.172100 1.435100
v -0.289000 7.172100 1.511200
v -0.181800 7.332200 1.317400
v -0.471700 7.066900 1.454800
v -0.286100 7.074000 1.528900
v -0.376200 7.375400 1.212500
v -0.480000 7.207400 1.455100
v -0.291500 7.207400 1.522100
v -0.192700 7.364700 1.291400
v -0.481900 7.062900 1.483800
v -0.293100 7.066800 1.549600
v -0.478200 6.927200 1.469800
v -0.290000 6.900700 1.532000
v -0.494700 6.792600 1.403500
v -0.311500 6.724300 1.445800
v -0.391200 7.340800 1.166000
v -0.509100 7.201200 1.282600
v -0.362600 7.201200 1.418800
v -0.255500 7.327500 1.312400
v -0.554900 7.081200 1.338500
v -0.409200 7.078900 1.475500
v -0.568100 6.903900 1.338100
v -0.424600 6.882600 1.475800
v -0.551200 6.423100 1.208400
v -0.407500 6.386200 1.342600
v -0.470700 6.946800 1.445400
v -0.284900 6.946500 1.519300
v -0.443800 6.781200 1.430700
v -0.297200 6.893300 1.507700
v -0.232900 6.686400 1.474500
v -0.221700 6.879300 1.526000
v -0.194400 7.561000 1.146500
v -0.010700 7.306000 1.525100
v 0.114800 7.306000 1.369300
v 0.004500 7.540900 1.152700
v 0.149100 7.140900 1.618100
v 0.249600 7.165700 1.446900
v 0.330300 6.942600 1.666900
v 0.383700 7.017000 1.489100
v 0.718700 6.561400 1.454300
v 0.723900 6.683700 1.296100
v -0.279800 7.627300 1.115600
v -0.013900 7.367500 1.536200
v 0.099800 7.367500 1.371700
v -0.114500 7.729600 1.068800
v 0.104300 7.318800 1.601200
v 0.189700 7.330000 1.420800
v -0.169500 7.654400 1.082600
v 0.014100 7.244700 1.587700
v 0.137700 7.244700 1.430500
v 0.024900 7.626300 1.044700
v 0.144300 7.105000 1.642400
v 0.217800 7.157000 1.463800
v 0.389800 6.831900 1.587200
v 0.427000 6.923900 1.413600
v 0.218200 7.248100 1.638900
v 0.273600 7.278300 1.449100
v 0.401400 7.084400 1.637600
v 0.420200 7.146600 1.448500
v 0.807100 6.610000 1.429000
v 0.798000 6.703700 1.252500
v -0.137600 7.514000 1.205900
v 0.057600 7.252000 1.569800
v 0.190400 7.252000 1.420300
v 0.058600 7.486900 1.178300
v 0.168700 7.118600 1.627600
v 0.256200 7.171100 1.455600
v 0.387200 6.861300 1.582700
v 0.438600 6.956400 1.414400
v -0.538600 7.149400 1.117900
v -0.599400 7.003000 1.210200
v -0.437500 7.003000 1.327600
v -0.374300 7.155700 1.231800
v -0.619700 6.865800 1.232000
v -0.460800 6.851000 1.352400
v -0.649100 6.606100 1.216900
v -0.490200 6.590900 1.337400
v -0.595500 6.007400 1.119600
v -0.438900 6.017200 1.243600
v -0.549700 7.096700 1.113400
v -0.599800 6.928200 1.196100
v -0.449800 6.928200 1.328400
v -0.391900 7.124000 1.233200
v -0.630700 6.772900 1.209600
v -0.485300 6.749800 1.345000
v -0.659100 6.519300 1.185600
v -0.513000 6.507000 1.321600
v -0.579800 5.943000 1.121700
v -0.437900 5.965000 1.260900
v -0.413200 7.206600 1.198200
v -0.532700 7.051800 1.303400
v -0.391600 7.051800 1.445100
v -0.283400 7.190000 1.349500
v -0.546900 6.975500 1.323400
v -0.410200 6.960500 1.468700
v -0.566400 6.850600 1.306000
v -0.433600 6.809200 1.449700
v -0.583200 6.651600 1.261800
v -0.450500 6.610100 1.405500
v -0.577800 6.370000 1.178800
v -0.445100 6.320900 1.320100
v -0.389800 7.254900 1.237700
v -0.486900 7.113600 1.419900
v -0.304200 7.113600 1.501300
v -0.215800 7.239800 1.335200
v -0.495200 7.000700 1.456400
v -0.314000 6.991700 1.540500
v -0.499300 6.734600 1.365700
v -0.319100 6.695200 1.443000
v -0.304800 7.722700 1.005600
v -0.069500 7.220700 1.605500
v 0.056100 7.220700 1.449900
v -0.108600 7.733600 1.043100
v 0.067200 7.106000 1.674300
v 0.137700 7.151400 1.492800
v 0.364400 6.791400 1.609300
v 0.396000 6.876300 1.431100
v -0.338000 7.408600 1.178900
v -0.430200 7.133900 1.419300
v -0.258800 7.133900 1.522400
v -0.167700 7.406700 1.283700
v -0.447200 6.999300 1.449800
v -0.274900 7.004600 1.551300
v -0.439100 6.867300 1.449200
v -0.270200 6.898000 1.551900
v -0.349900 6.729300 1.380200
v -0.195500 6.786300 1.493900
v -0.327900 7.450800 1.006600
v -0.414600 7.245900 1.306700
v -0.250800 7.269700 1.418900
v -0.162500 7.477000 1.115900
v -0.432900 7.113600 1.360700
v -0.267600 7.148900 1.467600
v -0.352300 6.836000 1.364000
v -0.192900 6.894600 1.469700
v -0.312800 7.617400 1.087300
v -0.144000 7.330000 1.607400
v -0.031900 7.330000 1.441700
v -0.131700 7.701400 1.100300
v 0.134600 7.119200 1.667400
v 0.190300 7.160900 1.479900
v 0.414400 6.835200 1.600600
v 0.431200 6.914500 1.417800
v -0.279300 7.649500 1.094200
v -0.007500 7.174800 1.587000
v 0.104500 7.174800 1.421400
v -0.082500 7.684600 1.086700
v 0.131100 7.041600 1.644600
v 0.196000 7.085100 1.460600
v 0.363100 6.798100 1.600800
v 0.385400 6.885700 1.422400
v -0.335000 7.614000 1.048000
v -0.047700 7.327300 1.579400
v 0.071600 7.303900 1.418900
v -0.165200 7.687000 1.091600
v 0.072900 7.178400 1.632000
v 0.144300 7.226600 1.451500
v 0.313600 6.914000 1.580800
v 0.349400 7.000900 1.404200
v -0.153700 7.844000 0.522400
v 0.097500 7.888900 -0.008700
v -0.075000 7.888900 -0.110000
v -0.339200 7.843200 0.447600
v 0.229200 7.809500 -0.191900
v 0.079100 7.798600 -0.323500
v 0.327000 7.736100 -0.274500
v 0.215600 7.699000 -0.436400
v 0.386400 7.697800 -0.291500
v 0.334000 7.625400 -0.470400
v 0.428900 7.679300 -0.286600
v 0.440800 7.578100 -0.458700
v 0.471300 7.667700 -0.266900
v 0.538100 7.548900 -0.413300
v 0.576300 7.643100 -0.168900
v 0.659000 7.519600 -0.302700
v 0.744700 7.572200 -0.015800
v 0.800200 7.461200 -0.172600
v 0.895400 7.455800 0.080400
v 0.912100 7.375100 -0.101800
v 1.017900 7.305300 0.130300
v 1.011000 7.254200 -0.062900
v 1.124300 7.077900 0.169500
v 1.109600 7.045100 -0.027200
v 1.168900 6.476300 0.244500
v 1.152700 6.455600 0.046200
v -0.070800 6.151200 -0.085000
v -0.078600 5.458100 -0.404700
v -0.278500 5.458100 -0.397900
v -0.270600 6.155200 -0.076400
v -0.085000 5.156700 -0.547200
v -0.284400 5.166900 -0.536000
v -0.109100 4.962900 -0.615000
v -0.306900 4.987700 -0.598500
v -0.147000 4.748000 -0.671900
v -0.343500 4.780600 -0.653300
v -0.192200 4.521200 -0.716200
v -0.387000 4.561700 -0.696200
v -0.245600 4.300900 -0.726700
v -0.437900 4.351800 -0.706200
v -0.424600 3.661500 -0.655000
v -0.615100 3.719100 -0.635100
v -0.045900 6.069000 -0.100700
v -0.041400 5.419200 -0.411300
v -0.241200 5.419200 -0.403700
v -0.245700 6.066200 -0.094300
v -0.055800 5.082000 -0.562300
v -0.254700 5.097200 -0.548500
v -0.109000 4.740400 -0.649700
v -0.305600 4.772700 -0.631300
v -0.193200 4.332800 -0.698700
v -0.386900 4.378400 -0.678900
v -0.383500 3.622000 -0.639800
v -0.574400 3.678400 -0.620600
v -0.097800 6.074800 -0.076600
v -0.123100 5.511000 -0.371400
v -0.322900 5.511000 -0.361600
v -0.296900 6.085600 -0.061200
v -0.125200 5.251100 -0.511700
v -0.324500 5.259700 -0.497600
v -0.165400 4.965100 -0.621300
v -0.362200 4.992900 -0.599900
v -0.243900 4.586700 -0.708200
v -0.437500 4.630500 -0.683600
v -0.472800 3.729900 -0.667200
v -0.663300 3.785600 -0.642700
v -0.234400 7.370700 -0.280200
v -0.184800 6.849400 -0.642600
v -0.381300 6.849400 -0.680100
v -0.431600 7.378300 -0.312800
v -0.163000 6.488400 -0.698600
v -0.358500 6.475700 -0.738900
v -0.130100 6.135800 -0.685000
v -0.324800 6.114700 -0.725500
v -0.090100 5.796900 -0.687900
v -0.285300 5.780100 -0.728000
v -0.044400 5.409500 -0.808500
v -0.240500 5.399700 -0.846500
v 0.059800 4.807300 -1.218700
v -0.136300 4.797400 -1.256700
v -0.180000 7.449800 -0.265600
v -0.108100 7.042800 -0.643600
v -0.302100 7.042800 -0.692400
v -0.375400 7.458600 -0.307200
v -0.085700 6.848000 -0.699100
v -0.277900 6.834100 -0.752600
v -0.038500 6.427000 -0.705500
v -0.229400 6.402500 -0.759900
v 0.045700 5.880300 -0.714300
v -0.144200 5.850000 -0.769000
v 0.139700 5.440900 -0.782100
v -0.052800 5.423800 -0.834000
v 0.226900 4.871700 -1.119800
v 0.030700 4.879000 -1.158200
v -0.188300 6.704600 -0.299400
v -0.123700 6.182500 -0.541000
v -0.320800 6.182500 -0.574600
v -0.384400 6.693600 -0.337400
v -0.129100 6.030100 -0.545100
v -0.325900 6.044200 -0.578000
v -0.154000 5.867500 -0.497700
v -0.350100 5.887800 -0.531800
v -0.180000 5.681100 -0.459700
v -0.376300 5.699300 -0.493400
v -0.193600 5.507500 -0.463400
v -0.390200 5.522600 -0.497200
v -0.199700 5.289900 -0.518100
v -0.396200 5.307300 -0.551400
v -0.216300 4.977300 -0.616900
v -0.412300 5.002300 -0.648100
v -0.259700 4.595500 -0.707200
v -0.455100 4.625600 -0.737400
v -0.365000 3.927400 -0.710000
v -0.560400 3.957900 -0.740200
v -0.133700 6.755400 -0.332100
v -0.053600 6.250800 -0.581900
v -0.242900 6.250800 -0.646400
v -0.323300 6.757500 -0.395600
v -0.049100 6.100400 -0.591200
v -0.238400 6.097900 -0.655900
v -0.061300 5.894700 -0.545200
v -0.250500 5.893400 -0.610000
v -0.073000 5.654500 -0.513500
v -0.261800 5.660700 -0.579000
v -0.079300 5.333600 -0.553500
v -0.267800 5.350000 -0.618200
v -0.096000 4.918500 -0.640100
v -0.284000 4.944600 -0.703000
v -0.130900 4.568700 -0.710000
v -0.318400 4.599600 -0.772200
v -0.229400 3.969900 -0.709600
v -0.417000 4.000200 -0.771700
v -0.129900 6.658100 -0.324600
v -0.075800 6.082400 -0.524400
v -0.273900 6.082400 -0.497300
v -0.325600 6.620200 -0.308600
v -0.111800 5.793000 -0.507700
v -0.307800 5.821500 -0.479600
v -0.141800 5.584200 -0.490300
v -0.338900 5.602600 -0.461900
v -0.149400 5.422100 -0.506200
v -0.347600 5.418800 -0.480000
v -0.142400 5.209000 -0.566000
v -0.340700 5.199700 -0.541100
v -0.146000 4.916700 -0.653800
v -0.343700 4.923800 -0.624600
v -0.194400 4.545600 -0.722200
v -0.389600 4.574100 -0.689500
v -0.329200 3.839200 -0.718900
v -0.522000 3.880900 -0.686100
v -0.170400 7.806400 0.251400
v 0.115800 7.747700 -0.233500
v -0.035300 7.747700 -0.364600
v -0.350700 7.813200 0.165100
v 0.240800 7.696500 -0.331100
v 0.130900 7.679100 -0.497200
v 0.361600 7.627000 -0.384000
v 0.272600 7.596400 -0.560500
v 0.522200 7.466400 -0.429600
v 0.436300 7.432600 -0.607100
v 0.641200 7.260300 -0.449700
v 0.563100 7.214200 -0.628000
v 0.711200 7.105900 -0.426400
v 0.655100 7.019900 -0.598000
v 0.764900 7.030300 -0.388600
v 0.744800 6.897100 -0.536500
v 0.806600 7.002400 -0.355700
v 0.832700 6.836900 -0.464900
v 0.893600 6.985400 -0.266300
v 0.947600 6.810900 -0.347700
v 1.019600 6.962800 -0.123100
v 1.060700 6.792200 -0.219100
v 1.091200 6.906700 -0.030100
v 1.096000 6.767400 -0.173500
v 1.141700 6.770400 0.055500
v 1.123200 6.693200 -0.128000
v 1.130500 6.268300 0.169200
v 1.110900 6.241300 -0.028000
v 0.014900 6.271900 -0.116200
v 0.037700 5.450000 -0.401800
v -0.162300 5.450000 -0.400700
v -0.185000 6.265400 -0.117200
v 0.023800 5.006200 -0.556600
v -0.175900 5.017700 -0.552000
v -0.016300 4.579300 -0.637900
v -0.215200 4.599600 -0.631600
v -0.070300 4.120400 -0.668700
v -0.268000 4.150100 -0.661900
v -0.186700 3.480600 -0.582400
v -0.382200 3.522200 -0.577000
v -0.159700 7.652700 1.208900
v 0.394200 7.798300 1.179300
v 0.376700 7.798300 0.980000
v -0.167400 7.654500 1.009000
v 0.527900 7.761500 1.162900
v 0.499000 7.764300 0.965000
v 0.630300 7.679600 1.143400
v 0.593000 7.688600 0.947100
v 0.785500 7.477400 1.097400
v 0.742000 7.494000 0.902900
v 0.926300 7.233100 1.038400
v 0.879600 7.255500 0.845200
v 1.006800 6.965900 0.984500
v 0.961000 6.985400 0.790800
v 1.062400 6.522500 0.939200
v 1.018000 6.531100 0.744300
v 1.031600 5.753300 0.934400
v 0.987000 5.753300 0.739500
v -0.578200 6.926000 0.003700
v -0.749600 6.497100 -0.180400
v -0.920400 6.497100 -0.076500
v -0.738200 6.955400 0.120200
v -0.764800 6.145100 -0.277400
v -0.938600 6.116000 -0.182900
v -0.746500 5.833700 -0.375300
v -0.919400 5.785900 -0.286900
v -0.722800 5.641400 -0.455600
v -0.894900 5.585000 -0.370700
v -0.712200 5.514300 -0.516700
v -0.885100 5.480100 -0.422100
v -0.738900 5.342300 -0.580500
v -0.905400 5.351300 -0.470000
v -0.957900 4.740400 -0.730100
v -1.115100 4.777200 -0.612100
v -0.119300 7.852600 0.552400
v 0.162200 7.906600 0.036400
v -0.004300 7.906600 -0.074400
v -0.300000 7.851600 0.466600
v 0.302300 7.822400 -0.137300
v 0.159600 7.811000 -0.276900
v 0.403200 7.744300 -0.212300
v 0.300000 7.705200 -0.379100
v 0.463100 7.703500 -0.225300
v 0.418600 7.627500 -0.404900
v 0.505900 7.683800 -0.217500
v 0.525200 7.577400 -0.385800
v 0.550200 7.671000 -0.192900
v 0.621000 7.547000 -0.332900
v 0.653700 7.643900 -0.086500
v 0.741400 7.514700 -0.211500
v 0.785800 7.590700 0.052400
v 0.844900 7.475400 -0.099900
v 0.894800 7.494600 0.127900
v 0.911700 7.415000 -0.054800
v 1.007300 7.354500 0.174200
v 0.997400 7.309700 -0.020400
v 1.090400 7.178800 0.190500
v 1.070700 7.154200 -0.007000
v 1.158900 6.920600 0.212800
v 1.139200 6.895500 0.015400
v 1.167100 6.426000 0.281400
v 1.147600 6.398600 0.084300
v 0.060500 6.225200 -0.112800
v 0.108000 5.364300 -0.426600
v -0.092000 5.364300 -0.432900
v -0.138700 6.211800 -0.123700
v 0.096200 5.000000 -0.552200
v -0.103600 5.009600 -0.555600
v 0.074700 4.603700 -0.614400
v -0.124900 4.615700 -0.617300
v 0.043600 4.117900 -0.627500
v -0.155800 4.132900 -0.630400
v -0.017400 3.430100 -0.528600
v -0.216500 3.449500 -0.532000
v 0.036600 6.281000 -0.118500
v 0.071300 5.434000 -0.403700
v -0.128600 5.434000 -0.409700
v -0.163000 6.273700 -0.126800
v 0.062100 4.989600 -0.555200
v -0.137500 5.000700 -0.557800
v 0.033800 4.645200 -0.625800
v -0.165400 4.663100 -0.626900
v 0.007800 4.374100 -0.653300
v -0.191100 4.394500 -0.654200
v -0.021300 4.105900 -0.648800
v -0.219700 4.131100 -0.649800
v -0.112400 3.483200 -0.561300
v -0.310000 3.514500 -0.563100
v 0.086300 6.271000 -0.115900
v 0.150500 5.398400 -0.409500
v -0.048600 5.398400 -0.428300
v -0.111900 6.257500 -0.138900
v 0.146700 5.002500 -0.543800
v -0.052400 5.010900 -0.560200
v 0.133600 4.607200 -0.609100
v -0.065500 4.617000 -0.625200
v 0.111100 4.154900 -0.618200
v -0.087900 4.166300 -0.634200
v 0.060300 3.472500 -0.523600
v -0.138500 3.486200 -0.540000
v 0.025600 6.076900 -0.119400
v 0.058200 4.971400 -0.561500
v -0.140800 4.971400 -0.541200
v -0.173100 6.058300 -0.105900
v 0.026200 4.603500 -0.635200
v -0.171900 4.617800 -0.611800
v 0.002800 4.341900 -0.653800
v -0.195100 4.358600 -0.630200
v -0.021800 4.047400 -0.642500
v -0.219100 4.070500 -0.619100
v -0.105800 3.388800 -0.533900
v -0.302000 3.420900 -0.511900
v -0.554800 7.707100 0.427500
v -0.829100 7.633600 0.835400
v -0.716300 7.633600 1.000500
v -0.388900 7.732900 0.536200
v -0.829200 7.630300 0.833400
v -0.815600 7.536800 1.009700
v -0.850800 7.589500 0.782500
v -0.874700 7.437100 0.909700
v -0.874700 7.505400 0.653700
v -0.901200 7.344900 0.770000
v -0.889700 7.408700 0.526800
v -0.910900 7.276700 0.675600
v -0.915200 7.261300 0.437200
v -0.925500 7.192900 0.624900
v -0.954700 7.047800 0.399800
v -0.954700 7.042200 0.599700
v -0.980400 6.802900 0.426500
v -0.978400 6.824700 0.625300
v -0.935900 6.430900 0.466300
v -0.933300 6.443000 0.665900
v -0.816200 5.530800 0.477000
v -0.812000 5.525200 0.676800
v -0.524100 7.640000 0.399700
v -0.921500 7.490100 0.323900
v -0.950300 7.490100 0.521800
v -0.562000 7.635800 0.596000
v -1.003700 7.414100 0.316600
v -1.019500 7.426500 0.515600
v -1.062300 7.277500 0.327800
v -1.070700 7.307200 0.525400
v -1.053000 7.035700 0.375600
v -1.061000 7.073000 0.571900
v -0.997900 6.725800 0.434500
v -1.004800 6.754600 0.632300
v -0.943800 6.401500 0.471400
v -0.948300 6.415900 0.670800
v -0.895900 6.090000 0.483300
v -0.899000 6.093700 0.683300
v -0.879500 5.761800 0.484200
v -0.882600 5.770200 0.684000
v -1.035500 5.114400 0.535900
v -1.035600 5.136800 0.734600
v -0.557400 7.681000 0.520800
v -0.883400 7.605700 0.805200
v -0.761800 7.605700 0.964000
v -0.424500 7.684800 0.670300
v -0.936600 7.565900 0.840100
v -0.834700 7.551000 1.011600
v -0.967700 7.520000 0.850000
v -0.885800 7.473600 1.026500
v -0.984200 7.433000 0.822400
v -0.909200 7.357500 0.991700
v -0.968400 7.261900 0.729700
v -0.893400 7.186100 0.898800
v -0.942200 7.037300 0.629900
v -0.869800 6.993900 0.811200
v -0.941900 6.760100 0.603500
v -0.871500 6.757800 0.790600
v -0.901300 6.274000 0.620900
v -0.831600 6.283600 0.808100
v -0.811500 5.287800 0.622200
v -0.741300 5.284600 0.809500
v -0.065900 7.472600 -0.267100
v 0.060700 7.099500 -0.671700
v -0.124100 7.099500 -0.748000
v -0.254900 7.486200 -0.331100
v 0.090100 6.924000 -0.710900
v -0.091600 6.906200 -0.792700
v 0.115800 6.664700 -0.693500
v -0.065600 6.644400 -0.775300
v 0.141600 6.356300 -0.686100
v -0.040200 6.340600 -0.768000
v 0.170800 6.077400 -0.702300
v -0.010400 6.056600 -0.784300
v 0.216700 5.811300 -0.714500
v 0.036900 5.782400 -0.797000
v 0.285500 5.496000 -0.748200
v 0.103000 5.480600 -0.828500
v 0.395100 4.892100 -1.010400
v 0.208100 4.901200 -1.080700
v -0.071100 7.328800 -0.342000
v 0.037100 6.875500 -0.657600
v -0.148800 6.875500 -0.731400
v -0.258400 7.335500 -0.411700
v 0.061000 6.677700 -0.702100
v -0.123200 6.665900 -0.779000
v 0.097200 6.295900 -0.697500
v -0.086100 6.275800 -0.774900
v 0.152400 5.834200 -0.698500
v -0.031000 5.814400 -0.775900
v 0.224800 5.428300 -0.777400
v 0.039200 5.423400 -0.851600
v 0.334100 4.687200 -1.153000
v 0.145200 4.705100 -1.216300
v -0.128500 7.396300 -0.296400
v -0.036500 6.967500 -0.656600
v -0.227200 6.967500 -0.716800
v -0.320900 7.404500 -0.350600
v -0.013600 6.765900 -0.704200
v -0.202600 6.753000 -0.768200
v 0.027700 6.351500 -0.701100
v -0.160100 6.328300 -0.765700
v 0.105500 5.836000 -0.709200
v -0.081200 5.805700 -0.774000
v 0.180300 5.493800 -0.747900
v -0.007400 5.468000 -0.812100
v 0.223400 5.284000 -0.818100
v 0.031400 5.281700 -0.874200
v 0.269300 4.791500 -1.136900
v 0.074900 4.811300 -1.179700
v -0.083900 6.701800 -0.322700
v -0.006500 6.182800 -0.545600
v -0.191700 6.182800 -0.620900
v -0.269900 6.707500 -0.396000
v -0.003500 6.040700 -0.544700
v -0.188500 6.033200 -0.620200
v -0.015300 5.881600 -0.493000
v -0.200400 5.873800 -0.568400
v -0.028300 5.690500 -0.448600
v -0.212900 5.690000 -0.525400
v -0.032700 5.509500 -0.447700
v -0.217000 5.519700 -0.524600
v -0.031600 5.285800 -0.498300
v -0.215800 5.308000 -0.573000
v -0.043100 4.970100 -0.590300
v -0.226900 5.001900 -0.662600
v -0.085200 4.588200 -0.672600
v -0.268800 4.621600 -0.744500
v -0.197500 3.923600 -0.671700
v -0.381900 3.951900 -0.743700
v -0.023400 6.755200 -0.355000
v 0.049500 6.336800 -0.548300
v -0.132400 6.336800 -0.631400
v -0.206600 6.763100 -0.434900
v 0.067600 6.134000 -0.573200
v -0.113300 6.123400 -0.657800
v 0.072900 5.900200 -0.542100
v -0.108000 5.888100 -0.626600
v 0.077200 5.655700 -0.526000
v -0.104000 5.659800 -0.610400
v 0.090700 5.262400 -0.636900
v 0.091500 4.680600 -0.822600
v -0.089900 4.710100 -0.901600
v -0.090900 5.283600 -0.717900
v -0.025100 3.988000 -0.852700
v -0.205400 4.024300 -0.931300
v -0.035500 6.631100 -0.299300
v 0.035400 6.078800 -0.466700
v -0.127400 6.078800 -0.583000
v -0.200300 6.650500 -0.410900
v 0.027600 5.809800 -0.423500
v -0.135100 5.798100 -0.539200
v 0.014800 5.590600 -0.387600
v -0.147400 5.591700 -0.504600
v 0.010100 5.407500 -0.399900
v -0.151400 5.430800 -0.515500
v 0.009300 5.184700 -0.466100
v -0.152000 5.223600 -0.577900
v -0.003900 4.899700 -0.558600
v -0.165000 4.941900 -0.669500
v -0.050200 4.543000 -0.623700
v -0.212200 4.576900 -0.735900
v -0.174300 3.849400 -0.608600
v -0.338800 3.869000 -0.720600
v 0.036600 7.855200 0.340300
v 0.331200 7.752300 -0.150000
v 0.164800 7.752300 -0.261100
v -0.138000 7.858900 0.242900
v 0.422900 7.649400 -0.272100
v 0.267700 7.638000 -0.397800
v 0.491200 7.545100 -0.334700
v 0.357900 7.504700 -0.478200
v 0.611200 7.397000 -0.366400
v 0.510300 7.317400 -0.519600
v 0.735300 7.276700 -0.359100
v 0.671500 7.159900 -0.508400
v 0.864400 7.166800 -0.291800
v 0.823800 7.028700 -0.430600
v 1.001800 7.028600 -0.187400
v 0.963600 6.887900 -0.324300
v 1.102400 6.889800 -0.073300
v 1.060900 6.753700 -0.213900
v 1.174100 6.726200 0.053000
v 1.122900 6.613100 -0.103900
v 1.203500 6.539600 0.145100
v 1.145200 6.482600 -0.037500
v 1.111200 6.008400 0.226400
v 1.058800 5.999800 0.033600
v -0.065300 7.829700 0.249700
v 0.233300 7.736500 -0.232000
v 0.084400 7.736500 -0.365600
v -0.242800 7.840200 0.158100
v 0.385200 7.635700 -0.344700
v 0.271700 7.612500 -0.507700
v 0.508000 7.524900 -0.395800
v 0.409300 7.488000 -0.565800
v 0.622900 7.377600 -0.425800
v 0.720100 7.193600 -0.437800
v 0.632100 7.139300 -0.609000
v 0.526700 7.337400 -0.596500
v 0.793700 7.043100 -0.412300
v 0.727100 6.949700 -0.576200
v 0.847400 6.964200 -0.371300
v 0.813100 6.826200 -0.511900
v 0.887600 6.931100 -0.334600
v 0.892500 6.759400 -0.437100
v 0.965100 6.902000 -0.238800
v 0.993100 6.718700 -0.313800
v 1.074200 6.860300 -0.086800
v 1.089500 6.683800 -0.179600
v 1.133000 6.792300 0.010000
v 1.117200 6.654600 -0.134200
v 1.167200 6.646400 0.094000
v 1.135100 6.578000 -0.091200
v 1.116600 6.140400 0.184500
v 1.087900 6.126700 -0.013000
v -0.018200 7.865800 0.451600
v 0.263100 7.842400 -0.059000
v 0.099200 7.842400 -0.173600
v -0.199100 7.868700 0.366400
v 0.402800 7.749100 -0.215900
v 0.264300 7.734000 -0.359400
v 0.505800 7.660900 -0.285300
v 0.399500 7.619500 -0.449600
v 0.571000 7.603000 -0.299300
v 0.510100 7.522900 -0.472100
v 0.647800 7.542400 -0.278200
v 0.632800 7.424600 -0.439100
v 0.762900 7.448700 -0.190500
v 0.770900 7.311700 -0.335900
v 0.871600 7.346900 -0.080900
v 0.868800 7.220500 -0.235800
v 0.987500 7.199500 0.005400
v 0.964600 7.098000 -0.165500
v 1.129900 6.981700 0.097400
v 1.094400 6.901600 -0.082400
v 1.194600 6.775600 0.157500
v 1.151100 6.724400 -0.030900
v 1.143700 6.188800 0.278100
v 1.101100 6.161200 0.084700
v -0.774400 7.239900 0.809400
v -0.849000 7.058600 0.833200
v -0.768900 7.038200 1.015300
v -0.685600 7.239900 0.988600
v -0.894400 6.915600 0.828500
v -0.817800 6.883500 1.010400
v -0.917600 6.767100 0.810500
v -0.839900 6.742300 0.993100
v -0.913300 6.582700 0.793300
v -0.836300 6.580000 0.977900
v -0.848100 6.317300 0.780900
v -0.774200 6.329900 0.966300
v -0.748200 5.985800 0.768900
v -0.673700 5.995700 0.954300
v -0.708200 5.614600 0.761300
v -0.632900 5.615100 0.946600
v -0.808900 4.906900 0.789400
v -0.734300 4.901700 0.974900
v -0.481200 7.665400 0.739900
v -0.770600 7.269500 0.983800
v -0.691600 7.269500 1.167500
v -0.372700 7.708600 0.902300
v -0.833300 7.123200 0.974800
v -0.777500 7.070200 1.159400
v -0.872900 6.944400 0.916000
v -0.818800 6.884000 1.098800
v -0.884900 6.726600 0.861200
v -0.829500 6.700200 1.051600
v -0.837600 6.444600 0.844000
v -0.786200 6.448800 1.037300
v -0.752000 6.084800 0.841900
v -0.684900 5.697100 0.840800
v -0.634400 5.705300 1.034100
v -0.701700 6.094300 1.035300
v -0.647700 5.026000 0.859700
v -0.597300 5.034400 1.053100
v -0.546500 7.626200 0.665000
v -0.449200 7.641000 0.839100
v 0.075800 6.551400 -0.265300
v 0.141000 5.854800 -0.318900
v -0.043900 5.854800 -0.395000
v -0.107300 6.530700 -0.343200
v 0.147800 5.487200 -0.391100
v -0.037700 5.503400 -0.464200
v 0.147200 5.169800 -0.482700
v -0.038300 5.192500 -0.554100
v 0.139100 4.867200 -0.565500
v -0.046200 4.893500 -0.636000
v 0.101500 4.515600 -0.608000
v -0.083800 4.541500 -0.678600
v -0.019800 3.707900 -0.559100
v -0.206000 3.728200 -0.629400
v 0.039200 6.583200 -0.308900
v 0.095900 5.630100 -0.442800
v -0.102400 5.630100 -0.468900
v -0.157700 6.564200 -0.338400
v 0.087300 5.150900 -0.526500
v -0.110900 5.162500 -0.550400
v 0.075500 4.895200 -0.595200
v -0.122200 4.916000 -0.617000
v 0.053100 4.698600 -0.631800
v -0.143600 4.728500 -0.651900
v 0.012700 4.448200 -0.654100
v -0.183400 4.482100 -0.673900
v -0.116000 3.734900 -0.620000
v -0.312100 3.769000 -0.639900
v -0.920300 7.117700 0.676800
v -0.978000 6.925200 0.688100
v -0.926600 6.921300 0.881400
v -0.867700 7.117700 0.869700
v -0.980100 6.672500 0.683700
v -0.928500 6.672400 0.876900
v -0.944600 6.438300 0.678700
v -0.894800 6.448600 0.872200
v -0.876700 6.261200 0.677300
v -0.828000 6.275100 0.870700
v -0.801900 6.026700 0.671500
v -0.751000 6.032200 0.864800
v -0.784700 5.626100 0.666600
v -0.733700 5.629900 0.860000
v -0.950200 4.881400 0.740500
v -0.896700 4.897200 0.932600
v -0.588900 7.479500 0.590400
v -0.969700 7.114900 0.564100
v -0.970600 7.114900 0.764100
v -0.597800 7.470500 0.790000
v -1.030500 6.948500 0.572000
v -1.025600 6.962100 0.771500
v -1.044900 6.784600 0.588000
v -1.039400 6.805500 0.786900
v -1.009300 6.572700 0.611500
v -1.004000 6.594600 0.810300
v -0.964600 6.406000 0.627800
v -0.958200 6.424400 0.826900
v -0.879800 6.233900 0.638500
v -0.871600 6.248100 0.837800
v -0.782000 6.014400 0.647700
v -0.771200 6.022200 0.847200
v -0.742900 5.837100 0.648000
v -0.730300 5.836500 0.847600
v -0.738600 5.658700 0.643900
v -0.726000 5.659300 0.843500
v -0.768400 5.409100 0.653100
v -0.753500 5.430000 0.851500
v -0.922800 4.828900 0.773300
v -0.902200 4.872100 0.967500
v -0.571800 7.569100 0.696100
v -0.833300 7.055000 0.791300
v -0.762800 7.055000 0.978400
v -0.502000 7.567500 0.883500
v -0.887200 6.813800 0.813000
v -0.815700 6.818300 0.999700
v -0.881800 6.528000 0.823200
v -0.810400 6.540500 1.009600
v -0.814400 6.233200 0.824500
v -0.743900 6.250400 1.010900
v -0.725400 5.925500 0.819600
v -0.653700 5.937500 1.006000
v -0.686500 5.512200 0.819100
v -0.614100 5.513300 1.005500
v -0.835300 4.823600 0.859800
v -0.764600 4.816100 1.046700
v -0.584100 7.575400 0.572600
v -0.528200 7.580200 0.764600
v -0.615900 6.944500 0.135300
v -0.816700 6.318600 0.018600
v -0.976800 6.318600 0.138400
v -0.766800 6.979300 0.261900
v -0.809200 6.005000 -0.044900
v -0.972700 5.976000 0.066700
v -0.970100 5.182700 -0.521200
v -1.133800 5.152200 -0.410400
v -0.596000 6.810200 0.133100
v -0.731900 6.386700 -0.039500
v -0.914600 6.386700 0.041900
v -0.767300 6.847400 0.229400
v -0.742100 5.952700 -0.191300
v -0.927000 5.925500 -0.120000
v -0.728800 5.627800 -0.312200
v -0.913400 5.591900 -0.244300
v -0.723500 5.481800 -0.380600
v -0.908000 5.459800 -0.306500
v -0.752300 5.326500 -0.455700
v -0.931300 5.335500 -0.367000
v -0.960500 4.777800 -0.701800
v -1.132800 4.806100 -0.604300
v -0.608600 6.860100 0.076300
v -0.773300 6.439900 -0.040100
v -0.919700 6.439900 0.096200
v -0.744600 6.888000 0.220300
v -0.804400 6.138400 -0.114200
v -0.954600 6.111100 0.014900
v -0.795500 5.810100 -0.202400
v -0.946000 5.770100 -0.076800
v -0.804300 5.466900 -0.328200
v -0.954300 5.432600 -0.200500
v -1.005500 4.858500 -0.681400
v -1.152700 4.834400 -0.548100
v -0.542400 6.597800 0.111100
v -0.657900 6.215400 -0.045900
v -0.837800 6.215400 0.041500
v -0.714600 6.624400 0.209300
v -0.686300 5.811700 -0.185100
v -0.868400 5.793600 -0.104400
v -0.701100 5.545700 -0.288300
v -0.884000 5.511700 -0.215000
v -0.703700 5.461500 -0.355600
v -0.887300 5.412000 -0.293700
v -0.708200 5.384600 -0.437400
v -0.890400 5.349600 -0.362600
v -0.741200 5.246900 -0.528000
v -0.914900 5.248800 -0.428900
v -0.939600 4.662900 -0.729700
v -1.105500 4.688900 -0.621100
v -0.557800 6.643200 0.092900
v -0.707300 6.244700 -0.086300
v -0.886600 6.244700 0.002200
v -0.722500 6.682900 0.199100
v -0.721300 5.826000 -0.235200
v -0.903400 5.797200 -0.157700
v -0.713800 5.601000 -0.317400
v -0.890500 5.526900 -0.259900
v -0.678700 5.536500 -0.365000
v -0.841100 5.424700 -0.331200
v -0.628100 5.437000 -0.442700
v -0.804700 5.367500 -0.379400
v -0.648400 5.292600 -0.518500
v -0.817600 5.302300 -0.412300
v -0.943500 4.722000 -0.726700
v -1.095700 4.769100 -0.605900
v -0.442000 6.373300 0.184000
v -0.585600 5.852500 -0.052500
v -0.767900 5.852500 0.029900
v -0.618100 6.394300 0.276400
v -0.619600 5.650700 -0.159900
v -0.803200 5.645000 -0.080800
v -0.677700 5.473800 -0.293600
v -0.859100 5.474700 -0.209500
v -0.738700 5.354500 -0.415500
v -0.916700 5.362000 -0.324700
v -0.782300 5.297800 -0.489600
v -0.958100 5.309400 -0.394800
v -0.825200 5.186700 -0.555600
v -1.001500 5.196900 -0.461600
v -0.939800 4.582900 -0.717000
v -1.116500 4.591100 -0.623600
v -0.003900 6.553900 -0.290500
v 0.027400 5.780700 -0.406300
v -0.171500 5.780700 -0.385100
v -0.202100 6.533800 -0.272500
v 0.004100 5.468300 -0.459700
v -0.194300 5.477900 -0.436600
v -0.017500 5.181600 -0.544300
v -0.216000 5.190700 -0.521400
v -0.043500 4.881200 -0.636800
v -0.241000 4.899300 -0.611400
v -0.099300 4.525500 -0.696400
v -0.294300 4.559800 -0.668400
v -0.273900 3.717700 -0.678000
v -0.466300 3.764700 -0.650200
v -0.049400 5.500500 -0.469000
v -0.061900 5.245500 -0.533000
v -0.261500 5.252800 -0.521700
v -0.248500 5.513800 -0.456400
v -0.079000 4.935500 -0.626200
v -0.277900 4.952000 -0.612500
v -0.131000 4.575900 -0.693900
v -0.327300 4.610200 -0.677200
v -0.312100 3.756000 -0.688900
v -0.505600 3.803700 -0.672200
v -0.060300 6.586900 -0.299200
v -0.011400 5.914600 -0.458100
v -0.211000 5.914600 -0.446500
v -0.258800 6.563500 -0.292300
v -0.030300 5.687900 -0.460000
v -0.229100 5.706000 -0.447000
v -0.498600 7.557200 0.999700
v -0.652000 7.221900 1.303500
v -0.471000 7.221900 1.388500
v -0.319200 7.553200 1.088000
v -0.675000 7.043700 1.361300
v -0.494100 7.043100 1.446600
v -0.682600 6.865200 1.366900
v -0.502800 6.849100 1.453100
v -0.694600 6.712500 1.343600
v -0.516400 6.675500 1.426600
v -0.712700 6.540400 1.283100
v -0.534600 6.501900 1.365600
v -0.710100 6.298400 1.193000
v -0.533300 6.294100 1.286500
v -0.633900 5.974400 1.133600
v -0.469400 6.024500 1.235600
v -0.350100 5.295700 1.218600
v -0.201900 5.387500 1.316700
v -0.491200 7.589400 0.896100
v -0.683900 7.196200 1.073700
v -0.554300 7.196200 1.226100
v -0.359000 7.594800 1.046200
v -0.744700 7.001900 1.119400
v -0.617500 6.994400 1.273600
v -0.779900 6.805900 1.134200
v -0.652700 6.798000 1.288400
v -0.782600 6.561200 1.129200
v -0.655300 6.563300 1.283500
v -0.736000 6.289500 1.106400
v -0.610600 6.303500 1.261500
v -0.667900 6.045600 1.082100
v -0.544800 6.069500 1.237900
v -0.598100 5.711600 1.088900
v -0.477100 5.744400 1.244700
v -0.387500 4.839800 1.133800
v -0.268500 4.880300 1.289300
v -0.504300 7.519600 0.882900
v -0.713500 7.086500 0.953000
v -0.643600 7.086500 1.140400
v -0.436500 7.515100 1.071000
v -0.780700 6.840300 0.982300
v -0.709300 6.845600 1.169000
v -0.804200 6.656200 0.999100
v -0.732000 6.668500 1.185200
v -0.786700 6.438700 1.012100
v -0.715100 6.459300 1.197700
v -0.704900 6.089800 1.026400
v -0.634000 6.114500 1.211800
v -0.599300 5.681700 1.041400
v -0.528200 5.705400 1.226800
v -0.532300 5.330300 1.057800
v -0.462200 5.357800 1.243100
v -0.321900 4.756200 1.081700
v -0.254700 4.791900 1.266700
v -0.609000 7.477800 0.395500
v -1.032500 7.081300 0.269300
v -1.056300 7.081300 0.467900
v -0.656200 7.451400 0.588000
v -1.075000 6.879500 0.290100
v -1.089800 6.912600 0.486800
v -1.029400 6.612100 0.350700
v -1.044300 6.645800 0.547300
v -0.933900 6.282900 0.400300
v -0.945000 6.301800 0.599100
v -0.863400 6.014700 0.419400
v -0.871700 6.020800 0.619100
v -0.848200 5.808900 0.420400
v -0.856000 5.808400 0.620200
v -0.862000 5.606200 0.418600
v -0.868700 5.619600 0.618100
v -0.913500 5.396100 0.447900
v -0.910400 5.448600 0.640900
v -1.157600 4.890400 0.669400
v -1.139400 4.976000 0.849200
v -0.560100 7.539300 0.477000
v -0.940300 7.364500 0.363400
v -0.988000 7.364500 0.557700
v -0.617200 7.534000 0.668600
v -1.017800 7.282000 0.349800
v -1.052200 7.296000 0.546300
v -1.073200 7.148100 0.357100
v -1.100100 7.180200 0.552700
v -1.080000 6.992300 0.389200
v -1.106300 7.033100 0.583200
v -1.021500 6.742300 0.449100
v -1.046500 6.775600 0.644800
v -0.932700 6.438700 0.500200
v -0.953300 6.455500 0.698500
v -0.862700 6.170100 0.516000
v -0.879800 6.171900 0.715300
v -0.831900 5.917300 0.514300
v -0.848300 5.913900 0.713600
v -0.835200 5.674000 0.510100
v -0.851300 5.690100 0.708800
v -0.948000 4.983200 0.627300
v -0.960200 5.027400 0.822000
v -0.661100 7.321400 0.394200
v -0.930900 7.039500 0.370100
v -0.939500 7.039500 0.570000
v -0.675700 7.314400 0.593600
v -0.985200 6.891700 0.372900
v -0.990200 6.900500 0.572600
v -0.990400 6.708800 0.383600
v -0.995400 6.719800 0.583200
v -0.923100 6.361700 0.402900
v -0.927100 6.365100 0.602800
v -0.771500 5.443800 0.389300
v -0.773600 5.434100 0.589100
v -0.111900 6.608700 -0.285700
v -0.060000 6.155000 -0.444900
v -0.257900 6.155000 -0.474000
v -0.308200 6.592100 -0.320200
v -0.068600 5.935500 -0.475800
v -0.265700 5.957200 -0.501700
v -0.101500 5.738400 -0.469000
v -0.297400 5.769700 -0.494700
v -0.131100 5.552900 -0.466300
v -0.328400 5.572100 -0.492400
v -0.133500 5.301200 -0.517600
v -0.331400 5.308600 -0.545700
v -0.132200 4.958500 -0.612100
v -0.329700 4.976600 -0.637700
v -0.185600 4.541200 -0.688700
v -0.381100 4.576900 -0.711500
v -0.347200 3.792900 -0.685100
v -0.541300 3.835600 -0.707900
v -0.110100 6.555700 -0.265700
v -0.101900 5.694400 -0.437200
v -0.298200 5.694400 -0.398900
v -0.305900 6.531600 -0.232500
v -0.131000 5.362800 -0.504100
v -0.327200 5.364500 -0.465400
v -0.139300 5.146500 -0.582300
v -0.335800 5.144000 -0.544900
v -0.157500 4.892100 -0.671300
v -0.352500 4.905700 -0.628900
v -0.222300 4.540900 -0.738500
v -0.412900 4.579200 -0.691800
v -0.426900 3.739600 -0.710100
v -0.613300 3.795100 -0.663800
v -0.170200 6.584900 -0.254100
v -0.136400 6.121800 -0.403400
v -0.336000 6.121800 -0.390300
v -0.368400 6.559200 -0.248900
v -0.160100 5.898400 -0.450500
v -0.356300 5.931200 -0.430300
v -0.210600 5.704400 -0.472600
v -0.404100 5.749600 -0.450700
v -0.252000 5.529600 -0.495700
v -0.450000 5.551100 -0.477700
v -0.256400 5.288200 -0.562800
v -0.456000 5.285400 -0.550900
v -0.252300 4.948000 -0.666800
v -0.451500 4.956900 -0.651800
v -0.309300 4.528100 -0.740900
v -0.505400 4.562300 -0.722000
v -0.477700 3.779200 -0.706300
v -0.670900 3.827500 -0.688000
v -0.645000 7.347000 0.780200
v -0.844000 6.708600 0.848700
v -0.708600 6.708600 0.995900
v -0.521400 7.304900 0.931700
v -0.773000 6.179600 0.873800
v -0.638700 6.208300 1.019200
v -0.688900 5.753500 0.890600
v -0.554400 5.780400 1.036200
v -0.667400 5.356000 0.930200
v -0.533300 5.387800 1.075200
v -0.617100 4.515900 1.128700
v -0.485100 4.572700 1.267800
v -0.668100 7.315600 0.716400
v -0.872100 6.656900 0.778500
v -0.735800 6.656900 0.924900
v -0.545000 7.268900 0.867000
v -0.791800 6.103600 0.806400
v -0.656800 6.133200 0.950900
v -0.717500 5.689400 0.828900
v -0.581800 5.714100 0.973700
v -0.713900 5.426400 0.856900
v -0.577900 5.444200 1.002500
v -0.728600 5.150200 0.906300
v -0.593000 5.193800 1.046700
v -0.625900 4.497000 1.137900
v -0.494700 4.575500 1.266900
v -0.674300 7.254500 0.732800
v -0.862900 6.621600 0.790500
v -0.723900 6.621600 0.934300
v -0.546600 7.210800 0.880400
v -0.815700 6.284500 0.808100
v -0.678400 6.315500 0.950100
v -0.733500 5.911600 0.820200
v -0.596300 5.943100 0.962200
v -0.685300 5.597100 0.836100
v -0.546800 5.618800 0.978800
v -0.691100 5.366900 0.865700
v -0.552600 5.387500 1.008500
v -0.701300 5.047800 0.936600
v -0.564200 5.104500 1.070800
v -0.537700 4.443700 1.180200
v -0.412500 4.548300 1.295900
v -0.553100 7.457800 0.885900
v -0.732900 7.010500 0.975400
v -0.637100 7.010500 1.151000
v -0.459000 7.453200 1.062400
v -0.782700 6.758600 1.007100
v -0.685900 6.763900 1.182000
v -0.792700 6.573200 1.020800
v -0.695600 6.583900 1.195300
v -0.764000 6.350200 1.022400
v -0.667600 6.366600 1.196900
v -0.682600 6.037800 1.011700
v -0.587500 6.059800 1.186200
v -0.599500 5.753300 1.007500
v -0.506500 5.783700 1.181900
v -0.569000 5.551800 1.032900
v -0.477600 5.591600 1.206300
v -0.539500 5.331800 1.072900
v -0.449200 5.376800 1.245600
v -0.277700 4.693600 1.108100
v -0.188100 4.740400 1.280700
v -0.567000 7.490400 0.816200
v -0.799800 6.810200 0.897200
v -0.705900 6.810200 1.073700
v -0.479200 7.471800 0.994900
v -0.817600 6.407000 0.930500
v -0.722700 6.425300 1.105600
v -0.759700 6.123000 0.942200
v -0.666200 6.150000 1.116900
v -0.688000 5.832800 0.950200
v -0.593100 5.852100 1.125200
v -0.711100 4.676800 1.032700
v -0.616000 4.684800 1.208400
v -0.579300 7.413500 0.790600
v -0.833500 6.808000 0.812300
v -0.774000 6.808000 1.003300
v -0.529800 7.387100 0.982600
v -0.825200 6.421100 0.843500
v -0.764900 6.441100 1.033100
v -0.744300 6.028200 0.866200
v -0.684400 6.049900 1.055700
v -0.684400 5.715000 0.880600
v -0.623900 5.732700 1.070500
v -0.708600 5.411800 0.912300
v -0.648100 5.431300 1.101900
v -0.746000 4.603800 1.027200
v -0.685300 4.633400 1.215500
v -0.181300 7.582200 1.145400
v -0.004100 7.331900 1.520500
v 0.119300 7.331900 1.363100
v 0.016900 7.558400 1.157400
v 0.144600 7.193700 1.596900
v 0.232300 7.226300 1.420100
v 0.342800 6.993500 1.621400
v 0.390000 7.066900 1.441500
v 0.737200 6.564700 1.431300
v 0.748600 6.676600 1.266000
v -0.174200 7.616000 1.116200
v -0.010700 7.404600 1.510300
v 0.125000 7.404600 1.363400
v 0.024600 7.604300 1.135400
v 0.091200 7.333500 1.585100
v 0.201900 7.350800 1.419400
v 0.191600 7.247900 1.629500
v 0.273800 7.289700 1.452100
v 0.346800 7.086700 1.633600
v 0.392900 7.165100 1.455400
v 0.772300 6.606900 1.427900
v 0.792300 6.714200 1.260300
v -0.458900 7.528300 1.108600
v -0.480900 7.411200 1.387400
v -0.281600 7.411200 1.404300
v -0.259400 7.529200 1.123600
v -0.490100 7.303300 1.486700
v -0.291000 7.301200 1.505700
v -0.496100 7.209100 1.528900
v -0.297900 7.196200 1.552500
v -0.509400 7.092000 1.528700
v -0.313500 7.059300 1.552800
v -0.541200 6.917900 1.470900
v -0.347400 6.873000 1.491500
v -0.579700 6.720600 1.375600
v -0.384600 6.684200 1.399700
v -0.598500 6.487800 1.297800
v -0.401500 6.477400 1.330900
v -0.562800 5.976700 1.174700
v -0.367200 5.990600 1.213900
v -0.081800 7.452400 1.362100
v 0.051400 7.335300 1.507900
v 0.178100 7.335300 1.353200
v 0.070500 7.429700 1.234400
v 0.173100 7.205800 1.576600
v 0.267500 7.239700 1.403600
v 0.339400 7.013600 1.592100
v 0.395000 7.090200 1.416000
v 0.756100 6.587200 1.425100
v 0.779600 6.696800 1.259500
v -0.305700 7.657200 1.033400
v -0.098500 7.471500 1.497200
v 0.042500 7.471500 1.355300
v -0.124500 7.739300 1.054300
v 0.124500 7.298400 1.564000
v 0.243900 7.319100 1.404900
v 0.211200 7.205200 1.602900
v 0.304800 7.253700 1.432900
v 0.349400 7.043400 1.603600
v 0.409800 7.129300 1.433400
v 0.760700 6.593400 1.422900
v 0.795800 6.707000 1.262000
v -0.153400 7.580500 1.156200
v 0.007400 7.356500 1.510700
v 0.147400 7.356500 1.367800
v 0.044500 7.563100 1.179400
v 0.095500 7.272300 1.577500
v 0.212100 7.294400 1.416400
v 0.184800 7.178900 1.614900
v 0.274800 7.228700 1.443400
v 0.327600 7.019100 1.614200
v 0.383500 7.106200 1.443100
v 0.748200 6.572000 1.421900
v 0.777800 6.686900 1.260900
v -0.204700 7.805500 0.343500
v 0.065900 7.806200 -0.161000
v -0.090500 7.806200 -0.285600
v -0.388700 7.807400 0.265200
v 0.221600 7.742000 -0.293600
v 0.103800 7.726400 -0.454500
v 0.351800 7.658800 -0.360000
v 0.256000 7.628500 -0.532900
v 0.476300 7.536900 -0.397600
v 0.390700 7.496600 -0.573800
v 0.587100 7.371000 -0.408300
v 0.515200 7.312200 -0.585400
v 0.675200 7.229000 -0.381000
v 0.634600 7.127700 -0.548500
v 0.769200 7.142800 -0.321900
v 0.776700 6.998400 -0.460100
v 0.901300 7.093400 -0.216100
v 0.946000 6.931400 -0.324500
v 1.032100 7.062100 -0.090200
v 1.071800 6.902100 -0.203400
v 1.104700 7.003600 -0.008400
v 1.110300 6.873300 -0.160000
v 1.157400 6.868400 0.070100
v 1.141100 6.793800 -0.114700
v 1.148300 6.371600 0.185800
v 1.130800 6.341400 -0.011200
v -0.251200 7.805200 0.462700
v 0.151900 7.862000 -0.105500
v 0.001600 7.862000 -0.237400
v -0.424300 7.802400 0.362600
v 0.308200 7.831800 -0.250100
v 0.186000 7.825700 -0.408300
v 0.382000 7.792900 -0.294200
v 0.280700 7.775600 -0.465800
v 0.487500 7.698300 -0.339300
v 0.398000 7.670400 -0.516000
v 0.600500 7.537100 -0.362800
v 0.528400 7.486600 -0.542400
v 0.691400 7.393400 -0.339600
v 0.648400 7.302300 -0.512400
v 0.756200 7.321300 -0.300200
v 0.753200 7.188600 -0.449800
v 0.800900 7.296600 -0.266000
v 0.845300 7.136100 -0.376900
v 0.886000 7.284700 -0.172400
v 0.957400 7.117400 -0.255500
v 1.010300 7.268100 -0.023800
v 1.065800 7.104900 -0.125100
v 1.090700 7.212800 0.067600
v 1.100300 7.083900 -0.085100
v 1.164900 7.072700 0.137100
v 1.136100 7.015600 -0.052400
v 1.243100 6.559800 0.168500
v 1.203000 6.561400 -0.027500
v -0.573000 7.376800 0.864900
v -0.831300 6.769800 0.884200
v -0.749300 6.769800 1.066600
v -0.506800 7.334400 1.048800
v -0.792900 6.382300 0.923800
v -0.711300 6.412400 1.103800
v -0.688000 5.988600 0.948800
v -0.606800 6.020800 1.128700
v -0.599500 5.596800 0.977500
v -0.518900 5.631500 1.157200
v -0.545200 5.260700 1.024400
v -0.466500 5.303700 1.203200
v -0.296900 4.612700 1.090800
v -0.220600 4.662200 1.268900
v -0.559700 7.394300 0.969100
v -0.722800 7.005200 1.127800
v -0.592600 7.005200 1.279700
v -0.425700 7.403800 1.117300
v -0.763600 6.819500 1.154700
v -0.635100 6.812000 1.307800
v -0.773200 6.636000 1.152100
v -0.644800 6.628300 1.305200
v -0.755900 6.422700 1.128600
v -0.628200 6.423900 1.282500
v -0.695900 6.170300 1.094300
v -0.573300 6.193700 1.250500
v -0.577900 5.840000 1.085400
v -0.466400 5.896300 1.241500
v -0.344500 5.264100 1.205400
v -0.244400 5.349400 1.356000
v -0.567400 7.427000 0.901900
v -0.723100 6.987100 1.010500
v -0.608500 6.987100 1.174400
v -0.452900 7.426600 1.065900
v -0.767100 6.742100 1.041400
v -0.652400 6.742800 1.205200
v -0.777400 6.559900 1.050100
v -0.662400 6.565400 1.213700
v -0.753000 6.346100 1.045700
v -0.639000 6.360800 1.209300
v -0.679500 6.039300 1.031800
v -0.567800 6.065100 1.195700
v -0.587000 5.654500 1.044800
v -0.477800 5.691600 1.208200
v -0.513700 5.250400 1.100400
v -0.407100 5.297400 1.262900
v -0.265800 4.672200 1.125300
v -0.162100 4.726400 1.287500
v -0.664600 7.283800 0.792500
v -0.838800 6.655200 0.860800
v -0.682000 6.655200 0.985000
v -0.519800 7.235500 0.921700
v -0.764500 6.142700 0.885900
v -0.609600 6.175800 1.008000
v -0.679200 5.732700 0.903300
v -0.524000 5.764100 1.025500
v -0.648000 5.348300 0.944000
v -0.493200 5.382900 1.065900
v -0.570500 4.498200 1.152600
v -0.418100 4.554900 1.269100
v -0.678900 7.231100 0.806400
v -0.843000 6.617100 0.874200
v -0.672500 6.617100 0.978700
v -0.521800 7.175100 0.916800
v -0.756500 6.086500 0.899900
v -0.588600 6.123200 1.002100
v -0.665300 5.664000 0.918000
v -0.496800 5.697700 1.020400
v -0.633000 5.324300 0.953300
v -0.464200 5.356000 1.056000
v -0.576300 4.509900 1.150800
v -0.408500 4.552800 1.250800
v -0.721300 7.068500 1.118200
v -0.758800 6.867500 1.152500
v -0.619900 6.865400 1.296400
v -0.582000 7.068500 1.261700
v -0.765800 6.671000 1.155300
v -0.626900 6.667800 1.299300
v -0.750600 6.446900 1.135300
v -0.612300 6.450600 1.279800
v -0.694700 6.183600 1.102500
v -0.561100 6.209700 1.249000
v -0.576600 5.852200 1.092100
v -0.456100 5.915600 1.238500
v -0.338800 5.361300 1.198900
v -0.235800 5.462100 1.337600
v -0.516700 7.480800 1.023800
v -0.663500 7.256400 1.225000
v -0.482800 7.256400 1.310800
v -0.354500 7.449600 1.136500
v -0.676900 7.099400 1.309300
v -0.492000 7.124600 1.381200
v -0.674300 6.952500 1.357100
v -0.489800 6.963300 1.433500
v -0.681300 6.833800 1.366400
v -0.499100 6.808400 1.444800
v -0.697900 6.726000 1.339700
v -0.517600 6.682700 1.414700
v -0.710000 6.560800 1.278700
v -0.528900 6.530300 1.357800
v -0.700900 6.309800 1.200500
v -0.521600 6.312000 1.289200
v -0.611800 5.919900 1.132900
v -0.441300 5.962100 1.228600
v -0.503100 7.540000 1.018300
v -0.619000 7.327300 1.283500
v -0.432800 7.327300 1.356700
v -0.319400 7.534800 1.097400
v -0.644800 7.201900 1.361800
v -0.456700 7.211200 1.429000
v -0.647800 7.093600 1.394000
v -0.460000 7.097500 1.462600
v -0.651800 6.920900 1.388300
v -0.465200 6.898900 1.456900
v -0.675800 6.706700 1.335100
v -0.490700 6.667400 1.399700
v -0.698000 6.462800 1.240200
v -0.512200 6.434300 1.308500
v -0.685900 6.209500 1.158400
v -0.502800 6.220100 1.238100
v -0.634000 6.013600 1.133700
v -0.464600 6.076500 1.219400
v -0.387800 5.504300 1.203000
v -0.234400 5.602800 1.285200
v -0.548900 7.462400 0.946100
v -0.408700 7.464600 1.088700
v -0.615800 7.208300 -0.079300
v -0.865300 6.773900 -0.161000
v -0.908500 6.773900 0.034300
v -0.667800 7.192300 0.113100
v -0.942400 6.630700 -0.169700
v -0.981500 6.639400 0.026300
v -0.969200 6.520700 -0.170400
v -1.009700 6.523300 0.025400
v -0.964300 6.298100 -0.172500
v -1.005600 6.282300 0.022500
v -0.953600 5.959500 -0.219600
v -0.995600 5.905400 -0.031700
v -1.061900 5.284600 -0.543600
v -1.107800 5.199600 -0.368500
v -0.565200 7.105000 -0.103600
v -0.763900 6.582200 -0.257300
v -0.899400 6.582200 -0.110100
v -0.696900 7.115000 0.046600
v -0.822600 6.124200 -0.334700
v -0.960900 6.107100 -0.191300
v -0.834100 5.853400 -0.396300
v -0.973300 5.793700 -0.265700
v -0.813100 5.717000 -0.480700
v -0.949400 5.625400 -0.366600
v -0.793400 5.551600 -0.590900
v -0.931300 5.486600 -0.461300
v -0.823000 5.341600 -0.671300
v -0.953800 5.331100 -0.520400
v -0.990400 4.830600 -0.757900
v -1.110800 4.854500 -0.600100
v -0.618800 7.102900 -0.025800
v -0.870700 6.605000 -0.106700
v -0.958500 6.605000 0.073000
v -0.697700 7.121800 0.157000
v -0.915800 6.365200 -0.147100
v -1.008700 6.339500 0.028100
v -0.901400 6.083900 -0.202800
v -0.994800 6.039900 -0.031400
v -0.897800 5.709700 -0.309200
v -0.991400 5.654100 -0.141500
v -1.038000 5.046600 -0.638100
v -1.133300 4.981800 -0.474600
v -0.006300 7.415500 -0.304200
v 0.136600 7.012500 -0.676100
v -0.043800 7.012500 -0.762400
v -0.190600 7.427800 -0.380900
v 0.162700 6.841000 -0.707700
v -0.014900 6.824800 -0.798200
v 0.176200 6.642400 -0.685600
v -0.001200 6.623000 -0.776000
v 0.195500 6.358400 -0.670500
v 0.017900 6.342700 -0.761000
v 0.230100 6.033100 -0.686500
v 0.052700 6.014800 -0.777100
v 0.278500 5.751000 -0.712200
v 0.101900 5.728000 -0.803200
v 0.345700 5.448400 -0.762800
v 0.166300 5.440500 -0.850900
v 0.426100 4.780700 -1.003000
v 0.243000 4.803700 -1.080300
v 0.079500 7.485700 -0.278100
v 0.205400 7.045800 -0.605200
v 0.028300 7.045800 -0.698100
v -0.102300 7.502900 -0.359800
v 0.240600 6.875400 -0.644400
v 0.068000 6.854300 -0.743200
v 0.270400 6.688500 -0.641000
v 0.098600 6.662600 -0.740100
v 0.305900 6.417400 -0.640100
v 0.133300 6.397600 -0.739000
v 0.354400 6.067300 -0.665900
v 0.181300 6.050400 -0.764600
v 0.433700 5.629000 -0.729000
v 0.259200 5.621100 -0.826300
v 0.538500 4.799200 -0.933400
v 0.361500 4.812500 -1.025700
v 0.061100 7.350200 -0.342200
v 0.219400 6.906300 -0.662800
v 0.046900 6.906300 -0.764100
v -0.114800 7.361000 -0.436700
v 0.245800 6.728700 -0.691300
v 0.075600 6.715300 -0.795500
v 0.256500 6.531000 -0.674100
v 0.086600 6.514800 -0.778200
v 0.274400 6.248700 -0.664700
v 0.104200 6.235600 -0.768900
v 0.310700 5.924200 -0.686300
v 0.140800 5.908700 -0.790600
v 0.363400 5.642600 -0.721100
v 0.193900 5.625100 -0.825700
v 0.432200 5.339800 -0.786600
v 0.258800 5.343900 -0.886200
v 0.476900 4.672200 -1.045600
v 0.301000 4.714700 -1.130600
v -0.474000 7.190300 -0.192100
v -0.581000 6.629400 -0.438900
v -0.745600 6.629400 -0.325300
v -0.643000 7.166400 -0.087900
v -0.633000 6.275600 -0.461700
v -0.794800 6.292800 -0.345400
v -0.688300 5.943800 -0.487500
v -0.850800 5.957200 -0.371600
v -0.729000 5.734900 -0.528400
v -0.894500 5.732500 -0.416100
v -0.758200 5.592800 -0.591000
v -0.928500 5.565700 -0.489800
v -0.792100 5.420600 -0.729000
v -0.966000 5.375400 -0.641200
v -0.822800 5.258600 -0.891000
v -0.994700 5.224900 -0.794500
v -0.848000 5.100900 -0.951000
v -1.011700 5.119300 -0.837500
v -0.923000 4.534400 -0.793700
v -1.080300 4.599100 -0.688500
v -0.546500 7.198300 -0.135400
v -0.737300 6.719200 -0.287100
v -0.853100 6.719200 -0.124100
v -0.665000 7.191100 0.025500
v -0.796700 6.416300 -0.319900
v -0.912900 6.414800 -0.157100
v -0.832800 6.093700 -0.361200
v -0.951400 6.070600 -0.201900
v -0.842800 5.840300 -0.430200
v -0.962800 5.773700 -0.284700
v -0.826200 5.656100 -0.547300
v -0.944300 5.556400 -0.420300
v -0.807500 5.472000 -0.686800
v -0.830800 5.245600 -0.769400
v -0.943400 5.233400 -0.604600
v -0.926500 5.395300 -0.545600
v -0.971300 4.710300 -0.792700
v -1.072900 4.744200 -0.623700
v -0.482100 7.293700 -0.134300
v -0.596500 6.679300 -0.406300
v -0.766900 6.679300 -0.301600
v -0.656200 7.274100 -0.037800
v -0.659500 6.284400 -0.458200
v -0.825800 6.307600 -0.349500
v -0.730300 5.962800 -0.465300
v -0.895500 5.991300 -0.356200
v -0.771200 5.769900 -0.484100
v -0.942600 5.760600 -0.381400
v -0.772400 5.645900 -0.542000
v -0.944500 5.577800 -0.466200
v -0.740300 5.518100 -0.660500
v -0.906700 5.419300 -0.609800
v -0.701300 5.399800 -0.789000
v -0.871400 5.317400 -0.723500
v -0.697900 5.290800 -0.854100
v -0.869000 5.271900 -0.752300
v -0.737000 5.123900 -0.879900
v -0.890400 5.182100 -0.765400
v -0.955400 4.665500 -0.769400
v -1.086400 4.774200 -0.664400
v -0.401000 7.378400 -0.263900
v -0.555400 6.758500 -0.522200
v -0.702900 6.758500 -0.387100
v -0.555000 7.351900 -0.139100
v -0.635600 6.360700 -0.556700
v -0.776600 6.390500 -0.418100
v -0.704700 6.033900 -0.525400
v -0.844200 6.071500 -0.387100
v -0.739000 5.836700 -0.511200
v -0.884100 5.832200 -0.373700
v -0.736900 5.716900 -0.546800
v -0.880900 5.640600 -0.430800
v -0.703900 5.589900 -0.645400
v -0.840800 5.475400 -0.555200
v -0.664000 5.438900 -0.795500
v -0.803700 5.341600 -0.690500
v -0.685900 5.239700 -0.934500
v -0.818500 5.199700 -0.790200
v -0.891100 4.808600 -1.110300
v -1.003300 4.815600 -0.944900
v -0.449200 7.280700 -0.224900
v -0.593900 6.704200 -0.454000
v -0.737600 6.704200 -0.315000
v -0.599200 7.255500 -0.095000
v -0.675300 6.279800 -0.484400
v -0.814300 6.301500 -0.342300
v -0.768100 5.894200 -0.502500
v -0.909500 5.905200 -0.361500
v -0.814100 5.676300 -0.552500
v -0.965200 5.621400 -0.433500
v -0.795600 5.531900 -0.692600
v -0.760700 5.399700 -0.857800
v -0.910600 5.296700 -0.774600
v -0.944300 5.422000 -0.616500
v -0.755400 5.296500 -0.934100
v -0.907100 5.246900 -0.813500
v -0.780900 5.130500 -0.977600
v -0.921700 5.153600 -0.837500
v -0.931200 4.651400 -0.921100
v -1.056800 4.726400 -0.784600
v -0.647300 7.101000 0.042100
v -0.872400 6.663700 -0.013400
v -0.939500 6.663700 0.175000
v -0.707800 7.114400 0.232200
v -0.918500 6.522500 -0.037300
v -0.990700 6.506100 0.148500
v -0.928700 6.412600 -0.055900
v -1.002300 6.382800 0.127700
v -0.912100 6.194700 -0.091300
v -0.985400 6.151300 0.089600
v -0.899200 5.867100 -0.180000
v -0.972600 5.800800 -0.006200
v -1.022900 5.211000 -0.551700
v -1.098900 5.126300 -0.387200
v -0.631200 7.012500 0.013700
v -0.873000 6.684000 -0.065100
v -0.979400 6.684000 0.104200
v -0.709800 7.053800 0.192900
v -0.874900 6.242700 -0.145700
v -0.987000 6.207600 0.016200
v -0.872000 5.747200 -0.271300
v -0.984900 5.699800 -0.113100
v -1.043800 5.099000 -0.618300
v -1.158500 5.043300 -0.464200
v -0.646000 7.020300 0.082900
v -0.830900 6.625100 0.018800
v -0.917200 6.625100 0.199200
v -0.725000 7.036600 0.266000
v -0.889200 6.394300 -0.022200
v -0.980600 6.371500 0.154200
v -0.874700 6.130000 -0.069800
v -0.968300 6.075800 0.098400
v -1.002400 5.233600 -0.540700
v -1.099100 5.155500 -0.384000
v -0.282100 7.420900 -0.252300
v -0.265000 6.891100 -0.627800
v -0.464300 6.891100 -0.644300
v -0.481600 7.426400 -0.265400
v -0.251700 6.519200 -0.688600
v -0.450600 6.509800 -0.707300
v -0.226700 6.159200 -0.674600
v -0.425100 6.142300 -0.693500
v -0.197100 5.850000 -0.669600
v -0.395400 5.831900 -0.688500
v -0.175700 5.635400 -0.701400
v -0.374100 5.618000 -0.720200
v -0.146200 5.409300 -0.800200
v -0.344000 5.388300 -0.820500
v -0.035500 4.873700 -1.202300
v -0.232200 4.847000 -1.226700
v -0.497300 6.888300 -0.103400
v -0.511500 6.409800 -0.391000
v -0.709400 6.409800 -0.362200
v -0.695700 6.873900 -0.082800
v -0.534300 6.124500 -0.449200
v -0.731400 6.135900 -0.417200
v -0.566300 5.787100 -0.504200
v -0.762300 5.808800 -0.470200
v -0.622000 5.509400 -0.568000
v -0.806900 5.571400 -0.523700
v -0.736700 5.338300 -0.642600
v -0.902200 5.434800 -0.585100
v -0.853400 5.194800 -0.710300
v -1.030800 5.272300 -0.659900
v -0.902500 5.034800 -0.739900
v -1.097400 5.056500 -0.700200
v -0.882300 4.532600 -0.737000
v -1.077600 4.514200 -0.698200
v -0.547800 6.897800 -0.082400
v -0.709700 6.457000 -0.273100
v -0.874000 6.457000 -0.159100
v -0.707600 6.911300 0.037100
v -0.728800 6.212500 -0.321600
v -0.895400 6.193600 -0.212600
v -0.723300 5.974500 -0.377100
v -0.889900 5.938500 -0.272500
v -0.714300 5.737000 -0.462900
v -0.880500 5.687700 -0.363100
v -0.708500 5.554100 -0.557600
v -0.874600 5.499000 -0.460800
v -0.713600 5.421000 -0.640300
v -0.878400 5.386900 -0.532200
v -0.747500 5.242700 -0.705800
v -0.903900 5.253800 -0.581600
v -0.940500 4.616900 -0.761800
v -1.087400 4.660800 -0.633300
v -0.426500 7.022700 -0.240100
v -0.455500 6.468200 -0.523600
v -0.647300 6.468200 -0.466900
v -0.619600 6.998800 -0.194100
v -0.488900 6.131300 -0.536300
v -0.679200 6.147600 -0.477200
v -0.507400 5.938300 -0.543700
v -0.698800 5.941600 -0.485900
v -0.515300 5.728900 -0.606800
v -0.707300 5.723000 -0.551100
v -0.534800 5.501400 -0.682800
v -0.724400 5.515900 -0.620900
v -0.584300 5.316400 -0.732400
v -0.764300 5.366600 -0.661200
v -0.669400 5.131800 -0.761900
v -0.839600 5.205300 -0.686800
v -0.757800 4.957600 -0.775600
v -0.932700 5.020300 -0.701400
v -0.809100 4.768400 -0.782900
v -0.993700 4.793700 -0.710100
v -0.818800 4.302300 -0.781300
v -1.004900 4.296300 -0.708500
v -0.425500 6.919600 -0.215000
v -0.437100 6.410200 -0.511400
v -0.633900 6.410200 -0.475500
v -0.622900 6.899600 -0.189700
v -0.472200 6.018700 -0.549000
v -0.668000 6.031100 -0.510400
v -0.504900 5.652400 -0.611200
v -0.700300 5.669200 -0.571800
v -0.550100 5.390900 -0.678800
v -0.738300 5.440000 -0.632400
v -0.648500 5.179900 -0.716300
v -0.823700 5.261000 -0.664000
v -0.754800 4.984600 -0.737800
v -0.935600 5.053200 -0.687000
v -0.807200 4.796100 -0.748800
v -0.999400 4.822800 -0.700500
v -0.819200 4.304100 -0.759500
v -1.013400 4.297800 -0.712100
v -0.466500 6.957200 -0.172900
v -0.491700 6.467500 -0.461400
v -0.687800 6.467500 -0.422100
v -0.663500 6.941800 -0.141800
v -0.517800 6.140600 -0.497300
v -0.713000 6.152100 -0.455500
v -0.544500 5.828200 -0.532100
v -0.739500 5.841900 -0.490000
v -0.570500 5.619600 -0.575400
v -0.763100 5.648800 -0.530000
v -0.620500 5.461500 -0.628600
v -0.802100 5.523400 -0.572100
v -0.734100 5.286100 -0.716000
v -0.900400 5.373600 -0.647500
v -0.850400 5.152000 -0.796100
v -1.023900 5.228600 -0.732600
v -0.890800 5.044200 -0.819900
v -1.082000 5.069200 -0.766800
v -0.853300 4.448400 -0.761900
v -1.044600 4.430100 -0.706600
v -0.387100 6.987500 -0.264600
v -0.390200 6.440100 -0.552100
v -0.586900 6.440100 -0.516100
v -0.584300 6.965300 -0.239100
v -0.429700 6.027800 -0.586800
v -0.624900 6.046000 -0.547000
v -0.490500 5.595500 -0.657600
v -0.684800 5.620300 -0.616800
v -0.552400 5.286500 -0.731000
v -0.743100 5.327800 -0.687100
v -0.621200 5.066000 -0.754000
v -0.808500 5.119300 -0.708700
v -0.696300 4.809600 -0.764400
v -0.888300 4.844000 -0.720000
v -0.745200 4.234900 -0.778200
v -0.940300 4.241100 -0.734600
v -0.341900 6.936800 -0.286000
v -0.314000 6.369400 -0.576800
v -0.513900 6.369400 -0.581200
v -0.541500 6.926700 -0.295200
v -0.322700 6.105100 -0.595300
v -0.521800 6.124100 -0.597000
v -0.355900 5.897800 -0.590600
v -0.549100 5.949300 -0.591200
v -0.453600 5.640100 -0.622700
v -0.639600 5.713400 -0.621100
v -0.558100 5.387400 -0.669300
v -0.751500 5.438500 -0.671200
v -0.597300 5.067500 -0.712100
v -0.674500 4.186900 -0.758200
v -0.872700 4.213100 -0.763500
v -0.796100 5.089100 -0.717600
v -0.579200 6.841100 0.049800
v -0.739900 6.393500 -0.148100
v -0.921100 6.393500 -0.063500
v -0.746400 6.880800 0.152100
v -0.744200 5.990400 -0.278500
v -0.927500 5.959500 -0.204700
v -0.722200 5.743000 -0.357400
v -0.902100 5.683700 -0.293000
v -0.685900 5.634200 -0.397600
v -0.859700 5.552900 -0.341200
v -0.645300 5.515900 -0.444000
v -0.826600 5.467000 -0.375100
v -0.662200 5.343500 -0.508600
v -0.837500 5.362700 -0.414300
v -0.959200 4.780700 -0.706000
v -1.116800 4.839200 -0.597700
v -0.573900 6.907100 -0.020200
v -0.750200 6.459900 -0.210400
v -0.914000 6.459900 -0.095700
v -0.729900 6.927700 0.103200
v -0.769000 6.238800 -0.264700
v -0.935900 6.215000 -0.157100
v -0.761500 6.001700 -0.331300
v -0.928100 5.959300 -0.229100
v -0.743600 5.782000 -0.411100
v -0.907500 5.714900 -0.318300
v -0.708000 5.641400 -0.483200
v -0.866700 5.550600 -0.402000
v -0.669200 5.518400 -0.556100
v -0.833000 5.453300 -0.461500
v -0.683600 5.337600 -0.627500
v -0.841500 5.344300 -0.504900
v -0.963700 4.731900 -0.738600
v -1.102500 4.786700 -0.605400
v -0.563300 6.825300 -0.010800
v -0.722700 6.399300 -0.206200
v -0.899200 6.399300 -0.112100
v -0.729500 6.854300 0.096500
v -0.736200 6.024400 -0.313700
v -0.915200 5.997500 -0.228700
v -0.722500 5.728000 -0.410800
v -0.900600 5.680900 -0.332900
v -0.699500 5.564300 -0.487000
v -0.876000 5.503500 -0.415200
v -0.682300 5.440500 -0.551700
v -0.860500 5.403500 -0.468700
v -0.706300 5.266500 -0.615900
v -0.877400 5.282400 -0.513500
v -0.941200 4.670800 -0.739200
v -1.099900 4.721600 -0.628600
v -0.326800 6.645300 -0.228400
v -0.307900 6.170900 -0.431600
v -0.502100 6.170900 -0.383700
v -0.520600 6.608800 -0.194900
v -0.341900 5.981000 -0.464500
v -0.529100 6.022700 -0.407800
v -0.419200 5.757500 -0.485200
v -0.599400 5.820500 -0.425500
v -0.537900 5.498300 -0.542800
v -0.718200 5.561100 -0.483100
v -0.621000 5.303500 -0.608000
v -0.811300 5.338100 -0.557400
v -0.639200 5.172400 -0.660100
v -0.835900 5.168100 -0.624300
v -0.633300 5.035800 -0.714100
v -0.830100 5.020800 -0.682000
v -0.631100 4.846700 -0.755400
v -0.827800 4.850200 -0.719400
v -0.694100 4.168300 -0.779600
v -0.889500 4.189700 -0.742400
v -0.366100 6.688900 -0.197100
v -0.339500 6.244600 -0.440000
v -0.538600 6.244600 -0.421500
v -0.564400 6.662700 -0.191500
v -0.360900 6.061000 -0.474100
v -0.556000 6.096000 -0.447500
v -0.422000 5.837400 -0.483900
v -0.609800 5.899700 -0.454500
v -0.534100 5.572100 -0.523000
v -0.717400 5.645900 -0.491900
v -0.627600 5.366700 -0.578300
v -0.818000 5.421900 -0.552000
v -0.661400 5.210700 -0.633700
v -0.859400 5.234000 -0.617900
v -0.676600 5.000600 -0.704400
v -0.875700 5.014300 -0.691200
v -0.745600 4.237200 -0.761100
v -0.944300 4.256100 -0.747300
v -0.325100 6.744300 -0.261700
v -0.292200 6.267400 -0.525600
v -0.491900 6.267400 -0.514900
v -0.523700 6.720900 -0.262400
v -0.313400 6.039300 -0.550600
v -0.510200 6.070900 -0.534200
v -0.368000 5.810600 -0.551900
v -0.557400 5.872200 -0.533600
v -0.481600 5.547200 -0.588600
v -0.665200 5.623800 -0.568400
v -0.580200 5.326600 -0.641100
v -0.772500 5.379500 -0.626100
v -0.607100 5.150800 -0.685900
v -0.806500 5.165100 -0.680200
v -0.607500 4.910400 -0.739100
v -0.807200 4.919900 -0.734300
v -0.681000 4.157300 -0.773100
v -0.879500 4.181300 -0.767200
v -0.536800 6.664200 0.002700
v -0.682500 6.296600 -0.165900
v -0.856900 6.296600 -0.067800
v -0.699700 6.695100 0.114700
v -0.713100 5.848300 -0.320900
v -0.890400 5.827700 -0.230800
v -0.738400 5.472300 -0.464100
v -0.915200 5.456600 -0.372000
v -0.775500 5.294100 -0.550200
v -0.949200 5.295500 -0.451100
v -0.935200 4.624300 -0.736300
v -1.105900 4.638800 -0.633200
v -0.517100 6.591600 0.036700
v -0.645000 6.220200 -0.115000
v -0.818300 6.220200 -0.015000
v -0.682000 6.617400 0.147000
v -0.679400 5.827900 -0.243700
v -0.855200 5.810100 -0.150000
v -0.700400 5.543100 -0.345200
v -0.877000 5.516000 -0.255500
v -0.715800 5.433300 -0.420000
v -0.893000 5.402100 -0.332700
v -0.745900 5.298000 -0.522500
v -0.918200 5.289200 -0.421400
v -0.937800 4.626700 -0.736600
v -1.102900 4.644300 -0.625000
v -0.321200 5.831100 -0.544200
v -0.379700 5.540100 -0.553400
v -0.569700 5.567900 -0.497200
v -0.509800 5.865800 -0.487500
v -0.443400 5.178600 -0.646500
v -0.634900 5.197600 -0.592100
v -0.523400 4.707900 -0.769100
v -0.714700 4.728300 -0.714400
v -0.604600 4.045900 -0.779600
v -0.795500 4.069500 -0.724800
v -0.235700 6.752900 -0.303400
v -0.168800 6.241200 -0.574400
v -0.366400 6.241200 -0.605400
v -0.432100 6.741700 -0.339600
v -0.175500 6.044800 -0.583700
v -0.372900 6.058600 -0.613400
v -0.199800 5.852200 -0.548700
v -0.396400 5.873200 -0.579100
v -0.226900 5.643200 -0.529100
v -0.423100 5.667300 -0.559600
v -0.261700 5.329200 -0.570300
v -0.457500 5.356000 -0.600600
v -0.306300 4.920900 -0.659200
v -0.502000 4.949300 -0.689100
v -0.345700 4.576100 -0.734800
v -0.541500 4.603700 -0.764900
v -0.428100 3.976400 -0.721500
v -0.624100 4.001800 -0.751700
v -0.235500 6.646000 -0.264200
v -0.196000 6.208400 -0.455600
v -0.395900 6.208400 -0.450000
v -0.433700 6.619900 -0.269200
v -0.218100 5.991800 -0.500000
v -0.414700 6.026300 -0.487100
v -0.314500 5.621800 -0.505600
v -0.342400 5.341600 -0.568100
v -0.541500 5.357100 -0.558700
v -0.511200 5.655400 -0.492900
v -0.373600 4.947000 -0.680200
v -0.572400 4.966500 -0.669900
v -0.428400 4.562000 -0.759500
v -0.626200 4.589500 -0.747800
v -0.526200 3.886700 -0.720100
v -0.723700 3.915800 -0.708500
v -0.288000 6.713300 -0.283400
v -0.257100 6.192900 -0.537900
v -0.450200 6.192900 -0.485700
v -0.479700 6.666200 -0.251400
v -0.268300 5.799900 -0.502300
v -0.461400 5.850000 -0.488400
v -0.510300 6.634300 -0.032300
v -0.649200 6.259700 -0.187500
v -0.821100 6.259700 -0.085100
v -0.672300 6.662700 0.081500
v -0.676000 5.855500 -0.310000
v -0.850400 5.837100 -0.213900
v -0.696300 5.553500 -0.407900
v -0.870100 5.539700 -0.310000
v -0.730300 5.427800 -0.477100
v -0.901900 5.423700 -0.374400
v -0.781900 5.287500 -0.560400
v -0.951000 5.291400 -0.453700
v -0.929100 4.603200 -0.741900
v -1.097100 4.611500 -0.633800
v -0.475500 6.707300 -0.069900
v -0.487700 6.234200 -0.356400
v -0.683400 6.234200 -0.315200
v -0.672000 6.679500 -0.045200
v -0.553600 5.770200 -0.470600
v -0.745900 5.794900 -0.421300
v -0.629400 5.459800 -0.544500
v -0.807700 5.526400 -0.483100
v -0.740200 5.322400 -0.610300
v -0.897200 5.421300 -0.535600
v -0.840100 5.214500 -0.665100
v -1.013900 5.289200 -0.600300
v -0.883500 5.065700 -0.696700
v -1.075700 5.084400 -0.644700
v -0.873600 4.542200 -0.733200
v -1.067000 4.526600 -0.684500
v -0.460800 6.618000 -0.030900
v -0.479800 6.193800 -0.296500
v -0.674400 6.193800 -0.250400
v -0.656800 6.592200 -0.000300
v -0.553800 5.741100 -0.432200
v -0.744900 5.763400 -0.377700
v -0.631000 5.430400 -0.529000
v -0.810100 5.488200 -0.461100
v -0.731000 5.309200 -0.608000
v -0.886600 5.399900 -0.521100
v -0.812000 5.242700 -0.665100
v -0.979300 5.319300 -0.586700
v -0.845800 5.151900 -0.690700
v -1.033600 5.180100 -0.627700
v -0.877500 4.510000 -0.734400
v -1.068300 4.508200 -0.674500
v 0.020000 6.698400 -0.338300
v 0.094600 6.270000 -0.515100
v -0.079500 6.270000 -0.613500
v -0.156100 6.711000 -0.432200
v 0.112000 6.065300 -0.526200
v -0.060700 6.049200 -0.625700
v 0.115700 5.826300 -0.477000
v -0.057000 5.808800 -0.576400
v 0.120500 5.585900 -0.457000
v -0.052800 5.590700 -0.556700
v 0.137700 5.321100 -0.546300
v -0.036800 5.347600 -0.640500
v 0.155100 5.004300 -0.687600
v -0.019400 5.035700 -0.780000
v 0.144300 4.644100 -0.789200
v -0.030300 4.674500 -0.881800
v 0.033700 3.945100 -0.803300
v -0.141200 3.973500 -0.896000
v -0.451900 5.918900 -0.425900
v -0.526200 5.631600 -0.486200
v -0.710600 5.670500 -0.419400
v -0.638800 5.948400 -0.361200
v -0.609900 5.397500 -0.560900
v -0.786800 5.455000 -0.487700
v -0.705200 5.257200 -0.640200
v -0.869100 5.335000 -0.556200
v -0.783400 5.177700 -0.702100
v -0.955400 5.244100 -0.624600
v -0.826500 5.060300 -0.739400
v -1.015400 5.079100 -0.676700
v -0.799100 4.392500 -0.750300
v -0.989000 4.375800 -0.690000
v -0.439800 6.674400 -0.104900
v -0.449500 6.227800 -0.378700
v -0.644400 6.227800 -0.333800
v -0.635600 6.644700 -0.077400
v -0.526300 5.747700 -0.492300
v -0.717100 5.774400 -0.438800
v -0.612300 5.416100 -0.572900
v -0.788600 5.483800 -0.507200
v -0.729600 5.280300 -0.644800
v -0.879100 5.384300 -0.562200
v -0.823100 5.204900 -0.696700
v -0.988500 5.290000 -0.623400
v -0.855100 5.116900 -0.717700
v -1.045200 5.140500 -0.660300
v -0.838600 4.490600 -0.743800
v -1.030300 4.473500 -0.689400
v -0.406000 6.729100 -0.184700
v -0.390600 6.267600 -0.442700
v -0.586300 6.267600 -0.401500
v -0.601300 6.692900 -0.161900
v -0.446300 5.925900 -0.490700
v -0.638600 5.953400 -0.442900
v -0.507500 5.606500 -0.537200
v -0.698500 5.640200 -0.488400
v -0.565800 5.382900 -0.589100
v -0.750200 5.438400 -0.535100
v -0.651300 5.220300 -0.647100
v -0.827000 5.294700 -0.587000
v -0.737100 5.068900 -0.701300
v -0.920700 5.126400 -0.646400
v -0.780600 4.887700 -0.732200
v -0.973700 4.907900 -0.684100
v -0.794800 4.340100 -0.760000
v -0.989200 4.336200 -0.713500
v -0.398100 6.635100 -0.147000
v -0.397600 6.194000 -0.370300
v -0.589500 6.194000 -0.313700
v -0.590800 6.599200 -0.107300
v -0.085600 6.229100 -0.083600
v -0.104800 5.533900 -0.375000
v -0.304800 5.533900 -0.370700
v -0.284900 6.242100 -0.074100
v -0.102400 5.247100 -0.510600
v -0.302000 5.256400 -0.502400
v -0.143800 4.935000 -0.618300
v -0.341600 4.961000 -0.604100
v -0.197100 4.629000 -0.706300
v -0.393100 4.665300 -0.689300
v -0.244500 4.424200 -0.732500
v -0.437600 4.472900 -0.714200
v -0.444900 3.701300 -0.667800
v -0.636000 3.757600 -0.649800
v -0.119000 6.284000 -0.087200
v -0.152500 5.586900 -0.360200
v -0.352100 5.586900 -0.347400
v -0.317600 6.298600 -0.068800
v -0.155100 5.269600 -0.515300
v -0.354300 5.277500 -0.499000
v -0.196200 4.978800 -0.631200
v -0.393000 5.005700 -0.607600
v -0.277200 4.586000 -0.724700
v -0.470900 4.628000 -0.698100
v -0.491200 3.742200 -0.684900
v -0.682100 3.795800 -0.658400
v -0.062700 6.270600 -0.103400
v -0.095600 5.555600 -0.374800
v -0.295200 5.555600 -0.363000
v -0.261500 6.284600 -0.086400
v -0.096500 5.228100 -0.521900
v -0.295900 5.234600 -0.507400
v -0.132000 4.925300 -0.625300
v -0.329400 4.950000 -0.604700
v -0.209200 4.516400 -0.711000
v -0.403200 4.558700 -0.687300
v -0.431900 3.679600 -0.669200
v -0.622100 3.736900 -0.645900
v -0.351800 6.326400 0.034200
v -0.578200 5.595400 -0.361900
v -0.739100 5.595400 -0.243100
v -0.519900 6.304000 0.140100
v -0.708700 5.324600 -0.504600
v -0.860200 5.341400 -0.375100
v -0.793200 5.258000 -0.584900
v -0.937700 5.281200 -0.448600
v -0.852100 5.229700 -0.640900
v -1.004900 5.245500 -0.512800
v -0.887400 5.133500 -0.684900
v -1.049500 5.127900 -0.567800
v -0.873800 4.483700 -0.754600
v -1.036400 4.465500 -0.639700
v -0.394000 6.333200 0.145800
v -0.513000 5.831100 -0.149800
v -0.697300 5.831100 -0.072100
v -0.579000 6.330500 0.221800
v -0.581600 5.552800 -0.305300
v -0.764000 5.559700 -0.223500
v -0.650200 5.378300 -0.425000
v -0.824500 5.403300 -0.330200
v -0.727800 5.290500 -0.517800
v -0.886200 5.334500 -0.404000
v -0.791600 5.246500 -0.577600
v -0.950400 5.290200 -0.464100
v -0.839800 5.150400 -0.622900
v -1.010900 5.170800 -0.521300
v -0.919400 4.539100 -0.723900
v -1.093800 4.542000 -0.626100
v -0.377200 6.379700 0.069400
v -0.559200 5.654800 -0.333700
v -0.730200 5.654800 -0.230000
v -0.554500 6.355800 0.158800
v -0.681000 5.347900 -0.489800
v -0.840200 5.371800 -0.371200
v -0.773200 5.269000 -0.575700
v -0.917800 5.307600 -0.443100
v -0.841500 5.233900 -0.634300
v -0.993700 5.265800 -0.508500
v -0.883500 5.139600 -0.678400
v -1.049600 5.142600 -0.567000
v -0.882200 4.511900 -0.751100
v -1.049800 4.495000 -0.643200
v -0.335900 6.336300 0.003000
v -0.565200 5.591700 -0.392600
v -0.723100 5.591700 -0.269900
v -0.502300 6.309500 0.110700
v -0.699900 5.315400 -0.527700
v -0.848600 5.331900 -0.395000
v -0.782800 5.245500 -0.604700
v -0.927100 5.266400 -0.467700
v -0.840500 5.213400 -0.659900
v -0.992900 5.226300 -0.531100
v -0.874500 5.112000 -0.702800
v -1.034700 5.105500 -0.583200
v -0.854600 4.452200 -0.761200
v -1.015200 4.434700 -0.643200
v -0.272700 6.335700 -0.042300
v -0.348600 5.887200 -0.281400
v -0.524200 5.887200 -0.185700
v -0.453400 6.308200 0.038900
v -0.450900 5.627500 -0.409600
v -0.618300 5.649700 -0.302400
v -0.572800 5.398400 -0.532000
v -0.739100 5.422900 -0.423700
v -0.646800 5.245700 -0.618000
v -0.823400 5.244700 -0.524100
v -0.659200 5.159400 -0.671900
v -0.841900 5.121200 -0.600100
v -0.650200 5.064800 -0.725600
v -0.832900 5.027000 -0.653600
v -0.648300 4.894400 -0.766600
v -0.831000 4.892500 -0.685300
v -0.726100 4.188100 -0.791500
v -0.906600 4.210500 -0.708500
v -0.176400 6.353400 -0.096800
v -0.272800 5.613800 -0.393300
v -0.464500 5.613800 -0.336100
v -0.369000 6.341600 -0.044300
v -0.323100 5.244000 -0.575400
v -0.515700 5.234700 -0.522400
v -0.330400 4.983400 -0.690800
v -0.522300 4.982800 -0.634400
v -0.381700 4.633100 -0.757800
v -0.570000 4.660500 -0.696100
v -0.528700 3.864500 -0.724100
v -0.714400 3.906400 -0.662700
v -0.139700 6.300600 -0.082200
v -0.173200 5.552000 -0.376600
v -0.372600 5.552000 -0.361100
v -0.338700 6.308900 -0.063400
v -0.180200 5.286900 -0.516000
v -0.379300 5.292300 -0.497800
v -0.202500 5.101900 -0.606200
v -0.400100 5.120500 -0.581800
v -0.234900 4.916000 -0.677600
v -0.430700 4.945300 -0.649400
v -0.295400 4.623300 -0.734000
v -0.488800 4.664400 -0.703700
v -0.500400 3.775200 -0.693800
v -0.691400 3.826100 -0.663600
v -0.200800 6.319400 -0.076700
v -0.309500 5.628300 -0.371900
v -0.499900 5.628300 -0.310800
v -0.392100 6.311600 -0.018900
v -0.362900 5.285100 -0.560900
v -0.554600 5.275100 -0.504800
v -0.375500 5.047100 -0.682200
v -0.566300 5.045800 -0.622300
v -0.425800 4.725300 -0.754600
v -0.613600 4.746900 -0.689400
v -0.541900 3.945600 -0.751800
v -0.728900 3.973200 -0.686400
v -0.091200 6.535300 -0.244600
v -0.066700 5.844500 -0.365400
v -0.265600 5.844500 -0.344800
v -0.289500 6.514800 -0.227700
v -0.095100 5.484700 -0.451800
v -0.293600 5.493900 -0.428900
v -0.120000 5.177400 -0.558500
v -0.318500 5.186400 -0.535700
v -0.147200 4.878300 -0.663800
v -0.344300 4.899000 -0.637300
v -0.214500 4.524300 -0.730800
v -0.407900 4.565700 -0.700800
v -0.423000 3.725400 -0.698100
v -0.612700 3.781400 -0.668400
v -0.093200 6.503500 -0.200900
v -0.074300 5.855800 -0.316300
v -0.274000 5.855800 -0.304800
v -0.292500 6.490300 -0.191800
v -0.095500 5.490900 -0.427300
v -0.294800 5.498900 -0.413400
v -0.118600 5.159400 -0.554200
v -0.317700 5.170100 -0.539300
v -0.146800 4.859400 -0.663100
v -0.344500 4.883000 -0.644100
v -0.216000 4.506300 -0.728800
v -0.410000 4.549600 -0.706500
v -0.427400 3.709200 -0.690100
v -0.618100 3.765400 -0.668200
v -0.151000 6.518700 -0.192200
v -0.115600 5.870200 -0.311900
v -0.315600 5.870200 -0.314000
v -0.350100 6.501000 -0.197700
v -0.134200 5.503500 -0.421100
v -0.333900 5.513800 -0.420200
v -0.152500 5.172300 -0.548700
v -0.352100 5.184800 -0.547000
v -0.175700 4.873000 -0.660800
v -0.373900 4.899000 -0.654700
v -0.246100 4.521100 -0.728200
v -0.440700 4.566400 -0.718700
v -0.462200 3.726700 -0.688700
v -0.654100 3.782200 -0.679500
v -0.044800 6.521100 -0.234000
v -0.017100 5.870200 -0.339000
v -0.217000 5.870200 -0.333100
v -0.244100 6.505000 -0.230800
v -0.037700 5.499800 -0.432800
v -0.237300 5.509200 -0.424500
v -0.058800 5.163900 -0.545000
v -0.258300 5.175000 -0.536100
v -0.082500 4.861500 -0.644800
v -0.280900 4.883500 -0.632800
v -0.143700 4.506600 -0.705500
v -0.339100 4.546500 -0.690600
v -0.341800 3.704500 -0.680000
v -0.534200 3.757100 -0.665300
v 0.011400 6.533900 -0.270400
v 0.039900 5.860800 -0.353500
v -0.159600 5.860800 -0.339400
v -0.187500 6.515800 -0.258700
v 0.000700 5.303800 -0.495700
v -0.198100 5.317000 -0.478600
v -0.051500 4.820700 -0.626500
v -0.249200 4.843800 -0.607100
v -0.121100 4.405700 -0.693600
v -0.316500 4.442500 -0.672300
v -0.278200 3.701600 -0.671500
v -0.470900 3.751000 -0.650400
v 0.040800 6.304600 -0.125600
v 0.077600 5.409500 -0.414200
v -0.122300 5.409500 -0.418300
v -0.158900 6.296400 -0.132200
v 0.066400 5.007700 -0.550900
v -0.133300 5.019000 -0.551500
v 0.038100 4.664700 -0.624000
v -0.161100 4.682900 -0.623100
v 0.010600 4.393600 -0.654500
v -0.188200 4.415300 -0.653200
v -0.020700 4.125800 -0.652400
v -0.218900 4.152000 -0.651100
v -0.111600 3.503600 -0.566400
v -0.309100 3.534600 -0.565800
v 0.066800 6.348100 -0.129100
v 0.116500 5.767500 -0.267100
v -0.081400 5.767500 -0.296500
v -0.130000 6.333900 -0.162000
v 0.118100 5.448400 -0.390000
v -0.080000 5.460000 -0.415400
v 0.107000 5.065300 -0.516800
v -0.090900 5.080500 -0.541200
v 0.081300 4.629200 -0.602600
v -0.116400 4.647000 -0.626500
v 0.041700 4.192700 -0.625900
v -0.155900 4.212100 -0.649700
v -0.032200 3.540100 -0.546300
v -0.229900 3.559300 -0.570100
v 0.090200 6.296400 -0.118200
v 0.154000 5.466900 -0.383000
v -0.044500 5.466900 -0.407200
v -0.107200 6.281400 -0.146900
v 0.156000 5.026500 -0.536700
v -0.042600 5.034600 -0.558500
v 0.145100 4.630100 -0.607400
v -0.053500 4.640100 -0.628800
v 0.122100 4.178200 -0.619100
v -0.076400 4.189800 -0.640500
v 0.069200 3.496200 -0.525800
v -0.129200 3.509300 -0.547400
v -0.405100 7.128700 -0.255400
v -0.450800 6.571200 -0.519200
v -0.641100 6.571200 -0.457700
v -0.596900 7.111500 -0.201300
v -0.483800 6.216900 -0.550900
v -0.672600 6.232200 -0.486700
v -0.524600 5.876500 -0.572100
v -0.712700 5.897600 -0.507400
v -0.563100 5.651600 -0.601600
v -0.749400 5.681800 -0.535500
v -0.614500 5.488100 -0.653200
v -0.796100 5.532900 -0.582300
v -0.717200 5.302100 -0.767500
v -0.893300 5.357400 -0.690700
v -0.821900 5.152600 -0.887800
v -1.003200 5.198300 -0.816700
v -0.853500 5.041000 -0.922700
v -1.043700 5.047900 -0.861300
v -0.760800 4.511700 -0.800300
v -0.947400 4.484200 -0.733900
v -0.581000 7.414000 -0.043300
v -0.858900 7.167700 -0.137000
v -0.907000 7.167700 0.057100
v -0.642000 7.401300 0.146700
v -0.923600 7.036400 -0.143700
v -0.964100 7.051100 0.051600
v -0.964300 6.789300 -0.128300
v -1.004500 6.805100 0.067000
v -0.974500 6.425800 -0.106300
v -1.015000 6.435300 0.089300
v -0.957600 6.091500 -0.092400
v -0.998200 6.098700 0.103300
v -1.052200 5.385800 -0.082300
v -1.092600 5.394700 0.113400
v -0.529600 7.314000 -0.120200
v -0.740400 6.781300 -0.277700
v -0.855000 6.781300 -0.113800
v -0.645900 7.309300 0.042400
v -0.814800 6.445200 -0.323700
v -0.928500 6.448800 -0.159200
v -0.855700 6.161100 -0.343700
v -0.971100 6.152200 -0.180600
v -0.867000 5.940900 -0.381200
v -0.984000 5.885700 -0.228700
v -0.844100 5.755900 -0.478600
v -0.957700 5.658700 -0.345700
v -0.814700 5.570200 -0.609500
v -0.929600 5.490300 -0.466700
v -0.839000 5.347500 -0.698700
v -1.010800 4.830800 -0.763500
v -1.106100 4.855100 -0.589400
v -0.947400 5.328100 -0.531700
v -0.610000 7.320100 -0.039700
v -0.916000 6.889500 -0.118500
v -0.949700 6.889500 0.078600
v -0.655400 7.302500 0.154300
v -0.982500 6.628700 -0.116700
v -1.014700 6.634100 0.080700
v -0.981800 6.361300 -0.114700
v -1.015000 6.351100 0.082300
v -0.982800 6.057400 -0.148100
v -1.132400 5.389200 -0.389200
v -1.171400 5.325700 -0.203600
v -1.017600 6.016800 0.044600
v 0.061800 7.679300 -0.070200
v 0.385900 7.399900 -0.431800
v 0.255700 7.399900 -0.583600
v -0.087300 7.697600 -0.202200
v 0.471400 7.253200 -0.478600
v 0.361200 7.221500 -0.642500
v 0.568000 7.021400 -0.472700
v 0.469100 6.965400 -0.637300
v 0.705800 6.713000 -0.429900
v 0.610700 6.648400 -0.593500
v 0.818400 6.442600 -0.389900
v 0.717200 6.394000 -0.555500
v 0.864500 6.246700 -0.381100
v 0.755200 6.233600 -0.548000
v 0.876200 5.991200 -0.398600
v 0.765000 6.009300 -0.563900
v 0.814400 5.208200 -0.497800
v 0.704100 5.242400 -0.661200
v 0.062900 7.541400 -0.232100
v 0.189800 7.216500 -0.587200
v 0.012300 7.216500 -0.679400
v -0.121400 7.559600 -0.307700
v 0.236200 7.070200 -0.639900
v 0.067400 7.042800 -0.743500
v 0.310100 6.784600 -0.654900
v 0.142900 6.750900 -0.759200
v 0.372800 6.416600 -0.650800
v 0.203600 6.393300 -0.755000
v 0.414900 6.064500 -0.662300
v 0.244700 6.048100 -0.766200
v 0.476800 5.691900 -0.707300
v 0.305300 5.685100 -0.809900
v 0.585000 4.921800 -0.909400
v 0.411200 4.931700 -1.007800
v -0.016300 7.616700 -0.151600
v 0.192200 7.664700 -0.566300
v 0.035200 7.664700 -0.690200
v -0.201100 7.614600 -0.228000
v 0.295500 7.616200 -0.651000
v 0.187700 7.596100 -0.818200
v 0.361800 7.571400 -0.673200
v 0.293700 7.523700 -0.855100
v 0.444400 7.491300 -0.669100
v 0.391000 7.429700 -0.851700
v 0.525700 7.388400 -0.659200
v 0.462700 7.339700 -0.842600
v 0.585200 7.248400 -0.654800
v 0.511700 7.225400 -0.839400
v 0.607200 6.985000 -0.649000
v 0.531900 6.975900 -0.834100
v 0.581300 6.583000 -0.621200
v 0.506000 6.571800 -0.806100
v 0.575600 6.148500 -0.585500
v 0.500300 6.151300 -0.770800
v 0.633300 5.514200 -0.677500
v 0.555800 5.544800 -0.859300
v -0.706800 6.924100 0.242200
v -0.884700 6.759300 0.238900
v -0.897200 6.759300 0.438500
v -0.710200 6.932800 0.442000
v -0.867800 6.340000 0.226300
v -0.882100 6.329600 0.425500
v -0.814100 5.624500 0.178500
v -0.827900 5.604300 0.377000
v -0.722900 6.980800 0.243000
v -0.904000 6.802400 0.266000
v -0.897700 6.802400 0.465900
v -0.696600 7.000900 0.440300
v -0.891400 6.357800 0.235100
v -0.887900 6.341600 0.434400
v -0.842700 5.620500 0.164900
v -0.839000 5.598800 0.363700
v -0.716900 6.938700 0.202700
v -0.909600 6.759200 0.221200
v -0.915000 6.759200 0.421200
v -0.698600 6.962500 0.400500
v -0.903800 6.390600 0.187900
v -0.913300 6.369300 0.386500
v -0.861600 5.488700 0.077500
v -0.870900 5.462700 0.275500
v -0.685600 7.087000 0.200600
v -0.873800 6.631100 0.166900
v -0.902600 6.631100 0.364800
v -0.717700 7.079200 0.397800
v -0.918100 6.408100 0.163400
v -0.947100 6.406600 0.361300
v -0.905000 6.294800 0.162200
v -0.933500 6.285600 0.359900
v -0.876600 6.142500 0.156300
v -0.904200 6.125000 0.353600
v -0.865000 5.448400 0.080000
v -0.892200 5.424900 0.276700
v -0.140600 6.278400 -0.080000
v -0.185200 5.561100 -0.375600
v -0.383900 5.561100 -0.352900
v -0.338600 6.287200 -0.053700
v -0.198300 5.269000 -0.530300
v -0.396600 5.275000 -0.504800
v -0.236500 4.993300 -0.649300
v -0.432700 5.015400 -0.617200
v -0.304500 4.642200 -0.731700
v -0.497700 4.680300 -0.696200
v -0.503800 3.793500 -0.698200
v -0.694200 3.843400 -0.662800
v -0.166800 6.241900 -0.085700
v -0.289000 5.611400 -0.366700
v -0.473800 5.611400 -0.290100
v -0.352300 6.237400 -0.011100
v -0.340100 5.384100 -0.493900
v -0.527700 5.366500 -0.426800
v -0.340400 5.222100 -0.590700
v -0.528700 5.191800 -0.530700
v -0.345500 5.008900 -0.696200
v -0.532600 5.001900 -0.625900
v -0.395900 4.688300 -0.762700
v -0.579000 4.711600 -0.685800
v -0.531500 3.892800 -0.741000
v -0.713000 3.926900 -0.664100
v -0.272400 6.313800 -0.038100
v -0.362400 5.875600 -0.277500
v -0.535200 5.875600 -0.176800
v -0.450700 6.289200 0.049100
v -0.467100 5.622100 -0.406800
v -0.632100 5.642100 -0.295600
v -0.590100 5.396700 -0.531100
v -0.754300 5.418400 -0.418900
v -0.664400 5.246700 -0.617600
v -0.839200 5.242800 -0.520400
v -0.676400 5.165000 -0.670000
v -0.857300 5.123100 -0.595800
v -0.666400 5.074900 -0.722100
v -0.847400 5.033700 -0.647600
v -0.663000 4.906700 -0.762500
v -0.844300 4.902500 -0.678300
v -0.735000 4.196100 -0.791000
v -0.914500 4.216200 -0.705000
v -0.297200 6.242700 0.001500
v -0.499100 5.655500 -0.343800
v -0.656900 5.655500 -0.220900
v -0.462900 6.220800 0.111300
v -0.657600 5.372400 -0.503800
v -0.807600 5.387000 -0.372300
v -0.744600 5.248300 -0.584300
v -0.892200 5.265900 -0.450500
v -0.796900 5.214400 -0.637100
v -0.946400 5.230400 -0.505200
v -0.845400 5.180500 -0.689900
v -1.003800 5.186800 -0.568100
v -0.870500 5.076000 -0.729300
v -1.034200 5.065300 -0.614900
v -0.826100 4.410600 -0.766900
v -0.989700 4.391400 -0.653500
v -0.335500 6.311400 0.010600
v -0.576900 5.586800 -0.377700
v -0.732400 5.586800 -0.251900
v -0.499600 6.286400 0.122300
v -0.715000 5.321300 -0.514200
v -0.861800 5.335800 -0.379200
v -0.795800 5.258800 -0.589600
v -0.939700 5.276000 -0.451800
v -0.849700 5.232700 -0.643100
v -1.002900 5.241300 -0.514900
v -0.881100 5.135000 -0.686800
v -0.859000 4.475200 -0.757800
v -1.020000 4.455200 -0.640800
v -1.041800 5.124900 -0.568100
v -0.285900 6.300500 -0.019500
v -0.393800 5.816100 -0.287900
v -0.567000 5.816100 -0.187900
v -0.464500 6.277600 0.067600
v -0.501500 5.553500 -0.428800
v -0.666400 5.574100 -0.317400
v -0.609400 5.374300 -0.533500
v -0.771800 5.399400 -0.419500
v -0.675600 5.254600 -0.606500
v -0.849600 5.255300 -0.507800
v -0.691700 5.177500 -0.660400
v -0.873800 5.141400 -0.585900
v -0.686800 5.091700 -0.715500
v -0.868900 5.054100 -0.641800
v -0.685900 4.929100 -0.758100
v -0.867700 4.925000 -0.674900
v -0.750700 4.233300 -0.784200
v -0.930900 4.251900 -0.699300
v -0.347500 6.294700 0.048400
v -0.577600 5.581600 -0.351800
v -0.740000 5.581600 -0.235000
v -0.516300 6.275700 0.154000
v -0.708100 5.316900 -0.502100
v -0.860500 5.334100 -0.373700
v -0.795000 5.251200 -0.584100
v -0.938100 5.276700 -0.446600
v -0.855100 5.224100 -0.639000
v -1.006500 5.242500 -0.509500
v -0.890600 5.132900 -0.681400
v -1.052500 5.128000 -0.564100
v -0.876900 4.507100 -0.752500
v -1.039500 4.487700 -0.637600
v -0.351300 6.224700 0.104700
v -0.593100 5.537900 -0.322700
v -0.758000 5.537900 -0.209600
v -0.520800 6.212700 0.210100
v -0.710700 5.335500 -0.469500
v -0.867000 5.349200 -0.345600
v -0.800100 5.260700 -0.562800
v -0.948000 5.282100 -0.429900
v -0.856500 5.230700 -0.617300
v -1.009900 5.247100 -0.490000
v -0.891800 5.137900 -0.660100
v -1.054000 5.134300 -0.543200
v -0.900700 4.522200 -0.744300
v -1.063900 4.506500 -0.629800
v -0.398800 6.313900 0.149100
v -0.670500 5.386300 -0.431300
v -0.835300 5.386300 -0.318000
v -0.570300 6.297300 0.250600
v -0.759000 5.300100 -0.533900
v -0.907800 5.318600 -0.401500
v -0.818900 5.260500 -0.587400
v -0.966600 5.280000 -0.454000
v -0.864600 5.159000 -0.632800
v -1.020400 5.162200 -0.507500
v -0.923900 4.558200 -0.737000
v -1.081600 4.550200 -0.614100
v -0.528200 6.487500 0.270000
v -0.686100 5.805400 0.164400
v -0.802400 5.805400 0.327200
v -0.650400 6.473000 0.427600
v -0.784200 5.419700 -0.007200
v -0.905600 5.412700 0.151600
v -0.825400 5.381700 -0.044200
v -0.990900 5.336500 0.058500
v -0.839600 5.388900 -0.111200
v -1.029400 5.333900 -0.080200
v -0.851500 5.391900 -0.238700
v -1.039100 5.339000 -0.193800
v -0.882000 5.286900 -0.376300
v -1.061500 5.259200 -0.292700
v -0.987900 4.840800 -0.645100
v -1.163300 4.830300 -0.549600
v -0.400900 6.266000 0.198300
v -0.528500 5.800100 -0.064900
v -0.711300 5.800100 0.016200
v -0.581300 6.274100 0.284300
v -0.583000 5.588600 -0.199100
v -0.765300 5.590400 -0.116900
v -0.657900 5.424800 -0.345000
v -0.834700 5.438400 -0.252400
v -0.744000 5.314500 -0.470300
v -0.907100 5.345400 -0.358800
v -0.805200 5.267000 -0.531000
v -0.965400 5.301200 -0.416300
v -0.850600 5.171100 -0.578700
v -1.021300 5.184500 -0.475200
v -0.933400 4.574900 -0.718100
v -1.107100 4.572500 -0.619000
v -0.402400 6.587500 -0.103000
v -0.421800 6.133800 -0.335800
v -0.609300 6.133800 -0.266400
v -0.592200 6.550000 -0.052300
v -0.525100 5.702400 -0.454000
v -0.629800 5.391600 -0.552000
v -0.803000 5.441000 -0.465200
v -0.706500 5.731300 -0.374800
v -0.723300 5.265400 -0.632900
v -0.883200 5.334500 -0.534500
v -0.797800 5.196800 -0.693300
v -0.965500 5.255700 -0.601500
v -0.840600 5.083400 -0.731500
v -1.024300 5.100100 -0.654000
v -0.823100 4.425500 -0.752000
v -1.008000 4.411600 -0.677000
v -0.366100 6.550200 -0.116600
v -0.387300 6.113800 -0.330000
v -0.569900 6.113800 -0.248400
v -0.551700 6.511200 -0.053000
v -0.460700 5.849800 -0.399000
v -0.636000 5.880300 -0.307700
v -0.553500 5.579700 -0.472700
v -0.728200 5.611900 -0.380900
v -0.631800 5.363700 -0.552800
v -0.809000 5.389400 -0.463500
v -0.686100 5.231800 -0.631400
v -0.866400 5.249300 -0.546800
v -0.723900 5.139200 -0.700200
v -0.906400 5.150600 -0.619200
v -0.752600 4.990600 -0.748600
v -0.935600 4.999700 -0.668300
v -0.793700 4.301500 -0.765500
v -0.976700 4.310200 -0.685300
v -0.412800 6.552300 -0.042100
v -0.444900 6.124700 -0.301100
v -0.635200 6.124700 -0.239800
v -0.605700 6.522900 0.002000
v -0.539000 5.676500 -0.441600
v -0.724500 5.700700 -0.371000
v -0.629800 5.374700 -0.542300
v -0.803000 5.430300 -0.459100
v -0.721900 5.273200 -0.614100
v -0.872200 5.357700 -0.512700
v -0.801700 5.215500 -0.669600
v -0.962100 5.289300 -0.575600
v -0.849000 5.115200 -0.706000
v -1.032400 5.139400 -0.630000
v -0.845900 4.481500 -0.745600
v -1.032100 4.468200 -0.673800
v -0.570300 7.533800 0.205600
v -0.933100 7.356100 0.067800
v -0.986000 7.356100 0.260600
v -0.639900 7.522400 0.392800
v -0.993500 7.228400 0.063700
v -1.033800 7.251900 0.258200
v -0.996500 6.912300 0.116300
v -1.036100 6.943400 0.309900
v -0.962000 6.506600 0.185100
v -1.000900 6.528100 0.380100
v -0.918100 6.126200 0.219900
v -0.955500 6.131900 0.416300
v -0.881400 5.443300 0.219200
v -0.918300 5.436900 0.415700
v -0.598900 7.481300 0.290400
v -0.968800 7.300100 0.160600
v -1.015400 7.300100 0.355100
v -0.663500 7.469200 0.479300
v -1.029700 7.181800 0.158600
v -1.062000 7.207400 0.354300
v -1.029200 6.935800 0.204300
v -1.060900 6.968700 0.399000
v -0.982200 6.578300 0.266300
v -1.012500 6.598700 0.462900
v -0.915700 6.146300 0.300300
v -0.943700 6.149100 0.498300
v -0.851300 5.422900 0.289300
v -0.878200 5.412300 0.487200
v -0.543300 7.597000 0.343400
v -0.931900 7.447600 0.208300
v -0.986400 7.447600 0.400800
v -0.609500 7.591400 0.532100
v -1.014400 7.369000 0.191700
v -1.051300 7.386100 0.387500
v -1.072000 7.227100 0.203900
v -1.099400 7.267800 0.397800
v -1.059200 6.983700 0.272200
v -1.086300 7.033500 0.464000
v -1.009000 6.708200 0.346900
v -1.034200 6.745100 0.541900
v -0.959000 6.434700 0.389600
v -0.980700 6.452500 0.587600
v -0.910400 6.136900 0.408100
v -0.930200 6.141500 0.607100
v -0.885100 5.867300 0.410700
v -0.905000 5.873000 0.609700
v -0.900400 5.648500 0.421900
v -0.918400 5.675200 0.619300
v -1.077500 5.086000 0.528300
v -1.089300 5.134500 0.722000
v -0.515100 7.631400 0.271700
v -0.918400 7.492600 0.152800
v -0.957900 7.492600 0.348900
v -0.572100 7.622300 0.463200
v -0.983100 7.382700 0.150600
v -1.007000 7.406600 0.347700
v -0.988100 7.197900 0.183300
v -1.010600 7.232500 0.379000
v -0.962900 6.836800 0.248400
v -0.985200 6.865000 0.445200
v -0.918400 6.302100 0.314800
v -0.939300 6.314600 0.513300
v -0.853700 5.500800 0.331200
v -0.873700 5.495700 0.530100
v -0.549000 7.715600 0.374500
v -0.837200 7.656100 0.708600
v -0.703300 7.656100 0.857200
v -0.395400 7.721700 0.502400
v -0.877400 7.630900 0.736800
v -0.787500 7.601700 0.913100
v -0.896500 7.609300 0.738700
v -0.860300 7.517800 0.912700
v -0.921000 7.545000 0.683100
v -0.905500 7.407700 0.827600
v -0.934600 7.390700 0.521800
v -0.917900 7.260400 0.672600
v -0.947800 7.181600 0.378700
v -0.926500 7.104000 0.561800
v -0.973900 6.980600 0.342500
v -0.944900 6.974100 0.540300
v -0.993500 6.775000 0.370300
v -0.961700 6.804500 0.565600
v -0.991000 6.552600 0.409100
v -0.959200 6.581900 0.604300
v -0.956100 6.361000 0.427100
v -0.923200 6.383600 0.623100
v -0.898100 6.147900 0.440100
v -0.862700 6.157700 0.636700
v -0.852000 5.457200 0.426500
v -0.815000 5.450800 0.622900
v -0.699600 6.883200 0.858300
v -0.749500 6.171600 0.894200
v -0.611000 6.171600 0.750000
v -0.562100 6.857700 0.715300
v -0.704000 5.879600 0.903500
v -0.566500 5.891600 0.758800
v -0.672300 5.574700 0.918800
v -0.533300 5.571800 0.775000
v -0.665100 5.311900 0.949500
v -0.525400 5.284900 0.808900
v -0.674100 5.087200 1.007400
v -0.535000 5.037200 0.872600
v -0.686100 4.898700 1.079100
v -0.547300 4.840500 0.947400
v -0.676900 4.750100 1.153200
v -0.539300 4.705500 1.015000
v -0.615200 4.562400 1.251800
v -0.486900 4.544800 1.099300
v -0.351300 4.201400 1.460000
v -0.236200 4.203200 1.296500
v -0.447800 6.589400 -0.034100
v -0.470800 6.165100 -0.296400
v -0.664400 6.165100 -0.246200
v -0.643100 6.563100 0.000400
v -0.549300 5.715500 -0.434300
v -0.739000 5.738700 -0.375300
v -0.632900 5.408100 -0.533300
v -0.807300 5.471400 -0.458800
v -0.742800 5.296100 -0.611100
v -0.887600 5.394900 -0.514900
v -0.827500 5.241700 -0.663700
v -0.988900 5.323400 -0.578500
v -0.858500 5.158600 -0.687000
v -1.045500 5.182800 -0.620400
v -0.867000 4.505600 -0.737300
v -1.056600 4.495500 -0.674600
v -0.432900 6.549800 -0.002900
v -0.465800 6.129300 -0.255200
v -0.657500 6.129300 -0.198200
v -0.626700 6.524700 0.039500
v -0.548500 5.686900 -0.397700
v -0.736200 5.708600 -0.332200
v -0.633800 5.386900 -0.502600
v -0.807000 5.445500 -0.421400
v -0.740800 5.283600 -0.585900
v -0.891700 5.369500 -0.486600
v -0.833900 5.207100 -0.652600
v -1.002700 5.271600 -0.567000
v -0.874900 5.067800 -0.691200
v -1.062000 5.081700 -0.621900
v -0.869000 4.522300 -0.737000
v -1.057300 4.508200 -0.670900
v -0.681500 7.290100 0.265600
v -0.921800 6.837200 0.257300
v -0.919500 6.837200 0.457300
v -0.683400 7.281900 0.465400
v -0.960000 6.588000 0.263100
v -0.956800 6.593300 0.463000
v -0.934300 6.394000 0.268900
v -0.931100 6.398700 0.468800
v -0.888200 6.169700 0.271700
v -0.883500 6.164900 0.471600
v -0.844400 5.454300 0.224300
v -0.838800 5.438100 0.423600
v -0.666400 7.319100 0.349700
v -0.923200 7.038300 0.328100
v -0.930800 7.038300 0.528000
v -0.679800 7.312100 0.549200
v -0.975500 6.886600 0.331100
v -0.979900 6.895000 0.530900
v -0.982600 6.700100 0.341200
v -0.986900 6.710100 0.540900
v -0.924900 6.355300 0.358100
v -0.800400 5.441100 0.335700
v -0.802300 5.429400 0.535400
v -0.928400 6.357200 0.558000
v -0.629600 7.225700 -0.036700
v -0.904500 6.719100 -0.108700
v -0.943300 6.719100 0.087500
v -0.673100 7.216300 0.158300
v -0.973700 6.571000 -0.117500
v -1.010900 6.575100 0.079000
v -0.987100 6.456600 -0.118500
v -1.025100 6.455400 0.077800
v -0.967000 6.255100 -0.119600
v -1.004500 6.237100 0.076100
v -0.952900 5.938500 -0.166500
v -0.990300 5.882400 0.021800
v -1.081500 5.266600 -0.496900
v -1.123500 5.179000 -0.322100
v -0.647400 7.203300 0.059900
v -0.941600 6.475000 0.019600
v -0.995800 6.475000 0.212100
v -0.697800 7.215300 0.253100
v -0.923800 6.210800 0.010500
v -0.979700 6.186600 0.201000
v -0.930200 5.903500 -0.052800
v -0.988600 5.844600 0.129200
v -1.137800 5.296100 -0.404700
v -1.203000 5.212300 -0.235200
v -0.646300 7.309000 0.034700
v -0.919800 6.882000 -0.012400
v -0.943000 6.882000 0.186200
v -0.676700 7.297400 0.232000
v -0.982900 6.610700 -0.011600
v -1.004900 6.615600 0.187100
v -0.974000 6.401200 -0.006400
v -0.996000 6.402700 0.192400
v -0.955300 6.207700 -0.005100
v -0.977000 6.195000 0.193300
v -0.987600 5.965200 -0.038500
v -1.013000 5.924600 0.155700
v -1.251500 5.299800 -0.278300
v -1.284100 5.238500 -0.090700
v -0.377000 7.508600 -0.181300
v -0.580000 7.159000 -0.438900
v -0.726500 7.159000 -0.302800
v -0.530300 7.496100 -0.053400
v -0.633800 6.993500 -0.482100
v -0.774200 7.011300 -0.340800
v -0.687200 6.729300 -0.485900
v -0.824800 6.759600 -0.343900
v -0.741500 6.419400 -0.462500
v -0.877300 6.459200 -0.321200
v -0.780400 6.216200 -0.434200
v -0.910400 6.282100 -0.297200
v -0.822100 6.097200 -0.396400
v -0.945200 6.184400 -0.265100
v -0.864300 5.993200 -0.362000
v -1.001400 6.038700 -0.223700
v -0.886800 5.887300 -0.385100
v -1.041900 5.844300 -0.266400
v -0.867700 5.382400 -0.810000
v -1.023700 5.288900 -0.726800
v -0.327600 7.599200 -0.147900
v -0.518000 7.374800 -0.403100
v -0.670300 7.374800 -0.273400
v -0.486900 7.589900 -0.027400
v -0.571700 7.240700 -0.453700
v -0.716000 7.258900 -0.316300
v -0.650100 6.945900 -0.473200
v -0.790100 6.979200 -0.334200
v -0.738600 6.567400 -0.457600
v -0.876900 6.607700 -0.318900
v -0.800800 6.275000 -0.429800
v -0.941500 6.304800 -0.290800
v -0.970500 5.666000 -0.530800
v -1.115700 5.679100 -0.393800
v -0.665900 7.189300 0.130400
v -0.934600 6.456700 0.098300
v -0.978200 6.456700 0.293500
v -0.707200 7.197600 0.325900
v -0.921000 6.274500 0.094800
v -0.964900 6.265300 0.289700
v -0.905300 6.095500 0.087900
v -0.949200 6.087600 0.282800
v -0.968400 5.865100 0.068600
v -1.010000 5.866200 0.264200
v -1.377400 5.235700 0.007700
v -1.415000 5.243600 0.203900
v -0.656400 7.119100 0.074600
v -0.918000 6.572100 0.019000
v -0.973400 6.572100 0.211200
v -0.708700 7.126600 0.267500
v -0.938900 6.429000 0.008300
v -0.995800 6.419500 0.199800
v -0.919200 6.205700 -0.000700
v -0.976100 6.181200 0.189500
v -0.920200 5.895100 -0.059900
v -0.979000 5.835300 0.121600
v -1.130000 5.286900 -0.429900
v -1.196400 5.198900 -0.263000
v -0.428800 7.416800 -0.222200
v -0.620000 6.797100 -0.459000
v -0.744900 6.797100 -0.302800
v -0.562400 7.388400 -0.076100
v -0.718500 6.395800 -0.487600
v -0.835500 6.425500 -0.328200
v -0.814700 6.033100 -0.462500
v -0.932000 6.061700 -0.303100
v -0.859700 5.809600 -0.471700
v -0.985700 5.785100 -0.318300
v -0.858300 5.728500 -0.506700
v -0.982300 5.626100 -0.387800
v -0.827800 5.648900 -0.592400
v -0.944400 5.515200 -0.500000
v -0.783400 5.496400 -0.746500
v -0.906400 5.394000 -0.626400
v -0.797400 5.279900 -0.863200
v -0.914600 5.253100 -0.703400
v -0.976000 4.800900 -0.928200
v -1.072600 4.836200 -0.756700
v -0.523600 7.415600 -0.128700
v -0.796800 7.141900 -0.229100
v -0.854100 7.141900 -0.037500
v -0.589600 7.406100 0.059900
v -0.872100 6.983900 -0.243500
v -0.923400 6.995800 -0.050600
v -0.926700 6.738400 -0.237100
v -0.977300 6.753100 -0.044200
v -0.956500 6.413100 -0.222600
v -1.008600 6.413500 -0.029500
v -0.960300 6.084400 -0.243800
v -1.014200 6.044800 -0.055300
v -1.002400 5.411100 -0.503500
v -1.058400 5.336600 -0.326500
v -0.412600 7.538900 -0.082200
v -0.558100 7.298200 -0.404800
v -0.712500 7.298200 -0.277700
v -0.587300 7.504900 0.009000
v -0.628700 7.174500 -0.440800
v -0.745300 7.240900 -0.292500
v -0.709200 7.026200 -0.398700
v -0.808700 7.124400 -0.255600
v -0.809000 6.828000 -0.330000
v -0.911900 6.919200 -0.184700
v -0.895200 6.620400 -0.275500
v -1.004100 6.696000 -0.125800
v -0.931900 6.470300 -0.234400
v -1.047000 6.519600 -0.078500
v -0.942200 6.275600 -0.205000
v -1.061300 6.281400 -0.044400
v -0.955200 5.580800 -0.296300
v -1.075400 5.550500 -0.139300
v -0.100800 7.664300 -0.064200
v 0.215000 7.623200 -0.418400
v 0.077900 7.623200 -0.564000
v -0.255300 7.668100 -0.191300
v 0.336700 7.534000 -0.511700
v 0.221400 7.518600 -0.674400
v 0.425600 7.418100 -0.550200
v 0.326100 7.383100 -0.720200
v 0.553400 7.185400 -0.558600
v 0.462300 7.136200 -0.729700
v 0.672200 6.940700 -0.544100
v 0.589000 6.875500 -0.713900
v 0.762900 6.738600 -0.493900
v 0.692800 6.645900 -0.656600
v 0.866500 6.545000 -0.400900
v 0.810100 6.426300 -0.551700
v 0.962200 6.385600 -0.293100
v 0.901200 6.276100 -0.449000
v 1.017400 6.180700 -0.210700
v 0.940200 6.144500 -0.391600
v 0.924900 5.568600 -0.230300
v 0.855200 5.609900 -0.413200
v -0.083200 7.529400 -0.221000
v 0.053100 7.287400 -0.643500
v -0.131900 7.287400 -0.719600
v -0.272800 7.539200 -0.284100
v 0.090400 7.145900 -0.705400
v -0.089600 7.128200 -0.790700
v 0.137500 6.849800 -0.718600
v -0.041900 6.828000 -0.804300
v 0.180000 6.433300 -0.715700
v 0.000400 6.413900 -0.801400
v 0.226300 6.019700 -0.716700
v 0.047300 5.994800 -0.802500
v 0.297200 5.631700 -0.729100
v 0.117200 5.612800 -0.814300
v 0.419300 5.007600 -0.936200
v 0.235600 5.008100 -1.015400
v -0.158600 7.594900 -0.123000
v 0.124000 7.588400 -0.529500
v -0.045100 7.588400 -0.636300
v -0.321100 7.593900 -0.239600
v 0.208200 7.488200 -0.679300
v 0.031600 7.496500 -0.772800
v 0.243000 7.362400 -0.770700
v 0.064600 7.376400 -0.860000
v 0.257500 7.220000 -0.819900
v 0.080900 7.221100 -0.913800
v 0.274900 7.060700 -0.833600
v 0.101700 7.031500 -0.929400
v 0.302300 6.855600 -0.779600
v 0.131800 6.805800 -0.871300
v 0.333100 6.589100 -0.683100
v 0.161100 6.552000 -0.778100
v 0.368000 6.229000 -0.666900
v 0.193900 6.209200 -0.763300
v 0.509200 5.395300 -0.762200
v 0.336200 5.369100 -0.859100
v -0.210000 7.646200 -0.062400
v 0.156100 7.741200 -0.484600
v 0.033900 7.741200 -0.642900
v -0.371600 7.639400 -0.180000
v 0.344500 7.689500 -0.575600
v 0.268300 7.678300 -0.760200
v 0.486200 7.607000 -0.614600
v 0.425100 7.586900 -0.804000
v 0.571500 7.522900 -0.631500
v 0.509200 7.504000 -0.820600
v 0.624600 7.442600 -0.643200
v 0.558900 7.428800 -0.831600
v 0.661700 7.334200 -0.649400
v 0.597400 7.317000 -0.837900
v 0.689500 7.152200 -0.636800
v 0.627800 7.121500 -0.824600
v 0.725300 6.889000 -0.593800
v 0.666200 6.841500 -0.778900
v 0.773600 6.642800 -0.534000
v 0.720200 6.568200 -0.711700
v 0.824700 6.477900 -0.459600
v 0.784600 6.363400 -0.618700
v 1.058100 6.073200 -0.132000
v 1.033600 5.929500 -0.269000
v -0.195600 7.502000 -0.225900
v -0.139700 7.109900 -0.634700
v -0.335200 7.109900 -0.676500
v -0.392800 7.513400 -0.257400
v -0.114600 6.902400 -0.695500
v -0.308400 6.887700 -0.742700
v -0.061900 6.433900 -0.715800
v -0.254900 6.412000 -0.763800
v -0.009400 6.027900 -0.723200
v -0.200600 5.994100 -0.771300
v 0.035900 5.821400 -0.714800
v -0.152400 5.774000 -0.762500
v 0.086400 5.629800 -0.707700
v -0.103800 5.590200 -0.755200
v 0.126000 5.434300 -0.757600
v -0.070300 5.427800 -0.795100
v 0.145400 4.983300 -1.142300
v -0.052800 5.003500 -1.159700
v -0.254000 7.560800 -0.166600
v -0.278200 7.229000 -0.555500
v -0.477600 7.229000 -0.539300
v -0.453600 7.558300 -0.153000
v -0.287200 7.058400 -0.633100
v -0.486400 7.062300 -0.615000
v -0.301000 6.714200 -0.682300
v -0.500100 6.719300 -0.663900
v -0.311300 6.348400 -0.696300
v -0.291800 6.001600 -0.697800
v -0.490200 5.983900 -0.680500
v -0.510500 6.345200 -0.678400
v -0.244300 5.575300 -0.751100
v -0.442600 5.555700 -0.734200
v -0.237100 5.028000 -1.126100
v -0.435600 5.016700 -1.104000
v 0.091600 6.072900 -0.104400
v 0.143300 5.404100 -0.397500
v -0.056100 5.404100 -0.413100
v -0.107000 6.060800 -0.125100
v 0.140300 5.133000 -0.505700
v -0.059100 5.143600 -0.517300
v 0.128500 4.918500 -0.564000
v -0.070800 4.931000 -0.575100
v 0.111600 4.575300 -0.601400
v -0.087800 4.584900 -0.612900
v 0.092300 4.096800 -0.606600
v -0.107200 4.106100 -0.618100
v 0.049000 3.387900 -0.497400
v -0.150200 3.399900 -0.509200
v -0.277600 6.146100 -0.006100
v -0.618100 5.376800 -0.510000
v -0.778000 5.376800 -0.389900
v -0.443700 6.131400 0.104200
v -0.727000 5.195500 -0.639400
v -0.897900 5.172300 -0.538000
v -0.732000 5.172900 -0.670400
v -0.911100 5.113500 -0.604000
v -0.726900 5.123600 -0.710900
v -0.906100 5.076400 -0.635700
v -0.727800 4.975200 -0.751100
v -0.907100 4.969400 -0.662600
v -0.776700 4.279400 -0.773400
v -0.954900 4.292600 -0.683600
v -0.578400 6.504500 0.258200
v -0.725300 5.760800 -0.093600
v -0.887600 5.760800 0.023300
v -0.578400 6.498600 0.370600
v -0.708300 5.353900 -0.407600
v -0.866600 5.359700 -0.285600
v -0.795200 5.257300 -0.511600
v -0.946500 5.269900 -0.381400
v -0.848900 5.230500 -0.565400
v -0.998200 5.244800 -0.433100
v -0.909300 5.147100 -0.630300
v -1.067800 5.146500 -0.508400
v -0.927000 4.556000 -0.724200
v -1.087700 4.538800 -0.606400
v -0.562400 7.347500 1.043000
v -0.648400 7.175400 1.204900
v -0.470300 7.175400 1.296100
v -0.385400 7.345300 1.136000
v -0.672400 7.058700 1.254900
v -0.682000 6.923900 1.279900
v -0.503800 6.921700 1.370700
v -0.493700 7.061500 1.344700
v -0.691000 6.751600 1.281600
v -0.513600 6.735800 1.372500
v -0.699900 6.577200 1.254100
v -0.522700 6.555400 1.344200
v -0.693600 6.403200 1.203000
v -0.517200 6.397800 1.297000
v -0.648300 6.158400 1.146600
v -0.479100 6.190200 1.248300
v -0.497200 5.750500 1.122200
v -0.343700 5.825400 1.226400
v -0.565900 7.367400 0.976200
v -0.711500 6.990700 1.133900
v -0.574900 6.990700 1.280000
v -0.425200 7.378600 1.117800
v -0.751300 6.806400 1.161500
v -0.616400 6.798400 1.309000
v -0.761900 6.622600 1.160000
v -0.627000 6.615600 1.307400
v -0.744900 6.409900 1.137400
v -0.610800 6.412800 1.285700
v -0.685900 6.159800 1.103100
v -0.556900 6.185000 1.253800
v -0.569600 5.839200 1.091800
v -0.453100 5.900100 1.242500
v -0.333000 5.323000 1.204300
v -0.231900 5.418600 1.348100
v -0.599000 7.302500 0.947900
v -0.710700 6.903900 1.112000
v -0.563600 6.903900 1.247500
v -0.447300 7.319500 1.077100
v -0.747800 6.736000 1.135300
v -0.603500 6.722300 1.273100
v -0.765200 6.564600 1.135000
v -0.620400 6.556500 1.272700
v -0.757100 6.394600 1.125500
v -0.613800 6.409100 1.264200
v -0.676500 6.096500 1.108400
v -0.539500 6.138800 1.247900
v -0.291200 4.962400 1.184800
v -0.160500 5.023900 1.323100
v -0.335200 7.420600 1.228400
v -0.374800 7.418300 1.369600
v -0.183900 7.418300 1.429200
v -0.141700 7.422500 1.278800
v -0.392300 7.346900 1.420500
v -0.197100 7.361900 1.461600
v -0.388400 7.281700 1.493400
v -0.195900 7.335700 1.497400
v -0.352100 7.174200 1.586100
v -0.199800 7.230800 1.588200
v -0.509500 7.733800 0.283800
v -0.826100 7.721400 0.595600
v -0.704300 7.721400 0.754200
v -0.366200 7.736700 0.423400
v -0.870000 7.702300 0.621900
v -0.795800 7.679800 0.806200
v -0.889200 7.685100 0.624300
v -0.875100 7.605100 0.807000
v -0.912900 7.627400 0.577100
v -0.923500 7.498700 0.729800
v -0.925600 7.476900 0.431100
v -0.935700 7.351100 0.586300
v -0.938300 7.259500 0.287000
v -0.943000 7.193700 0.475800
v -0.977900 7.001600 0.264600
v -0.973200 7.009300 0.464400
v -1.012000 6.739600 0.305900
v -1.005900 6.765500 0.504100
v -0.977600 6.415400 0.339100
v -0.970800 6.426900 0.538600
v -0.894900 5.523300 0.344300
v -0.887100 5.515600 0.544000
v 0.129200 7.879300 -0.088700
v 0.279000 7.854200 -0.248700
v 0.144900 7.850400 -0.397000
v -0.025400 7.879300 -0.215600
v 0.347600 7.817800 -0.299000
v 0.235100 7.802600 -0.463700
v 0.450900 7.728700 -0.350200
v 0.354400 7.699600 -0.522900
v 0.569900 7.573400 -0.379200
v 0.494500 7.519100 -0.556300
v 0.666800 7.435900 -0.357200
v 0.625000 7.338900 -0.527100
v 0.730800 7.370100 -0.317100
v 0.733900 7.230000 -0.459800
v 0.771000 7.349900 -0.282200
v 0.824200 7.183000 -0.378800
v 0.847000 7.345700 -0.180700
v 0.926500 7.173800 -0.245000
v 0.959400 7.340400 -0.017500
v 1.022900 7.171400 -0.103700
v -0.280500 7.794200 0.483700
v -0.449400 7.791400 0.376600
v 1.039300 7.290600 0.082800
v 1.053200 7.155600 -0.064000
v 1.123600 7.152900 0.154200
v 1.089800 7.095100 -0.034200
v 1.251700 6.644800 0.161400
v 1.199300 6.650800 -0.031500
v -0.641200 7.268700 0.877000
v -0.808700 6.666300 0.969200
v -0.648600 6.666300 1.089000
v -0.491000 7.228100 1.002700
v -0.768600 6.299000 0.991900
v -0.609900 6.330100 1.109600
v -0.691500 5.970000 0.992200
v -0.533700 6.005300 1.109800
v -0.635100 5.712100 0.990000
v -0.476000 5.740700 1.107800
v -0.609000 5.387000 1.019400
v -0.449800 5.415000 1.137200
v -0.529800 4.505100 1.157000
v -0.371800 4.544700 1.273000
v -0.679000 7.220700 0.815200
v -0.841900 6.613200 0.884300
v -0.669200 6.613200 0.985200
v -0.520100 7.163400 0.922200
v -0.753800 6.087400 0.908700
v -0.583900 6.125100 1.007200
v -0.660500 5.668800 0.925100
v -0.490100 5.703700 1.023800
v -0.624800 5.332200 0.959000
v -0.453900 5.363500 1.058200
v -0.571200 4.518100 1.150900
v -0.400900 4.557500 1.248200
v -0.638600 7.193200 0.836700
v -0.816500 6.694400 0.911600
v -0.697800 6.694400 1.072600
v -0.527000 7.169600 1.001000
v -0.810900 6.488300 0.929100
v -0.692000 6.513200 1.087900
v -0.725500 6.139700 0.937600
v -0.607900 6.171900 1.096100
v -0.632000 5.753500 0.945500
v -0.513600 5.781800 1.104200
v -0.596100 5.382700 0.976300
v -0.478100 5.414200 1.134700
v -0.521500 4.489600 1.138100
v -0.405100 4.536500 1.293800
v -0.653900 7.146000 0.893600
v -0.809000 6.622900 0.972800
v -0.642600 6.622900 1.083800
v -0.500700 7.095200 1.011800
v -0.763400 6.290500 0.996600
v -0.599200 6.326600 1.104800
v -0.680400 5.949700 1.001200
v -0.516900 5.989400 1.109200
v -0.608400 5.584300 1.020700
v -0.445000 5.624900 1.128700
v -0.544500 5.237900 1.063000
v -0.384400 5.292400 1.169700
v -0.325500 4.649500 1.103900
v -0.170900 4.720000 1.209400
v -0.412900 7.389600 1.154800
v -0.562900 7.125000 1.344800
v -0.399600 7.125000 1.460300
v -0.254400 7.379200 1.276400
v -0.567000 6.924200 1.363600
v -0.404900 6.914300 1.480400
v -0.442200 7.238100 1.506200
v -0.432700 7.102000 1.565400
v -0.236900 7.142600 1.566500
v -0.243600 7.238100 1.529500
v -0.394900 6.989800 1.582900
v -0.213000 7.072600 1.576800
v -0.343200 6.900500 1.577100
v -0.174800 7.008500 1.574500
v -0.265000 6.788400 1.493100
v -0.102400 6.904900 1.496400
v -0.372900 7.439400 1.168400
v -0.562400 7.166800 1.396100
v -0.389500 7.166800 1.496700
v -0.213900 7.412900 1.287000
v -0.555600 7.005400 1.423700
v -0.381700 7.017700 1.521700
v -0.539200 6.846200 1.395000
v -0.363700 6.826600 1.488900
v -0.555600 6.520600 1.284100
v -0.380600 6.480600 1.372400
v -0.553200 6.445300 1.231000
v -0.390900 6.407800 1.341800
v -0.374000 7.397700 1.226700
v -0.180300 7.381500 1.273600
v -0.440200 7.359800 1.135500
v -0.546900 7.236700 1.251800
v -0.383800 7.236700 1.367500
v -0.292800 7.340200 1.269200
v -0.571900 7.156000 1.303400
v -0.402500 7.173600 1.408200
v -0.581200 7.073700 1.334000
v -0.584900 6.844700 1.321200
v -0.417900 6.826400 1.429700
v -0.413300 7.079300 1.442500
v -0.588000 6.349400 1.197200
v -0.421300 6.310500 1.300500
v -0.463500 7.392300 1.111500
v -0.572700 7.260200 1.239800
v -0.404800 7.260200 1.348500
v -0.311300 7.371500 1.239600
v -0.595400 7.169100 1.295000
v -0.421600 7.188200 1.392000
v -0.602200 7.077600 1.327900
v -0.429700 7.084200 1.428800
v -0.608300 6.854700 1.319000
v -0.437100 6.834100 1.420200
v -0.643400 6.260500 1.185100
v -0.473500 6.219100 1.282000
v -0.501100 7.350800 1.083100
v -0.621200 7.207000 1.221000
v -0.451100 7.207000 1.326300
v -0.350100 7.324200 1.211500
v -0.629800 7.079000 1.266800
v -0.455900 7.100200 1.363300
v -0.628000 6.959500 1.287300
v -0.454900 6.956300 1.387500
v -0.649900 6.745200 1.270300
v -0.477500 6.724400 1.369600
v -0.632000 6.121100 1.135500
v -0.460300 6.116000 1.237800
v -0.565900 7.330100 1.045000
v -0.647900 7.208200 1.210700
v -0.461400 7.208200 1.282900
v -0.387400 7.316500 1.134300
v -0.661500 7.106700 1.270300
v -0.471600 7.127200 1.329600
v -0.653700 6.991000 1.304000
v -0.463800 7.012500 1.363000
v -0.648300 6.847000 1.319900
v -0.458000 6.844100 1.381300
v -0.662600 6.632400 1.295600
v -0.472900 6.611800 1.355500
v -0.674300 6.333000 1.224700
v -0.484800 6.332800 1.288400
v -0.599400 5.905200 1.152400
v -0.416400 5.945100 1.222600
v -0.596700 7.256100 1.018100
v -0.666900 6.988100 1.224700
v -0.490300 6.988100 1.318600
v -0.413900 7.280800 1.095200
v -0.697700 6.839000 1.248700
v -0.525800 6.815600 1.348000
v -0.722400 6.638000 1.235200
v -0.550500 6.613700 1.334600
v -0.726700 6.421800 1.197600
v -0.554800 6.413000 1.299400
v -0.690800 6.189100 1.146100
v -0.523200 6.209300 1.253400
v -0.598700 5.900600 1.109000
v -0.448100 5.971000 1.220300
v -0.341800 5.468200 1.195800
v -0.217900 5.586200 1.299300
v -0.541300 7.313700 1.072000
v -0.639600 7.135700 1.223300
v -0.456800 7.135700 1.304400
v -0.372100 7.286500 1.175000
v -0.646500 6.990300 1.281200
v -0.461200 7.008000 1.354500
v -0.647300 6.861100 1.309300
v -0.462900 6.857900 1.386800
v -0.659700 6.750000 1.307900
v -0.477800 6.719500 1.385100
v -0.680300 6.581300 1.269200
v -0.497600 6.562700 1.348500
v -0.611000 5.997900 1.136400
v -0.431400 6.012500 1.223100
v -0.267900 7.296200 1.180300
v -0.287200 7.524100 1.340400
v -0.119100 7.524100 1.232000
v -0.098200 7.387300 1.126100
v -0.211600 7.668100 1.349500
v -0.095500 7.559000 1.228600
v -0.104100 7.774800 1.302200
v -0.039000 7.613900 1.202800
v 0.084000 7.878000 1.173100
v 0.093300 7.687800 1.111800
v 0.728400 7.912000 0.603500
v 0.692500 7.716600 0.581000
v -0.253400 7.368800 1.140300
v -0.230600 7.595100 1.222800
v -0.167900 7.595100 1.032900
v -0.176800 7.451100 0.974900
v -0.153300 7.716500 1.204500
v -0.138300 7.634600 1.022700
v -0.055700 7.801200 1.149500
v -0.082900 7.682100 0.991100
v 0.113000 7.876000 1.024400
v 0.042100 7.738000 0.898100
v 0.714600 7.884200 0.494100
v 0.611500 7.744000 0.395600
v -0.109900 7.318000 1.289000
v 0.036000 7.613000 1.383300
v 0.020700 7.613000 1.183900
v -0.076400 7.409200 1.114100
v 0.195900 7.739400 1.306500
v 0.119600 7.685300 1.129700
v 0.361700 7.812200 1.187600
v 0.262600 7.747400 1.026500
v 0.495900 7.845000 1.082200
v 0.378700 7.777200 0.935000
v 0.608700 7.815800 0.991900
v 0.477000 7.751300 0.855900
v 0.990800 7.546300 0.733100
v 0.855500 7.484100 0.599600
v -0.256900 7.412300 1.065500
v -0.247800 7.635800 1.120100
v -0.221900 7.635800 0.921800
v -0.224100 7.477400 0.879300
v -0.194500 7.736900 1.100500
v -0.204100 7.665200 0.914100
v -0.114100 7.808600 1.048300
v -0.162800 7.701000 0.886900
v 0.061000 7.879800 0.910800
v -0.024700 7.756900 0.778400
v 0.669200 7.880100 0.372500
v 0.556400 7.755900 0.263700
v 0.218800 7.475200 1.378900
v 0.419500 7.636200 1.068900
v 0.273100 7.715100 0.957700
v 0.042000 7.536300 1.308300
v 0.510400 7.638000 0.996400
v 0.427900 7.720900 0.834200
v 0.618400 7.607100 0.955000
v 0.598400 7.670700 0.766400
v 0.770600 7.504800 0.936800
v 0.769600 7.556400 0.743600
v 0.947900 7.330400 0.876600
v 0.924400 7.404000 0.692100
v 1.071300 7.143900 0.754700
v 1.031300 7.243200 0.585800
v 1.132200 6.929900 0.597200
v 1.090600 7.034800 0.432000
v 1.098300 5.907200 -0.016100
v 1.056800 6.008100 -0.183700
v 0.050600 7.386300 1.408100
v 0.329900 7.623200 1.187500
v 0.197600 7.721200 1.073900
v -0.090000 7.480600 1.320500
v 0.407700 7.665400 1.091900
v 0.290200 7.749300 0.953400
v 0.457100 7.662900 1.059600
v 0.395500 7.743000 0.887000
v 0.547200 7.627800 1.033900
v 0.538000 7.687600 0.843200
v 0.704500 7.512900 1.013400
v 0.707800 7.564200 0.820100
v 0.872800 7.356300 0.966000
v 0.855400 7.426300 0.779500
v 0.993700 7.226900 0.883500
v 0.954000 7.321400 0.711800
v 1.068200 7.120200 0.794800
v 1.021100 7.225800 0.631600
v 1.123100 6.979200 0.685900
v 1.076900 7.082500 0.521000
v 1.161800 6.660700 0.486000
v 1.116000 6.760700 0.318900
v 1.115300 5.944200 0.067100
v 1.069600 6.047300 -0.098000
v -0.198200 7.594900 1.214300
v -0.222100 7.652100 1.024100
v -0.420500 7.638900 0.926400
v -0.628700 7.638600 1.040700
v -0.655700 7.513500 0.887100
v -0.514400 7.508100 0.807700
v -0.746600 7.556400 1.080600
v -0.707500 7.472800 0.903200
v -0.842500 7.428000 1.094500
v -0.774400 7.381800 0.912200
v -0.925400 7.245500 1.089400
v -0.843200 7.230500 0.907700
v -0.979800 6.979100 1.063400
v -0.891900 6.992900 0.884300
v -0.959400 6.485400 0.997100
v -0.871700 6.518500 0.820400
v -0.478900 7.621100 0.775800
v -0.682600 7.624500 0.845500
v -0.707200 7.530000 0.671000
v -0.552000 7.523700 0.617100
v -0.774700 7.572700 0.865500
v -0.747700 7.504900 0.679300
v -0.848000 7.487600 0.871900
v -0.792700 7.452100 0.683000
v -0.938800 7.283800 0.860500
v -0.868400 7.282400 0.673300
v -1.034100 6.497900 0.755800
v -0.959600 6.522400 0.571800
v -0.453200 7.588100 0.983400
v -0.680400 7.526600 1.094200
v -0.703100 7.453400 0.909500
v -0.538500 7.495100 0.828200
v -0.802000 7.394300 1.121600
v -0.780400 7.364500 0.925000
v -0.888000 7.217200 1.118900
v -0.853100 7.212500 0.922000
v -0.941300 7.057600 1.106500
v -0.901600 7.068400 0.910800
v -0.953100 6.919300 1.090500
v -0.912800 6.943000 0.896100
v -0.808000 6.433600 1.049900
v -0.768800 6.462000 0.855800
v -0.325200 7.696400 0.847800
v -0.528800 7.827700 0.986500
v -0.553800 7.629300 0.989000
v -0.433500 7.537500 0.902700
v -0.675000 7.787900 1.045900
v -0.590300 7.612200 1.001700
v -0.793800 7.686400 1.073500
v -0.651800 7.558200 1.015300
v -0.925000 7.473100 1.077100
v -0.745400 7.408300 1.017700
v -1.074700 6.633500 0.960900
v -0.881900 6.626600 0.908500
v -0.322100 7.696500 0.861500
v -0.524300 7.817400 1.008200
v -0.550300 7.619400 0.996800
v -0.430900 7.534600 0.905900
v -0.668600 7.773600 1.072000
v -0.588400 7.600700 1.011400
v -0.786600 7.670700 1.103000
v -0.650800 7.545000 1.027100
v -0.917900 7.456900 1.110400
v -0.744400 7.395200 1.032300
v -1.066900 6.607100 0.996900
v -0.880200 6.604200 0.925400
v -0.403100 7.672000 0.827700
v -0.617900 7.726100 0.925000
v -0.646500 7.571300 0.801600
v -0.510900 7.529200 0.738200
v -0.745500 7.667200 0.961000
v -0.688800 7.546100 0.812200
v -0.842800 7.566900 0.975100
v -0.743600 7.489000 0.819900
v -0.944100 7.368400 0.969300
v -0.819200 7.341700 0.815400
v -1.060400 6.582400 0.860400
v -0.927500 6.597200 0.711700
v -0.343200 7.626500 1.026800
v -0.632500 7.593300 1.206600
v -0.657200 7.498300 1.032300
v -0.458100 7.515700 0.906300
v -0.778100 7.434700 1.239800
v -0.742300 7.395800 1.046900
v -0.876500 7.241700 1.237500
v -0.826500 7.228900 1.044300
v -0.931400 7.077100 1.226100
v -0.875500 7.086600 1.034300
v -0.921600 6.930900 1.211100
v -0.866600 6.958800 1.020800
v -0.713600 6.439100 1.187100
v -0.660300 6.471700 0.997100
v -0.390900 7.673200 0.872400
v -0.599500 7.714400 0.989800
v -0.628300 7.554000 0.873800
v -0.496300 7.520600 0.797600
v -0.724500 7.651000 1.035900
v -0.672200 7.526200 0.888600
v -0.821900 7.548700 1.057500
v -0.728500 7.466800 0.900700
v -0.925400 7.349000 1.059100
v -0.805200 7.320800 0.901800
v -1.035000 6.551100 0.956800
v -0.906500 6.567900 0.804500
v -0.455500 7.639900 0.766600
v -0.670200 7.690100 0.833000
v -0.697500 7.561300 0.682400
v -0.546100 7.520200 0.634500
v -0.776300 7.647800 0.853300
v -0.728700 7.546000 0.687900
v -0.859300 7.561800 0.859300
v -0.770400 7.501500 0.690600
v -0.959100 7.350700 0.846500
v -0.848800 7.335000 0.680400
v -1.069000 6.553900 0.733900
v -0.952700 6.573300 0.572400
v -0.432900 7.544400 1.070900
v -0.668200 7.459800 1.185800
v -0.689800 7.396700 0.997300
v -0.514500 7.457000 0.910600
v -0.788500 7.310800 1.208700
v -0.770600 7.292100 1.010400
v -0.865600 7.118900 1.201000
v -0.837700 7.123100 1.003000
v -0.903400 6.951600 1.186600
v -0.873600 6.965900 0.989300
v -0.890900 6.818400 1.176200
v -0.860900 6.831500 0.978900
v -0.649400 6.352700 1.195100
v -0.616300 6.358500 0.997900
v -0.345100 7.693600 0.817100
v -0.549300 7.828000 0.934000
v -0.573500 7.630000 0.948400
v -0.455200 7.537700 0.877000
v -0.695300 7.791900 0.984000
v -0.606400 7.614700 0.957900
v -0.811800 7.694100 1.006500
v -0.664600 7.564200 0.968600
v -0.939100 7.486500 1.006700
v -0.754700 7.418800 0.968700
v -1.087300 6.666200 0.890200
v -0.890000 6.654500 0.859200
v -0.461300 7.535400 1.048100
v -0.713900 7.430400 1.161700
v -0.734000 7.381900 0.968700
v -0.540800 7.459800 0.880900
v -0.819900 7.277600 1.174100
v -0.807100 7.270500 0.974600
v -0.885200 7.099000 1.164200
v -0.866100 7.107800 0.965300
v -0.916000 6.949200 1.151400
v -0.895900 6.964400 0.952900
v -0.894900 6.819300 1.141900
v -0.874500 6.832000 0.943400
v -0.669000 6.381100 1.149000
v -0.645500 6.387100 0.950500
v -0.165500 7.537300 0.960200
v -0.369100 7.668700 1.098900
v -0.394200 7.470300 1.101400
v -0.273900 7.378500 1.015100
v -0.515400 7.628800 1.158300
v -0.430700 7.453200 1.114100
v -0.634200 7.527300 1.185900
v -0.492100 7.399200 1.127700
v -0.765400 7.314000 1.189500
v -0.585700 7.249200 1.130100
v -0.915100 6.474400 1.073300
v -0.722300 6.467600 1.020900
v -0.181300 7.522100 1.235600
v -0.332000 7.279300 1.244500
v -0.245300 7.340000 1.275800
v -0.421700 7.230800 1.150800
v -0.493400 7.129800 1.038400
v -0.608400 6.900300 0.878800
v -0.584600 7.026800 0.939000
v -0.630100 7.049700 0.914000
v -0.752400 6.977900 0.339500
v -0.523000 7.556600 -0.051700
v -0.427100 7.631500 -0.101500
v -0.727000 7.199500 0.219900
v -0.701100 7.317700 0.120800
v -0.749900 6.885100 0.372100
v -0.611700 6.762600 0.831700
v -0.748100 6.911400 0.433100
v -0.750900 6.850900 0.314900
v -0.716800 6.784400 0.253000
v -0.667800 6.580400 0.245600
v -0.687400 6.654000 0.236400
v -0.632900 7.549100 0.244100
v -0.419600 7.769500 0.172400
v 0.000300 7.870200 0.154300
v -0.513100 7.699700 0.204400
v 0.000300 7.911100 0.436600
v 0.000300 7.894200 0.698800
v -0.343700 7.820000 0.681300
v -0.633400 6.515700 0.206000
v -0.596300 6.473900 0.089200
v -0.546500 6.473400 -0.023100
v -0.475400 6.472000 -0.126300
v -0.407600 6.471200 -0.193000
v -0.313500 6.472700 -0.237500
v 0.000300 6.472600 -0.340500
v -0.684700 6.554000 0.184100
v -0.623300 6.534000 0.061800
v -0.577900 6.532700 -0.058900
v -0.505400 6.546800 -0.175000
v -0.432300 6.552900 -0.256100
v -0.333400 6.555900 -0.306800
v 0.000300 6.556800 -0.416200
v -0.700600 6.632200 0.171100
v -0.657000 6.650100 0.022800
v -0.607600 6.666700 -0.103500
v -0.530700 6.686500 -0.226700
v -0.444600 6.711800 -0.319800
v -0.347900 6.728400 -0.381800
v 0.000300 6.740000 -0.466600
v -0.733700 6.815900 0.196100
v -0.690000 6.904100 0.009300
v -0.631500 6.972200 -0.164600
v -0.549000 7.006200 -0.266300
v -0.459500 7.036100 -0.358800
v -0.361500 7.059000 -0.422500
v 0.000300 7.102900 -0.515200
v -0.749000 6.928900 0.272300
v -0.717900 7.108100 0.118000
v -0.679600 7.209100 -0.009100
v -0.600300 7.299200 -0.115400
v -0.501400 7.390000 -0.242000
v -0.399000 7.452900 -0.297100
v 0.000300 7.524000 -0.354600
v -0.372600 7.828300 0.461300
v -0.488600 7.752700 0.467600
v -0.462700 7.749800 0.682200
v -0.587500 7.183400 1.012900
v -0.600200 7.627800 0.460600
v -0.691000 7.432600 0.465200
v -0.511700 7.289800 1.118100
v -0.702000 7.405800 0.286300
v -0.726000 7.264600 0.348300
v -0.748900 7.011400 0.414400
v -0.410700 7.399900 1.192700
v -0.308900 7.475600 1.224000
v -0.150200 7.370300 1.296800
v -0.000400 7.398300 1.307000
v -0.065400 7.391300 1.301900
v -0.668400 7.429200 0.606900
v -0.574300 7.632800 0.661900
v -0.715800 7.286300 0.476100
v -0.699800 7.279800 0.583700
v -0.600000 6.504000 0.169800
v -0.657000 6.547200 0.135500
v -0.678900 6.626700 0.121600
v -0.717200 6.855200 0.126400
v -0.737800 7.008800 0.215800
v -0.740600 7.127600 0.389700
v -0.559800 7.567600 0.862500
v -0.653500 7.382800 0.749500
v -0.684600 7.229100 0.699800
v -0.440700 7.689300 0.895200
v 0.000300 7.816700 0.952300
v -0.075100 7.547200 1.236700
v 0.000300 7.559400 1.237800
v -0.321400 7.759100 0.912500
v -0.081400 7.804700 0.958800
v -0.161600 7.510800 -0.331300
v -0.131100 7.096000 -0.490000
v -0.133100 7.900200 0.466800
v -0.181700 7.853000 0.151700
v -0.114100 6.740600 -0.455100
v -0.100400 6.562100 -0.401300
v -0.085800 6.475800 -0.316600
v -0.097900 7.886800 0.709700
v -0.218700 7.868000 0.694800
v -0.194100 6.476800 -0.288000
v -0.252900 7.079600 -0.461700
v -0.235500 6.738300 -0.424200
v -0.215900 6.561900 -0.361600
v -0.288000 7.483500 -0.322600
v -0.288900 7.825200 0.156400
v -0.248600 7.874900 0.470300
v -0.194400 7.793600 0.944300
v 0.000300 6.381200 -0.242100
v -0.076100 6.381900 -0.220700
v -0.171000 6.378000 -0.187400
v -0.273500 6.374500 -0.160100
v -0.361600 6.371300 -0.121600
v -0.430400 6.381400 -0.061200
v -0.475200 6.395500 0.014000
v -0.541800 6.413400 0.138600
v -0.446900 6.358100 0.029200
v -0.397000 6.347900 -0.029300
v -0.329500 6.338400 -0.074200
v -0.246900 6.338100 -0.115200
v -0.159600 6.339100 -0.144300
v -0.074300 6.337300 -0.169600
v 0.000100 6.337000 -0.183200
v -0.649100 7.430600 0.038400
v 0.000300 7.730500 -0.148700
v -0.743300 7.078500 0.295100
v -0.181600 7.705700 -0.141100
v -0.300000 7.683200 -0.136800
v -0.749400 6.812800 0.277600
v -0.378100 7.243300 -0.375600
v -0.478300 7.204200 -0.315000
v -0.703200 7.006600 0.048900
v -0.742100 6.874300 0.225700
v -0.570500 7.150800 -0.215000
v -0.655800 7.084500 -0.101600
v 0.000300 7.319300 -0.461700
v -0.728200 6.932600 0.161300
v -0.150100 7.291200 -0.455700
v -0.266900 7.271700 -0.415200
v -0.705400 6.731700 0.239300
v -0.677800 6.791300 -0.006400
v -0.719900 6.741000 0.176900
v -0.449500 6.878400 -0.351200
v -0.538300 6.857100 -0.261100
v -0.618500 6.832600 -0.152700
v 0.000300 6.925100 -0.500000
v -0.353700 6.894800 -0.413400
v -0.702900 6.760300 0.107100
v -0.120700 6.920300 -0.479400
v -0.243300 6.908000 -0.453200
v -0.670700 6.917500 0.843600
v -0.729900 7.145900 0.483700
v -0.718100 7.137200 0.568100
v -0.702800 7.085600 0.659900
v -0.644300 6.776500 0.791500
v -0.740500 7.022800 0.486000
v -0.730200 7.004500 0.558200
v -0.715400 6.941100 0.632800
v -0.644600 6.702800 0.677700
v -0.742800 6.919200 0.488000
v -0.736400 6.900100 0.541700
v -0.724800 6.842700 0.594200
v -0.651500 6.528100 0.262600
v 0.000300 6.436700 -0.289600
v -0.078100 6.438000 -0.262900
v -0.180600 6.435200 -0.233600
v -0.291800 6.429300 -0.195600
v -0.541200 7.430600 1.010300
v -0.431400 7.555300 1.068600
v -0.386100 6.427500 -0.156300
v -0.624300 7.277700 0.902300
v -0.666400 7.129700 0.818700
v -0.452500 6.430700 -0.090000
v 0.000300 7.714200 1.116500
v -0.313500 7.629300 1.092900
v -0.074500 7.708800 1.111900
v -0.522900 6.435600 -0.002700
v -0.590300 6.466700 0.190100
v -0.187100 7.673200 1.108100
v -0.559100 6.445600 0.119000
v -0.686600 6.996000 0.756100
v -0.699700 6.853900 0.711900
v -0.685100 6.763000 0.643800
v -0.711300 6.796900 0.343000
v -0.721100 6.752100 0.297500
v -0.711100 6.822500 0.518600
v -0.707700 6.837000 0.437000
v -0.704200 6.815100 0.391300
v -0.714900 6.774600 0.316100
v -0.705200 6.779100 0.553100
v -0.710800 6.841600 0.478500
v -0.684200 6.747500 0.577200
v 0.181800 7.522100 1.235600
v 0.331200 7.279400 1.244400
v 0.244600 7.340100 1.275700
v 0.399100 7.208200 1.199300
v 0.470800 7.143200 1.070400
v 0.592200 6.903000 0.888300
v 0.592600 7.015100 0.959000
v 0.630600 7.049800 0.914000
v 0.752900 6.977900 0.339500
v 0.523600 7.556600 -0.051700
v 0.427700 7.631500 -0.101500
v 0.727600 7.199500 0.219900
v 0.701600 7.317700 0.120800
v 0.750500 6.885100 0.372100
v 0.603600 6.772100 0.837700
v 0.748700 6.908700 0.434900
v 0.751400 6.850900 0.314900
v 0.717000 6.784400 0.253000
v 0.668000 6.580400 0.245600
v 0.687600 6.654000 0.236400
v 0.633500 7.549100 0.244100
v 0.420200 7.769500 0.172400
v 0.513600 7.699700 0.204400
v 0.344300 7.820000 0.681300
v 0.633600 6.515700 0.206000
v 0.596800 6.473900 0.089200
v 0.547000 6.473400 -0.023100
v 0.475900 6.472000 -0.126300
v 0.408200 6.471200 -0.193000
v 0.314100 6.472700 -0.237500
v 0.685200 6.554000 0.184100
v 0.623900 6.534000 0.061800
v 0.578500 6.532700 -0.058900
v 0.506000 6.546800 -0.175000
v 0.432900 6.552900 -0.256100
v 0.334000 6.555900 -0.306800
v 0.701100 6.632200 0.171100
v 0.657600 6.650100 0.022800
v 0.608200 6.666700 -0.103500
v 0.531200 6.686500 -0.226700
v 0.445200 6.711800 -0.319800
v 0.348400 6.728400 -0.381800
v 0.734300 6.815900 0.196100
v 0.690500 6.904100 0.009300
v 0.632000 6.972200 -0.164600
v 0.549600 7.006200 -0.266300
v 0.460000 7.036100 -0.358800
v 0.362100 7.059000 -0.422500
v 0.749500 6.928900 0.272300
v 0.718500 7.108100 0.118000
v 0.680100 7.209100 -0.009100
v 0.600900 7.299200 -0.115400
v 0.502000 7.390000 -0.242000
v 0.399600 7.452900 -0.297100
v 0.373100 7.828300 0.461300
v 0.489200 7.752700 0.467600
v 0.463300 7.749800 0.682200
v 0.588000 7.198300 1.005900
v 0.600700 7.627800 0.460600
v 0.691600 7.432600 0.465200
v 0.512300 7.302500 1.111400
v 0.702600 7.405800 0.286300
v 0.726500 7.264600 0.348300
v 0.749400 7.011400 0.414400
v 0.411300 7.400000 1.192700
v 0.309400 7.475700 1.224000
v 0.149400 7.370300 1.296800
v 0.064700 7.391300 1.301800
v 0.669000 7.429200 0.606900
v 0.574900 7.632800 0.661900
v 0.716400 7.286300 0.476100
v 0.700400 7.279800 0.583700
v 0.600200 6.504000 0.169800
v 0.657600 6.547200 0.135500
v 0.679500 6.626700 0.121600
v 0.717700 6.855200 0.126400
v 0.738300 7.008800 0.215800
v 0.741200 7.127600 0.389700
v 0.560400 7.565700 0.864600
v 0.654100 7.379900 0.752200
v 0.685100 7.229100 0.699800
v 0.441300 7.689300 0.895200
v 0.075600 7.547200 1.236700
v 0.321900 7.759100 0.912500
v 0.082000 7.804700 0.958800
v 0.162100 7.510800 -0.331300
v 0.131700 7.096000 -0.490000
v 0.133700 7.900200 0.466800
v 0.182200 7.853000 0.151700
v 0.114600 6.740600 -0.455100
v 0.101000 6.562100 -0.401300
v 0.086300 6.475800 -0.316600
v 0.098400 7.886800 0.709700
v 0.219200 7.868000 0.694800
v 0.194600 6.476800 -0.288000
v 0.253500 7.079600 -0.461700
v 0.236100 6.738300 -0.424200
v 0.216500 6.561900 -0.361600
v 0.288500 7.483500 -0.322600
v 0.289500 7.825200 0.156400
v 0.249100 7.874900 0.470300
v 0.195000 7.793600 0.944300
v 0.076700 6.381900 -0.220700
v 0.171500 6.378000 -0.187400
v 0.274000 6.374500 -0.160100
v 0.362200 6.371300 -0.121600
v 0.431000 6.381400 -0.061200
v 0.475400 6.397400 0.014000
v 0.542000 6.419300 0.138600
v 0.447100 6.358100 0.029200
v 0.397200 6.347900 -0.029300
v 0.329700 6.338400 -0.074200
v 0.247100 6.338100 -0.115200
v 0.159800 6.339100 -0.144300
v 0.074500 6.337300 -0.169600
v 0.649600 7.430600 0.038400
v 0.743800 7.078500 0.295100
v 0.182100 7.705700 -0.141100
v 0.300500 7.683200 -0.136800
v 0.721600 6.823900 0.274300
v 0.378600 7.243300 -0.375600
v 0.478900 7.204200 -0.315000
v 0.703800 7.006600 0.048900
v 0.742700 6.874300 0.225700
v 0.571100 7.150800 -0.215000
v 0.656400 7.084500 -0.101600
v 0.728800 6.932600 0.161300
v 0.150700 7.291200 -0.455700
v 0.267400 7.271700 -0.415200
v 0.705600 6.731700 0.239300
v 0.678300 6.791300 -0.006400
v 0.720500 6.741000 0.176900
v 0.450000 6.878400 -0.351200
v 0.538900 6.857100 -0.261100
v 0.619100 6.832600 -0.152700
v 0.354200 6.894800 -0.413400
v 0.703400 6.760300 0.107100
v 0.121300 6.920300 -0.479400
v 0.243800 6.908000 -0.453200
v 0.671200 6.917600 0.843600
v 0.730500 7.145900 0.483700
v 0.718700 7.137200 0.568100
v 0.703300 7.085700 0.659900
v 0.659400 6.782900 0.768000
v 0.741100 7.021200 0.487000
v 0.730800 6.997400 0.563900
v 0.715900 6.933300 0.637900
v 0.644700 6.702800 0.674000
v 0.743400 6.902300 0.497300
v 0.736900 6.871200 0.556600
v 0.725400 6.812900 0.606900
v 0.651700 6.528100 0.262600
v 0.078700 6.438000 -0.262900
v 0.181200 6.435200 -0.233600
v 0.292400 6.429300 -0.195600
v 0.541700 7.436900 1.008800
v 0.431900 7.555300 1.068600
v 0.386700 6.427500 -0.156300
v 0.624800 7.290900 0.896900
v 0.667000 7.129700 0.818700
v 0.453000 6.430700 -0.090000
v 0.314100 7.629300 1.093000
v 0.075100 7.708800 1.111900
v 0.523500 6.435600 -0.002700
v 0.590500 6.466700 0.190100
v 0.187600 7.673200 1.108100
v 0.559300 6.449500 0.115000
v 0.687100 6.996000 0.756100
v 0.700300 6.847500 0.715600
v 0.685300 6.746500 0.650900
v 0.711400 6.796900 0.343000
v 0.711300 6.795200 0.532600
v 0.707900 6.828900 0.442200
v 0.704400 6.815100 0.391400
v 0.715100 6.774600 0.316100
v 0.705400 6.750400 0.565400
v 0.711000 6.821400 0.490000
v 0.668200 6.721200 0.589800
vt 0.7231 0.9319
vt 0.7231 0.7533
vt 0.6703 0.7533
vt 0.6703 0.9319
vt 0.7231 0.5746
vt 0.6703 0.5746
vt 0.7231 0.3959
vt 0.6703 0.3959
vt 0.7231 0.2173
vt 0.6703 0.2173
vt 0.7231 0.0386
vt 0.6703 0.0386
vt 0.9832 0.9106
vt 0.9832 0.6934
vt 0.9319 0.6934
vt 0.9319 0.9106
vt 0.9832 0.4762
vt 0.9319 0.4762
vt 0.9832 0.2589
vt 0.9319 0.2589
vt 0.9832 0.0418
vt 0.9319 0.0418
vt 0.7231 0.9297
vt 0.7231 0.7808
vt 0.6703 0.7808
vt 0.6703 0.9297
vt 0.7231 0.6319
vt 0.6703 0.6319
vt 0.7231 0.4830
vt 0.6703 0.4830
vt 0.7231 0.3340
vt 0.6703 0.3340
vt 0.7231 0.1851
vt 0.6703 0.1851
vt 0.7231 0.0362
vt 0.6703 0.0362
vt 0.7231 0.9319
vt 0.7231 0.7830
vt 0.6703 0.7830
vt 0.6703 0.9319
vt 0.7231 0.6341
vt 0.6703 0.6341
vt 0.7231 0.4853
vt 0.6703 0.4853
vt 0.7231 0.3364
vt 0.6703 0.3364
vt 0.7231 0.1875
vt 0.6703 0.1875
vt 0.7231 0.0386
vt 0.6703 0.0386
vt 0.9848 0.9146
vt 0.9848 0.7899
vt 0.9307 0.7899
vt 0.9307 0.9146
vt 0.9848 0.6654
vt 0.9307 0.6654
vt 0.9848 0.5408
vt 0.9307 0.5408
vt 0.9848 0.4163
vt 0.9307 0.4163
vt 0.9848 0.2916
vt 0.9307 0.2916
vt 0.9848 0.1671
vt 0.9307 0.1671
vt 0.9848 0.0425
vt 0.9307 0.0425
vt 0.7231 0.9319
vt 0.7231 0.7533
vt 0.6703 0.7533
vt 0.6703 0.9319
vt 0.7231 0.5746
vt 0.6703 0.5746
vt 0.7231 0.3959
vt 0.6703 0.3959
vt 0.7231 0.2173
vt 0.6703 0.2173
vt 0.7231 0.0386
vt 0.6703 0.0386
vt 0.9832 0.9106
vt 0.9832 0.6934
vt 0.9319 0.6934
vt 0.9319 0.9106
vt 0.9832 0.4762
vt 0.9319 0.4762
vt 0.9832 0.2589
vt 0.9319 0.2589
vt 0.9832 0.0418
vt 0.9319 0.0418
vt 0.9832 0.9106
vt 0.9832 0.6934
vt 0.9319 0.6934
vt 0.9319 0.9106
vt 0.9832 0.4762
vt 0.9319 0.4762
vt 0.9832 0.2589
vt 0.9319 0.2589
vt 0.9832 0.0418
vt 0.9319 0.0418
vt 0.7231 0.9319
vt 0.7231 0.7830
vt 0.6703 0.7830
vt 0.6703 0.9319
vt 0.7231 0.6341
vt 0.6703 0.6341
vt 0.7231 0.4853
vt 0.6703 0.4853
vt 0.7231 0.3364
vt 0.6703 0.3364
vt 0.7231 0.1875
vt 0.6703 0.1875
vt 0.7231 0.0386
vt 0.6703 0.0386
vt 0.7231 0.9319
vt 0.7231 0.7830
vt 0.6703 0.7830
vt 0.6703 0.9319
vt 0.7231 0.6341
vt 0.6703 0.6341
vt 0.7231 0.4853
vt 0.6703 0.4853
vt 0.7231 0.3364
vt 0.6703 0.3364
vt 0.7231 0.1875
vt 0.6703 0.1875
vt 0.7231 0.0386
vt 0.6703 0.0386
vt 0.9832 0.9106
vt 0.9832 0.6934
vt 0.9319 0.6934
vt 0.9319 0.9106
vt 0.9832 0.4762
vt 0.9319 0.4762
vt 0.9832 0.2589
vt 0.9319 0.2589
vt 0.9832 0.0418
vt 0.9319 0.0418
vt 0.7231 0.9319
vt 0.7231 0.7830
vt 0.6703 0.7830
vt 0.6703 0.9319
vt 0.7231 0.6341
vt 0.6703 0.6341
vt 0.7231 0.4853
vt 0.6703 0.4853
vt 0.7231 0.3364
vt 0.6703 0.3364
vt 0.7231 0.1875
vt 0.6703 0.1875
vt 0.7231 0.0386
vt 0.6703 0.0386
vt 0.7231 0.9319
vt 0.7231 0.7533
vt 0.6703 0.7533
vt 0.6703 0.9319
vt 0.7231 0.5746
vt 0.6703 0.5746
vt 0.7231 0.3959
vt 0.6703 0.3959
vt 0.7231 0.2173
vt 0.6703 0.2173
vt 0.7231 0.0386
vt 0.6703 0.0386
vt 0.8440 0.9482
vt 0.8440 0.8213
vt 0.7915 0.8213
vt 0.7915 0.9482
vt 0.8440 0.6942
vt 0.7915 0.6942
vt 0.8440 0.5673
vt 0.7915 0.5673
vt 0.8440 0.4403
vt 0.7915 0.4403
vt 0.8440 0.3134
vt 0.7915 0.3134
vt 0.8440 0.1863
vt 0.7915 0.1863
vt 0.8440 0.0594
vt 0.7915 0.0594
vt 0.7231 0.9319
vt 0.7231 0.7533
vt 0.6703 0.7533
vt 0.6703 0.9319
vt 0.7231 0.5746
vt 0.6703 0.5746
vt 0.7231 0.3959
vt 0.6703 0.3959
vt 0.7231 0.2173
vt 0.6703 0.2173
vt 0.7231 0.0386
vt 0.6703 0.0386
vt 0.9832 0.9106
vt 0.9832 0.6934
vt 0.9319 0.6934
vt 0.9319 0.9106
vt 0.9832 0.4762
vt 0.9319 0.4762
vt 0.9832 0.2589
vt 0.9319 0.2589
vt 0.9832 0.0418
vt 0.9319 0.0418
vt 0.9832 0.9106
vt 0.9832 0.6934
vt 0.9319 0.6934
vt 0.9319 0.9106
vt 0.9832 0.4762
vt 0.9319 0.4762
vt 0.9832 0.2589
vt 0.9319 0.2589
vt 0.9832 0.0418
vt 0.9319 0.0418
vt 0.7231 0.9319
vt 0.7231 0.7533
vt 0.6703 0.7533
vt 0.6703 0.9319
vt 0.7231 0.5746
vt 0.7231 0.3959
vt 0.6703 0.3959
vt 0.6703 0.5746
vt 0.7231 0.2173
vt 0.6703 0.2173
vt 0.7231 0.0386
vt 0.6703 0.0386
vt 0.9829 0.9319
vt 0.9829 0.7830
vt 0.9302 0.7830
vt 0.9302 0.9319
vt 0.9829 0.6341
vt 0.9302 0.6341
vt 0.9829 0.4853
vt 0.9302 0.4853
vt 0.9829 0.3364
vt 0.9829 0.1875
vt 0.9302 0.1875
vt 0.9302 0.3364
vt 0.9829 0.0386
vt 0.9302 0.0386
vt 0.9832 0.6934
vt 0.9832 0.4762
vt 0.9319 0.4762
vt 0.9319 0.6934
vt 0.9832 0.2589
vt 0.9319 0.2589
vt 0.9832 0.0418
vt 0.9319 0.0418
vt 0.9832 0.9106
vt 0.9319 0.9106
vt 0.8440 0.9482
vt 0.8440 0.8213
vt 0.7915 0.8213
vt 0.7915 0.9482
vt 0.8440 0.6942
vt 0.7915 0.6942
vt 0.8440 0.5673
vt 0.7915 0.5673
vt 0.8440 0.4403
vt 0.7915 0.4403
vt 0.8440 0.3134
vt 0.7915 0.3134
vt 0.8440 0.1863
vt 0.7915 0.1863
vt 0.8440 0.0594
vt 0.7915 0.0594
vt 0.9832 0.9106
vt 0.9832 0.6934
vt 0.9319 0.6934
vt 0.9319 0.9106
vt 0.9832 0.4762
vt 0.9319 0.4762
vt 0.9832 0.2589
vt 0.9319 0.2589
vt 0.9832 0.0418
vt 0.9319 0.0418
vt 0.7231 0.9319
vt 0.7231 0.7830
vt 0.6703 0.7830
vt 0.6703 0.9319
vt 0.7231 0.6341
vt 0.6703 0.6341
vt 0.7231 0.4853
vt 0.6703 0.4853
vt 0.7231 0.3364
vt 0.6703 0.3364
vt 0.7231 0.1875
vt 0.6703 0.1875
vt 0.7231 0.0386
vt 0.6703 0.0386
vt 0.9832 0.9106
vt 0.9832 0.6934
vt 0.9319 0.6934
vt 0.9319 0.9106
vt 0.9832 0.4762
vt 0.9319 0.4762
vt 0.9832 0.2589
vt 0.9319 0.2589
vt 0.9832 0.0418
vt 0.9319 0.0418
vt 0.7231 0.9319
vt 0.7231 0.7830
vt 0.6703 0.7830
vt 0.6703 0.9319
vt 0.7231 0.6341
vt 0.6703 0.6341
vt 0.7231 0.4853
vt 0.6703 0.4853
vt 0.7231 0.3364
vt 0.6703 0.3364
vt 0.7231 0.1875
vt 0.6703 0.1875
vt 0.7231 0.0386
vt 0.6703 0.0386
vt 0.7231 0.9319
vt 0.7231 0.7533
vt 0.6703 0.7533
vt 0.6703 0.9319
vt 0.7231 0.5746
vt 0.6703 0.5746
vt 0.7231 0.3959
vt 0.6703 0.3959
vt 0.7231 0.2173
vt 0.6703 0.2173
vt 0.7231 0.0386
vt 0.6703 0.0386
vt 0.7231 0.9319
vt 0.7231 0.7830
vt 0.6703 0.7830
vt 0.6703 0.9319
vt 0.7231 0.6341
vt 0.6703 0.6341
vt 0.7231 0.4853
vt 0.6703 0.4853
vt 0.7231 0.3364
vt 0.6703 0.3364
vt 0.7231 0.1875
vt 0.6703 0.1875
vt 0.7231 0.0386
vt 0.6703 0.0386
vt 0.9848 0.9146
vt 0.9848 0.7401
vt 0.9307 0.7401
vt 0.9307 0.9146
vt 0.9848 0.5657
vt 0.9307 0.5657
vt 0.9848 0.3914
vt 0.9307 0.3914
vt 0.9848 0.2169
vt 0.9307 0.2169
vt 0.9848 0.0425
vt 0.9307 0.0425
vt 0.8431 0.9318
vt 0.8431 0.7865
vt 0.7890 0.7865
vt 0.7890 0.9318
vt 0.8431 0.6412
vt 0.7890 0.6412
vt 0.8431 0.4957
vt 0.7890 0.4957
vt 0.8431 0.3504
vt 0.7890 0.3504
vt 0.8431 0.2051
vt 0.7890 0.2051
vt 0.8431 0.0597
vt 0.7890 0.0597
vt 0.9848 0.9146
vt 0.9848 0.7401
vt 0.9307 0.7401
vt 0.9307 0.9146
vt 0.9848 0.5657
vt 0.9307 0.5657
vt 0.9848 0.3914
vt 0.9307 0.3914
vt 0.9848 0.2169
vt 0.9307 0.2169
vt 0.9848 0.0425
vt 0.9307 0.0425
vt 0.8431 0.9312
vt 0.8431 0.7568
vt 0.7890 0.7568
vt 0.7890 0.9312
vt 0.8431 0.5824
vt 0.7890 0.5824
vt 0.8431 0.4080
vt 0.7890 0.4080
vt 0.8431 0.2336
vt 0.7890 0.2336
vt 0.8431 0.0592
vt 0.7890 0.0592
vt 0.7231 0.9319
vt 0.7231 0.7533
vt 0.6703 0.7533
vt 0.6703 0.9319
vt 0.7231 0.5746
vt 0.6703 0.5746
vt 0.7231 0.3959
vt 0.6703 0.3959
vt 0.7231 0.2173
vt 0.6703 0.2173
vt 0.7231 0.0386
vt 0.6703 0.0386
vt 0.8431 0.9312
vt 0.8431 0.7568
vt 0.7890 0.7568
vt 0.7890 0.9312
vt 0.8431 0.5824
vt 0.7890 0.5824
vt 0.8431 0.4080
vt 0.7890 0.4080
vt 0.8431 0.2336
vt 0.7890 0.2336
vt 0.8431 0.0592
vt 0.7890 0.0592
vt 0.7231 0.9319
vt 0.7231 0.7533
vt 0.6703 0.7533
vt 0.6703 0.9319
vt 0.7231 0.5746
vt 0.6703 0.5746
vt 0.7231 0.3959
vt 0.6703 0.3959
vt 0.7231 0.2173
vt 0.6703 0.2173
vt 0.7231 0.0386
vt 0.6703 0.0386
vt 0.8431 0.9312
vt 0.8431 0.7132
vt 0.7890 0.7132
vt 0.7890 0.9312
vt 0.8431 0.4952
vt 0.7890 0.4952
vt 0.8431 0.2772
vt 0.7890 0.2772
vt 0.8431 0.0592
vt 0.7890 0.0592
vt 0.8431 0.9312
vt 0.8431 0.7568
vt 0.7890 0.7568
vt 0.7890 0.9312
vt 0.8431 0.5824
vt 0.7890 0.5824
vt 0.8431 0.4080
vt 0.7890 0.4080
vt 0.8431 0.2336
vt 0.7890 0.2336
vt 0.8431 0.0592
vt 0.7890 0.0592
vt 0.7231 0.9319
vt 0.7231 0.7830
vt 0.6703 0.7830
vt 0.6703 0.9319
vt 0.7231 0.6341
vt 0.6703 0.6341
vt 0.7231 0.4853
vt 0.6703 0.4853
vt 0.7231 0.3364
vt 0.6703 0.3364
vt 0.7231 0.1875
vt 0.6703 0.1875
vt 0.7231 0.0386
vt 0.6703 0.0386
vt 0.7231 0.9319
vt 0.7231 0.7830
vt 0.6703 0.7830
vt 0.6703 0.9319
vt 0.7231 0.6341
vt 0.6703 0.6341
vt 0.7231 0.4853
vt 0.6703 0.4853
vt 0.7231 0.3364
vt 0.6703 0.3364
vt 0.7231 0.1875
vt 0.6703 0.1875
vt 0.7231 0.0386
vt 0.6703 0.0386
vt 0.7231 0.9319
vt 0.7231 0.7533
vt 0.6703 0.7533
vt 0.6703 0.9319
vt 0.7231 0.5746
vt 0.6703 0.5746
vt 0.7231 0.3959
vt 0.6703 0.3959
vt 0.7231 0.2173
vt 0.6703 0.2173
vt 0.7231 0.0386
vt 0.6703 0.0386
vt 0.7231 0.9319
vt 0.7231 0.7533
vt 0.6703 0.7533
vt 0.6703 0.9319
vt 0.7231 0.5746
vt 0.6703 0.5746
vt 0.7231 0.3959
vt 0.6703 0.3959
vt 0.7231 0.2173
vt 0.6703 0.2173
vt 0.7231 0.0386
vt 0.6703 0.0386
vt 0.9832 0.9106
vt 0.9832 0.6934
vt 0.9319 0.6934
vt 0.9319 0.9106
vt 0.9832 0.4762
vt 0.9319 0.4762
vt 0.9832 0.2589
vt 0.9319 0.2589
vt 0.9832 0.0418
vt 0.9319 0.0418
vt 0.8431 0.9318
vt 0.8431 0.7865
vt 0.7890 0.7865
vt 0.7890 0.9318
vt 0.8431 0.6412
vt 0.7890 0.6412
vt 0.8431 0.4957
vt 0.7890 0.4957
vt 0.8431 0.3504
vt 0.7890 0.3504
vt 0.8431 0.2051
vt 0.7890 0.2051
vt 0.8431 0.0597
vt 0.7890 0.0597
vt 0.9169 0.9312
vt 0.9169 0.7859
vt 0.8628 0.7859
vt 0.8628 0.9312
vt 0.9169 0.6405
vt 0.8628 0.6405
vt 0.9169 0.4952
vt 0.8628 0.4952
vt 0.9169 0.3498
vt 0.8628 0.3498
vt 0.9169 0.2045
vt 0.8628 0.2045
vt 0.9169 0.0592
vt 0.8628 0.0592
vt 0.8431 0.9312
vt 0.8431 0.7568
vt 0.7890 0.7568
vt 0.7890 0.9312
vt 0.8431 0.5824
vt 0.7890 0.5824
vt 0.8431 0.4080
vt 0.7890 0.4080
vt 0.8431 0.2336
vt 0.7890 0.2336
vt 0.8431 0.0592
vt 0.7890 0.0592
vt 0.7231 0.9319
vt 0.7231 0.7533
vt 0.6703 0.7533
vt 0.6703 0.9319
vt 0.7231 0.5746
vt 0.6703 0.5746
vt 0.7231 0.3959
vt 0.6703 0.3959
vt 0.7231 0.2173
vt 0.6703 0.2173
vt 0.7231 0.0386
vt 0.6703 0.0386
vt 0.7231 0.9319
vt 0.7231 0.7830
vt 0.6703 0.7830
vt 0.6703 0.9319
vt 0.7231 0.6341
vt 0.6703 0.6341
vt 0.7231 0.4853
vt 0.6703 0.4853
vt 0.7231 0.3364
vt 0.6703 0.3364
vt 0.7231 0.1875
vt 0.6703 0.1875
vt 0.7231 0.0386
vt 0.6703 0.0386
vt 0.9848 0.9146
vt 0.9848 0.7401
vt 0.9307 0.7401
vt 0.9307 0.9146
vt 0.9848 0.5657
vt 0.9307 0.5657
vt 0.9848 0.3914
vt 0.9307 0.3914
vt 0.9848 0.2169
vt 0.9307 0.2169
vt 0.9848 0.0425
vt 0.9307 0.0425
vt 0.8431 0.9318
vt 0.8431 0.7865
vt 0.7890 0.7865
vt 0.7890 0.9318
vt 0.8431 0.6412
vt 0.7890 0.6412
vt 0.8431 0.4957
vt 0.7890 0.4957
vt 0.8431 0.3504
vt 0.7890 0.3504
vt 0.8431 0.2051
vt 0.7890 0.2051
vt 0.8431 0.0597
vt 0.7890 0.0597
vt 0.7231 0.9319
vt 0.7231 0.7533
vt 0.6703 0.7533
vt 0.6703 0.9319
vt 0.7231 0.5746
vt 0.6703 0.5746
vt 0.7231 0.3959
vt 0.6703 0.3959
vt 0.7231 0.2173
vt 0.6703 0.2173
vt 0.7231 0.0386
vt 0.6703 0.0386
vt 0.8444 0.9294
vt 0.8444 0.7843
vt 0.7930 0.7843
vt 0.7930 0.9294
vt 0.8444 0.6392
vt 0.7930 0.6392
vt 0.8444 0.4940
vt 0.7930 0.4940
vt 0.8444 0.3489
vt 0.7930 0.3489
vt 0.8444 0.2036
vt 0.7930 0.2036
vt 0.8444 0.0585
vt 0.7930 0.0585
vt 0.7231 0.9319
vt 0.7231 0.7830
vt 0.6703 0.7830
vt 0.6703 0.9319
vt 0.7231 0.6341
vt 0.6703 0.6341
vt 0.7231 0.4853
vt 0.6703 0.4853
vt 0.7231 0.3364
vt 0.6703 0.3364
vt 0.7231 0.1875
vt 0.6703 0.1875
vt 0.7231 0.0386
vt 0.6703 0.0386
vt 0.9832 0.9106
vt 0.9832 0.6934
vt 0.9319 0.6934
vt 0.9319 0.9106
vt 0.9832 0.4762
vt 0.9319 0.4762
vt 0.9832 0.2589
vt 0.9319 0.2589
vt 0.9832 0.0418
vt 0.9319 0.0418
vt 0.9832 0.9106
vt 0.9832 0.6934
vt 0.9319 0.6934
vt 0.9319 0.9106
vt 0.9832 0.4762
vt 0.9319 0.4762
vt 0.9832 0.2589
vt 0.9319 0.2589
vt 0.9832 0.0418
vt 0.9319 0.0418
vt 0.7231 0.9319
vt 0.7231 0.7533
vt 0.6703 0.7533
vt 0.6703 0.9319
vt 0.7231 0.5746
vt 0.6703 0.5746
vt 0.7231 0.3959
vt 0.6703 0.3959
vt 0.7231 0.2173
vt 0.6703 0.2173
vt 0.7231 0.0386
vt 0.6703 0.0386
vt 0.9832 0.9106
vt 0.9832 0.6934
vt 0.9319 0.6934
vt 0.9319 0.9106
vt 0.9832 0.4762
vt 0.9319 0.4762
vt 0.9832 0.2589
vt 0.9319 0.2589
vt 0.9832 0.0418
vt 0.9319 0.0418
vt 0.9832 0.9106
vt 0.9832 0.6934
vt 0.9319 0.6934
vt 0.9319 0.9106
vt 0.9832 0.4762
vt 0.9319 0.4762
vt 0.9832 0.2589
vt 0.9319 0.2589
vt 0.9832 0.0418
vt 0.9319 0.0418
vt 0.8431 0.9318
vt 0.8431 0.7865
vt 0.7890 0.7865
vt 0.7890 0.9318
vt 0.8431 0.6412
vt 0.7890 0.6412
vt 0.8431 0.4957
vt 0.7890 0.4957
vt 0.8431 0.3504
vt 0.7890 0.3504
vt 0.8431 0.2051
vt 0.7890 0.2051
vt 0.8431 0.0597
vt 0.7890 0.0597
vt 0.9848 0.9146
vt 0.9848 0.7401
vt 0.9307 0.7401
vt 0.9307 0.9146
vt 0.9848 0.5657
vt 0.9307 0.5657
vt 0.9848 0.3914
vt 0.9307 0.3914
vt 0.9848 0.2169
vt 0.9307 0.2169
vt 0.9848 0.0425
vt 0.9307 0.0425
vt 0.7231 0.9319
vt 0.7231 0.7533
vt 0.6703 0.7533
vt 0.6703 0.9319
vt 0.7231 0.5746
vt 0.6703 0.5746
vt 0.7231 0.3959
vt 0.6703 0.3959
vt 0.7231 0.2173
vt 0.6703 0.2173
vt 0.7231 0.0386
vt 0.6703 0.0386
vt 0.7231 0.9319
vt 0.7231 0.7830
vt 0.6703 0.7830
vt 0.6703 0.9319
vt 0.7231 0.6341
vt 0.6703 0.6341
vt 0.7231 0.4853
vt 0.6703 0.4853
vt 0.7231 0.3364
vt 0.6703 0.3364
vt 0.7231 0.1875
vt 0.6703 0.1875
vt 0.7231 0.0386
vt 0.6703 0.0386
vt 0.7231 0.9319
vt 0.7231 0.7533
vt 0.6703 0.7533
vt 0.6703 0.9319
vt 0.7231 0.5746
vt 0.6703 0.5746
vt 0.7231 0.3959
vt 0.6703 0.3959
vt 0.7231 0.2173
vt 0.6703 0.2173
vt 0.7231 0.0386
vt 0.6703 0.0386
vt 0.7231 0.9319
vt 0.7231 0.7533
vt 0.6703 0.7533
vt 0.6703 0.9319
vt 0.7231 0.5746
vt 0.6703 0.5746
vt 0.7231 0.3959
vt 0.6703 0.3959
vt 0.7231 0.2173
vt 0.6703 0.2173
vt 0.7231 0.0386
vt 0.6703 0.0386
vt 0.8440 0.9482
vt 0.8440 0.8213
vt 0.7915 0.8213
vt 0.7915 0.9482
vt 0.8440 0.6942
vt 0.7915 0.6942
vt 0.8440 0.5673
vt 0.7915 0.5673
vt 0.8440 0.4403
vt 0.7915 0.4403
vt 0.8440 0.3134
vt 0.7915 0.3134
vt 0.8440 0.1863
vt 0.7915 0.1863
vt 0.8440 0.0594
vt 0.7915 0.0594
vt 0.9848 0.9146
vt 0.9848 0.7401
vt 0.9307 0.7401
vt 0.9307 0.9146
vt 0.9848 0.5657
vt 0.9307 0.5657
vt 0.9848 0.3914
vt 0.9307 0.3914
vt 0.9848 0.2169
vt 0.9307 0.2169
vt 0.9848 0.0425
vt 0.9307 0.0425
vt 0.7231 0.9319
vt 0.7231 0.7830
vt 0.6703 0.7830
vt 0.6703 0.9319
vt 0.7231 0.6341
vt 0.6703 0.6341
vt 0.7231 0.4853
vt 0.6703 0.4853
vt 0.7231 0.3364
vt 0.6703 0.3364
vt 0.7231 0.1875
vt 0.6703 0.1875
vt 0.7231 0.0386
vt 0.6703 0.0386
vt 0.9848 0.9146
vt 0.9848 0.7401
vt 0.9307 0.7401
vt 0.9307 0.9146
vt 0.9848 0.5657
vt 0.9307 0.5657
vt 0.9848 0.3914
vt 0.9307 0.3914
vt 0.9848 0.2169
vt 0.9848 0.0425
vt 0.9307 0.0425
vt 0.9307 0.2169
vt 0.9848 0.9146
vt 0.9848 0.7401
vt 0.9307 0.7401
vt 0.9307 0.9146
vt 0.9848 0.5657
vt 0.9307 0.5657
vt 0.9848 0.3914
vt 0.9307 0.3914
vt 0.9848 0.2169
vt 0.9307 0.2169
vt 0.9848 0.0425
vt 0.9307 0.0425
vt 0.7231 0.9319
vt 0.7231 0.7533
vt 0.6703 0.7533
vt 0.6703 0.9319
vt 0.7231 0.5746
vt 0.6703 0.5746
vt 0.7231 0.3959
vt 0.6703 0.3959
vt 0.7231 0.2173
vt 0.6703 0.2173
vt 0.7231 0.0386
vt 0.6703 0.0386
vt 0.7231 0.9319
vt 0.7231 0.7830
vt 0.6703 0.7830
vt 0.6703 0.9319
vt 0.7231 0.6341
vt 0.6703 0.6341
vt 0.7231 0.4853
vt 0.6703 0.4853
vt 0.7231 0.3364
vt 0.6703 0.3364
vt 0.7231 0.1875
vt 0.6703 0.1875
vt 0.7231 0.0386
vt 0.6703 0.0386
vt 0.8431 0.9318
vt 0.8431 0.7865
vt 0.7890 0.7865
vt 0.7890 0.9318
vt 0.8431 0.6412
vt 0.7890 0.6412
vt 0.8431 0.4957
vt 0.7890 0.4957
vt 0.8431 0.3504
vt 0.7890 0.3504
vt 0.8431 0.2051
vt 0.7890 0.2051
vt 0.8431 0.0597
vt 0.7890 0.0597
vt 0.9848 0.9146
vt 0.9848 0.7401
vt 0.9307 0.7401
vt 0.9307 0.9146
vt 0.9848 0.5657
vt 0.9307 0.5657
vt 0.9848 0.3914
vt 0.9307 0.3914
vt 0.9848 0.2169
vt 0.9307 0.2169
vt 0.9848 0.0425
vt 0.9307 0.0425
vt 0.7231 0.9319
vt 0.7231 0.7533
vt 0.6703 0.7533
vt 0.6703 0.9319
vt 0.7231 0.5746
vt 0.6703 0.5746
vt 0.7231 0.3959
vt 0.6703 0.3959
vt 0.7231 0.2173
vt 0.6703 0.2173
vt 0.7231 0.0386
vt 0.6703 0.0386
vt 0.9848 0.9146
vt 0.9848 0.6965
vt 0.9307 0.6965
vt 0.9307 0.9146
vt 0.9848 0.4785
vt 0.9307 0.4785
vt 0.9848 0.2605
vt 0.9307 0.2605
vt 0.9848 0.0425
vt 0.9307 0.0425
vt 0.9848 0.9146
vt 0.9848 0.7401
vt 0.9307 0.7401
vt 0.9307 0.9146
vt 0.9848 0.5657
vt 0.9307 0.5657
vt 0.9848 0.3914
vt 0.9307 0.3914
vt 0.9848 0.2169
vt 0.9848 0.0425
vt 0.9307 0.0425
vt 0.9307 0.2169
vt 0.7231 0.9319
vt 0.7231 0.7830
vt 0.6703 0.7830
vt 0.6703 0.9319
vt 0.7231 0.6341
vt 0.6703 0.6341
vt 0.7231 0.4853
vt 0.6703 0.4853
vt 0.7231 0.3364
vt 0.6703 0.3364
vt 0.7231 0.1875
vt 0.6703 0.1875
vt 0.7231 0.0386
vt 0.6703 0.0386
vt 0.7231 0.9319
vt 0.7231 0.7830
vt 0.6703 0.7830
vt 0.6703 0.9319
vt 0.7231 0.6341
vt 0.6703 0.6341
vt 0.7231 0.4853
vt 0.6703 0.4853
vt 0.7231 0.3364
vt 0.6703 0.3364
vt 0.7231 0.1875
vt 0.6703 0.1875
vt 0.7231 0.0386
vt 0.6703 0.0386
vt 0.7231 0.9319
vt 0.7231 0.7830
vt 0.6703 0.7830
vt 0.6703 0.9319
vt 0.7231 0.6341
vt 0.6703 0.6341
vt 0.7231 0.4853
vt 0.6703 0.4853
vt 0.7231 0.3364
vt 0.6703 0.3364
vt 0.7231 0.1875
vt 0.6703 0.1875
vt 0.7231 0.0386
vt 0.6703 0.0386
vt 0.7231 0.9319
vt 0.7231 0.7830
vt 0.6703 0.7830
vt 0.6703 0.9319
vt 0.7231 0.6341
vt 0.6703 0.6341
vt 0.7231 0.4853
vt 0.6703 0.4853
vt 0.7231 0.3364
vt 0.6703 0.3364
vt 0.7231 0.1875
vt 0.6703 0.1875
vt 0.7231 0.0386
vt 0.6703 0.0386
vt 0.7231 0.9319
vt 0.7231 0.7830
vt 0.6703 0.7830
vt 0.6703 0.9319
vt 0.7231 0.6341
vt 0.6703 0.6341
vt 0.7231 0.4853
vt 0.6703 0.4853
vt 0.7231 0.3364
vt 0.6703 0.3364
vt 0.7231 0.1875
vt 0.6703 0.1875
vt 0.7231 0.0386
vt 0.6703 0.0386
vt 0.7231 0.9319
vt 0.7231 0.7533
vt 0.6703 0.7533
vt 0.6703 0.9319
vt 0.7231 0.5746
vt 0.6703 0.5746
vt 0.7231 0.3959
vt 0.6703 0.3959
vt 0.7231 0.2173
vt 0.6703 0.2173
vt 0.7231 0.0386
vt 0.6703 0.0386
vt 0.7231 0.9319
vt 0.7231 0.7830
vt 0.6703 0.7830
vt 0.6703 0.9319
vt 0.7231 0.6341
vt 0.6703 0.6341
vt 0.7231 0.4853
vt 0.6703 0.4853
vt 0.7231 0.3364
vt 0.6703 0.3364
vt 0.7231 0.1875
vt 0.6703 0.1875
vt 0.7231 0.0386
vt 0.6703 0.0386
vt 0.7231 0.9319
vt 0.7231 0.7533
vt 0.6703 0.7533
vt 0.6703 0.9319
vt 0.7231 0.5746
vt 0.6703 0.5746
vt 0.7231 0.3959
vt 0.6703 0.3959
vt 0.7231 0.2173
vt 0.6703 0.2173
vt 0.7231 0.0386
vt 0.6703 0.0386
vt 0.7231 0.9319
vt 0.7231 0.7830
vt 0.6703 0.7830
vt 0.6703 0.9319
vt 0.7231 0.6341
vt 0.6703 0.6341
vt 0.7231 0.4853
vt 0.6703 0.4853
vt 0.7231 0.3364
vt 0.6703 0.3364
vt 0.7231 0.1875
vt 0.6703 0.1875
vt 0.7231 0.0386
vt 0.6703 0.0386
vt 0.7231 0.9319
vt 0.7231 0.7830
vt 0.6703 0.7830
vt 0.6703 0.9319
vt 0.7231 0.6341
vt 0.6703 0.6341
vt 0.7231 0.4853
vt 0.6703 0.4853
vt 0.7231 0.3364
vt 0.6703 0.3364
vt 0.7231 0.1875
vt 0.6703 0.1875
vt 0.7231 0.0386
vt 0.6703 0.0386
vt 0.7231 0.9319
vt 0.7231 0.7830
vt 0.6703 0.7830
vt 0.6703 0.9319
vt 0.7231 0.6341
vt 0.6703 0.6341
vt 0.7231 0.4853
vt 0.6703 0.4853
vt 0.7231 0.3364
vt 0.6703 0.3364
vt 0.7231 0.1875
vt 0.6703 0.1875
vt 0.7231 0.0386
vt 0.6703 0.0386
vt 0.9848 0.9146
vt 0.9848 0.7401
vt 0.9307 0.7401
vt 0.9307 0.9146
vt 0.9848 0.5657
vt 0.9307 0.5657
vt 0.9848 0.3914
vt 0.9307 0.3914
vt 0.9848 0.2169
vt 0.9307 0.2169
vt 0.9848 0.0425
vt 0.9307 0.0425
vt 0.7231 0.9319
vt 0.7231 0.7830
vt 0.6703 0.7830
vt 0.6703 0.9319
vt 0.7231 0.6341
vt 0.6703 0.6341
vt 0.7231 0.4853
vt 0.6703 0.4853
vt 0.7231 0.3364
vt 0.6703 0.3364
vt 0.7231 0.1875
vt 0.6703 0.1875
vt 0.7231 0.0386
vt 0.6703 0.0386
vt 0.7231 0.9319
vt 0.7231 0.7533
vt 0.6703 0.7533
vt 0.6703 0.9319
vt 0.7231 0.5746
vt 0.6703 0.5746
vt 0.7231 0.3959
vt 0.6703 0.3959
vt 0.7231 0.2173
vt 0.6703 0.2173
vt 0.7231 0.0386
vt 0.6703 0.0386
vt 0.7231 0.9319
vt 0.7231 0.7533
vt 0.6703 0.7533
vt 0.6703 0.9319
vt 0.7231 0.5746
vt 0.6703 0.5746
vt 0.7231 0.3959
vt 0.6703 0.3959
vt 0.7231 0.2173
vt 0.6703 0.2173
vt 0.7231 0.0386
vt 0.6703 0.0386
vt 0.7231 0.9319
vt 0.7231 0.7830
vt 0.6703 0.7830
vt 0.6703 0.9319
vt 0.7231 0.6341
vt 0.6703 0.6341
vt 0.7231 0.4853
vt 0.6703 0.4853
vt 0.7231 0.3364
vt 0.6703 0.3364
vt 0.7231 0.1875
vt 0.6703 0.1875
vt 0.7231 0.0386
vt 0.6703 0.0386
vt 0.7231 0.9319
vt 0.7231 0.7533
vt 0.6703 0.7533
vt 0.6703 0.9319
vt 0.7231 0.5746
vt 0.6703 0.5746
vt 0.7231 0.3959
vt 0.6703 0.3959
vt 0.7231 0.2173
vt 0.6703 0.2173
vt 0.7231 0.0386
vt 0.6703 0.0386
vt 0.7231 0.7830
vt 0.7231 0.6341
vt 0.6703 0.6341
vt 0.6703 0.7830
vt 0.7231 0.4853
vt 0.6703 0.4853
vt 0.7231 0.3364
vt 0.6703 0.3364
vt 0.7231 0.1875
vt 0.6703 0.1875
vt 0.7231 0.0386
vt 0.6703 0.0386
vt 0.7231 0.9319
vt 0.7231 0.7830
vt 0.6703 0.7830
vt 0.6703 0.9319
vt 0.7231 0.6341
vt 0.6703 0.6341
vt 0.7231 0.4853
vt 0.6703 0.4853
vt 0.7231 0.3364
vt 0.6703 0.3364
vt 0.7231 0.1875
vt 0.6703 0.1875
vt 0.7231 0.0386
vt 0.6703 0.0386
vt 0.7231 0.9319
vt 0.7231 0.7830
vt 0.6703 0.7830
vt 0.6703 0.9319
vt 0.7231 0.6341
vt 0.6703 0.6341
vt 0.7231 0.4853
vt 0.6703 0.4853
vt 0.7231 0.3364
vt 0.6703 0.3364
vt 0.7231 0.1875
vt 0.6703 0.1875
vt 0.7231 0.0386
vt 0.6703 0.0386
vt 0.7231 0.9319
vt 0.7231 0.6341
vt 0.6703 0.6341
vt 0.6703 0.9319
vt 0.7231 0.3364
vt 0.6703 0.3364
vt 0.7231 0.0386
vt 0.6703 0.0386
vt 0.8440 0.9482
vt 0.8440 0.8213
vt 0.7915 0.8213
vt 0.7915 0.9482
vt 0.8440 0.6942
vt 0.7915 0.6942
vt 0.8440 0.5673
vt 0.7915 0.5673
vt 0.8440 0.4403
vt 0.7915 0.4403
vt 0.8440 0.3134
vt 0.7915 0.3134
vt 0.8440 0.1863
vt 0.7915 0.1863
vt 0.8440 0.0594
vt 0.7915 0.0594
vt 0.9832 0.8020
vt 0.9832 0.6934
vt 0.9319 0.6934
vt 0.9319 0.8020
vt 0.9832 0.5847
vt 0.9319 0.5847
vt 0.9832 0.4762
vt 0.9319 0.4762
vt 0.9832 0.3676
vt 0.9319 0.3676
vt 0.9832 0.2589
vt 0.9319 0.2589
vt 0.9832 0.1504
vt 0.9319 0.1504
vt 0.9832 0.0418
vt 0.9319 0.0418
vt 0.8440 0.9482
vt 0.8440 0.8213
vt 0.7915 0.8213
vt 0.7915 0.9482
vt 0.8440 0.6942
vt 0.7915 0.6942
vt 0.8440 0.5673
vt 0.7915 0.5673
vt 0.8440 0.4403
vt 0.7915 0.4403
vt 0.8440 0.3134
vt 0.7915 0.3134
vt 0.8440 0.1863
vt 0.7915 0.1863
vt 0.8440 0.0594
vt 0.7915 0.0594
vt 0.9832 0.9106
vt 0.9319 0.9106
vt 0.7231 0.9319
vt 0.7231 0.7533
vt 0.6703 0.7533
vt 0.6703 0.9319
vt 0.7231 0.5746
vt 0.6703 0.5746
vt 0.7231 0.3959
vt 0.6703 0.3959
vt 0.7231 0.2173
vt 0.6703 0.2173
vt 0.7231 0.0386
vt 0.6703 0.0386
vt 0.7231 0.9319
vt 0.7231 0.7533
vt 0.6703 0.7533
vt 0.6703 0.9319
vt 0.7231 0.5746
vt 0.6703 0.5746
vt 0.7231 0.3959
vt 0.6703 0.3959
vt 0.7231 0.2173
vt 0.6703 0.2173
vt 0.7231 0.0386
vt 0.6703 0.0386
vt 0.9832 0.9106
vt 0.9832 0.6934
vt 0.9319 0.6934
vt 0.9319 0.9106
vt 0.9832 0.4762
vt 0.9319 0.4762
vt 0.9832 0.2589
vt 0.9319 0.2589
vt 0.9832 0.0418
vt 0.9319 0.0418
vt 0.9832 0.9106
vt 0.9832 0.6934
vt 0.9319 0.6934
vt 0.9319 0.9106
vt 0.9832 0.4762
vt 0.9319 0.4762
vt 0.9832 0.2589
vt 0.9319 0.2589
vt 0.9832 0.0418
vt 0.9319 0.0418
vt 0.7231 0.9319
vt 0.7231 0.7533
vt 0.6703 0.7533
vt 0.6703 0.9319
vt 0.7231 0.5746
vt 0.6703 0.5746
vt 0.7231 0.3959
vt 0.6703 0.3959
vt 0.7231 0.2173
vt 0.6703 0.2173
vt 0.7231 0.0386
vt 0.6703 0.0386
vt 0.7231 0.9319
vt 0.7231 0.7533
vt 0.6703 0.7533
vt 0.6703 0.9319
vt 0.7231 0.5746
vt 0.6703 0.5746
vt 0.7231 0.3959
vt 0.6703 0.3959
vt 0.7231 0.2173
vt 0.6703 0.2173
vt 0.7231 0.0386
vt 0.6703 0.0386
vt 0.7231 0.9319
vt 0.7231 0.7830
vt 0.6703 0.7830
vt 0.6703 0.9319
vt 0.7231 0.6341
vt 0.6703 0.6341
vt 0.7231 0.4853
vt 0.6703 0.4853
vt 0.7231 0.3364
vt 0.6703 0.3364
vt 0.7231 0.1875
vt 0.6703 0.1875
vt 0.7231 0.0386
vt 0.6703 0.0386
vt 0.9832 0.9106
vt 0.9832 0.6934
vt 0.9319 0.6934
vt 0.9319 0.9106
vt 0.9832 0.4762
vt 0.9319 0.4762
vt 0.9832 0.2589
vt 0.9319 0.2589
vt 0.9832 0.0418
vt 0.9319 0.0418
vt 0.7231 0.9319
vt 0.7231 0.7533
vt 0.6703 0.7533
vt 0.6703 0.9319
vt 0.7231 0.5746
vt 0.6703 0.5746
vt 0.7231 0.3959
vt 0.6703 0.3959
vt 0.7231 0.2173
vt 0.6703 0.2173
vt 0.7231 0.0386
vt 0.6703 0.0386
vt 0.7231 0.9319
vt 0.7231 0.7830
vt 0.6703 0.7830
vt 0.6703 0.9319
vt 0.7231 0.6341
vt 0.6703 0.6341
vt 0.7231 0.4853
vt 0.6703 0.4853
vt 0.7231 0.3364
vt 0.6703 0.3364
vt 0.7231 0.1875
vt 0.6703 0.1875
vt 0.7231 0.0386
vt 0.6703 0.0386
vt 0.9832 0.9106
vt 0.9832 0.8020
vt 0.9319 0.8020
vt 0.9319 0.9106
vt 0.9832 0.6934
vt 0.9319 0.6934
vt 0.9832 0.5847
vt 0.9319 0.5847
vt 0.9832 0.4762
vt 0.9319 0.4762
vt 0.9832 0.3676
vt 0.9319 0.3676
vt 0.9832 0.2589
vt 0.9319 0.2589
vt 0.9832 0.1504
vt 0.9319 0.1504
vt 0.9832 0.0418
vt 0.9319 0.0418
vt 0.7231 0.9319
vt 0.7231 0.8328
vt 0.6703 0.8328
vt 0.6703 0.9319
vt 0.7231 0.7335
vt 0.6703 0.7335
vt 0.7231 0.6341
vt 0.6703 0.6341
vt 0.7231 0.5348
vt 0.6703 0.5348
vt 0.7231 0.4357
vt 0.6703 0.4357
vt 0.7231 0.3364
vt 0.6703 0.3364
vt 0.7231 0.2371
vt 0.6703 0.2371
vt 0.7231 0.1379
vt 0.6703 0.1379
vt 0.7231 0.0386
vt 0.6703 0.0386
vt 0.8440 0.9482
vt 0.8440 0.8213
vt 0.7915 0.8213
vt 0.7915 0.9482
vt 0.8440 0.6942
vt 0.7915 0.6942
vt 0.8440 0.5673
vt 0.7915 0.5673
vt 0.8440 0.4403
vt 0.7915 0.4403
vt 0.8440 0.3134
vt 0.7915 0.3134
vt 0.8440 0.1863
vt 0.7915 0.1863
vt 0.8440 0.0594
vt 0.7915 0.0594
vt 0.7796 0.8343
vt 0.7796 0.7639
vt 0.7339 0.7639
vt 0.7339 0.8343
vt 0.7796 0.6936
vt 0.7339 0.6936
vt 0.7796 0.6233
vt 0.7339 0.6233
vt 0.7796 0.5529
vt 0.7339 0.5529
vt 0.7796 0.4826
vt 0.7339 0.4826
vt 0.7796 0.4122
vt 0.7339 0.4122
vt 0.7796 0.3419
vt 0.7339 0.3419
vt 0.7796 0.2716
vt 0.7339 0.2716
vt 0.7796 0.2012
vt 0.7339 0.2012
vt 0.7796 0.1309
vt 0.7339 0.1309
vt 0.7796 0.0605
vt 0.7339 0.0605
vt 0.9832 0.9106
vt 0.9832 0.8020
vt 0.9319 0.8020
vt 0.9319 0.9106
vt 0.9832 0.6934
vt 0.9319 0.6934
vt 0.9832 0.5847
vt 0.9319 0.5847
vt 0.9832 0.4762
vt 0.9319 0.4762
vt 0.9832 0.3676
vt 0.9319 0.3676
vt 0.9832 0.2589
vt 0.9319 0.2589
vt 0.9832 0.1504
vt 0.9319 0.1504
vt 0.9832 0.0418
vt 0.9319 0.0418
vt 0.7231 0.9319
vt 0.7231 0.8328
vt 0.6703 0.8328
vt 0.6703 0.9319
vt 0.7231 0.7335
vt 0.6703 0.7335
vt 0.7231 0.6341
vt 0.6703 0.6341
vt 0.7231 0.5348
vt 0.6703 0.5348
vt 0.7231 0.4357
vt 0.6703 0.4357
vt 0.7231 0.3364
vt 0.6703 0.3364
vt 0.7231 0.2371
vt 0.6703 0.2371
vt 0.7231 0.1379
vt 0.6703 0.1379
vt 0.7231 0.0386
vt 0.6703 0.0386
vt 0.7231 0.9319
vt 0.7231 0.8328
vt 0.6703 0.8328
vt 0.6703 0.9319
vt 0.7231 0.7335
vt 0.6703 0.7335
vt 0.7231 0.6341
vt 0.6703 0.6341
vt 0.7231 0.5348
vt 0.6703 0.5348
vt 0.7231 0.4357
vt 0.6703 0.4357
vt 0.7231 0.3364
vt 0.6703 0.3364
vt 0.7231 0.2371
vt 0.6703 0.2371
vt 0.7231 0.1379
vt 0.6703 0.1379
vt 0.7231 0.0386
vt 0.6703 0.0386
vt 0.7231 0.9319
vt 0.7231 0.8328
vt 0.6703 0.8328
vt 0.6703 0.9319
vt 0.7231 0.7335
vt 0.6703 0.7335
vt 0.7231 0.6341
vt 0.6703 0.6341
vt 0.7231 0.5348
vt 0.6703 0.5348
vt 0.7231 0.4357
vt 0.6703 0.4357
vt 0.7231 0.3364
vt 0.6703 0.3364
vt 0.7231 0.2371
vt 0.6703 0.2371
vt 0.7231 0.1379
vt 0.6703 0.1379
vt 0.7231 0.0386
vt 0.6703 0.0386
vt 0.8440 0.9482
vt 0.8440 0.8213
vt 0.7915 0.8213
vt 0.7915 0.9482
vt 0.8440 0.6942
vt 0.8440 0.5673
vt 0.7915 0.5673
vt 0.7915 0.6942
vt 0.8440 0.4403
vt 0.7915 0.4403
vt 0.8440 0.3134
vt 0.7915 0.3134
vt 0.8440 0.1863
vt 0.7915 0.1863
vt 0.8440 0.0594
vt 0.7915 0.0594
vt 0.7231 0.9319
vt 0.7231 0.7533
vt 0.6703 0.7533
vt 0.6703 0.9319
vt 0.7231 0.5746
vt 0.6703 0.5746
vt 0.7231 0.3959
vt 0.6703 0.3959
vt 0.7231 0.2173
vt 0.7231 0.0386
vt 0.6703 0.0386
vt 0.6703 0.2173
vt 0.8440 0.9482
vt 0.8440 0.8213
vt 0.7915 0.8213
vt 0.7915 0.9482
vt 0.8440 0.6942
vt 0.7915 0.6942
vt 0.8440 0.5673
vt 0.7915 0.5673
vt 0.8440 0.4403
vt 0.7915 0.4403
vt 0.8440 0.3134
vt 0.7915 0.3134
vt 0.8440 0.1863
vt 0.7915 0.1863
vt 0.8440 0.0594
vt 0.7915 0.0594
vt 0.8440 0.9482
vt 0.8440 0.8213
vt 0.7915 0.8213
vt 0.7915 0.9482
vt 0.8440 0.6942
vt 0.7915 0.6942
vt 0.8440 0.5673
vt 0.7915 0.5673
vt 0.8440 0.4403
vt 0.7915 0.4403
vt 0.8440 0.3134
vt 0.7915 0.3134
vt 0.8440 0.1863
vt 0.7915 0.1863
vt 0.8440 0.0594
vt 0.7915 0.0594
vt 0.8440 0.9482
vt 0.8440 0.8213
vt 0.7915 0.8213
vt 0.7915 0.9482
vt 0.8440 0.6942
vt 0.7915 0.6942
vt 0.8440 0.5673
vt 0.7915 0.5673
vt 0.8440 0.4403
vt 0.7915 0.4403
vt 0.8440 0.3134
vt 0.7915 0.3134
vt 0.8440 0.1863
vt 0.7915 0.1863
vt 0.8440 0.0594
vt 0.7915 0.0594
vt 0.9832 0.9106
vt 0.9832 0.8020
vt 0.9319 0.8020
vt 0.9319 0.9106
vt 0.9832 0.6934
vt 0.9319 0.6934
vt 0.9832 0.5847
vt 0.9319 0.5847
vt 0.9832 0.4762
vt 0.9319 0.4762
vt 0.9832 0.3676
vt 0.9319 0.3676
vt 0.9832 0.2589
vt 0.9319 0.2589
vt 0.9832 0.1504
vt 0.9319 0.1504
vt 0.9832 0.0418
vt 0.9319 0.0418
vt 0.7796 0.8343
vt 0.7796 0.7639
vt 0.7339 0.7639
vt 0.7339 0.8343
vt 0.7796 0.6936
vt 0.7339 0.6936
vt 0.7796 0.6233
vt 0.7339 0.6233
vt 0.7796 0.5529
vt 0.7339 0.5529
vt 0.7796 0.4826
vt 0.7339 0.4826
vt 0.7796 0.4122
vt 0.7339 0.4122
vt 0.7796 0.3419
vt 0.7339 0.3419
vt 0.7796 0.2716
vt 0.7339 0.2716
vt 0.7796 0.2012
vt 0.7339 0.2012
vt 0.7796 0.1309
vt 0.7339 0.1309
vt 0.7796 0.0605
vt 0.7339 0.0605
vt 0.9832 0.9106
vt 0.9832 0.8020
vt 0.9319 0.8020
vt 0.9319 0.9106
vt 0.9832 0.6934
vt 0.9319 0.6934
vt 0.9832 0.5847
vt 0.9832 0.4762
vt 0.9319 0.4762
vt 0.9319 0.5847
vt 0.9832 0.3676
vt 0.9319 0.3676
vt 0.9832 0.2589
vt 0.9319 0.2589
vt 0.9832 0.1504
vt 0.9319 0.1504
vt 0.9832 0.0418
vt 0.9319 0.0418
vt 0.9832 0.9106
vt 0.9832 0.8020
vt 0.9319 0.8020
vt 0.9319 0.9106
vt 0.9832 0.6934
vt 0.9319 0.6934
vt 0.9832 0.5847
vt 0.9319 0.5847
vt 0.9832 0.4762
vt 0.9319 0.4762
vt 0.9832 0.3676
vt 0.9319 0.3676
vt 0.9832 0.2589
vt 0.9319 0.2589
vt 0.9832 0.1504
vt 0.9319 0.1504
vt 0.9832 0.0418
vt 0.9319 0.0418
vt 0.9832 0.9106
vt 0.9832 0.8020
vt 0.9319 0.8020
vt 0.9319 0.9106
vt 0.9832 0.6934
vt 0.9319 0.6934
vt 0.9832 0.5847
vt 0.9319 0.5847
vt 0.9832 0.4762
vt 0.9319 0.4762
vt 0.9832 0.3676
vt 0.9319 0.3676
vt 0.9832 0.2589
vt 0.9319 0.2589
vt 0.9832 0.1504
vt 0.9319 0.1504
vt 0.9832 0.0418
vt 0.9319 0.0418
vt 0.7231 0.9319
vt 0.7231 0.7830
vt 0.6703 0.7830
vt 0.6703 0.9319
vt 0.7231 0.6341
vt 0.6703 0.6341
vt 0.7231 0.4853
vt 0.6703 0.4853
vt 0.7231 0.3364
vt 0.6703 0.3364
vt 0.7231 0.1875
vt 0.6703 0.1875
vt 0.7231 0.0386
vt 0.6703 0.0386
vt 0.8440 0.9482
vt 0.8440 0.8213
vt 0.7915 0.8213
vt 0.7915 0.9482
vt 0.8440 0.6942
vt 0.7915 0.6942
vt 0.8440 0.5673
vt 0.7915 0.5673
vt 0.8440 0.4403
vt 0.7915 0.4403
vt 0.8440 0.3134
vt 0.7915 0.3134
vt 0.8440 0.1863
vt 0.7915 0.1863
vt 0.8440 0.9482
vt 0.8440 0.8213
vt 0.7915 0.8213
vt 0.7915 0.9482
vt 0.8440 0.6942
vt 0.7915 0.6942
vt 0.8440 0.5673
vt 0.7915 0.5673
vt 0.8440 0.4403
vt 0.7915 0.4403
vt 0.8440 0.3134
vt 0.7915 0.3134
vt 0.8440 0.1863
vt 0.7915 0.1863
vt 0.8440 0.0594
vt 0.7915 0.0594
vt 0.9832 0.9106
vt 0.9832 0.6934
vt 0.9319 0.6934
vt 0.9319 0.9106
vt 0.9832 0.4762
vt 0.9319 0.4762
vt 0.9832 0.2589
vt 0.9319 0.2589
vt 0.9832 0.0418
vt 0.9319 0.0418
vt 0.7231 0.9319
vt 0.7231 0.7533
vt 0.6703 0.7533
vt 0.6703 0.9319
vt 0.7231 0.5746
vt 0.6703 0.5746
vt 0.7231 0.3959
vt 0.6703 0.3959
vt 0.7231 0.2173
vt 0.6703 0.2173
vt 0.7231 0.0386
vt 0.6703 0.0386
vt 0.7231 0.9319
vt 0.7231 0.7533
vt 0.6703 0.7533
vt 0.6703 0.9319
vt 0.7231 0.5746
vt 0.6703 0.5746
vt 0.7231 0.3959
vt 0.6703 0.3959
vt 0.7231 0.2173
vt 0.6703 0.2173
vt 0.7231 0.0386
vt 0.6703 0.0386
vt 0.7231 0.9319
vt 0.7231 0.6341
vt 0.6703 0.6341
vt 0.6703 0.9319
vt 0.7231 0.3364
vt 0.6703 0.3364
vt 0.7231 0.0386
vt 0.6703 0.0386
vt 0.9832 0.9106
vt 0.9832 0.6934
vt 0.9319 0.6934
vt 0.9319 0.9106
vt 0.9832 0.4762
vt 0.9319 0.4762
vt 0.9832 0.2589
vt 0.9319 0.2589
vt 0.9832 0.0418
vt 0.9319 0.0418
vt 0.9832 0.9106
vt 0.9832 0.6934
vt 0.9319 0.6934
vt 0.9319 0.9106
vt 0.9832 0.4762
vt 0.9319 0.4762
vt 0.9832 0.2589
vt 0.9319 0.2589
vt 0.9832 0.0418
vt 0.9319 0.0418
vt 0.7231 0.9319
vt 0.7231 0.6341
vt 0.6703 0.6341
vt 0.6703 0.9319
vt 0.7231 0.3364
vt 0.6703 0.3364
vt 0.7231 0.0386
vt 0.6703 0.0386
vt 0.9832 0.9106
vt 0.9832 0.8020
vt 0.9319 0.8020
vt 0.9319 0.9106
vt 0.9832 0.6934
vt 0.9319 0.6934
vt 0.9832 0.5847
vt 0.9319 0.5847
vt 0.9832 0.4762
vt 0.9319 0.4762
vt 0.9832 0.3676
vt 0.9319 0.3676
vt 0.9832 0.2589
vt 0.9319 0.2589
vt 0.9832 0.1504
vt 0.9319 0.1504
vt 0.9832 0.0418
vt 0.9319 0.0418
vt 0.8440 0.9482
vt 0.8440 0.8213
vt 0.7915 0.8213
vt 0.7915 0.9482
vt 0.8440 0.6942
vt 0.7915 0.6942
vt 0.8440 0.5673
vt 0.7915 0.5673
vt 0.8440 0.4403
vt 0.7915 0.4403
vt 0.8440 0.3134
vt 0.7915 0.3134
vt 0.8440 0.1863
vt 0.8440 0.0594
vt 0.7915 0.0594
vt 0.7915 0.1863
vt 0.9832 0.9106
vt 0.9832 0.8020
vt 0.9319 0.8020
vt 0.9319 0.9106
vt 0.9832 0.6934
vt 0.9319 0.6934
vt 0.9832 0.5847
vt 0.9319 0.5847
vt 0.9832 0.4762
vt 0.9319 0.4762
vt 0.9832 0.3676
vt 0.9319 0.3676
vt 0.9832 0.2589
vt 0.9319 0.2589
vt 0.9832 0.1504
vt 0.9319 0.1504
vt 0.9832 0.0418
vt 0.9319 0.0418
vt 0.9161 0.9462
vt 0.9161 0.8563
vt 0.8631 0.8563
vt 0.8631 0.9462
vt 0.9161 0.7666
vt 0.8631 0.7666
vt 0.9161 0.6767
vt 0.8631 0.6767
vt 0.9161 0.5868
vt 0.8631 0.5868
vt 0.9161 0.4969
vt 0.8631 0.4969
vt 0.9161 0.4070
vt 0.9161 0.3171
vt 0.8631 0.3171
vt 0.8631 0.4070
vt 0.9161 0.2274
vt 0.8631 0.2274
vt 0.9161 0.1375
vt 0.8631 0.1375
vt 0.9161 0.0476
vt 0.8631 0.0476
vt 0.9832 0.9106
vt 0.9832 0.8020
vt 0.9319 0.8020
vt 0.9319 0.9106
vt 0.9832 0.6934
vt 0.9319 0.6934
vt 0.9832 0.5847
vt 0.9319 0.5847
vt 0.9832 0.4762
vt 0.9319 0.4762
vt 0.9832 0.3676
vt 0.9319 0.3676
vt 0.9832 0.2589
vt 0.9319 0.2589
vt 0.9832 0.1504
vt 0.9319 0.1504
vt 0.9832 0.0418
vt 0.9319 0.0418
vt 0.9832 0.9106
vt 0.9832 0.6934
vt 0.9319 0.6934
vt 0.9319 0.9106
vt 0.9832 0.4762
vt 0.9319 0.4762
vt 0.9832 0.2589
vt 0.9319 0.2589
vt 0.9832 0.0418
vt 0.9319 0.0418
vt 0.8440 0.9482
vt 0.8440 0.8213
vt 0.7915 0.8213
vt 0.7915 0.9482
vt 0.8440 0.6942
vt 0.7915 0.6942
vt 0.8440 0.5673
vt 0.7915 0.5673
vt 0.8440 0.4403
vt 0.7915 0.4403
vt 0.8440 0.3134
vt 0.7915 0.3134
vt 0.8440 0.1863
vt 0.7915 0.1863
vt 0.8440 0.0594
vt 0.7915 0.0594
vt 0.7231 0.9319
vt 0.7231 0.7533
vt 0.6703 0.7533
vt 0.6703 0.9319
vt 0.7231 0.5746
vt 0.6703 0.5746
vt 0.7231 0.3959
vt 0.6703 0.3959
vt 0.7231 0.2173
vt 0.6703 0.2173
vt 0.7231 0.0386
vt 0.6703 0.0386
vt 0.8440 0.9482
vt 0.8440 0.8213
vt 0.7915 0.8213
vt 0.7915 0.9482
vt 0.8440 0.6942
vt 0.7915 0.6942
vt 0.8440 0.5673
vt 0.7915 0.5673
vt 0.8440 0.4403
vt 0.7915 0.4403
vt 0.8440 0.3134
vt 0.7915 0.3134
vt 0.8440 0.1863
vt 0.7915 0.1863
vt 0.8440 0.0594
vt 0.7915 0.0594
vt 0.9832 0.9106
vt 0.9832 0.6934
vt 0.9319 0.6934
vt 0.9319 0.9106
vt 0.9832 0.4762
vt 0.9319 0.4762
vt 0.9832 0.2589
vt 0.9319 0.2589
vt 0.9832 0.0418
vt 0.9319 0.0418
vt 0.9832 0.9106
vt 0.9832 0.6934
vt 0.9319 0.6934
vt 0.9319 0.9106
vt 0.9832 0.4762
vt 0.9319 0.4762
vt 0.9832 0.2589
vt 0.9319 0.2589
vt 0.9832 0.0418
vt 0.9319 0.0418
vt 0.9832 0.9106
vt 0.9832 0.6934
vt 0.9319 0.6934
vt 0.9319 0.9106
vt 0.9832 0.4762
vt 0.9319 0.4762
vt 0.9832 0.2589
vt 0.9319 0.2589
vt 0.9832 0.0418
vt 0.9319 0.0418
vt 0.9832 0.9106
vt 0.9832 0.6934
vt 0.9319 0.6934
vt 0.9319 0.9106
vt 0.9832 0.4762
vt 0.9319 0.4762
vt 0.9832 0.2589
vt 0.9319 0.2589
vt 0.9832 0.0418
vt 0.9319 0.0418
vt 0.9832 0.9106
vt 0.9832 0.6934
vt 0.9319 0.6934
vt 0.9319 0.9106
vt 0.9832 0.4762
vt 0.9319 0.4762
vt 0.9832 0.2589
vt 0.9319 0.2589
vt 0.9832 0.0418
vt 0.9319 0.0418
vt 0.9832 0.9106
vt 0.9832 0.6934
vt 0.9319 0.6934
vt 0.9319 0.9106
vt 0.9832 0.4762
vt 0.9319 0.4762
vt 0.9832 0.2589
vt 0.9319 0.2589
vt 0.9832 0.0418
vt 0.9319 0.0418
vt 0.7231 0.9319
vt 0.7231 0.7533
vt 0.6703 0.7533
vt 0.6703 0.9319
vt 0.7231 0.5746
vt 0.6703 0.5746
vt 0.7231 0.3959
vt 0.6703 0.3959
vt 0.7231 0.2173
vt 0.6703 0.2173
vt 0.7231 0.0386
vt 0.6703 0.0386
vt 0.9832 0.9106
vt 0.9832 0.6934
vt 0.9319 0.6934
vt 0.9319 0.9106
vt 0.9832 0.4762
vt 0.9319 0.4762
vt 0.9832 0.2589
vt 0.9319 0.2589
vt 0.9832 0.0418
vt 0.9319 0.0418
vt 0.8440 0.9482
vt 0.8440 0.8213
vt 0.7915 0.8213
vt 0.7915 0.9482
vt 0.8440 0.6942
vt 0.7915 0.6942
vt 0.8440 0.5673
vt 0.7915 0.5673
vt 0.8440 0.4403
vt 0.7915 0.4403
vt 0.8440 0.3134
vt 0.7915 0.3134
vt 0.8440 0.1863
vt 0.7915 0.1863
vt 0.8440 0.0594
vt 0.7915 0.0594
vt 0.9832 0.9106
vt 0.9832 0.8020
vt 0.9319 0.8020
vt 0.9319 0.9106
vt 0.9832 0.6934
vt 0.9319 0.6934
vt 0.9832 0.5847
vt 0.9319 0.5847
vt 0.9832 0.4762
vt 0.9319 0.4762
vt 0.9832 0.3676
vt 0.9319 0.3676
vt 0.9832 0.2589
vt 0.9319 0.2589
vt 0.9832 0.1504
vt 0.9319 0.1504
vt 0.9832 0.0418
vt 0.9319 0.0418
vt 0.9161 0.9462
vt 0.9161 0.8563
vt 0.8631 0.8563
vt 0.8631 0.9462
vt 0.9161 0.7666
vt 0.8631 0.7666
vt 0.9161 0.6767
vt 0.8631 0.6767
vt 0.9161 0.5868
vt 0.8631 0.5868
vt 0.9161 0.4969
vt 0.8631 0.4969
vt 0.9161 0.4070
vt 0.8631 0.4070
vt 0.9161 0.3171
vt 0.8631 0.3171
vt 0.9161 0.2274
vt 0.8631 0.2274
vt 0.9161 0.1375
vt 0.8631 0.1375
vt 0.9161 0.0476
vt 0.8631 0.0476
vt 0.7796 0.8343
vt 0.7796 0.7639
vt 0.7339 0.7639
vt 0.7339 0.8343
vt 0.7796 0.6936
vt 0.7339 0.6936
vt 0.7796 0.6233
vt 0.7339 0.6233
vt 0.7796 0.5529
vt 0.7339 0.5529
vt 0.7796 0.4826
vt 0.7339 0.4826
vt 0.7796 0.4122
vt 0.7339 0.4122
vt 0.7796 0.3419
vt 0.7339 0.3419
vt 0.7796 0.2716
vt 0.7339 0.2716
vt 0.7796 0.2012
vt 0.7339 0.2012
vt 0.7796 0.1309
vt 0.7339 0.1309
vt 0.7796 0.0605
vt 0.7339 0.0605
vt 0.7796 0.8343
vt 0.7796 0.7639
vt 0.7339 0.7639
vt 0.7339 0.8343
vt 0.7796 0.6936
vt 0.7339 0.6936
vt 0.7796 0.6233
vt 0.7339 0.6233
vt 0.7796 0.5529
vt 0.7339 0.5529
vt 0.7796 0.4826
vt 0.7339 0.4826
vt 0.7796 0.4122
vt 0.7339 0.4122
vt 0.7796 0.3419
vt 0.7339 0.3419
vt 0.7796 0.2716
vt 0.7339 0.2716
vt 0.7796 0.2012
vt 0.7339 0.2012
vt 0.7796 0.1309
vt 0.7339 0.1309
vt 0.7796 0.0605
vt 0.7339 0.0605
vt 0.8440 0.9482
vt 0.8440 0.8213
vt 0.7915 0.8213
vt 0.7915 0.9482
vt 0.8440 0.6942
vt 0.7915 0.6942
vt 0.8440 0.5673
vt 0.7915 0.5673
vt 0.8440 0.4403
vt 0.7915 0.4403
vt 0.8440 0.3134
vt 0.7915 0.3134
vt 0.8440 0.1863
vt 0.7915 0.1863
vt 0.8440 0.0594
vt 0.7915 0.0594
vt 0.9832 0.9106
vt 0.9832 0.8020
vt 0.9319 0.8020
vt 0.9319 0.9106
vt 0.9832 0.6934
vt 0.9319 0.6934
vt 0.9832 0.5847
vt 0.9319 0.5847
vt 0.9832 0.4762
vt 0.9319 0.4762
vt 0.9832 0.3676
vt 0.9319 0.3676
vt 0.9832 0.2589
vt 0.9319 0.2589
vt 0.9832 0.1504
vt 0.9319 0.1504
vt 0.9832 0.0418
vt 0.9319 0.0418
vt 0.8440 0.9482
vt 0.8440 0.8213
vt 0.7915 0.8213
vt 0.7915 0.9482
vt 0.8440 0.6942
vt 0.7915 0.6942
vt 0.8440 0.5673
vt 0.7915 0.5673
vt 0.8440 0.4403
vt 0.7915 0.4403
vt 0.8440 0.3134
vt 0.7915 0.3134
vt 0.8440 0.1863
vt 0.7915 0.1863
vt 0.8440 0.0594
vt 0.7915 0.0594
vt 0.8440 0.9482
vt 0.8440 0.8213
vt 0.7915 0.8213
vt 0.7915 0.9482
vt 0.8440 0.6942
vt 0.7915 0.6942
vt 0.8440 0.5673
vt 0.7915 0.5673
vt 0.8440 0.4403
vt 0.7915 0.4403
vt 0.8440 0.3134
vt 0.7915 0.3134
vt 0.8440 0.1863
vt 0.7915 0.1863
vt 0.8440 0.0594
vt 0.7915 0.0594
vt 0.8440 0.9482
vt 0.8440 0.8213
vt 0.7915 0.8213
vt 0.7915 0.9482
vt 0.8440 0.6942
vt 0.7915 0.6942
vt 0.8440 0.5673
vt 0.7915 0.5673
vt 0.8440 0.4403
vt 0.7915 0.4403
vt 0.8440 0.3134
vt 0.7915 0.3134
vt 0.8440 0.1863
vt 0.7915 0.1863
vt 0.8440 0.0594
vt 0.7915 0.0594
vt 0.7231 0.9319
vt 0.7231 0.7830
vt 0.6703 0.7830
vt 0.6703 0.9319
vt 0.7231 0.6341
vt 0.6703 0.6341
vt 0.7231 0.4853
vt 0.6703 0.4853
vt 0.7231 0.3364
vt 0.6703 0.3364
vt 0.7231 0.1875
vt 0.6703 0.1875
vt 0.7231 0.0386
vt 0.6703 0.0386
vt 0.7231 0.9319
vt 0.7231 0.7830
vt 0.6703 0.7830
vt 0.6703 0.9319
vt 0.7231 0.6341
vt 0.6703 0.6341
vt 0.7231 0.4853
vt 0.6703 0.4853
vt 0.7231 0.3364
vt 0.6703 0.3364
vt 0.7231 0.1875
vt 0.6703 0.1875
vt 0.7231 0.0386
vt 0.6703 0.0386
vt 0.8440 0.9482
vt 0.8440 0.8213
vt 0.7915 0.8213
vt 0.7915 0.9482
vt 0.8440 0.6942
vt 0.7915 0.6942
vt 0.8440 0.5673
vt 0.7915 0.5673
vt 0.8440 0.4403
vt 0.8440 0.3134
vt 0.7915 0.3134
vt 0.7915 0.4403
vt 0.8440 0.1863
vt 0.7915 0.1863
vt 0.8440 0.0594
vt 0.7915 0.0594
vt 0.7231 0.9319
vt 0.7231 0.7830
vt 0.6703 0.7830
vt 0.6703 0.9319
vt 0.7231 0.6341
vt 0.6703 0.6341
vt 0.7231 0.4853
vt 0.6703 0.4853
vt 0.7231 0.3364
vt 0.6703 0.3364
vt 0.7231 0.1875
vt 0.6703 0.1875
vt 0.7231 0.0386
vt 0.6703 0.0386
vt 0.7231 0.9319
vt 0.7231 0.7830
vt 0.6703 0.7830
vt 0.6703 0.9319
vt 0.7231 0.6341
vt 0.6703 0.6341
vt 0.7231 0.4853
vt 0.6703 0.4853
vt 0.7231 0.3364
vt 0.6703 0.3364
vt 0.7231 0.1875
vt 0.6703 0.1875
vt 0.7231 0.0386
vt 0.6703 0.0386
vt 0.7231 0.9319
vt 0.7231 0.7830
vt 0.6703 0.7830
vt 0.6703 0.9319
vt 0.7231 0.6341
vt 0.6703 0.6341
vt 0.7231 0.4853
vt 0.6703 0.4853
vt 0.7231 0.3364
vt 0.6703 0.3364
vt 0.7231 0.1875
vt 0.6703 0.1875
vt 0.7231 0.0386
vt 0.6703 0.0386
vt 0.7231 0.9319
vt 0.7231 0.7830
vt 0.6703 0.7830
vt 0.6703 0.9319
vt 0.7231 0.6341
vt 0.6703 0.6341
vt 0.7231 0.4853
vt 0.6703 0.4853
vt 0.7231 0.3364
vt 0.6703 0.3364
vt 0.7231 0.1875
vt 0.6703 0.1875
vt 0.7231 0.0386
vt 0.6703 0.0386
vt 0.8440 0.9482
vt 0.8440 0.8213
vt 0.7915 0.8213
vt 0.7915 0.9482
vt 0.8440 0.6942
vt 0.7915 0.6942
vt 0.8440 0.5673
vt 0.7915 0.5673
vt 0.8440 0.4403
vt 0.7915 0.4403
vt 0.8440 0.3134
vt 0.7915 0.3134
vt 0.8440 0.1863
vt 0.7915 0.1863
vt 0.8440 0.0594
vt 0.7915 0.0594
vt 0.8440 0.9482
vt 0.8440 0.8213
vt 0.7915 0.8213
vt 0.7915 0.9482
vt 0.8440 0.6942
vt 0.7915 0.6942
vt 0.8440 0.5673
vt 0.7915 0.5673
vt 0.8440 0.4403
vt 0.7915 0.4403
vt 0.8440 0.3134
vt 0.7915 0.3134
vt 0.8440 0.1863
vt 0.7915 0.1863
vt 0.8440 0.0594
vt 0.7915 0.0594
vt 0.7231 0.9319
vt 0.7231 0.7830
vt 0.6703 0.7830
vt 0.6703 0.9319
vt 0.7231 0.6341
vt 0.6703 0.6341
vt 0.7231 0.4853
vt 0.6703 0.4853
vt 0.7231 0.3364
vt 0.6703 0.3364
vt 0.7231 0.1875
vt 0.6703 0.1875
vt 0.7231 0.0386
vt 0.6703 0.0386
vt 0.7231 0.9319
vt 0.7231 0.7830
vt 0.6703 0.7830
vt 0.6703 0.9319
vt 0.7231 0.6341
vt 0.6703 0.6341
vt 0.7231 0.4853
vt 0.6703 0.4853
vt 0.7231 0.3364
vt 0.6703 0.3364
vt 0.7231 0.1875
vt 0.6703 0.1875
vt 0.7231 0.0386
vt 0.6703 0.0386
vt 0.7231 0.7830
vt 0.7231 0.6341
vt 0.6703 0.6341
vt 0.6703 0.7830
vt 0.7231 0.4853
vt 0.6703 0.4853
vt 0.7231 0.3364
vt 0.6703 0.3364
vt 0.7231 0.1875
vt 0.6703 0.1875
vt 0.7231 0.0386
vt 0.6703 0.0386
vt 0.7231 0.9319
vt 0.6703 0.9319
vt 0.7231 0.9319
vt 0.7231 0.7830
vt 0.6703 0.7830
vt 0.6703 0.9319
vt 0.7231 0.6341
vt 0.6703 0.6341
vt 0.7231 0.4853
vt 0.6703 0.4853
vt 0.7231 0.3364
vt 0.6703 0.3364
vt 0.7231 0.1875
vt 0.6703 0.1875
vt 0.7231 0.0386
vt 0.6703 0.0386
vt 0.7231 0.9319
vt 0.7231 0.7830
vt 0.6703 0.7830
vt 0.6703 0.9319
vt 0.7231 0.6341
vt 0.6703 0.6341
vt 0.7231 0.4853
vt 0.6703 0.4853
vt 0.7231 0.3364
vt 0.6703 0.3364
vt 0.7231 0.1875
vt 0.6703 0.1875
vt 0.7231 0.0386
vt 0.6703 0.0386
vt 0.7231 0.9319
vt 0.7231 0.7830
vt 0.6703 0.7830
vt 0.6703 0.9319
vt 0.7231 0.6341
vt 0.6703 0.6341
vt 0.7231 0.4853
vt 0.6703 0.4853
vt 0.7231 0.3364
vt 0.6703 0.3364
vt 0.7231 0.1875
vt 0.6703 0.1875
vt 0.7231 0.0386
vt 0.6703 0.0386
vt 0.7231 0.9319
vt 0.7231 0.7830
vt 0.6703 0.7830
vt 0.6703 0.9319
vt 0.7231 0.6341
vt 0.6703 0.6341
vt 0.7231 0.4853
vt 0.6703 0.4853
vt 0.7231 0.3364
vt 0.6703 0.3364
vt 0.7231 0.1875
vt 0.6703 0.1875
vt 0.7231 0.0386
vt 0.6703 0.0386
vt 0.7231 0.9319
vt 0.7231 0.7533
vt 0.6703 0.7533
vt 0.6703 0.9319
vt 0.7231 0.5746
vt 0.6703 0.5746
vt 0.7231 0.3959
vt 0.6703 0.3959
vt 0.7231 0.2173
vt 0.6703 0.2173
vt 0.7231 0.0386
vt 0.6703 0.0386
vt 0.9832 0.9106
vt 0.9832 0.6934
vt 0.9319 0.6934
vt 0.9319 0.9106
vt 0.9832 0.4762
vt 0.9319 0.4762
vt 0.9832 0.2589
vt 0.9319 0.2589
vt 0.9832 0.0418
vt 0.9319 0.0418
vt 0.7231 0.9319
vt 0.7231 0.7830
vt 0.6703 0.7830
vt 0.6703 0.9319
vt 0.7231 0.6341
vt 0.6703 0.6341
vt 0.7231 0.4853
vt 0.6703 0.4853
vt 0.7231 0.3364
vt 0.6703 0.3364
vt 0.7231 0.1875
vt 0.6703 0.1875
vt 0.7231 0.0386
vt 0.6703 0.0386
vt 0.9832 0.9106
vt 0.9832 0.6934
vt 0.9319 0.6934
vt 0.9319 0.9106
vt 0.9832 0.4762
vt 0.9319 0.4762
vt 0.9832 0.2589
vt 0.9319 0.2589
vt 0.9832 0.0418
vt 0.9319 0.0418
vt 0.7231 0.9319
vt 0.7231 0.6341
vt 0.6703 0.6341
vt 0.6703 0.9319
vt 0.7231 0.3364
vt 0.6703 0.3364
vt 0.7231 0.0386
vt 0.6703 0.0386
vt 0.7231 0.9319
vt 0.7231 0.6341
vt 0.6703 0.6341
vt 0.6703 0.9319
vt 0.7231 0.3364
vt 0.6703 0.3364
vt 0.7231 0.0386
vt 0.6703 0.0386
vt 0.7231 0.9319
vt 0.7231 0.7533
vt 0.6703 0.7533
vt 0.6703 0.9319
vt 0.7231 0.5746
vt 0.6703 0.5746
vt 0.7231 0.3959
vt 0.6703 0.3959
vt 0.7231 0.2173
vt 0.6703 0.2173
vt 0.7231 0.0386
vt 0.6703 0.0386
vt 0.7231 0.9319
vt 0.7231 0.7533
vt 0.6703 0.7533
vt 0.6703 0.9319
vt 0.7231 0.5746
vt 0.6703 0.5746
vt 0.7231 0.3959
vt 0.6703 0.3959
vt 0.7231 0.2173
vt 0.6703 0.2173
vt 0.7231 0.0386
vt 0.6703 0.0386
vt 0.7231 0.9319
vt 0.7231 0.7830
vt 0.6703 0.7830
vt 0.6703 0.9319
vt 0.7231 0.6341
vt 0.6703 0.6341
vt 0.7231 0.4853
vt 0.6703 0.4853
vt 0.7231 0.3364
vt 0.6703 0.3364
vt 0.7231 0.1875
vt 0.6703 0.1875
vt 0.7231 0.0386
vt 0.6703 0.0386
vt 0.7231 0.9319
vt 0.7231 0.7533
vt 0.6703 0.7533
vt 0.6703 0.9319
vt 0.7231 0.5746
vt 0.6703 0.5746
vt 0.7231 0.3959
vt 0.6703 0.3959
vt 0.7231 0.2173
vt 0.6703 0.2173
vt 0.7231 0.0386
vt 0.6703 0.0386
vt 0.9832 0.9106
vt 0.9832 0.6934
vt 0.9319 0.6934
vt 0.9319 0.9106
vt 0.9832 0.4762
vt 0.9319 0.4762
vt 0.9832 0.2589
vt 0.9319 0.2589
vt 0.9832 0.0418
vt 0.9319 0.0418
vt 0.9832 0.9106
vt 0.9832 0.6934
vt 0.9319 0.6934
vt 0.9319 0.9106
vt 0.9832 0.4762
vt 0.9319 0.4762
vt 0.9832 0.2589
vt 0.9319 0.2589
vt 0.9832 0.0418
vt 0.9319 0.0418
vt 0.9832 0.9106
vt 0.9832 0.6934
vt 0.9319 0.6934
vt 0.9319 0.9106
vt 0.9832 0.4762
vt 0.9319 0.4762
vt 0.9832 0.2589
vt 0.9319 0.2589
vt 0.9832 0.0418
vt 0.9319 0.0418
vt 0.7231 0.9319
vt 0.7231 0.6341
vt 0.6703 0.6341
vt 0.6703 0.9319
vt 0.7231 0.3364
vt 0.6703 0.3364
vt 0.7231 0.0386
vt 0.6703 0.0386
vt 0.8440 0.9482
vt 0.8440 0.8213
vt 0.7915 0.8213
vt 0.7915 0.9482
vt 0.8440 0.6942
vt 0.7915 0.6942
vt 0.8440 0.5673
vt 0.7915 0.5673
vt 0.8440 0.4403
vt 0.7915 0.4403
vt 0.8440 0.3134
vt 0.7915 0.3134
vt 0.8440 0.1863
vt 0.7915 0.1863
vt 0.8440 0.0594
vt 0.7915 0.0594
vt 0.7231 0.9319
vt 0.7231 0.6341
vt 0.6703 0.6341
vt 0.6703 0.9319
vt 0.7231 0.3364
vt 0.6703 0.3364
vt 0.7231 0.0386
vt 0.6703 0.0386
vt 0.7231 0.9319
vt 0.7231 0.6341
vt 0.6703 0.6341
vt 0.6703 0.9319
vt 0.7231 0.3364
vt 0.6703 0.3364
vt 0.7231 0.0386
vt 0.6703 0.0386
vt 0.9832 0.9106
vt 0.9832 0.6934
vt 0.9319 0.6934
vt 0.9319 0.9106
vt 0.9832 0.4762
vt 0.9319 0.4762
vt 0.9832 0.2589
vt 0.9319 0.2589
vt 0.9832 0.0418
vt 0.9319 0.0418
vt 0.9832 0.9106
vt 0.9832 0.6934
vt 0.9319 0.6934
vt 0.9319 0.9106
vt 0.9832 0.4762
vt 0.9319 0.4762
vt 0.9832 0.2589
vt 0.9319 0.2589
vt 0.9832 0.0418
vt 0.9319 0.0418
vt 0.9832 0.9106
vt 0.9832 0.6934
vt 0.9319 0.6934
vt 0.9319 0.9106
vt 0.9832 0.4762
vt 0.9319 0.4762
vt 0.9832 0.2589
vt 0.9319 0.2589
vt 0.9832 0.0418
vt 0.9319 0.0418
vt 0.9832 0.9106
vt 0.9832 0.6934
vt 0.9319 0.6934
vt 0.9319 0.9106
vt 0.9832 0.4762
vt 0.9319 0.4762
vt 0.9832 0.2589
vt 0.9319 0.2589
vt 0.9832 0.0418
vt 0.9319 0.0418
vt 0.9832 0.9106
vt 0.9832 0.6934
vt 0.9319 0.6934
vt 0.9319 0.9106
vt 0.9832 0.4762
vt 0.9319 0.4762
vt 0.9832 0.2589
vt 0.9319 0.2589
vt 0.9832 0.0418
vt 0.9319 0.0418
vt 0.9832 0.9106
vt 0.9832 0.6934
vt 0.9319 0.6934
vt 0.9319 0.9106
vt 0.9832 0.4762
vt 0.9319 0.4762
vt 0.9832 0.2589
vt 0.9319 0.2589
vt 0.9832 0.0418
vt 0.9319 0.0418
vt 0.9832 0.9106
vt 0.9832 0.6934
vt 0.9319 0.6934
vt 0.9319 0.9106
vt 0.9832 0.4762
vt 0.9319 0.4762
vt 0.9832 0.2589
vt 0.9319 0.2589
vt 0.9832 0.0418
vt 0.9319 0.0418
vt 0.9832 0.9106
vt 0.9832 0.6934
vt 0.9319 0.6934
vt 0.9319 0.9106
vt 0.9832 0.4762
vt 0.9319 0.4762
vt 0.9832 0.2589
vt 0.9319 0.2589
vt 0.9832 0.0418
vt 0.9319 0.0418
vt 0.9832 0.9106
vt 0.9832 0.6934
vt 0.9319 0.6934
vt 0.9319 0.9106
vt 0.9832 0.4762
vt 0.9319 0.4762
vt 0.9832 0.2589
vt 0.9319 0.2589
vt 0.9832 0.0418
vt 0.9319 0.0418
vt 0.7231 0.9319
vt 0.7231 0.7533
vt 0.6703 0.7533
vt 0.6703 0.9319
vt 0.7231 0.5746
vt 0.6703 0.5746
vt 0.7231 0.3959
vt 0.6703 0.3959
vt 0.7231 0.2173
vt 0.6703 0.2173
vt 0.7231 0.0386
vt 0.6703 0.0386
vt 0.7231 0.9319
vt 0.7231 0.7533
vt 0.6703 0.7533
vt 0.6703 0.9319
vt 0.7231 0.5746
vt 0.6703 0.5746
vt 0.7231 0.3959
vt 0.6703 0.3959
vt 0.7231 0.2173
vt 0.6703 0.2173
vt 0.7231 0.0386
vt 0.6703 0.0386
vt 0.7231 0.9319
vt 0.7231 0.7533
vt 0.6703 0.7533
vt 0.6703 0.9319
vt 0.7231 0.5746
vt 0.6703 0.5746
vt 0.7231 0.3959
vt 0.6703 0.3959
vt 0.7231 0.2173
vt 0.6703 0.2173
vt 0.7231 0.0386
vt 0.6703 0.0386
vt 0.9832 0.9106
vt 0.9832 0.6934
vt 0.9319 0.6934
vt 0.9319 0.9106
vt 0.9832 0.4762
vt 0.9319 0.4762
vt 0.9832 0.2589
vt 0.9319 0.2589
vt 0.9832 0.0418
vt 0.9319 0.0418
vt 0.7231 0.9319
vt 0.7231 0.7533
vt 0.6703 0.7533
vt 0.6703 0.9319
vt 0.7231 0.5746
vt 0.6703 0.5746
vt 0.7231 0.3959
vt 0.6703 0.3959
vt 0.7231 0.2173
vt 0.6703 0.2173
vt 0.7231 0.0386
vt 0.6703 0.0386
vt 0.7231 0.9319
vt 0.7231 0.7533
vt 0.6703 0.7533
vt 0.6703 0.9319
vt 0.7231 0.5746
vt 0.6703 0.5746
vt 0.7231 0.3959
vt 0.6703 0.3959
vt 0.7231 0.2173
vt 0.6703 0.2173
vt 0.7231 0.0386
vt 0.6703 0.0386
vt 0.9832 0.9106
vt 0.9832 0.6934
vt 0.9319 0.6934
vt 0.9319 0.9106
vt 0.9832 0.4762
vt 0.9319 0.4762
vt 0.9832 0.2589
vt 0.9319 0.2589
vt 0.9832 0.0418
vt 0.9319 0.0418
vt 0.7231 0.9319
vt 0.7231 0.7830
vt 0.6703 0.7830
vt 0.6703 0.9319
vt 0.7231 0.6341
vt 0.6703 0.6341
vt 0.7231 0.4853
vt 0.6703 0.4853
vt 0.7231 0.3364
vt 0.6703 0.3364
vt 0.7231 0.1875
vt 0.6703 0.1875
vt 0.9832 0.9106
vt 0.9832 0.6934
vt 0.9319 0.6934
vt 0.9319 0.9106
vt 0.9832 0.4762
vt 0.9319 0.4762
vt 0.9832 0.2589
vt 0.9319 0.2589
vt 0.9832 0.0418
vt 0.9319 0.0418
vt 0.7231 0.9319
vt 0.7231 0.6341
vt 0.6703 0.6341
vt 0.6703 0.9319
vt 0.7231 0.3364
vt 0.6703 0.3364
vt 0.7231 0.0386
vt 0.6703 0.0386
vt 0.7231 0.0386
vt 0.6703 0.0386
vt 0.7231 0.9319
vt 0.7231 0.7533
vt 0.6703 0.7533
vt 0.6703 0.9319
vt 0.7231 0.5746
vt 0.6703 0.5746
vt 0.7231 0.3959
vt 0.6703 0.3959
vt 0.7231 0.2173
vt 0.6703 0.2173
vt 0.7231 0.0386
vt 0.6703 0.0386
vt 0.9832 0.9106
vt 0.9832 0.6934
vt 0.9319 0.6934
vt 0.9319 0.9106
vt 0.9832 0.4762
vt 0.9319 0.4762
vt 0.9832 0.2589
vt 0.9319 0.2589
vt 0.9832 0.0418
vt 0.9319 0.0418
vt 0.7231 0.9319
vt 0.7231 0.7830
vt 0.6703 0.7830
vt 0.6703 0.9319
vt 0.7231 0.6341
vt 0.6703 0.6341
vt 0.7231 0.4853
vt 0.6703 0.4853
vt 0.7231 0.3364
vt 0.6703 0.3364
vt 0.7231 0.1875
vt 0.6703 0.1875
vt 0.7231 0.0386
vt 0.6703 0.0386
vt 0.7231 0.9319
vt 0.7231 0.7830
vt 0.6703 0.7830
vt 0.6703 0.9319
vt 0.7231 0.6341
vt 0.6703 0.6341
vt 0.7231 0.4853
vt 0.6703 0.4853
vt 0.7231 0.3364
vt 0.6703 0.3364
vt 0.7231 0.1875
vt 0.6703 0.1875
vt 0.7231 0.0386
vt 0.6703 0.0386
vt 0.7231 0.9319
vt 0.7231 0.7830
vt 0.6703 0.7830
vt 0.6703 0.9319
vt 0.7231 0.6341
vt 0.6703 0.6341
vt 0.7231 0.4853
vt 0.6703 0.4853
vt 0.7231 0.3364
vt 0.6703 0.3364
vt 0.7231 0.1875
vt 0.6703 0.1875
vt 0.7231 0.0386
vt 0.6703 0.0386
vt 0.9832 0.9106
vt 0.9832 0.6934
vt 0.9319 0.6934
vt 0.9319 0.9106
vt 0.9832 0.4762
vt 0.9319 0.4762
vt 0.9832 0.2589
vt 0.9319 0.2589
vt 0.9832 0.0418
vt 0.9319 0.0418
vt 0.8440 0.9482
vt 0.8440 0.8213
vt 0.7915 0.8213
vt 0.7915 0.9482
vt 0.8440 0.6942
vt 0.7915 0.6942
vt 0.8440 0.5673
vt 0.7915 0.5673
vt 0.8440 0.4403
vt 0.7915 0.4403
vt 0.8440 0.3134
vt 0.7915 0.3134
vt 0.8440 0.1863
vt 0.7915 0.1863
vt 0.8440 0.0594
vt 0.7915 0.0594
vt 0.8440 0.9482
vt 0.8440 0.8213
vt 0.7915 0.8213
vt 0.7915 0.9482
vt 0.8440 0.6942
vt 0.7915 0.6942
vt 0.8440 0.5673
vt 0.7915 0.5673
vt 0.8440 0.4403
vt 0.7915 0.4403
vt 0.8440 0.3134
vt 0.7915 0.3134
vt 0.8440 0.1863
vt 0.7915 0.1863
vt 0.8440 0.0594
vt 0.7915 0.0594
vt 0.7231 0.9319
vt 0.7231 0.7830
vt 0.6703 0.7830
vt 0.6703 0.9319
vt 0.7231 0.6341
vt 0.6703 0.6341
vt 0.7231 0.4853
vt 0.6703 0.4853
vt 0.7231 0.3364
vt 0.6703 0.3364
vt 0.7231 0.1875
vt 0.6703 0.1875
vt 0.7231 0.0386
vt 0.6703 0.0386
vt 0.7231 0.9319
vt 0.7231 0.7830
vt 0.6703 0.7830
vt 0.6703 0.9319
vt 0.7231 0.6341
vt 0.6703 0.6341
vt 0.7231 0.4853
vt 0.6703 0.4853
vt 0.7231 0.3364
vt 0.6703 0.3364
vt 0.7231 0.1875
vt 0.6703 0.1875
vt 0.7231 0.0386
vt 0.6703 0.0386
vt 0.7231 0.9319
vt 0.7231 0.7830
vt 0.6703 0.7830
vt 0.6703 0.9319
vt 0.7231 0.6341
vt 0.6703 0.6341
vt 0.7231 0.4853
vt 0.6703 0.4853
vt 0.7231 0.3364
vt 0.6703 0.3364
vt 0.7231 0.1875
vt 0.6703 0.1875
vt 0.7231 0.0386
vt 0.6703 0.0386
vt 0.8440 0.9482
vt 0.8440 0.8213
vt 0.7915 0.8213
vt 0.7915 0.9482
vt 0.8440 0.6942
vt 0.7915 0.6942
vt 0.8440 0.5673
vt 0.7915 0.5673
vt 0.8440 0.4403
vt 0.7915 0.4403
vt 0.8440 0.3134
vt 0.7915 0.3134
vt 0.8440 0.1863
vt 0.7915 0.1863
vt 0.8440 0.0594
vt 0.7915 0.0594
vt 0.7231 0.9319
vt 0.7231 0.7533
vt 0.6703 0.7533
vt 0.6703 0.9319
vt 0.7231 0.5746
vt 0.6703 0.5746
vt 0.7231 0.3959
vt 0.6703 0.3959
vt 0.7231 0.2173
vt 0.6703 0.2173
vt 0.7231 0.0386
vt 0.6703 0.0386
vt 0.9161 0.9462
vt 0.9161 0.8563
vt 0.8631 0.8563
vt 0.8631 0.9462
vt 0.9161 0.7666
vt 0.8631 0.7666
vt 0.9161 0.6767
vt 0.8631 0.6767
vt 0.9161 0.5868
vt 0.8631 0.5868
vt 0.9161 0.4969
vt 0.8631 0.4969
vt 0.9161 0.4070
vt 0.8631 0.4070
vt 0.9161 0.3171
vt 0.8631 0.3171
vt 0.9161 0.2274
vt 0.8631 0.2274
vt 0.9161 0.1375
vt 0.8631 0.1375
vt 0.9161 0.0476
vt 0.8631 0.0476
vt 0.7231 0.9319
vt 0.7231 0.7830
vt 0.6703 0.7830
vt 0.6703 0.9319
vt 0.7231 0.6341
vt 0.6703 0.6341
vt 0.7231 0.4853
vt 0.6703 0.4853
vt 0.7231 0.3364
vt 0.6703 0.3364
vt 0.7231 0.1875
vt 0.6703 0.1875
vt 0.7231 0.0386
vt 0.6703 0.0386
vt 0.7231 0.9319
vt 0.7231 0.7533
vt 0.6703 0.7533
vt 0.6703 0.9319
vt 0.7231 0.5746
vt 0.6703 0.5746
vt 0.7231 0.3959
vt 0.6703 0.3959
vt 0.7231 0.2173
vt 0.6703 0.2173
vt 0.7231 0.0386
vt 0.6703 0.0386
vt 0.7231 0.9319
vt 0.7231 0.7533
vt 0.6703 0.7533
vt 0.6703 0.9319
vt 0.7231 0.5746
vt 0.6703 0.5746
vt 0.7231 0.3959
vt 0.6703 0.3959
vt 0.7231 0.2173
vt 0.6703 0.2173
vt 0.7231 0.0386
vt 0.6703 0.0386
vt 0.7231 0.9319
vt 0.7231 0.7533
vt 0.6703 0.7533
vt 0.6703 0.9319
vt 0.7231 0.5746
vt 0.6703 0.5746
vt 0.7231 0.3959
vt 0.6703 0.3959
vt 0.7231 0.2173
vt 0.6703 0.2173
vt 0.7231 0.0386
vt 0.6703 0.0386
vt 0.9832 0.9106
vt 0.9832 0.6934
vt 0.9319 0.6934
vt 0.9319 0.9106
vt 0.9832 0.4762
vt 0.9832 0.2589
vt 0.9319 0.2589
vt 0.9319 0.4762
vt 0.9832 0.0418
vt 0.9319 0.0418
vt 0.7231 0.9319
vt 0.7231 0.7533
vt 0.6703 0.7533
vt 0.6703 0.9319
vt 0.7231 0.5746
vt 0.6703 0.5746
vt 0.7231 0.3959
vt 0.6703 0.3959
vt 0.7231 0.2173
vt 0.6703 0.2173
vt 0.7231 0.0386
vt 0.6703 0.0386
vt 0.7231 0.9319
vt 0.7231 0.7533
vt 0.6703 0.7533
vt 0.6703 0.9319
vt 0.7231 0.5746
vt 0.6703 0.5746
vt 0.7231 0.3959
vt 0.6703 0.3959
vt 0.7231 0.2173
vt 0.6703 0.2173
vt 0.7231 0.0386
vt 0.6703 0.0386
vt 0.7231 0.9319
vt 0.7231 0.7830
vt 0.6703 0.7830
vt 0.6703 0.9319
vt 0.7231 0.6341
vt 0.6703 0.6341
vt 0.7231 0.4853
vt 0.6703 0.4853
vt 0.7231 0.3364
vt 0.6703 0.3364
vt 0.7231 0.1875
vt 0.6703 0.1875
vt 0.7231 0.0386
vt 0.6703 0.0386
vt 0.7231 0.9319
vt 0.7231 0.6341
vt 0.6703 0.6341
vt 0.6703 0.9319
vt 0.7231 0.3364
vt 0.6703 0.3364
vt 0.7231 0.0386
vt 0.6703 0.0386
vt 0.7231 0.9319
vt 0.7231 0.7533
vt 0.6703 0.7533
vt 0.6703 0.9319
vt 0.7231 0.5746
vt 0.6703 0.5746
vt 0.7231 0.3959
vt 0.6703 0.3959
vt 0.7231 0.2173
vt 0.6703 0.2173
vt 0.7231 0.0386
vt 0.6703 0.0386
vt 0.7231 0.9319
vt 0.7231 0.6341
vt 0.6703 0.6341
vt 0.6703 0.9319
vt 0.7231 0.3364
vt 0.6703 0.3364
vt 0.7231 0.0386
vt 0.6703 0.0386
vt 0.7231 0.9319
vt 0.7231 0.7533
vt 0.6703 0.7533
vt 0.6703 0.9319
vt 0.7231 0.5746
vt 0.6703 0.5746
vt 0.7231 0.3959
vt 0.6703 0.3959
vt 0.7231 0.2173
vt 0.6703 0.2173
vt 0.7231 0.0386
vt 0.6703 0.0386
vt 0.7231 0.9319
vt 0.7231 0.7533
vt 0.6703 0.7533
vt 0.6703 0.9319
vt 0.7231 0.5746
vt 0.6703 0.5746
vt 0.7231 0.3959
vt 0.6703 0.3959
vt 0.7231 0.2173
vt 0.6703 0.2173
vt 0.7231 0.0386
vt 0.6703 0.0386
vt 0.7231 0.9319
vt 0.7231 0.7533
vt 0.6703 0.7533
vt 0.6703 0.9319
vt 0.7231 0.5746
vt 0.6703 0.5746
vt 0.7231 0.3959
vt 0.6703 0.3959
vt 0.7231 0.2173
vt 0.6703 0.2173
vt 0.7231 0.0386
vt 0.6703 0.0386
vt 0.7231 0.9319
vt 0.7231 0.7533
vt 0.6703 0.7533
vt 0.6703 0.9319
vt 0.7231 0.5746
vt 0.6703 0.5746
vt 0.7231 0.3959
vt 0.6703 0.3959
vt 0.7231 0.2173
vt 0.6703 0.2173
vt 0.7231 0.0386
vt 0.6703 0.0386
vt 0.7231 0.9319
vt 0.7231 0.7533
vt 0.6703 0.7533
vt 0.6703 0.9319
vt 0.7231 0.5746
vt 0.6703 0.5746
vt 0.7231 0.3959
vt 0.6703 0.3959
vt 0.7231 0.2173
vt 0.6703 0.2173
vt 0.7231 0.0386
vt 0.6703 0.0386
vt 0.7231 0.9319
vt 0.7231 0.6341
vt 0.6703 0.6341
vt 0.6703 0.9319
vt 0.7231 0.3364
vt 0.6703 0.3364
vt 0.7231 0.0386
vt 0.6703 0.0386
vt 0.7231 0.9319
vt 0.7231 0.6341
vt 0.6703 0.6341
vt 0.6703 0.9319
vt 0.7231 0.3364
vt 0.6703 0.3364
vt 0.7231 0.0386
vt 0.6703 0.0386
vt 0.7231 0.9319
vt 0.7231 0.6341
vt 0.6703 0.6341
vt 0.6703 0.9319
vt 0.7231 0.3364
vt 0.6703 0.3364
vt 0.7231 0.0386
vt 0.6703 0.0386
vt 0.9832 0.9106
vt 0.9832 0.6934
vt 0.9319 0.6934
vt 0.9319 0.9106
vt 0.9832 0.4762
vt 0.9319 0.4762
vt 0.9832 0.2589
vt 0.9319 0.2589
vt 0.9832 0.0418
vt 0.9319 0.0418
vt 0.7231 0.9319
vt 0.7231 0.4853
vt 0.6703 0.4853
vt 0.6703 0.9319
vt 0.7231 0.0386
vt 0.6703 0.0386
vt 0.7231 0.9319
vt 0.7231 0.6341
vt 0.6703 0.6341
vt 0.6703 0.9319
vt 0.7231 0.3364
vt 0.6703 0.3364
vt 0.7231 0.0386
vt 0.6703 0.0386
vt 0.7231 0.9319
vt 0.7231 0.6341
vt 0.6703 0.6341
vt 0.6703 0.9319
vt 0.7231 0.3364
vt 0.6703 0.3364
vt 0.7231 0.0386
vt 0.6703 0.0386
vt 0.7231 0.9319
vt 0.7231 0.8328
vt 0.6703 0.8328
vt 0.6703 0.9319
vt 0.7231 0.7335
vt 0.6703 0.7335
vt 0.7231 0.6341
vt 0.6703 0.6341
vt 0.7231 0.5348
vt 0.6703 0.5348
vt 0.7231 0.4357
vt 0.6703 0.4357
vt 0.7231 0.3364
vt 0.6703 0.3364
vt 0.7231 0.2371
vt 0.6703 0.2371
vt 0.7231 0.1379
vt 0.6703 0.1379
vt 0.7231 0.0386
vt 0.6703 0.0386
vt 0.7796 0.8343
vt 0.7796 0.7639
vt 0.7339 0.7639
vt 0.7339 0.8343
vt 0.7796 0.6936
vt 0.7339 0.6936
vt 0.7796 0.6233
vt 0.7339 0.6233
vt 0.7796 0.5529
vt 0.7339 0.5529
vt 0.7796 0.4826
vt 0.7339 0.4826
vt 0.7796 0.4122
vt 0.7339 0.4122
vt 0.7796 0.3419
vt 0.7339 0.3419
vt 0.7796 0.2716
vt 0.7339 0.2716
vt 0.7796 0.2012
vt 0.7339 0.2012
vt 0.7796 0.1309
vt 0.7339 0.1309
vt 0.7796 0.0605
vt 0.7339 0.0605
vt 0.7231 0.9319
vt 0.7231 0.8328
vt 0.6703 0.8328
vt 0.6703 0.9319
vt 0.7231 0.7335
vt 0.6703 0.7335
vt 0.7231 0.6341
vt 0.6703 0.6341
vt 0.7231 0.5348
vt 0.6703 0.5348
vt 0.7231 0.4357
vt 0.6703 0.4357
vt 0.7231 0.3364
vt 0.6703 0.3364
vt 0.7231 0.2371
vt 0.6703 0.2371
vt 0.7231 0.1379
vt 0.6703 0.1379
vt 0.7231 0.0386
vt 0.6703 0.0386
vt 0.7231 0.9319
vt 0.7231 0.8328
vt 0.6703 0.8328
vt 0.6703 0.9319
vt 0.7231 0.7335
vt 0.6703 0.7335
vt 0.7231 0.6341
vt 0.6703 0.6341
vt 0.7231 0.5348
vt 0.6703 0.5348
vt 0.7231 0.4357
vt 0.6703 0.4357
vt 0.7231 0.3364
vt 0.6703 0.3364
vt 0.7231 0.2371
vt 0.6703 0.2371
vt 0.7231 0.1379
vt 0.6703 0.1379
vt 0.7231 0.0386
vt 0.6703 0.0386
vt 0.7231 0.9319
vt 0.7231 0.8328
vt 0.6703 0.8328
vt 0.6703 0.9319
vt 0.7231 0.7335
vt 0.6703 0.7335
vt 0.7231 0.6341
vt 0.6703 0.6341
vt 0.7231 0.5348
vt 0.6703 0.5348
vt 0.7231 0.4357
vt 0.6703 0.4357
vt 0.7231 0.3364
vt 0.6703 0.3364
vt 0.7231 0.2371
vt 0.6703 0.2371
vt 0.7231 0.1379
vt 0.6703 0.1379
vt 0.7231 0.0386
vt 0.6703 0.0386
vt 0.7231 0.9319
vt 0.7231 0.7830
vt 0.6703 0.7830
vt 0.6703 0.9319
vt 0.7231 0.6341
vt 0.6703 0.6341
vt 0.7231 0.4853
vt 0.6703 0.4853
vt 0.7231 0.3364
vt 0.6703 0.3364
vt 0.7231 0.1875
vt 0.6703 0.1875
vt 0.7231 0.0386
vt 0.6703 0.0386
vt 0.8440 0.9482
vt 0.8440 0.8213
vt 0.7915 0.8213
vt 0.7915 0.9482
vt 0.8440 0.6942
vt 0.7915 0.6942
vt 0.8440 0.5673
vt 0.7915 0.5673
vt 0.8440 0.4403
vt 0.7915 0.4403
vt 0.8440 0.3134
vt 0.7915 0.3134
vt 0.8440 0.1863
vt 0.7915 0.1863
vt 0.8440 0.0594
vt 0.7915 0.0594
vt 0.7231 0.9319
vt 0.7231 0.7830
vt 0.6703 0.7830
vt 0.6703 0.9319
vt 0.7231 0.6341
vt 0.6703 0.6341
vt 0.7231 0.4853
vt 0.6703 0.4853
vt 0.7231 0.3364
vt 0.6703 0.3364
vt 0.7231 0.1875
vt 0.6703 0.1875
vt 0.7231 0.0386
vt 0.6703 0.0386
vt 0.9832 0.9106
vt 0.9832 0.6934
vt 0.9319 0.6934
vt 0.9319 0.9106
vt 0.9832 0.4762
vt 0.9319 0.4762
vt 0.9832 0.2589
vt 0.9319 0.2589
vt 0.9832 0.0418
vt 0.9319 0.0418
vt 0.7231 0.9319
vt 0.7231 0.6341
vt 0.6703 0.6341
vt 0.6703 0.9319
vt 0.7231 0.3364
vt 0.6703 0.3364
vt 0.7231 0.0386
vt 0.6703 0.0386
vt 0.9832 0.9106
vt 0.9832 0.8382
vt 0.9319 0.8382
vt 0.9319 0.9106
vt 0.9832 0.7658
vt 0.9319 0.7658
vt 0.9832 0.6934
vt 0.9319 0.6934
vt 0.9832 0.6210
vt 0.9319 0.6210
vt 0.9832 0.5486
vt 0.9319 0.5486
vt 0.9832 0.4762
vt 0.9319 0.4762
vt 0.9832 0.4038
vt 0.9319 0.4038
vt 0.9832 0.3314
vt 0.9319 0.3314
vt 0.9832 0.2589
vt 0.9319 0.2589
vt 0.9832 0.1866
vt 0.9319 0.1866
vt 0.9832 0.1141
vt 0.9319 0.1141
vt 0.9832 0.0418
vt 0.9319 0.0418
vt 0.9832 0.9106
vt 0.9832 0.8382
vt 0.9319 0.8382
vt 0.9319 0.9106
vt 0.9832 0.7658
vt 0.9319 0.7658
vt 0.9832 0.6934
vt 0.9319 0.6934
vt 0.9832 0.6210
vt 0.9319 0.6210
vt 0.9832 0.5486
vt 0.9319 0.5486
vt 0.9832 0.4762
vt 0.9319 0.4762
vt 0.9832 0.4038
vt 0.9319 0.4038
vt 0.9832 0.3314
vt 0.9319 0.3314
vt 0.9832 0.2589
vt 0.9319 0.2589
vt 0.9832 0.1866
vt 0.9319 0.1866
vt 0.9832 0.1141
vt 0.9319 0.1141
vt 0.9832 0.0418
vt 0.9319 0.0418
vt 0.7231 0.9319
vt 0.7231 0.7830
vt 0.6703 0.7830
vt 0.6703 0.9319
vt 0.7231 0.6341
vt 0.6703 0.6341
vt 0.7231 0.4853
vt 0.6703 0.4853
vt 0.7231 0.3364
vt 0.6703 0.3364
vt 0.7231 0.1875
vt 0.6703 0.1875
vt 0.7231 0.0386
vt 0.6703 0.0386
vt 0.8440 0.9482
vt 0.8440 0.8213
vt 0.7915 0.8213
vt 0.7915 0.9482
vt 0.8440 0.6942
vt 0.7915 0.6942
vt 0.8440 0.5673
vt 0.7915 0.5673
vt 0.8440 0.4403
vt 0.7915 0.4403
vt 0.8440 0.3134
vt 0.7915 0.3134
vt 0.8440 0.1863
vt 0.7915 0.1863
vt 0.8440 0.0594
vt 0.7915 0.0594
vt 0.7231 0.9319
vt 0.7231 0.7533
vt 0.6703 0.7533
vt 0.6703 0.9319
vt 0.7231 0.5746
vt 0.6703 0.5746
vt 0.7231 0.3959
vt 0.6703 0.3959
vt 0.7231 0.2173
vt 0.6703 0.2173
vt 0.7231 0.0386
vt 0.6703 0.0386
vt 0.9161 0.9462
vt 0.9161 0.8563
vt 0.8631 0.8563
vt 0.8631 0.9462
vt 0.9161 0.7666
vt 0.8631 0.7666
vt 0.9161 0.6767
vt 0.8631 0.6767
vt 0.9161 0.5868
vt 0.8631 0.5868
vt 0.9161 0.4969
vt 0.8631 0.4969
vt 0.9161 0.4070
vt 0.8631 0.4070
vt 0.9161 0.3171
vt 0.8631 0.3171
vt 0.9161 0.2274
vt 0.8631 0.2274
vt 0.9161 0.1375
vt 0.8631 0.1375
vt 0.9161 0.0476
vt 0.8631 0.0476
vt 0.7231 0.9319
vt 0.7231 0.8328
vt 0.6703 0.8328
vt 0.6703 0.9319
vt 0.7231 0.7335
vt 0.6703 0.7335
vt 0.7231 0.6341
vt 0.6703 0.6341
vt 0.7231 0.5348
vt 0.6703 0.5348
vt 0.7231 0.4357
vt 0.6703 0.4357
vt 0.7231 0.3364
vt 0.6703 0.3364
vt 0.7231 0.2371
vt 0.6703 0.2371
vt 0.7231 0.1379
vt 0.6703 0.1379
vt 0.7231 0.0386
vt 0.6703 0.0386
vt 0.7796 0.8343
vt 0.7796 0.7639
vt 0.7339 0.7639
vt 0.7339 0.8343
vt 0.7796 0.6936
vt 0.7339 0.6936
vt 0.7796 0.6233
vt 0.7339 0.6233
vt 0.7796 0.5529
vt 0.7339 0.5529
vt 0.7796 0.4826
vt 0.7339 0.4826
vt 0.7796 0.4122
vt 0.7339 0.4122
vt 0.7796 0.3419
vt 0.7339 0.3419
vt 0.7796 0.2716
vt 0.7339 0.2716
vt 0.7796 0.2012
vt 0.7339 0.2012
vt 0.7796 0.1309
vt 0.7339 0.1309
vt 0.7796 0.0605
vt 0.7339 0.0605
vt 0.7231 0.9319
vt 0.7231 0.8328
vt 0.6703 0.8328
vt 0.6703 0.9319
vt 0.7231 0.7335
vt 0.6703 0.7335
vt 0.7231 0.6341
vt 0.6703 0.6341
vt 0.7231 0.5348
vt 0.6703 0.5348
vt 0.7231 0.4357
vt 0.6703 0.4357
vt 0.7231 0.3364
vt 0.6703 0.3364
vt 0.7231 0.2371
vt 0.6703 0.2371
vt 0.7231 0.1379
vt 0.6703 0.1379
vt 0.7231 0.0386
vt 0.6703 0.0386
vt 0.8440 0.9482
vt 0.8440 0.8213
vt 0.7915 0.8213
vt 0.7915 0.9482
vt 0.8440 0.6942
vt 0.7915 0.6942
vt 0.8440 0.5673
vt 0.7915 0.5673
vt 0.8440 0.4403
vt 0.7915 0.4403
vt 0.8440 0.3134
vt 0.7915 0.3134
vt 0.8440 0.1863
vt 0.7915 0.1863
vt 0.8440 0.0594
vt 0.7915 0.0594
vt 0.8440 0.9482
vt 0.8440 0.8213
vt 0.7915 0.8213
vt 0.7915 0.9482
vt 0.8440 0.6942
vt 0.7915 0.6942
vt 0.8440 0.5673
vt 0.7915 0.5673
vt 0.8440 0.4403
vt 0.7915 0.4403
vt 0.8440 0.3134
vt 0.7915 0.3134
vt 0.8440 0.1863
vt 0.7915 0.1863
vt 0.8440 0.0594
vt 0.7915 0.0594
vt 0.7231 0.9319
vt 0.7231 0.7533
vt 0.6703 0.7533
vt 0.6703 0.9319
vt 0.7231 0.5746
vt 0.6703 0.5746
vt 0.7231 0.3959
vt 0.6703 0.3959
vt 0.7231 0.2173
vt 0.6703 0.2173
vt 0.7231 0.0386
vt 0.6703 0.0386
vt 0.7231 0.9319
vt 0.7231 0.7830
vt 0.6703 0.7830
vt 0.6703 0.9319
vt 0.7231 0.6341
vt 0.6703 0.6341
vt 0.7231 0.4853
vt 0.6703 0.4853
vt 0.7231 0.3364
vt 0.6703 0.3364
vt 0.7231 0.1875
vt 0.6703 0.1875
vt 0.7231 0.0386
vt 0.6703 0.0386
vt 0.7231 0.9319
vt 0.7231 0.7533
vt 0.6703 0.7533
vt 0.6703 0.9319
vt 0.7231 0.5746
vt 0.6703 0.5746
vt 0.7231 0.3959
vt 0.6703 0.3959
vt 0.7231 0.2173
vt 0.6703 0.2173
vt 0.7231 0.0386
vt 0.6703 0.0386
vt 0.7231 0.9319
vt 0.7231 0.6341
vt 0.6703 0.6341
vt 0.6703 0.9319
vt 0.7231 0.3364
vt 0.6703 0.3364
vt 0.7231 0.0386
vt 0.6703 0.0386
vt 0.8440 0.9482
vt 0.8440 0.8213
vt 0.7915 0.8213
vt 0.7915 0.9482
vt 0.8440 0.6942
vt 0.7915 0.6942
vt 0.8440 0.5673
vt 0.7915 0.5673
vt 0.8440 0.4403
vt 0.7915 0.4403
vt 0.8440 0.3134
vt 0.7915 0.3134
vt 0.8440 0.1863
vt 0.7915 0.1863
vt 0.8440 0.0594
vt 0.7915 0.0594
vt 0.7231 0.9319
vt 0.7231 0.6341
vt 0.6703 0.6341
vt 0.6703 0.9319
vt 0.7231 0.3364
vt 0.6703 0.3364
vt 0.7231 0.0386
vt 0.6703 0.0386
vt 0.9832 0.9106
vt 0.9832 0.6934
vt 0.9319 0.6934
vt 0.9319 0.9106
vt 0.9832 0.4762
vt 0.9319 0.4762
vt 0.9832 0.2589
vt 0.9319 0.2589
vt 0.9832 0.0418
vt 0.9319 0.0418
vt 0.7231 0.9319
vt 0.7231 0.6341
vt 0.6703 0.6341
vt 0.6703 0.9319
vt 0.7231 0.3364
vt 0.6703 0.3364
vt 0.7231 0.0386
vt 0.6703 0.0386
vt 0.9832 0.9106
vt 0.9832 0.6934
vt 0.9319 0.6934
vt 0.9319 0.9106
vt 0.9832 0.4762
vt 0.9319 0.4762
vt 0.9832 0.2589
vt 0.9319 0.2589
vt 0.9832 0.0418
vt 0.9319 0.0418
vt 0.9832 0.9106
vt 0.9832 0.6934
vt 0.9319 0.6934
vt 0.9319 0.9106
vt 0.9832 0.4762
vt 0.9319 0.4762
vt 0.9832 0.2589
vt 0.9319 0.2589
vt 0.9832 0.0418
vt 0.9319 0.0418
vt 0.7231 0.9319
vt 0.7231 0.6341
vt 0.6703 0.6341
vt 0.6703 0.9319
vt 0.7231 0.3364
vt 0.6703 0.3364
vt 0.7231 0.0386
vt 0.6703 0.0386
vt 0.7231 0.9319
vt 0.7231 0.0386
vt 0.6703 0.0386
vt 0.6703 0.9319
vt 0.8440 0.9482
vt 0.8440 0.8213
vt 0.7915 0.8213
vt 0.7915 0.9482
vt 0.8440 0.6942
vt 0.7915 0.6942
vt 0.8440 0.5673
vt 0.7915 0.5673
vt 0.8440 0.4403
vt 0.7915 0.4403
vt 0.8440 0.3134
vt 0.7915 0.3134
vt 0.8440 0.1863
vt 0.7915 0.1863
vt 0.8440 0.0594
vt 0.7915 0.0594
vt 0.8440 0.9482
vt 0.8440 0.8213
vt 0.7915 0.8213
vt 0.7915 0.9482
vt 0.8440 0.6942
vt 0.7915 0.6942
vt 0.8440 0.5673
vt 0.7915 0.5673
vt 0.8440 0.4403
vt 0.7915 0.4403
vt 0.8440 0.3134
vt 0.7915 0.3134
vt 0.8440 0.1863
vt 0.7915 0.1863
vt 0.8440 0.0594
vt 0.7915 0.0594
vt 0.8440 0.9482
vt 0.8440 0.8213
vt 0.7915 0.8213
vt 0.7915 0.9482
vt 0.8440 0.6942
vt 0.7915 0.6942
vt 0.8440 0.5673
vt 0.7915 0.5673
vt 0.8440 0.4403
vt 0.7915 0.4403
vt 0.8440 0.3134
vt 0.7915 0.3134
vt 0.8440 0.1863
vt 0.7915 0.1863
vt 0.8440 0.0594
vt 0.7915 0.0594
vt 0.9832 0.9106
vt 0.9832 0.6934
vt 0.9319 0.6934
vt 0.9319 0.9106
vt 0.9832 0.4762
vt 0.9319 0.4762
vt 0.9832 0.2589
vt 0.9319 0.2589
vt 0.9832 0.0418
vt 0.9319 0.0418
vt 0.7231 0.9319
vt 0.7231 0.7830
vt 0.6703 0.7830
vt 0.6703 0.9319
vt 0.7231 0.6341
vt 0.6703 0.6341
vt 0.7231 0.4853
vt 0.6703 0.4853
vt 0.7231 0.3364
vt 0.6703 0.3364
vt 0.7231 0.1875
vt 0.6703 0.1875
vt 0.7231 0.0386
vt 0.6703 0.0386
vt 0.7231 0.9319
vt 0.7231 0.7533
vt 0.6703 0.7533
vt 0.6703 0.9319
vt 0.7231 0.5746
vt 0.6703 0.5746
vt 0.7231 0.3959
vt 0.6703 0.3959
vt 0.7231 0.2173
vt 0.6703 0.2173
vt 0.7231 0.0386
vt 0.6703 0.0386
vt 0.7231 0.9319
vt 0.7231 0.7533
vt 0.6703 0.7533
vt 0.6703 0.9319
vt 0.7231 0.5746
vt 0.6703 0.5746
vt 0.7231 0.3959
vt 0.6703 0.3959
vt 0.7231 0.2173
vt 0.6703 0.2173
vt 0.7231 0.0386
vt 0.6703 0.0386
vt 0.7231 0.9319
vt 0.7231 0.7533
vt 0.6703 0.7533
vt 0.6703 0.9319
vt 0.7231 0.5746
vt 0.6703 0.5746
vt 0.7231 0.3959
vt 0.6703 0.3959
vt 0.7231 0.2173
vt 0.6703 0.2173
vt 0.7231 0.0386
vt 0.6703 0.0386
vt 0.7231 0.9319
vt 0.7231 0.7533
vt 0.6703 0.7533
vt 0.6703 0.9319
vt 0.7231 0.5746
vt 0.6703 0.5746
vt 0.7231 0.3959
vt 0.6703 0.3959
vt 0.7231 0.2173
vt 0.6703 0.2173
vt 0.7231 0.0386
vt 0.6703 0.0386
vt 0.9832 0.9106
vt 0.9832 0.6934
vt 0.9319 0.6934
vt 0.9319 0.9106
vt 0.9832 0.4762
vt 0.9319 0.4762
vt 0.9832 0.2589
vt 0.9319 0.2589
vt 0.9832 0.0418
vt 0.9319 0.0418
vt 0.9832 0.9106
vt 0.9832 0.8020
vt 0.9319 0.8020
vt 0.9319 0.9106
vt 0.9832 0.6934
vt 0.9319 0.6934
vt 0.9832 0.5847
vt 0.9319 0.5847
vt 0.9832 0.4762
vt 0.9319 0.4762
vt 0.9832 0.3676
vt 0.9319 0.3676
vt 0.9832 0.2589
vt 0.9319 0.2589
vt 0.9832 0.1504
vt 0.9319 0.1504
vt 0.9832 0.0418
vt 0.9319 0.0418
vt 0.9832 0.9106
vt 0.9832 0.8020
vt 0.9319 0.8020
vt 0.9319 0.9106
vt 0.9832 0.6934
vt 0.9319 0.6934
vt 0.9832 0.5847
vt 0.9319 0.5847
vt 0.9832 0.4762
vt 0.9319 0.4762
vt 0.9832 0.3676
vt 0.9319 0.3676
vt 0.9832 0.2589
vt 0.9319 0.2589
vt 0.9832 0.1504
vt 0.9319 0.1504
vt 0.9832 0.0418
vt 0.9319 0.0418
vt 0.8440 0.9482
vt 0.8440 0.8213
vt 0.7915 0.8213
vt 0.7915 0.9482
vt 0.8440 0.6942
vt 0.7915 0.6942
vt 0.8440 0.5673
vt 0.7915 0.5673
vt 0.8440 0.4403
vt 0.7915 0.4403
vt 0.8440 0.3134
vt 0.7915 0.3134
vt 0.8440 0.1863
vt 0.7915 0.1863
vt 0.8440 0.0594
vt 0.7915 0.0594
vt 0.7231 0.9319
vt 0.7231 0.7830
vt 0.6703 0.7830
vt 0.6703 0.9319
vt 0.7231 0.6341
vt 0.6703 0.6341
vt 0.7231 0.4853
vt 0.6703 0.4853
vt 0.7231 0.3364
vt 0.6703 0.3364
vt 0.7231 0.1875
vt 0.6703 0.1875
vt 0.7231 0.0386
vt 0.6703 0.0386
vt 0.9832 0.9106
vt 0.9832 0.6934
vt 0.9319 0.6934
vt 0.9319 0.9106
vt 0.9832 0.4762
vt 0.9319 0.4762
vt 0.9832 0.2589
vt 0.9319 0.2589
vt 0.9832 0.0418
vt 0.9319 0.0418
vt 0.8440 0.9482
vt 0.8440 0.8213
vt 0.7915 0.8213
vt 0.7915 0.9482
vt 0.8440 0.5673
vt 0.8440 0.4403
vt 0.7915 0.4403
vt 0.7915 0.5673
vt 0.8440 0.3134
vt 0.7915 0.3134
vt 0.8440 0.1863
vt 0.7915 0.1863
vt 0.8440 0.0594
vt 0.7915 0.0594
vt 0.8440 0.6942
vt 0.7915 0.6942
vt 0.9832 0.9106
vt 0.9832 0.6934
vt 0.9319 0.6934
vt 0.9319 0.9106
vt 0.9832 0.4762
vt 0.9319 0.4762
vt 0.9832 0.2589
vt 0.9319 0.2589
vt 0.9832 0.0418
vt 0.9319 0.0418
vt 0.9832 0.9106
vt 0.9832 0.6934
vt 0.9319 0.6934
vt 0.9319 0.9106
vt 0.9832 0.4762
vt 0.9319 0.4762
vt 0.9832 0.2589
vt 0.9319 0.2589
vt 0.9832 0.0418
vt 0.9319 0.0418
vt 0.9832 0.9106
vt 0.9832 0.6934
vt 0.9319 0.6934
vt 0.9319 0.9106
vt 0.9832 0.4762
vt 0.9319 0.4762
vt 0.9832 0.2589
vt 0.9319 0.2589
vt 0.9832 0.0418
vt 0.9319 0.0418
vt 0.7231 0.9319
vt 0.7231 0.7830
vt 0.6703 0.7830
vt 0.6703 0.9319
vt 0.7231 0.6341
vt 0.6703 0.6341
vt 0.7231 0.4853
vt 0.6703 0.4853
vt 0.7231 0.3364
vt 0.6703 0.3364
vt 0.7231 0.1875
vt 0.6703 0.1875
vt 0.7231 0.0386
vt 0.6703 0.0386
vt 0.7231 0.9319
vt 0.7231 0.7533
vt 0.6703 0.7533
vt 0.6703 0.9319
vt 0.7231 0.5746
vt 0.6703 0.5746
vt 0.7231 0.3959
vt 0.6703 0.3959
vt 0.7231 0.2173
vt 0.6703 0.2173
vt 0.7231 0.0386
vt 0.6703 0.0386
vt 0.7231 0.9319
vt 0.7231 0.7533
vt 0.6703 0.7533
vt 0.6703 0.9319
vt 0.7231 0.5746
vt 0.6703 0.5746
vt 0.7231 0.3959
vt 0.6703 0.3959
vt 0.7231 0.2173
vt 0.6703 0.2173
vt 0.7231 0.0386
vt 0.6703 0.0386
vt 0.7231 0.9319
vt 0.7231 0.6341
vt 0.6703 0.6341
vt 0.6703 0.9319
vt 0.7231 0.3364
vt 0.6703 0.3364
vt 0.7231 0.0386
vt 0.6703 0.0386
vt 0.8440 0.9482
vt 0.8440 0.8213
vt 0.7915 0.8213
vt 0.7915 0.9482
vt 0.8440 0.6942
vt 0.7915 0.6942
vt 0.8440 0.5673
vt 0.7915 0.5673
vt 0.8440 0.4403
vt 0.7915 0.4403
vt 0.8440 0.3134
vt 0.7915 0.3134
vt 0.8440 0.1863
vt 0.7915 0.1863
vt 0.8440 0.0594
vt 0.7915 0.0594
vt 0.7231 0.9319
vt 0.7231 0.7830
vt 0.6703 0.7830
vt 0.6703 0.9319
vt 0.7231 0.6341
vt 0.6703 0.6341
vt 0.7231 0.4853
vt 0.6703 0.4853
vt 0.7231 0.3364
vt 0.6703 0.3364
vt 0.7231 0.1875
vt 0.6703 0.1875
vt 0.7231 0.0386
vt 0.6703 0.0386
vt 0.7231 0.9319
vt 0.7231 0.6341
vt 0.6703 0.6341
vt 0.6703 0.9319
vt 0.7231 0.3364
vt 0.6703 0.3364
vt 0.7231 0.0386
vt 0.6703 0.0386
vt 0.7231 0.9319
vt 0.7231 0.6341
vt 0.6703 0.6341
vt 0.6703 0.9319
vt 0.7231 0.3364
vt 0.6703 0.3364
vt 0.7231 0.0386
vt 0.6703 0.0386
vt 0.7231 0.9319
vt 0.7231 0.6341
vt 0.6703 0.6341
vt 0.6703 0.9319
vt 0.7231 0.3364
vt 0.6703 0.3364
vt 0.7231 0.0386
vt 0.6703 0.0386
vt 0.7231 0.9319
vt 0.7231 0.7830
vt 0.6703 0.7830
vt 0.6703 0.9319
vt 0.7231 0.6341
vt 0.6703 0.6341
vt 0.7231 0.4853
vt 0.6703 0.4853
vt 0.7231 0.3364
vt 0.6703 0.3364
vt 0.7231 0.1875
vt 0.6703 0.1875
vt 0.7231 0.0386
vt 0.6703 0.0386
vt 0.8440 0.9482
vt 0.8440 0.8213
vt 0.7915 0.8213
vt 0.7915 0.9482
vt 0.8440 0.6942
vt 0.7915 0.6942
vt 0.8440 0.5673
vt 0.7915 0.5673
vt 0.8440 0.4403
vt 0.7915 0.4403
vt 0.8440 0.3134
vt 0.7915 0.3134
vt 0.8440 0.1863
vt 0.7915 0.1863
vt 0.8440 0.0594
vt 0.7915 0.0594
vt 0.7231 0.9319
vt 0.7231 0.7830
vt 0.6703 0.7830
vt 0.6703 0.9319
vt 0.7231 0.6341
vt 0.6703 0.6341
vt 0.7231 0.4853
vt 0.6703 0.4853
vt 0.7231 0.3364
vt 0.6703 0.3364
vt 0.7231 0.1875
vt 0.6703 0.1875
vt 0.7231 0.0386
vt 0.6703 0.0386
vt 0.7231 0.9319
vt 0.7231 0.7533
vt 0.6703 0.7533
vt 0.6703 0.9319
vt 0.7231 0.5746
vt 0.6703 0.5746
vt 0.7231 0.3959
vt 0.6703 0.3959
vt 0.7231 0.2173
vt 0.6703 0.2173
vt 0.7231 0.0386
vt 0.6703 0.0386
vt 0.9169 0.9174
vt 0.9169 0.6267
vt 0.8628 0.6267
vt 0.8628 0.9174
vt 0.9169 0.3361
vt 0.8628 0.3361
vt 0.9169 0.0453
vt 0.8628 0.0453
vt 0.8440 0.9482
vt 0.8440 0.8213
vt 0.7915 0.8213
vt 0.7915 0.9482
vt 0.8440 0.6942
vt 0.7915 0.6942
vt 0.8440 0.5673
vt 0.7915 0.5673
vt 0.8440 0.4403
vt 0.7915 0.4403
vt 0.8440 0.3134
vt 0.7915 0.3134
vt 0.8440 0.1863
vt 0.7915 0.1863
vt 0.8440 0.0594
vt 0.7915 0.0594
vt 0.9169 0.9174
vt 0.9169 0.6267
vt 0.8628 0.6267
vt 0.8628 0.9174
vt 0.9169 0.3361
vt 0.8628 0.3361
vt 0.9169 0.0453
vt 0.8628 0.0453
vt 0.9169 0.9174
vt 0.9169 0.6267
vt 0.8628 0.6267
vt 0.8628 0.9174
vt 0.9169 0.3361
vt 0.8628 0.3361
vt 0.9169 0.0453
vt 0.8628 0.0453
vt 0.7231 0.9319
vt 0.7231 0.6341
vt 0.6703 0.6341
vt 0.6703 0.9319
vt 0.7231 0.3364
vt 0.6703 0.3364
vt 0.7231 0.0386
vt 0.6703 0.0386
vt 0.7231 0.9319
vt 0.7231 0.6341
vt 0.6703 0.6341
vt 0.6703 0.9319
vt 0.7231 0.3364
vt 0.6703 0.3364
vt 0.7231 0.0386
vt 0.6703 0.0386
vt 0.7231 0.9319
vt 0.7231 0.6341
vt 0.6703 0.6341
vt 0.6703 0.9319
vt 0.7231 0.3364
vt 0.6703 0.3364
vt 0.7231 0.0386
vt 0.6703 0.0386
vt 0.7231 0.9319
vt 0.7231 0.7533
vt 0.6703 0.7533
vt 0.6703 0.9319
vt 0.7231 0.5746
vt 0.6703 0.5746
vt 0.7231 0.3959
vt 0.6703 0.3959
vt 0.7231 0.2173
vt 0.6703 0.2173
vt 0.7231 0.0386
vt 0.6703 0.0386
vt 0.7231 0.9319
vt 0.7231 0.6341
vt 0.6703 0.6341
vt 0.6703 0.9319
vt 0.7231 0.3364
vt 0.6703 0.3364
vt 0.7231 0.0386
vt 0.6703 0.0386
vt 0.7231 0.9319
vt 0.7231 0.7533
vt 0.6703 0.7533
vt 0.6703 0.9319
vt 0.7231 0.5746
vt 0.6703 0.5746
vt 0.7231 0.3959
vt 0.6703 0.3959
vt 0.7231 0.2173
vt 0.6703 0.2173
vt 0.7231 0.0386
vt 0.6703 0.0386
vt 0.7231 0.9319
vt 0.7231 0.7533
vt 0.6703 0.7533
vt 0.6703 0.9319
vt 0.7231 0.5746
vt 0.6703 0.5746
vt 0.7231 0.3959
vt 0.6703 0.3959
vt 0.7231 0.2173
vt 0.6703 0.2173
vt 0.7231 0.0386
vt 0.6703 0.0386
vt 0.7231 0.9319
vt 0.7231 0.6341
vt 0.6703 0.6341
vt 0.6703 0.9319
vt 0.7231 0.3364
vt 0.6703 0.3364
vt 0.7231 0.0386
vt 0.6703 0.0386
vt 0.9832 0.9106
vt 0.9832 0.6934
vt 0.9319 0.6934
vt 0.9319 0.9106
vt 0.9832 0.4762
vt 0.9319 0.4762
vt 0.9832 0.2589
vt 0.9319 0.2589
vt 0.9832 0.0418
vt 0.9319 0.0418
vt 0.7231 0.9319
vt 0.7231 0.7830
vt 0.6703 0.7830
vt 0.6703 0.9319
vt 0.7231 0.6341
vt 0.7231 0.4853
vt 0.6703 0.4853
vt 0.6703 0.6341
vt 0.7231 0.3364
vt 0.6703 0.3364
vt 0.7231 0.1875
vt 0.6703 0.1875
vt 0.7231 0.0386
vt 0.6703 0.0386
vt 0.7231 0.9319
vt 0.7231 0.7830
vt 0.6703 0.7830
vt 0.6703 0.9319
vt 0.7231 0.6341
vt 0.6703 0.6341
vt 0.7231 0.4853
vt 0.6703 0.4853
vt 0.7231 0.3364
vt 0.6703 0.3364
vt 0.7231 0.1875
vt 0.6703 0.1875
vt 0.7231 0.0386
vt 0.6703 0.0386
vt 0.7231 0.9319
vt 0.7231 0.7830
vt 0.6703 0.7830
vt 0.6703 0.9319
vt 0.7231 0.6341
vt 0.6703 0.6341
vt 0.7231 0.4853
vt 0.6703 0.4853
vt 0.7231 0.3364
vt 0.6703 0.3364
vt 0.7231 0.1875
vt 0.6703 0.1875
vt 0.7231 0.0386
vt 0.6703 0.0386
vt 0.7231 0.9319
vt 0.7231 0.7830
vt 0.6703 0.7830
vt 0.6703 0.9319
vt 0.7231 0.6341
vt 0.6703 0.6341
vt 0.7231 0.4853
vt 0.6703 0.4853
vt 0.7231 0.3364
vt 0.6703 0.3364
vt 0.7231 0.1875
vt 0.6703 0.1875
vt 0.7231 0.0386
vt 0.6703 0.0386
vt 0.8440 0.9482
vt 0.8440 0.8213
vt 0.7915 0.8213
vt 0.7915 0.9482
vt 0.8440 0.6942
vt 0.7915 0.6942
vt 0.8440 0.5673
vt 0.7915 0.5673
vt 0.8440 0.4403
vt 0.7915 0.4403
vt 0.8440 0.3134
vt 0.7915 0.3134
vt 0.8440 0.1863
vt 0.7915 0.1863
vt 0.8440 0.0594
vt 0.7915 0.0594
vt 0.7231 0.9319
vt 0.7231 0.7830
vt 0.6703 0.7830
vt 0.6703 0.9319
vt 0.7231 0.6341
vt 0.6703 0.6341
vt 0.7231 0.4853
vt 0.6703 0.4853
vt 0.7231 0.3364
vt 0.6703 0.3364
vt 0.7231 0.1875
vt 0.6703 0.1875
vt 0.7231 0.0386
vt 0.6703 0.0386
vt 0.8440 0.9482
vt 0.8440 0.8213
vt 0.7915 0.8213
vt 0.7915 0.9482
vt 0.8440 0.6942
vt 0.7915 0.6942
vt 0.8440 0.5673
vt 0.7915 0.5673
vt 0.8440 0.4403
vt 0.7915 0.4403
vt 0.8440 0.3134
vt 0.7915 0.3134
vt 0.8440 0.1863
vt 0.7915 0.1863
vt 0.8440 0.0594
vt 0.7915 0.0594
vt 0.7231 0.9319
vt 0.7231 0.7830
vt 0.6703 0.7830
vt 0.6703 0.9319
vt 0.7231 0.6341
vt 0.6703 0.6341
vt 0.7231 0.4853
vt 0.6703 0.4853
vt 0.7231 0.3364
vt 0.6703 0.3364
vt 0.7231 0.1875
vt 0.6703 0.1875
vt 0.7231 0.0386
vt 0.6703 0.0386
vt 0.7231 0.9319
vt 0.7231 0.6341
vt 0.6703 0.6341
vt 0.6703 0.9319
vt 0.7231 0.3364
vt 0.6703 0.3364
vt 0.7231 0.0386
vt 0.6703 0.0386
vt 0.7231 0.9319
vt 0.7231 0.7533
vt 0.6703 0.7533
vt 0.6703 0.9319
vt 0.7231 0.5746
vt 0.6703 0.5746
vt 0.7231 0.3959
vt 0.6703 0.3959
vt 0.7231 0.2173
vt 0.6703 0.2173
vt 0.7231 0.0386
vt 0.6703 0.0386
vt 0.7231 0.9319
vt 0.7231 0.6341
vt 0.6703 0.6341
vt 0.6703 0.9319
vt 0.7231 0.3364
vt 0.6703 0.3364
vt 0.7231 0.0386
vt 0.6703 0.0386
vt 0.7231 0.9319
vt 0.7231 0.7533
vt 0.6703 0.7533
vt 0.6703 0.9319
vt 0.7231 0.5746
vt 0.6703 0.5746
vt 0.7231 0.3959
vt 0.6703 0.3959
vt 0.7231 0.2173
vt 0.6703 0.2173
vt 0.7231 0.0386
vt 0.6703 0.0386
vt 0.9832 0.9106
vt 0.9832 0.6934
vt 0.9319 0.6934
vt 0.9319 0.9106
vt 0.9832 0.4762
vt 0.9319 0.4762
vt 0.9832 0.2589
vt 0.9319 0.2589
vt 0.9832 0.0418
vt 0.9319 0.0418
vt 0.7231 0.9319
vt 0.7231 0.7830
vt 0.6703 0.7830
vt 0.6703 0.9319
vt 0.7231 0.6341
vt 0.6703 0.6341
vt 0.7231 0.4853
vt 0.6703 0.4853
vt 0.7231 0.3364
vt 0.6703 0.3364
vt 0.7231 0.1875
vt 0.6703 0.1875
vt 0.7231 0.0386
vt 0.6703 0.0386
vt 0.7231 0.9319
vt 0.7231 0.7830
vt 0.6703 0.7830
vt 0.6703 0.9319
vt 0.7231 0.6341
vt 0.6703 0.6341
vt 0.7231 0.4853
vt 0.6703 0.4853
vt 0.7231 0.3364
vt 0.6703 0.3364
vt 0.7231 0.1875
vt 0.6703 0.1875
vt 0.7231 0.0386
vt 0.6703 0.0386
vt 0.9832 0.9106
vt 0.9832 0.8020
vt 0.9319 0.8020
vt 0.9319 0.9106
vt 0.9832 0.6934
vt 0.9319 0.6934
vt 0.9832 0.5847
vt 0.9319 0.5847
vt 0.9832 0.4762
vt 0.9319 0.4762
vt 0.9832 0.3676
vt 0.9319 0.3676
vt 0.9832 0.2589
vt 0.9319 0.2589
vt 0.9832 0.1504
vt 0.9319 0.1504
vt 0.9832 0.0418
vt 0.9319 0.0418
vt 0.7231 0.9319
vt 0.7231 0.8328
vt 0.6703 0.8328
vt 0.6703 0.9319
vt 0.7231 0.7335
vt 0.6703 0.7335
vt 0.7231 0.6341
vt 0.6703 0.6341
vt 0.7231 0.5348
vt 0.6703 0.5348
vt 0.7231 0.4357
vt 0.6703 0.4357
vt 0.7231 0.3364
vt 0.6703 0.3364
vt 0.7231 0.2371
vt 0.6703 0.2371
vt 0.7231 0.1379
vt 0.6703 0.1379
vt 0.7231 0.0386
vt 0.6703 0.0386
vt 0.9832 0.9106
vt 0.9832 0.8020
vt 0.9319 0.8020
vt 0.9319 0.9106
vt 0.9832 0.6934
vt 0.9319 0.6934
vt 0.9832 0.5847
vt 0.9319 0.5847
vt 0.9832 0.4762
vt 0.9319 0.4762
vt 0.9832 0.3676
vt 0.9319 0.3676
vt 0.9832 0.2589
vt 0.9319 0.2589
vt 0.9832 0.1504
vt 0.9319 0.1504
vt 0.9832 0.0418
vt 0.9319 0.0418
vt 0.8440 0.9482
vt 0.8440 0.8213
vt 0.7915 0.8213
vt 0.7915 0.9482
vt 0.8440 0.5673
vt 0.8440 0.4403
vt 0.7915 0.4403
vt 0.7915 0.5673
vt 0.8440 0.3134
vt 0.7915 0.3134
vt 0.8440 0.1863
vt 0.7915 0.1863
vt 0.8440 0.0594
vt 0.7915 0.0594
vt 0.8440 0.6942
vt 0.7915 0.6942
vt 0.8440 0.9482
vt 0.8440 0.8213
vt 0.7915 0.8213
vt 0.7915 0.9482
vt 0.8440 0.6942
vt 0.7915 0.6942
vt 0.7231 0.9319
vt 0.7231 0.7830
vt 0.6703 0.7830
vt 0.6703 0.9319
vt 0.7231 0.6341
vt 0.6703 0.6341
vt 0.7231 0.4853
vt 0.6703 0.4853
vt 0.7231 0.3364
vt 0.6703 0.3364
vt 0.7231 0.1875
vt 0.6703 0.1875
vt 0.7231 0.0386
vt 0.6703 0.0386
vt 0.7231 0.9319
vt 0.7231 0.7830
vt 0.6703 0.7830
vt 0.6703 0.9319
vt 0.7231 0.6341
vt 0.6703 0.6341
vt 0.7231 0.4853
vt 0.6703 0.4853
vt 0.7231 0.3364
vt 0.6703 0.3364
vt 0.7231 0.1875
vt 0.6703 0.1875
vt 0.7231 0.0386
vt 0.6703 0.0386
vt 0.8440 0.9482
vt 0.8440 0.8213
vt 0.7915 0.8213
vt 0.7915 0.9482
vt 0.8440 0.6942
vt 0.7915 0.6942
vt 0.8440 0.5673
vt 0.7915 0.5673
vt 0.8440 0.4403
vt 0.7915 0.4403
vt 0.8440 0.3134
vt 0.7915 0.3134
vt 0.8440 0.1863
vt 0.7915 0.1863
vt 0.8440 0.0594
vt 0.7915 0.0594
vt 0.9832 0.9106
vt 0.9832 0.8020
vt 0.9319 0.8020
vt 0.9319 0.9106
vt 0.9832 0.6934
vt 0.9319 0.6934
vt 0.9832 0.5847
vt 0.9319 0.5847
vt 0.9832 0.4762
vt 0.9319 0.4762
vt 0.9832 0.3676
vt 0.9319 0.3676
vt 0.9832 0.2589
vt 0.9319 0.2589
vt 0.7231 0.9319
vt 0.7231 0.7830
vt 0.6703 0.7830
vt 0.6703 0.9319
vt 0.7231 0.6341
vt 0.6703 0.6341
vt 0.7231 0.4853
vt 0.6703 0.4853
vt 0.7231 0.3364
vt 0.6703 0.3364
vt 0.7231 0.1875
vt 0.6703 0.1875
vt 0.7231 0.0386
vt 0.6703 0.0386
vt 0.7231 0.9319
vt 0.7231 0.7830
vt 0.6703 0.7830
vt 0.6703 0.9319
vt 0.7231 0.6341
vt 0.6703 0.6341
vt 0.7231 0.4853
vt 0.6703 0.4853
vt 0.7231 0.3364
vt 0.6703 0.3364
vt 0.7231 0.1875
vt 0.6703 0.1875
vt 0.7231 0.0386
vt 0.6703 0.0386
vt 0.7231 0.9319
vt 0.7231 0.7830
vt 0.6703 0.7830
vt 0.6703 0.9319
vt 0.7231 0.6341
vt 0.6703 0.6341
vt 0.7231 0.4853
vt 0.6703 0.4853
vt 0.7231 0.3364
vt 0.6703 0.3364
vt 0.7231 0.1875
vt 0.6703 0.1875
vt 0.7231 0.0386
vt 0.6703 0.0386
vt 0.8440 0.9482
vt 0.8440 0.8213
vt 0.7915 0.8213
vt 0.7915 0.9482
vt 0.8440 0.6942
vt 0.7915 0.6942
vt 0.8440 0.5673
vt 0.7915 0.5673
vt 0.8440 0.4403
vt 0.7915 0.4403
vt 0.8440 0.3134
vt 0.7915 0.3134
vt 0.8440 0.1863
vt 0.8440 0.0594
vt 0.7915 0.0594
vt 0.7915 0.1863
vt 0.9832 0.9106
vt 0.9832 0.8020
vt 0.9319 0.8020
vt 0.9319 0.9106
vt 0.9832 0.6934
vt 0.9319 0.6934
vt 0.9832 0.5847
vt 0.9319 0.5847
vt 0.9832 0.4762
vt 0.9319 0.4762
vt 0.9832 0.3676
vt 0.9319 0.3676
vt 0.9832 0.2589
vt 0.9319 0.2589
vt 0.9832 0.1504
vt 0.9319 0.1504
vt 0.9832 0.0418
vt 0.9319 0.0418
vt 0.8440 0.9482
vt 0.8440 0.8213
vt 0.7915 0.8213
vt 0.7915 0.9482
vt 0.8440 0.6942
vt 0.7915 0.6942
vt 0.8440 0.5673
vt 0.7915 0.5673
vt 0.8440 0.4403
vt 0.7915 0.4403
vt 0.8440 0.3134
vt 0.7915 0.3134
vt 0.8440 0.1863
vt 0.7915 0.1863
vt 0.8440 0.0594
vt 0.7915 0.0594
vt 0.7231 0.9319
vt 0.7231 0.7533
vt 0.6703 0.7533
vt 0.6703 0.9319
vt 0.7231 0.5746
vt 0.6703 0.5746
vt 0.7231 0.3959
vt 0.6703 0.3959
vt 0.7231 0.2173
vt 0.6703 0.2173
vt 0.7231 0.0386
vt 0.6703 0.0386
vt 0.8440 0.9482
vt 0.8440 0.8213
vt 0.7915 0.8213
vt 0.7915 0.9482
vt 0.8440 0.6942
vt 0.7915 0.6942
vt 0.8440 0.5673
vt 0.7915 0.5673
vt 0.8440 0.4403
vt 0.7915 0.4403
vt 0.8440 0.3134
vt 0.7915 0.3134
vt 0.8440 0.1863
vt 0.7915 0.1863
vt 0.8440 0.0594
vt 0.7915 0.0594
vt 0.8440 0.9482
vt 0.8440 0.8213
vt 0.7915 0.8213
vt 0.7915 0.9482
vt 0.8440 0.6942
vt 0.7915 0.6942
vt 0.8440 0.5673
vt 0.7915 0.5673
vt 0.8440 0.4403
vt 0.7915 0.4403
vt 0.8440 0.3134
vt 0.7915 0.3134
vt 0.8440 0.1863
vt 0.7915 0.1863
vt 0.8440 0.0594
vt 0.7915 0.0594
vt 0.7231 0.9319
vt 0.7231 0.7533
vt 0.6703 0.7533
vt 0.6703 0.9319
vt 0.7231 0.5746
vt 0.6703 0.5746
vt 0.7231 0.3959
vt 0.6703 0.3959
vt 0.7231 0.2173
vt 0.6703 0.2173
vt 0.7231 0.0386
vt 0.6703 0.0386
vt 0.8440 0.9482
vt 0.8440 0.8213
vt 0.7915 0.8213
vt 0.7915 0.9482
vt 0.8440 0.6942
vt 0.7915 0.6942
vt 0.8440 0.5673
vt 0.7915 0.5673
vt 0.8440 0.4403
vt 0.7915 0.4403
vt 0.8440 0.3134
vt 0.7915 0.3134
vt 0.8440 0.1863
vt 0.7915 0.1863
vt 0.8440 0.0594
vt 0.7915 0.0594
vt 0.8440 0.9482
vt 0.8440 0.8213
vt 0.7915 0.8213
vt 0.7915 0.9482
vt 0.8440 0.6942
vt 0.7915 0.6942
vt 0.8440 0.5673
vt 0.7915 0.5673
vt 0.8440 0.4403
vt 0.7915 0.4403
vt 0.8440 0.3134
vt 0.7915 0.3134
vt 0.8440 0.1863
vt 0.7915 0.1863
vt 0.8440 0.0594
vt 0.7915 0.0594
vt 0.7231 0.9319
vt 0.7231 0.7830
vt 0.6703 0.7830
vt 0.6703 0.9319
vt 0.7231 0.6341
vt 0.6703 0.6341
vt 0.7231 0.4853
vt 0.6703 0.4853
vt 0.7231 0.3364
vt 0.6703 0.3364
vt 0.7231 0.1875
vt 0.6703 0.1875
vt 0.7231 0.0386
vt 0.6703 0.0386
vt 0.7231 0.9319
vt 0.7231 0.8328
vt 0.6703 0.8328
vt 0.6703 0.9319
vt 0.7231 0.7335
vt 0.6703 0.7335
vt 0.7231 0.6341
vt 0.6703 0.6341
vt 0.7231 0.5348
vt 0.6703 0.5348
vt 0.7231 0.4357
vt 0.6703 0.4357
vt 0.7231 0.3364
vt 0.6703 0.3364
vt 0.7231 0.2371
vt 0.7231 0.1379
vt 0.6703 0.1379
vt 0.6703 0.2371
vt 0.7231 0.0386
vt 0.6703 0.0386
vt 0.7231 0.9319
vt 0.7231 0.7533
vt 0.6703 0.7533
vt 0.6703 0.9319
vt 0.7231 0.5746
vt 0.6703 0.5746
vt 0.7231 0.3959
vt 0.6703 0.3959
vt 0.7231 0.2173
vt 0.6703 0.2173
vt 0.7231 0.0386
vt 0.6703 0.0386
vt 0.8440 0.9482
vt 0.8440 0.8213
vt 0.7915 0.8213
vt 0.7915 0.9482
vt 0.8440 0.6942
vt 0.7915 0.6942
vt 0.8440 0.5673
vt 0.7915 0.5673
vt 0.8440 0.4403
vt 0.7915 0.4403
vt 0.8440 0.3134
vt 0.7915 0.3134
vt 0.8440 0.1863
vt 0.7915 0.1863
vt 0.8440 0.0594
vt 0.7915 0.0594
vt 0.7231 0.9319
vt 0.7231 0.7830
vt 0.6703 0.7830
vt 0.6703 0.9319
vt 0.7231 0.6341
vt 0.6703 0.6341
vt 0.7231 0.4853
vt 0.6703 0.4853
vt 0.7231 0.3364
vt 0.6703 0.3364
vt 0.7231 0.1875
vt 0.6703 0.1875
vt 0.7231 0.0386
vt 0.6703 0.0386
vt 0.8440 0.9482
vt 0.8440 0.8213
vt 0.7915 0.8213
vt 0.7915 0.9482
vt 0.8440 0.6942
vt 0.7915 0.6942
vt 0.8440 0.5673
vt 0.7915 0.5673
vt 0.8440 0.4403
vt 0.7915 0.4403
vt 0.8440 0.3134
vt 0.7915 0.3134
vt 0.8440 0.1863
vt 0.7915 0.1863
vt 0.8440 0.0594
vt 0.7915 0.0594
vt 0.7231 0.9319
vt 0.7231 0.7533
vt 0.6703 0.7533
vt 0.6703 0.9319
vt 0.7231 0.5746
vt 0.6703 0.5746
vt 0.7231 0.3959
vt 0.6703 0.3959
vt 0.7231 0.2173
vt 0.6703 0.2173
vt 0.7231 0.0386
vt 0.6703 0.0386
vt 0.7231 0.9319
vt 0.7231 0.7830
vt 0.6703 0.7830
vt 0.6703 0.9319
vt 0.7231 0.6341
vt 0.6703 0.6341
vt 0.7231 0.4853
vt 0.6703 0.4853
vt 0.7231 0.3364
vt 0.6703 0.3364
vt 0.7231 0.1875
vt 0.6703 0.1875
vt 0.7231 0.0386
vt 0.6703 0.0386
vt 0.8440 0.9482
vt 0.8440 0.8213
vt 0.7915 0.8213
vt 0.7915 0.9482
vt 0.8440 0.6942
vt 0.7915 0.6942
vt 0.8440 0.5673
vt 0.7915 0.5673
vt 0.8440 0.4403
vt 0.7915 0.4403
vt 0.8440 0.3134
vt 0.7915 0.3134
vt 0.8440 0.1863
vt 0.7915 0.1863
vt 0.8440 0.0594
vt 0.7915 0.0594
vt 0.7231 0.9319
vt 0.7231 0.7830
vt 0.6703 0.7830
vt 0.6703 0.9319
vt 0.7231 0.6341
vt 0.6703 0.6341
vt 0.7231 0.4853
vt 0.6703 0.4853
vt 0.7231 0.3364
vt 0.6703 0.3364
vt 0.7231 0.1875
vt 0.6703 0.1875
vt 0.7231 0.0386
vt 0.6703 0.0386
vt 0.7231 0.9319
vt 0.7231 0.7830
vt 0.6703 0.7830
vt 0.6703 0.9319
vt 0.7231 0.6341
vt 0.6703 0.6341
vt 0.7231 0.4853
vt 0.6703 0.4853
vt 0.7231 0.3364
vt 0.6703 0.3364
vt 0.7231 0.1875
vt 0.6703 0.1875
vt 0.7231 0.0386
vt 0.6703 0.0386
vt 0.7231 0.9319
vt 0.7231 0.7533
vt 0.6703 0.7533
vt 0.6703 0.9319
vt 0.7231 0.5746
vt 0.6703 0.5746
vt 0.7231 0.3959
vt 0.6703 0.3959
vt 0.7231 0.2173
vt 0.6703 0.2173
vt 0.7231 0.0386
vt 0.6703 0.0386
vt 0.9161 0.9462
vt 0.9161 0.8563
vt 0.8631 0.8563
vt 0.8631 0.9462
vt 0.9161 0.7666
vt 0.8631 0.7666
vt 0.9161 0.6767
vt 0.8631 0.6767
vt 0.9161 0.5868
vt 0.9161 0.4969
vt 0.8631 0.4969
vt 0.8631 0.5868
vt 0.9161 0.4070
vt 0.8631 0.4070
vt 0.9161 0.3171
vt 0.8631 0.3171
vt 0.9161 0.2274
vt 0.8631 0.2274
vt 0.9161 0.1375
vt 0.8631 0.1375
vt 0.9161 0.0476
vt 0.8631 0.0476
vt 0.7796 0.8343
vt 0.7796 0.7639
vt 0.7339 0.7639
vt 0.7339 0.8343
vt 0.7796 0.6936
vt 0.7339 0.6936
vt 0.7796 0.6233
vt 0.7339 0.6233
vt 0.7796 0.5529
vt 0.7339 0.5529
vt 0.7796 0.4826
vt 0.7339 0.4826
vt 0.7796 0.4122
vt 0.7339 0.4122
vt 0.7796 0.3419
vt 0.7339 0.3419
vt 0.7796 0.2716
vt 0.7339 0.2716
vt 0.7796 0.2012
vt 0.7339 0.2012
vt 0.7796 0.1309
vt 0.7339 0.1309
vt 0.7796 0.0605
vt 0.7339 0.0605
vt 0.9161 0.9462
vt 0.9161 0.8563
vt 0.8631 0.8563
vt 0.8631 0.9462
vt 0.9161 0.7666
vt 0.8631 0.7666
vt 0.9161 0.6767
vt 0.8631 0.6767
vt 0.9161 0.5868
vt 0.8631 0.5868
vt 0.9161 0.4969
vt 0.8631 0.4969
vt 0.9161 0.4070
vt 0.8631 0.4070
vt 0.9161 0.3171
vt 0.8631 0.3171
vt 0.9161 0.2274
vt 0.8631 0.2274
vt 0.9161 0.1375
vt 0.8631 0.1375
vt 0.9161 0.0476
vt 0.8631 0.0476
vt 0.7231 0.9319
vt 0.7231 0.7830
vt 0.6703 0.7830
vt 0.6703 0.9319
vt 0.7231 0.6341
vt 0.6703 0.6341
vt 0.7231 0.4853
vt 0.6703 0.4853
vt 0.7231 0.3364
vt 0.6703 0.3364
vt 0.7231 0.1875
vt 0.6703 0.1875
vt 0.7231 0.0386
vt 0.6703 0.0386
vt 0.7231 0.9319
vt 0.7231 0.7533
vt 0.6703 0.7533
vt 0.6703 0.9319
vt 0.7231 0.5746
vt 0.6703 0.5746
vt 0.7231 0.3959
vt 0.6703 0.3959
vt 0.7231 0.2173
vt 0.6703 0.2173
vt 0.7231 0.0386
vt 0.6703 0.0386
vt 0.7231 0.9319
vt 0.7231 0.7830
vt 0.6703 0.7830
vt 0.6703 0.9319
vt 0.7231 0.6341
vt 0.6703 0.6341
vt 0.7231 0.4853
vt 0.6703 0.4853
vt 0.7231 0.3364
vt 0.6703 0.3364
vt 0.7231 0.1875
vt 0.6703 0.1875
vt 0.7231 0.0386
vt 0.6703 0.0386
vt 0.7231 0.9319
vt 0.7231 0.7830
vt 0.6703 0.7830
vt 0.6703 0.9319
vt 0.7231 0.6341
vt 0.6703 0.6341
vt 0.7231 0.4853
vt 0.7231 0.3364
vt 0.6703 0.3364
vt 0.6703 0.4853
vt 0.7231 0.1875
vt 0.6703 0.1875
vt 0.7231 0.0386
vt 0.6703 0.0386
vt 0.7231 0.9319
vt 0.7231 0.7830
vt 0.6703 0.7830
vt 0.6703 0.9319
vt 0.7231 0.6341
vt 0.6703 0.6341
vt 0.7231 0.4853
vt 0.6703 0.4853
vt 0.7231 0.3364
vt 0.6703 0.3364
vt 0.7231 0.1875
vt 0.6703 0.1875
vt 0.7231 0.0386
vt 0.6703 0.0386
vt 0.8440 0.9482
vt 0.8440 0.8213
vt 0.7915 0.8213
vt 0.7915 0.9482
vt 0.8440 0.6942
vt 0.7915 0.6942
vt 0.8440 0.5673
vt 0.7915 0.5673
vt 0.8440 0.4403
vt 0.7915 0.4403
vt 0.8440 0.3134
vt 0.7915 0.3134
vt 0.8440 0.1863
vt 0.7915 0.1863
vt 0.8440 0.9482
vt 0.8440 0.8213
vt 0.7915 0.8213
vt 0.7915 0.9482
vt 0.8440 0.6942
vt 0.7915 0.6942
vt 0.8440 0.5673
vt 0.7915 0.5673
vt 0.8440 0.4403
vt 0.7915 0.4403
vt 0.8440 0.3134
vt 0.8440 0.1863
vt 0.7915 0.1863
vt 0.7915 0.3134
vt 0.8440 0.0594
vt 0.7915 0.0594
vt 0.8440 0.0594
vt 0.7915 0.0594
vt 0.7231 0.9319
vt 0.7231 0.7533
vt 0.6703 0.7533
vt 0.6703 0.9319
vt 0.7231 0.5746
vt 0.6703 0.5746
vt 0.7231 0.3959
vt 0.6703 0.3959
vt 0.7231 0.2173
vt 0.6703 0.2173
vt 0.7231 0.0386
vt 0.6703 0.0386
vt 0.7231 0.9319
vt 0.7231 0.7830
vt 0.6703 0.7830
vt 0.6703 0.9319
vt 0.7231 0.6341
vt 0.6703 0.6341
vt 0.7231 0.4853
vt 0.6703 0.4853
vt 0.7231 0.3364
vt 0.6703 0.3364
vt 0.7231 0.1875
vt 0.6703 0.1875
vt 0.7231 0.0386
vt 0.6703 0.0386
vt 0.8440 0.9482
vt 0.8440 0.8213
vt 0.7915 0.8213
vt 0.7915 0.9482
vt 0.8440 0.6942
vt 0.7915 0.6942
vt 0.8440 0.5673
vt 0.7915 0.5673
vt 0.8440 0.4403
vt 0.7915 0.4403
vt 0.8440 0.3134
vt 0.7915 0.3134
vt 0.8440 0.1863
vt 0.7915 0.1863
vt 0.8440 0.0594
vt 0.7915 0.0594
vt 0.7231 0.9319
vt 0.7231 0.7533
vt 0.6703 0.7533
vt 0.6703 0.9319
vt 0.7231 0.5746
vt 0.6703 0.5746
vt 0.7231 0.3959
vt 0.6703 0.3959
vt 0.7231 0.2173
vt 0.6703 0.2173
vt 0.7231 0.0386
vt 0.6703 0.0386
vt 0.7231 0.9319
vt 0.7231 0.7830
vt 0.6703 0.7830
vt 0.6703 0.9319
vt 0.7231 0.6341
vt 0.6703 0.6341
vt 0.7231 0.4853
vt 0.6703 0.4853
vt 0.7231 0.3364
vt 0.6703 0.3364
vt 0.7231 0.1875
vt 0.6703 0.1875
vt 0.7231 0.0386
vt 0.6703 0.0386
vt 0.8440 0.9482
vt 0.8440 0.8213
vt 0.7915 0.8213
vt 0.7915 0.9482
vt 0.8440 0.6942
vt 0.7915 0.6942
vt 0.8440 0.5673
vt 0.7915 0.5673
vt 0.8440 0.4403
vt 0.7915 0.4403
vt 0.8440 0.3134
vt 0.7915 0.3134
vt 0.8440 0.1863
vt 0.7915 0.1863
vt 0.8440 0.0594
vt 0.7915 0.0594
vt 0.8440 0.9482
vt 0.8440 0.8213
vt 0.7915 0.8213
vt 0.7915 0.9482
vt 0.8440 0.6942
vt 0.7915 0.6942
vt 0.8440 0.5673
vt 0.7915 0.5673
vt 0.8440 0.4403
vt 0.7915 0.4403
vt 0.8440 0.3134
vt 0.7915 0.3134
vt 0.8440 0.1863
vt 0.7915 0.1863
vt 0.8440 0.0594
vt 0.7915 0.0594
vt 0.7231 0.9319
vt 0.7231 0.7533
vt 0.6703 0.7533
vt 0.6703 0.9319
vt 0.7231 0.5746
vt 0.6703 0.5746
vt 0.7231 0.3959
vt 0.6703 0.3959
vt 0.7231 0.2173
vt 0.6703 0.2173
vt 0.7231 0.0386
vt 0.6703 0.0386
vt 0.9832 0.9106
vt 0.9832 0.6934
vt 0.9319 0.6934
vt 0.9319 0.9106
vt 0.9832 0.4762
vt 0.9319 0.4762
vt 0.9832 0.2589
vt 0.9319 0.2589
vt 0.9832 0.0418
vt 0.9319 0.0418
vt 0.7231 0.9319
vt 0.7231 0.7533
vt 0.6703 0.7533
vt 0.6703 0.9319
vt 0.7231 0.5746
vt 0.6703 0.5746
vt 0.7231 0.3959
vt 0.6703 0.3959
vt 0.7231 0.2173
vt 0.6703 0.2173
vt 0.7231 0.0386
vt 0.6703 0.0386
vt 0.7231 0.9319
vt 0.7231 0.7830
vt 0.6703 0.7830
vt 0.6703 0.9319
vt 0.7231 0.6341
vt 0.6703 0.6341
vt 0.7231 0.4853
vt 0.6703 0.4853
vt 0.7231 0.3364
vt 0.6703 0.3364
vt 0.7231 0.1875
vt 0.6703 0.1875
vt 0.7231 0.0386
vt 0.6703 0.0386
vt 0.7231 0.9319
vt 0.7231 0.7533
vt 0.6703 0.7533
vt 0.6703 0.9319
vt 0.7231 0.5746
vt 0.6703 0.5746
vt 0.7231 0.3959
vt 0.6703 0.3959
vt 0.7231 0.2173
vt 0.6703 0.2173
vt 0.7231 0.0386
vt 0.6703 0.0386
vt 0.7231 0.9319
vt 0.7231 0.7533
vt 0.6703 0.7533
vt 0.6703 0.9319
vt 0.7231 0.5746
vt 0.6703 0.5746
vt 0.7231 0.3959
vt 0.6703 0.3959
vt 0.7231 0.2173
vt 0.6703 0.2173
vt 0.7231 0.0386
vt 0.6703 0.0386
vt 0.9832 0.9106
vt 0.9832 0.6934
vt 0.9319 0.6934
vt 0.9319 0.9106
vt 0.9832 0.4762
vt 0.9319 0.4762
vt 0.9832 0.2589
vt 0.9319 0.2589
vt 0.9832 0.0418
vt 0.9319 0.0418
vt 0.9832 0.9106
vt 0.9832 0.6934
vt 0.9319 0.6934
vt 0.9319 0.9106
vt 0.9832 0.4762
vt 0.9319 0.4762
vt 0.9832 0.2589
vt 0.9832 0.0418
vt 0.9319 0.0418
vt 0.9319 0.2589
vt 0.7231 0.9319
vt 0.7231 0.7533
vt 0.6703 0.7533
vt 0.6703 0.9319
vt 0.7231 0.5746
vt 0.6703 0.5746
vt 0.7231 0.3959
vt 0.6703 0.3959
vt 0.7231 0.2173
vt 0.6703 0.2173
vt 0.7231 0.0386
vt 0.6703 0.0386
vt 0.7231 0.9319
vt 0.7231 0.7533
vt 0.6703 0.7533
vt 0.6703 0.9319
vt 0.7231 0.5746
vt 0.6703 0.5746
vt 0.7231 0.3959
vt 0.6703 0.3959
vt 0.7231 0.2173
vt 0.6703 0.2173
vt 0.7231 0.0386
vt 0.6703 0.0386
vt 0.7231 0.9319
vt 0.7231 0.7533
vt 0.6703 0.7533
vt 0.6703 0.9319
vt 0.7231 0.5746
vt 0.6703 0.5746
vt 0.7231 0.3959
vt 0.6703 0.3959
vt 0.7231 0.2173
vt 0.6703 0.2173
vt 0.7231 0.0386
vt 0.6703 0.0386
vt 0.7231 0.9319
vt 0.7231 0.7830
vt 0.6703 0.7830
vt 0.6703 0.9319
vt 0.7231 0.6341
vt 0.6703 0.6341
vt 0.7231 0.4853
vt 0.6703 0.4853
vt 0.7231 0.3364
vt 0.6703 0.3364
vt 0.7231 0.1875
vt 0.6703 0.1875
vt 0.7231 0.0386
vt 0.6703 0.0386
vt 0.7231 0.9319
vt 0.7231 0.7533
vt 0.6703 0.7533
vt 0.6703 0.9319
vt 0.7231 0.5746
vt 0.6703 0.5746
vt 0.7231 0.3959
vt 0.6703 0.3959
vt 0.7231 0.2173
vt 0.6703 0.2173
vt 0.7231 0.0386
vt 0.6703 0.0386
vt 0.7231 0.9319
vt 0.7231 0.7533
vt 0.6703 0.7533
vt 0.6703 0.9319
vt 0.7231 0.5746
vt 0.6703 0.5746
vt 0.7231 0.3959
vt 0.6703 0.3959
vt 0.7231 0.2173
vt 0.6703 0.2173
vt 0.7231 0.0386
vt 0.6703 0.0386
vt 0.7231 0.9319
vt 0.7231 0.7533
vt 0.6703 0.7533
vt 0.6703 0.9319
vt 0.7231 0.5746
vt 0.6703 0.5746
vt 0.7231 0.3959
vt 0.6703 0.3959
vt 0.7231 0.2173
vt 0.6703 0.2173
vt 0.7231 0.0386
vt 0.6703 0.0386
vt 0.7231 0.9319
vt 0.7231 0.7533
vt 0.6703 0.7533
vt 0.6703 0.9319
vt 0.7231 0.5746
vt 0.6703 0.5746
vt 0.7231 0.3959
vt 0.6703 0.3959
vt 0.7231 0.2173
vt 0.6703 0.2173
vt 0.7231 0.0386
vt 0.6703 0.0386
vt 0.7231 0.9319
vt 0.7231 0.7830
vt 0.6703 0.7830
vt 0.6703 0.9319
vt 0.7231 0.6341
vt 0.6703 0.6341
vt 0.7231 0.4853
vt 0.6703 0.4853
vt 0.7231 0.3364
vt 0.6703 0.3364
vt 0.7231 0.1875
vt 0.6703 0.1875
vt 0.7231 0.0386
vt 0.6703 0.0386
vt 0.7231 0.9319
vt 0.7231 0.7533
vt 0.6703 0.7533
vt 0.6703 0.9319
vt 0.7231 0.5746
vt 0.6703 0.5746
vt 0.7231 0.3959
vt 0.6703 0.3959
vt 0.7231 0.2173
vt 0.6703 0.2173
vt 0.7231 0.0386
vt 0.6703 0.0386
vt 0.7231 0.9319
vt 0.7231 0.7533
vt 0.6703 0.7533
vt 0.6703 0.9319
vt 0.7231 0.5746
vt 0.6703 0.5746
vt 0.7231 0.3959
vt 0.6703 0.3959
vt 0.7231 0.2173
vt 0.6703 0.2173
vt 0.7231 0.0386
vt 0.6703 0.0386
vt 0.8440 0.9482
vt 0.8440 0.8213
vt 0.7915 0.8213
vt 0.7915 0.9482
vt 0.8440 0.6942
vt 0.7915 0.6942
vt 0.8440 0.5673
vt 0.7915 0.5673
vt 0.8440 0.4403
vt 0.7915 0.4403
vt 0.8440 0.3134
vt 0.7915 0.3134
vt 0.8440 0.1863
vt 0.7915 0.1863
vt 0.8440 0.0594
vt 0.7915 0.0594
vt 0.8440 0.9482
vt 0.8440 0.8213
vt 0.7915 0.8213
vt 0.7915 0.9482
vt 0.8440 0.6942
vt 0.7915 0.6942
vt 0.8440 0.5673
vt 0.7915 0.5673
vt 0.8440 0.4403
vt 0.7915 0.4403
vt 0.8440 0.3134
vt 0.7915 0.3134
vt 0.8440 0.1863
vt 0.7915 0.1863
vt 0.8440 0.0594
vt 0.7915 0.0594
vt 0.8440 0.9482
vt 0.8440 0.8213
vt 0.7915 0.8213
vt 0.7915 0.9482
vt 0.8440 0.6942
vt 0.7915 0.6942
vt 0.8440 0.5673
vt 0.7915 0.5673
vt 0.8440 0.4403
vt 0.7915 0.4403
vt 0.8440 0.3134
vt 0.7915 0.3134
vt 0.8440 0.1863
vt 0.7915 0.1863
vt 0.8440 0.0594
vt 0.7915 0.0594
vt 0.7231 0.6341
vt 0.7231 0.4853
vt 0.6703 0.4853
vt 0.6703 0.6341
vt 0.7231 0.3364
vt 0.6703 0.3364
vt 0.7231 0.1875
vt 0.6703 0.1875
vt 0.7231 0.0386
vt 0.6703 0.0386
vt 0.8440 0.9482
vt 0.8440 0.8213
vt 0.7915 0.8213
vt 0.7915 0.9482
vt 0.8440 0.6942
vt 0.7915 0.6942
vt 0.8440 0.5673
vt 0.7915 0.5673
vt 0.8440 0.4403
vt 0.7915 0.4403
vt 0.8440 0.3134
vt 0.7915 0.3134
vt 0.8440 0.1863
vt 0.7915 0.1863
vt 0.8440 0.0594
vt 0.7915 0.0594
vt 0.7231 0.9319
vt 0.7231 0.7830
vt 0.6703 0.7830
vt 0.6703 0.9319
vt 0.9832 0.9106
vt 0.9832 0.6934
vt 0.9319 0.6934
vt 0.9319 0.9106
vt 0.9832 0.4762
vt 0.9319 0.4762
vt 0.9832 0.2589
vt 0.9319 0.2589
vt 0.9832 0.0418
vt 0.9319 0.0418
vt 0.9832 0.9106
vt 0.9832 0.6934
vt 0.9319 0.6934
vt 0.9319 0.9106
vt 0.9832 0.4762
vt 0.9319 0.4762
vt 0.9832 0.2589
vt 0.9319 0.2589
vt 0.9832 0.0418
vt 0.9319 0.0418
vt 0.7231 0.9319
vt 0.7231 0.6341
vt 0.6703 0.6341
vt 0.6703 0.9319
vt 0.7231 0.3364
vt 0.6703 0.3364
vt 0.7231 0.0386
vt 0.6703 0.0386
vt 0.7231 0.9319
vt 0.7231 0.7830
vt 0.6703 0.7830
vt 0.6703 0.9319
vt 0.7231 0.6341
vt 0.6703 0.6341
vt 0.7231 0.4853
vt 0.6703 0.4853
vt 0.7231 0.3364
vt 0.6703 0.3364
vt 0.7231 0.1875
vt 0.6703 0.1875
vt 0.7231 0.0386
vt 0.6703 0.0386
vt 0.8440 0.9482
vt 0.8440 0.8213
vt 0.7915 0.8213
vt 0.7915 0.9482
vt 0.8440 0.6942
vt 0.7915 0.6942
vt 0.8440 0.5673
vt 0.7915 0.5673
vt 0.8440 0.4403
vt 0.7915 0.4403
vt 0.8440 0.3134
vt 0.7915 0.3134
vt 0.8440 0.1863
vt 0.7915 0.1863
vt 0.8440 0.0594
vt 0.7915 0.0594
vt 0.7231 0.9319
vt 0.7231 0.8328
vt 0.6703 0.8328
vt 0.6703 0.9319
vt 0.7231 0.7335
vt 0.6703 0.7335
vt 0.7231 0.6341
vt 0.6703 0.6341
vt 0.7231 0.5348
vt 0.6703 0.5348
vt 0.7231 0.4357
vt 0.6703 0.4357
vt 0.7231 0.3364
vt 0.6703 0.3364
vt 0.7231 0.2371
vt 0.6703 0.2371
vt 0.7231 0.1379
vt 0.7231 0.0386
vt 0.6703 0.0386
vt 0.6703 0.1379
vt 0.8440 0.5673
vt 0.8440 0.4403
vt 0.7915 0.4403
vt 0.7915 0.5673
vt 0.8440 0.3134
vt 0.7915 0.3134
vt 0.8440 0.1863
vt 0.7915 0.1863
vt 0.8440 0.0594
vt 0.7915 0.0594
vt 0.8440 0.9482
vt 0.8440 0.8213
vt 0.7915 0.8213
vt 0.7915 0.9482
vt 0.8440 0.6942
vt 0.7915 0.6942
vt 0.7231 0.9319
vt 0.7231 0.8328
vt 0.6703 0.8328
vt 0.6703 0.9319
vt 0.7231 0.7335
vt 0.6703 0.7335
vt 0.7231 0.6341
vt 0.6703 0.6341
vt 0.7231 0.5348
vt 0.6703 0.5348
vt 0.7231 0.4357
vt 0.6703 0.4357
vt 0.7231 0.3364
vt 0.6703 0.3364
vt 0.7231 0.2371
vt 0.6703 0.2371
vt 0.7231 0.1379
vt 0.6703 0.1379
vt 0.7231 0.0386
vt 0.6703 0.0386
vt 0.9832 0.9106
vt 0.9832 0.8020
vt 0.9319 0.8020
vt 0.9319 0.9106
vt 0.9832 0.6934
vt 0.9319 0.6934
vt 0.9832 0.5847
vt 0.9319 0.5847
vt 0.9832 0.4762
vt 0.9319 0.4762
vt 0.9832 0.3676
vt 0.9319 0.3676
vt 0.9832 0.2589
vt 0.9319 0.2589
vt 0.9832 0.1504
vt 0.9319 0.1504
vt 0.9832 0.0418
vt 0.9319 0.0418
vt 0.9832 0.9106
vt 0.9832 0.8020
vt 0.9319 0.8020
vt 0.9319 0.9106
vt 0.9832 0.6934
vt 0.9319 0.6934
vt 0.9832 0.5847
vt 0.9319 0.5847
vt 0.9832 0.4762
vt 0.9319 0.4762
vt 0.9832 0.3676
vt 0.9319 0.3676
vt 0.9832 0.2589
vt 0.9319 0.2589
vt 0.9832 0.1504
vt 0.9319 0.1504
vt 0.9832 0.0418
vt 0.9319 0.0418
vt 0.7231 0.9319
vt 0.7231 0.7533
vt 0.6703 0.7533
vt 0.6703 0.9319
vt 0.7231 0.5746
vt 0.6703 0.5746
vt 0.7231 0.3959
vt 0.6703 0.3959
vt 0.7231 0.2173
vt 0.6703 0.2173
vt 0.7231 0.0386
vt 0.6703 0.0386
vt 0.7231 0.9319
vt 0.7231 0.7533
vt 0.6703 0.7533
vt 0.6703 0.9319
vt 0.7231 0.5746
vt 0.6703 0.5746
vt 0.7231 0.3959
vt 0.6703 0.3959
vt 0.7231 0.2173
vt 0.6703 0.2173
vt 0.7231 0.0386
vt 0.6703 0.0386
vt 0.7231 0.9319
vt 0.7231 0.7533
vt 0.6703 0.7533
vt 0.6703 0.9319
vt 0.7231 0.5746
vt 0.6703 0.5746
vt 0.7231 0.3959
vt 0.6703 0.3959
vt 0.7231 0.2173
vt 0.6703 0.2173
vt 0.7231 0.0386
vt 0.6703 0.0386
vt 0.7231 0.9319
vt 0.7231 0.7533
vt 0.6703 0.7533
vt 0.6703 0.9319
vt 0.7231 0.5746
vt 0.6703 0.5746
vt 0.7231 0.3959
vt 0.6703 0.3959
vt 0.7231 0.2173
vt 0.6703 0.2173
vt 0.7231 0.0386
vt 0.6703 0.0386
vt 0.7231 0.9319
vt 0.7231 0.7830
vt 0.6703 0.7830
vt 0.6703 0.9319
vt 0.7231 0.6341
vt 0.7231 0.4853
vt 0.6703 0.4853
vt 0.6703 0.6341
vt 0.7231 0.3364
vt 0.6703 0.3364
vt 0.7231 0.1875
vt 0.7231 0.0386
vt 0.6703 0.0386
vt 0.6703 0.1875
vt 0.7231 0.9319
vt 0.7231 0.7533
vt 0.6703 0.7533
vt 0.6703 0.9319
vt 0.7231 0.5746
vt 0.6703 0.5746
vt 0.7231 0.3959
vt 0.6703 0.3959
vt 0.7231 0.2173
vt 0.6703 0.2173
vt 0.7231 0.0386
vt 0.6703 0.0386
vt 0.7796 0.8343
vt 0.7796 0.7639
vt 0.7339 0.7639
vt 0.7339 0.8343
vt 0.7796 0.6936
vt 0.7339 0.6936
vt 0.7796 0.6233
vt 0.7339 0.6233
vt 0.7796 0.5529
vt 0.7339 0.5529
vt 0.7796 0.4826
vt 0.7339 0.4826
vt 0.7796 0.4122
vt 0.7339 0.4122
vt 0.7796 0.3419
vt 0.7339 0.3419
vt 0.7796 0.2716
vt 0.7339 0.2716
vt 0.7796 0.2012
vt 0.7339 0.2012
vt 0.7796 0.1309
vt 0.7339 0.1309
vt 0.7796 0.0605
vt 0.7339 0.0605
vt 0.9832 0.9106
vt 0.9832 0.8020
vt 0.9319 0.8020
vt 0.9319 0.9106
vt 0.9832 0.6934
vt 0.9319 0.6934
vt 0.9832 0.5847
vt 0.9319 0.5847
vt 0.9832 0.4762
vt 0.9319 0.4762
vt 0.9832 0.3676
vt 0.9319 0.3676
vt 0.9832 0.2589
vt 0.9319 0.2589
vt 0.9832 0.1504
vt 0.9319 0.1504
vt 0.9832 0.0418
vt 0.9319 0.0418
vt 0.7231 0.9319
vt 0.7231 0.7533
vt 0.6703 0.7533
vt 0.6703 0.9319
vt 0.7231 0.5746
vt 0.6703 0.5746
vt 0.7231 0.3959
vt 0.6703 0.3959
vt 0.7231 0.2173
vt 0.6703 0.2173
vt 0.7231 0.0386
vt 0.6703 0.0386
vt 0.9161 0.9462
vt 0.9161 0.8563
vt 0.8631 0.8563
vt 0.8631 0.9462
vt 0.9161 0.7666
vt 0.8631 0.7666
vt 0.9161 0.6767
vt 0.8631 0.6767
vt 0.9161 0.5868
vt 0.8631 0.5868
vt 0.9161 0.4969
vt 0.8631 0.4969
vt 0.9161 0.4070
vt 0.8631 0.4070
vt 0.9161 0.3171
vt 0.8631 0.3171
vt 0.9161 0.2274
vt 0.8631 0.2274
vt 0.9161 0.1375
vt 0.8631 0.1375
vt 0.9161 0.0476
vt 0.8631 0.0476
vt 0.8440 0.9482
vt 0.8440 0.8213
vt 0.7915 0.8213
vt 0.7915 0.9482
vt 0.8440 0.6942
vt 0.7915 0.6942
vt 0.8440 0.5673
vt 0.7915 0.5673
vt 0.8440 0.4403
vt 0.7915 0.4403
vt 0.8440 0.3134
vt 0.7915 0.3134
vt 0.8440 0.1863
vt 0.7915 0.1863
vt 0.8440 0.0594
vt 0.7915 0.0594
vt 0.9832 0.9106
vt 0.9832 0.8020
vt 0.9319 0.8020
vt 0.9319 0.9106
vt 0.9832 0.6934
vt 0.9319 0.6934
vt 0.9832 0.5847
vt 0.9319 0.5847
vt 0.9832 0.4762
vt 0.9319 0.4762
vt 0.9832 0.3676
vt 0.9319 0.3676
vt 0.9832 0.2589
vt 0.9319 0.2589
vt 0.9832 0.1504
vt 0.9319 0.1504
vt 0.9832 0.0418
vt 0.9319 0.0418
vt 0.7231 0.9319
vt 0.7231 0.7830
vt 0.6703 0.7830
vt 0.6703 0.9319
vt 0.7231 0.6341
vt 0.6703 0.6341
vt 0.7231 0.4853
vt 0.6703 0.4853
vt 0.7231 0.3364
vt 0.6703 0.3364
vt 0.7231 0.1875
vt 0.6703 0.1875
vt 0.7231 0.0386
vt 0.6703 0.0386
vt 0.8440 0.9482
vt 0.8440 0.8213
vt 0.7915 0.8213
vt 0.7915 0.9482
vt 0.8440 0.6942
vt 0.7915 0.6942
vt 0.8440 0.5673
vt 0.7915 0.5673
vt 0.8440 0.4403
vt 0.7915 0.4403
vt 0.8440 0.3134
vt 0.7915 0.3134
vt 0.8440 0.1863
vt 0.7915 0.1863
vt 0.8440 0.0594
vt 0.7915 0.0594
vt 0.7231 0.9319
vt 0.7231 0.7830
vt 0.6703 0.7830
vt 0.6703 0.9319
vt 0.7231 0.6341
vt 0.6703 0.6341
vt 0.7231 0.4853
vt 0.6703 0.4853
vt 0.7231 0.3364
vt 0.6703 0.3364
vt 0.7231 0.1875
vt 0.6703 0.1875
vt 0.7231 0.0386
vt 0.6703 0.0386
vt 0.8440 0.9482
vt 0.8440 0.8213
vt 0.7915 0.8213
vt 0.7915 0.9482
vt 0.8440 0.6942
vt 0.7915 0.6942
vt 0.8440 0.5673
vt 0.7915 0.5673
vt 0.8440 0.4403
vt 0.7915 0.4403
vt 0.8440 0.3134
vt 0.7915 0.3134
vt 0.8440 0.1863
vt 0.7915 0.1863
vt 0.8440 0.0594
vt 0.7915 0.0594
vt 0.7231 0.9319
vt 0.7231 0.7830
vt 0.6703 0.7830
vt 0.6703 0.9319
vt 0.7231 0.6341
vt 0.6703 0.6341
vt 0.7231 0.4853
vt 0.6703 0.4853
vt 0.7231 0.3364
vt 0.6703 0.3364
vt 0.7231 0.1875
vt 0.6703 0.1875
vt 0.7231 0.0386
vt 0.6703 0.0386
vt 0.7231 0.9319
vt 0.7231 0.7830
vt 0.6703 0.7830
vt 0.6703 0.9319
vt 0.7231 0.6341
vt 0.6703 0.6341
vt 0.7231 0.4853
vt 0.6703 0.4853
vt 0.7231 0.3364
vt 0.6703 0.3364
vt 0.7231 0.1875
vt 0.6703 0.1875
vt 0.7231 0.0386
vt 0.6703 0.0386
vt 0.7231 0.9319
vt 0.7231 0.7533
vt 0.6703 0.7533
vt 0.6703 0.9319
vt 0.7231 0.5746
vt 0.6703 0.5746
vt 0.7231 0.3959
vt 0.6703 0.3959
vt 0.7231 0.2173
vt 0.6703 0.2173
vt 0.7231 0.0386
vt 0.6703 0.0386
vt 0.8440 0.9482
vt 0.8440 0.8213
vt 0.7915 0.8213
vt 0.7915 0.9482
vt 0.8440 0.6942
vt 0.7915 0.6942
vt 0.8440 0.5673
vt 0.7915 0.5673
vt 0.8440 0.4403
vt 0.7915 0.4403
vt 0.8440 0.3134
vt 0.7915 0.3134
vt 0.8440 0.1863
vt 0.7915 0.1863
vt 0.8440 0.0594
vt 0.7915 0.0594
vt 0.9832 0.9106
vt 0.9832 0.8020
vt 0.9319 0.8020
vt 0.9319 0.9106
vt 0.9832 0.6934
vt 0.9319 0.6934
vt 0.9832 0.5847
vt 0.9319 0.5847
vt 0.9832 0.4762
vt 0.9319 0.4762
vt 0.9832 0.2589
vt 0.9832 0.1504
vt 0.9319 0.1504
vt 0.9319 0.2589
vt 0.7804 0.8644
vt 0.7804 0.8028
vt 0.7331 0.8028
vt 0.7331 0.8644
vt 0.7804 0.7411
vt 0.7331 0.7411
vt 0.7804 0.6794
vt 0.7331 0.6794
vt 0.7804 0.6177
vt 0.7331 0.6177
vt 0.7804 0.5561
vt 0.7331 0.5561
vt 0.7804 0.4944
vt 0.7331 0.4944
vt 0.7804 0.4327
vt 0.7331 0.4327
vt 0.7804 0.3710
vt 0.7331 0.3710
vt 0.7804 0.3094
vt 0.7331 0.3094
vt 0.7804 0.2477
vt 0.7331 0.2477
vt 0.7804 0.1860
vt 0.7331 0.1860
vt 0.7804 0.1244
vt 0.7331 0.1244
vt 0.7804 0.0627
vt 0.7331 0.0627
vt 0.7231 0.9319
vt 0.7231 0.8328
vt 0.6703 0.8328
vt 0.6703 0.9319
vt 0.7231 0.7335
vt 0.6703 0.7335
vt 0.7231 0.6341
vt 0.6703 0.6341
vt 0.7231 0.5348
vt 0.6703 0.5348
vt 0.7231 0.4357
vt 0.6703 0.4357
vt 0.7231 0.3364
vt 0.6703 0.3364
vt 0.7231 0.2371
vt 0.6703 0.2371
vt 0.7231 0.1379
vt 0.6703 0.1379
vt 0.7231 0.0386
vt 0.6703 0.0386
vt 0.9832 0.3676
vt 0.9319 0.3676
vt 0.9832 0.9106
vt 0.9832 0.6934
vt 0.9319 0.6934
vt 0.9319 0.9106
vt 0.9832 0.4762
vt 0.9319 0.4762
vt 0.9832 0.2589
vt 0.9319 0.2589
vt 0.9832 0.0418
vt 0.9319 0.0418
vt 0.7231 0.9319
vt 0.7231 0.7830
vt 0.6703 0.7830
vt 0.6703 0.9319
vt 0.7231 0.6341
vt 0.6703 0.6341
vt 0.7231 0.4853
vt 0.6703 0.4853
vt 0.7231 0.3364
vt 0.6703 0.3364
vt 0.7231 0.1875
vt 0.6703 0.1875
vt 0.7231 0.0386
vt 0.6703 0.0386
vt 0.9832 0.9106
vt 0.9832 0.6934
vt 0.9319 0.6934
vt 0.9319 0.9106
vt 0.9832 0.4762
vt 0.9319 0.4762
vt 0.9832 0.2589
vt 0.9319 0.2589
vt 0.9832 0.0418
vt 0.9319 0.0418
vt 0.9832 0.9106
vt 0.9832 0.6934
vt 0.9319 0.6934
vt 0.9319 0.9106
vt 0.9832 0.4762
vt 0.9319 0.4762
vt 0.9832 0.2589
vt 0.9319 0.2589
vt 0.9832 0.0418
vt 0.9319 0.0418
vt 0.9832 0.9106
vt 0.9832 0.6934
vt 0.9319 0.6934
vt 0.9319 0.9106
vt 0.9832 0.4762
vt 0.9319 0.4762
vt 0.9832 0.2589
vt 0.9319 0.2589
vt 0.9832 0.0418
vt 0.9319 0.0418
vt 0.9832 0.9106
vt 0.9832 0.6934
vt 0.9319 0.6934
vt 0.9319 0.9106
vt 0.9832 0.4762
vt 0.9319 0.4762
vt 0.9832 0.2589
vt 0.9319 0.2589
vt 0.9832 0.0418
vt 0.9319 0.0418
vt 0.7231 0.9319
vt 0.7231 0.7830
vt 0.6703 0.7830
vt 0.6703 0.9319
vt 0.7231 0.6341
vt 0.6703 0.6341
vt 0.7231 0.4853
vt 0.6703 0.4853
vt 0.7231 0.3364
vt 0.6703 0.3364
vt 0.7231 0.1875
vt 0.6703 0.1875
vt 0.7231 0.0386
vt 0.6703 0.0386
vt 0.7231 0.7533
vt 0.7231 0.5746
vt 0.6703 0.5746
vt 0.6703 0.7533
vt 0.7231 0.3959
vt 0.6703 0.3959
vt 0.7231 0.2173
vt 0.6703 0.2173
vt 0.7231 0.0386
vt 0.6703 0.0386
vt 0.7231 0.9319
vt 0.7231 0.7830
vt 0.6703 0.7830
vt 0.6703 0.9319
vt 0.7231 0.6341
vt 0.6703 0.6341
vt 0.7231 0.4853
vt 0.6703 0.4853
vt 0.7231 0.3364
vt 0.6703 0.3364
vt 0.7231 0.1875
vt 0.6703 0.1875
vt 0.7231 0.0386
vt 0.6703 0.0386
vt 0.7231 0.9319
vt 0.6703 0.9319
vt 0.7231 0.9319
vt 0.7231 0.7533
vt 0.6703 0.7533
vt 0.6703 0.9319
vt 0.7231 0.5746
vt 0.6703 0.5746
vt 0.7231 0.3959
vt 0.6703 0.3959
vt 0.7231 0.2173
vt 0.6703 0.2173
vt 0.7231 0.0386
vt 0.6703 0.0386
vt 0.7231 0.9319
vt 0.7231 0.7533
vt 0.6703 0.7533
vt 0.6703 0.9319
vt 0.7231 0.5746
vt 0.6703 0.5746
vt 0.7231 0.3959
vt 0.6703 0.3959
vt 0.7231 0.2173
vt 0.6703 0.2173
vt 0.7231 0.0386
vt 0.6703 0.0386
vt 0.7231 0.9319
vt 0.7231 0.7830
vt 0.6703 0.7830
vt 0.6703 0.9319
vt 0.7231 0.6341
vt 0.6703 0.6341
vt 0.7231 0.4853
vt 0.6703 0.4853
vt 0.7231 0.3364
vt 0.6703 0.3364
vt 0.7231 0.1875
vt 0.6703 0.1875
vt 0.7231 0.0386
vt 0.6703 0.0386
vt 0.7231 0.9319
vt 0.7231 0.7533
vt 0.6703 0.7533
vt 0.6703 0.9319
vt 0.7231 0.5746
vt 0.6703 0.5746
vt 0.7231 0.3959
vt 0.7231 0.2173
vt 0.6703 0.2173
vt 0.6703 0.3959
vt 0.7231 0.0386
vt 0.6703 0.0386
vt 0.7231 0.9319
vt 0.7231 0.7533
vt 0.6703 0.7533
vt 0.6703 0.9319
vt 0.7231 0.5746
vt 0.6703 0.5746
vt 0.7231 0.3959
vt 0.6703 0.3959
vt 0.7231 0.2173
vt 0.6703 0.2173
vt 0.7231 0.0386
vt 0.6703 0.0386
vt 0.7231 0.9319
vt 0.7231 0.7830
vt 0.6703 0.7830
vt 0.6703 0.9319
vt 0.7231 0.6341
vt 0.6703 0.6341
vt 0.7231 0.4853
vt 0.6703 0.4853
vt 0.7231 0.3364
vt 0.6703 0.3364
vt 0.7231 0.1875
vt 0.6703 0.1875
vt 0.7231 0.0386
vt 0.6703 0.0386
vt 0.7231 0.9319
vt 0.7231 0.7830
vt 0.6703 0.7830
vt 0.6703 0.9319
vt 0.7231 0.6341
vt 0.6703 0.6341
vt 0.7231 0.4853
vt 0.6703 0.4853
vt 0.7231 0.3364
vt 0.6703 0.3364
vt 0.7231 0.1875
vt 0.6703 0.1875
vt 0.7231 0.0386
vt 0.6703 0.0386
vt 0.7231 0.9319
vt 0.7231 0.7533
vt 0.6703 0.7533
vt 0.6703 0.9319
vt 0.7231 0.5746
vt 0.6703 0.5746
vt 0.7231 0.3959
vt 0.6703 0.3959
vt 0.7231 0.2173
vt 0.6703 0.2173
vt 0.7231 0.0386
vt 0.6703 0.0386
vt 0.9832 0.9106
vt 0.9832 0.6934
vt 0.9319 0.6934
vt 0.9319 0.9106
vt 0.9832 0.4762
vt 0.9319 0.4762
vt 0.9832 0.2589
vt 0.9832 0.0418
vt 0.9319 0.0418
vt 0.9319 0.2589
vt 0.9832 0.9106
vt 0.9832 0.8020
vt 0.9319 0.8020
vt 0.9319 0.9106
vt 0.9832 0.6934
vt 0.9319 0.6934
vt 0.9832 0.5847
vt 0.9319 0.5847
vt 0.9832 0.4762
vt 0.9319 0.4762
vt 0.9832 0.3676
vt 0.9319 0.3676
vt 0.9832 0.2589
vt 0.9319 0.2589
vt 0.9832 0.1504
vt 0.9319 0.1504
vt 0.9832 0.0418
vt 0.9319 0.0418
vt 0.8440 0.9482
vt 0.8440 0.8213
vt 0.7915 0.8213
vt 0.7915 0.9482
vt 0.8440 0.6942
vt 0.7915 0.6942
vt 0.8440 0.5673
vt 0.7915 0.5673
vt 0.8440 0.4403
vt 0.7915 0.4403
vt 0.8440 0.3134
vt 0.7915 0.3134
vt 0.8440 0.1863
vt 0.7915 0.1863
vt 0.8440 0.0594
vt 0.7915 0.0594
vt 0.8440 0.9482
vt 0.8440 0.8213
vt 0.7915 0.8213
vt 0.7915 0.9482
vt 0.8440 0.6942
vt 0.7915 0.6942
vt 0.8440 0.5673
vt 0.7915 0.5673
vt 0.8440 0.4403
vt 0.7915 0.4403
vt 0.8440 0.3134
vt 0.7915 0.3134
vt 0.8440 0.1863
vt 0.7915 0.1863
vt 0.8440 0.0594
vt 0.7915 0.0594
vt 0.9832 0.9106
vt 0.9832 0.8020
vt 0.9319 0.8020
vt 0.9319 0.9106
vt 0.9832 0.6934
vt 0.9319 0.6934
vt 0.9832 0.5847
vt 0.9319 0.5847
vt 0.9832 0.4762
vt 0.9319 0.4762
vt 0.9832 0.3676
vt 0.9319 0.3676
vt 0.9832 0.2589
vt 0.9319 0.2589
vt 0.9832 0.1504
vt 0.9319 0.1504
vt 0.9832 0.0418
vt 0.9319 0.0418
vt 0.7231 0.9319
vt 0.7231 0.7533
vt 0.6703 0.7533
vt 0.6703 0.9319
vt 0.7231 0.5746
vt 0.6703 0.5746
vt 0.7231 0.3959
vt 0.6703 0.3959
vt 0.7231 0.2173
vt 0.6703 0.2173
vt 0.7231 0.0386
vt 0.6703 0.0386
vt 0.7231 0.9319
vt 0.7231 0.7533
vt 0.6703 0.7533
vt 0.6703 0.9319
vt 0.7231 0.5746
vt 0.6703 0.5746
vt 0.7231 0.3959
vt 0.6703 0.3959
vt 0.7231 0.2173
vt 0.6703 0.2173
vt 0.7231 0.0386
vt 0.6703 0.0386
vt 0.9161 0.9462
vt 0.9161 0.8563
vt 0.8631 0.8563
vt 0.8631 0.9462
vt 0.9161 0.7666
vt 0.8631 0.7666
vt 0.9161 0.6767
vt 0.8631 0.6767
vt 0.9161 0.5868
vt 0.8631 0.5868
vt 0.9161 0.4969
vt 0.8631 0.4969
vt 0.9161 0.4070
vt 0.8631 0.4070
vt 0.9161 0.3171
vt 0.8631 0.3171
vt 0.9161 0.2274
vt 0.8631 0.2274
vt 0.9161 0.1375
vt 0.8631 0.1375
vt 0.9161 0.0476
vt 0.8631 0.0476
vt 0.9161 0.9462
vt 0.9161 0.8563
vt 0.8631 0.8563
vt 0.8631 0.9462
vt 0.9161 0.7666
vt 0.8631 0.7666
vt 0.9161 0.6767
vt 0.8631 0.6767
vt 0.9161 0.5868
vt 0.8631 0.5868
vt 0.9161 0.4969
vt 0.8631 0.4969
vt 0.9161 0.4070
vt 0.8631 0.4070
vt 0.9161 0.3171
vt 0.8631 0.3171
vt 0.9161 0.2274
vt 0.8631 0.2274
vt 0.9161 0.1375
vt 0.8631 0.1375
vt 0.9161 0.0476
vt 0.8631 0.0476
vt 0.7231 0.9319
vt 0.7231 0.7533
vt 0.6703 0.7533
vt 0.6703 0.9319
vt 0.7231 0.5746
vt 0.6703 0.5746
vt 0.7231 0.3959
vt 0.6703 0.3959
vt 0.7231 0.2173
vt 0.6703 0.2173
vt 0.7231 0.0386
vt 0.6703 0.0386
vt 0.7231 0.9319
vt 0.7231 0.7533
vt 0.6703 0.7533
vt 0.6703 0.9319
vt 0.7231 0.5746
vt 0.6703 0.5746
vt 0.7231 0.3959
vt 0.6703 0.3959
vt 0.7231 0.2173
vt 0.6703 0.2173
vt 0.7231 0.0386
vt 0.6703 0.0386
vt 0.7231 0.9319
vt 0.7231 0.6341
vt 0.6703 0.6341
vt 0.6703 0.9319
vt 0.7231 0.3364
vt 0.6703 0.3364
vt 0.7231 0.0386
vt 0.6703 0.0386
vt 0.7231 0.9319
vt 0.7231 0.8328
vt 0.6703 0.8328
vt 0.6703 0.9319
vt 0.7231 0.7335
vt 0.6703 0.7335
vt 0.7231 0.6341
vt 0.6703 0.6341
vt 0.7231 0.5348
vt 0.6703 0.5348
vt 0.7231 0.4357
vt 0.6703 0.4357
vt 0.7231 0.3364
vt 0.6703 0.3364
vt 0.7231 0.2371
vt 0.6703 0.2371
vt 0.7231 0.1379
vt 0.6703 0.1379
vt 0.7231 0.0386
vt 0.6703 0.0386
vt 0.8440 0.9482
vt 0.8440 0.8848
vt 0.7915 0.8848
vt 0.7915 0.9482
vt 0.8440 0.8213
vt 0.7915 0.8213
vt 0.8440 0.7578
vt 0.7915 0.7578
vt 0.8440 0.6942
vt 0.7915 0.6942
vt 0.8440 0.6308
vt 0.7915 0.6308
vt 0.8440 0.5673
vt 0.7915 0.5673
vt 0.8440 0.5038
vt 0.7915 0.5038
vt 0.8440 0.4403
vt 0.7915 0.4403
vt 0.8440 0.3769
vt 0.7915 0.3769
vt 0.8440 0.3134
vt 0.7915 0.3134
vt 0.8440 0.2498
vt 0.7915 0.2498
vt 0.8440 0.1863
vt 0.7915 0.1863
vt 0.8440 0.1229
vt 0.7915 0.1229
vt 0.8440 0.0594
vt 0.7915 0.0594
vt 0.9161 0.9462
vt 0.9161 0.8563
vt 0.8631 0.8563
vt 0.8631 0.9462
vt 0.9161 0.7666
vt 0.8631 0.7666
vt 0.9161 0.6767
vt 0.8631 0.6767
vt 0.9161 0.5868
vt 0.8631 0.5868
vt 0.9161 0.4969
vt 0.8631 0.4969
vt 0.9161 0.4070
vt 0.8631 0.4070
vt 0.9161 0.3171
vt 0.8631 0.3171
vt 0.9161 0.2274
vt 0.8631 0.2274
vt 0.9161 0.1375
vt 0.8631 0.1375
vt 0.9161 0.0476
vt 0.8631 0.0476
vt 0.9832 0.9106
vt 0.9832 0.8020
vt 0.9319 0.8020
vt 0.9319 0.9106
vt 0.9832 0.6934
vt 0.9319 0.6934
vt 0.9832 0.5847
vt 0.9319 0.5847
vt 0.9832 0.4762
vt 0.9319 0.4762
vt 0.9832 0.3676
vt 0.9319 0.3676
vt 0.9832 0.2589
vt 0.9319 0.2589
vt 0.9832 0.1504
vt 0.9319 0.1504
vt 0.9832 0.0418
vt 0.9319 0.0418
vt 0.7231 0.9319
vt 0.7231 0.8328
vt 0.6703 0.8328
vt 0.6703 0.9319
vt 0.7231 0.7335
vt 0.6703 0.7335
vt 0.7231 0.6341
vt 0.6703 0.6341
vt 0.7231 0.5348
vt 0.6703 0.5348
vt 0.7231 0.4357
vt 0.6703 0.4357
vt 0.7231 0.3364
vt 0.6703 0.3364
vt 0.7231 0.2371
vt 0.6703 0.2371
vt 0.7231 0.1379
vt 0.6703 0.1379
vt 0.7231 0.0386
vt 0.6703 0.0386
vt 0.8440 0.9482
vt 0.8440 0.8213
vt 0.7915 0.8213
vt 0.7915 0.9482
vt 0.8440 0.6942
vt 0.7915 0.6942
vt 0.8440 0.5673
vt 0.7915 0.5673
vt 0.8440 0.4403
vt 0.7915 0.4403
vt 0.8440 0.3134
vt 0.7915 0.3134
vt 0.8440 0.1863
vt 0.7915 0.1863
vt 0.8440 0.0594
vt 0.7915 0.0594
vt 0.9161 0.9462
vt 0.9161 0.8563
vt 0.8631 0.8563
vt 0.8631 0.9462
vt 0.9161 0.7666
vt 0.8631 0.7666
vt 0.9161 0.6767
vt 0.8631 0.6767
vt 0.9161 0.5868
vt 0.8631 0.5868
vt 0.9161 0.4969
vt 0.8631 0.4969
vt 0.9161 0.4070
vt 0.8631 0.4070
vt 0.9161 0.3171
vt 0.8631 0.3171
vt 0.9161 0.2274
vt 0.8631 0.2274
vt 0.9161 0.1375
vt 0.8631 0.1375
vt 0.9161 0.0476
vt 0.8631 0.0476
vt 0.9161 0.9462
vt 0.9161 0.8563
vt 0.8631 0.8563
vt 0.8631 0.9462
vt 0.9161 0.7666
vt 0.8631 0.7666
vt 0.9161 0.6767
vt 0.8631 0.6767
vt 0.9161 0.5868
vt 0.8631 0.5868
vt 0.9161 0.4969
vt 0.8631 0.4969
vt 0.9161 0.4070
vt 0.8631 0.4070
vt 0.9161 0.3171
vt 0.8631 0.3171
vt 0.9161 0.2274
vt 0.8631 0.2274
vt 0.9161 0.1375
vt 0.8631 0.1375
vt 0.9161 0.0476
vt 0.8631 0.0476
vt 0.7796 0.8343
vt 0.7796 0.7639
vt 0.7339 0.7639
vt 0.7339 0.8343
vt 0.7796 0.6936
vt 0.7339 0.6936
vt 0.7796 0.6233
vt 0.7339 0.6233
vt 0.7796 0.5529
vt 0.7339 0.5529
vt 0.7796 0.4826
vt 0.7339 0.4826
vt 0.7193 0.1810
vt 0.7193 0.1082
vt 0.6721 0.1082
vt 0.6721 0.1810
vt 0.7193 0.0354
vt 0.6721 0.0354
vt 0.7231 0.9319
vt 0.7231 0.8328
vt 0.6703 0.8328
vt 0.6703 0.9319
vt 0.7231 0.7335
vt 0.6703 0.7335
vt 0.7231 0.6341
vt 0.7231 0.5348
vt 0.6703 0.5348
vt 0.6703 0.6341
vt 0.7231 0.4357
vt 0.6703 0.4357
vt 0.7231 0.3364
vt 0.6703 0.3364
vt 0.7231 0.2371
vt 0.6703 0.2371
vt 0.7231 0.1379
vt 0.6703 0.1379
vt 0.7231 0.0386
vt 0.6703 0.0386
vt 0.7231 0.9319
vt 0.7231 0.8328
vt 0.6703 0.8328
vt 0.6703 0.9319
vt 0.7231 0.7335
vt 0.6703 0.7335
vt 0.7231 0.6341
vt 0.6703 0.6341
vt 0.7231 0.5348
vt 0.6703 0.5348
vt 0.7231 0.4357
vt 0.6703 0.4357
vt 0.7231 0.3364
vt 0.6703 0.3364
vt 0.7231 0.2371
vt 0.6703 0.2371
vt 0.7231 0.1379
vt 0.6703 0.1379
vt 0.7231 0.0386
vt 0.6703 0.0386
vt 0.9161 0.9462
vt 0.9161 0.8563
vt 0.8631 0.8563
vt 0.8631 0.9462
vt 0.9161 0.7666
vt 0.8631 0.7666
vt 0.9161 0.6767
vt 0.8631 0.6767
vt 0.9161 0.5868
vt 0.8631 0.5868
vt 0.9161 0.4969
vt 0.8631 0.4969
vt 0.9161 0.4070
vt 0.8631 0.4070
vt 0.9161 0.3171
vt 0.8631 0.3171
vt 0.9161 0.2274
vt 0.8631 0.2274
vt 0.9161 0.1375
vt 0.8631 0.1375
vt 0.9161 0.0476
vt 0.8631 0.0476
vt 0.7231 0.9319
vt 0.7231 0.7533
vt 0.6703 0.7533
vt 0.6703 0.9319
vt 0.7231 0.5746
vt 0.6703 0.5746
vt 0.7231 0.3959
vt 0.6703 0.3959
vt 0.7231 0.2173
vt 0.6703 0.2173
vt 0.7231 0.0386
vt 0.6703 0.0386
vt 0.8440 0.9482
vt 0.8440 0.8213
vt 0.7915 0.8213
vt 0.7915 0.9482
vt 0.8440 0.6942
vt 0.7915 0.6942
vt 0.8440 0.5673
vt 0.7915 0.5673
vt 0.8440 0.4403
vt 0.7915 0.4403
vt 0.8440 0.3134
vt 0.7915 0.3134
vt 0.8440 0.1863
vt 0.7915 0.1863
vt 0.8440 0.0594
vt 0.7915 0.0594
vt 0.8440 0.9482
vt 0.8440 0.8213
vt 0.7915 0.8213
vt 0.7915 0.9482
vt 0.8440 0.6942
vt 0.7915 0.6942
vt 0.8440 0.5673
vt 0.7915 0.5673
vt 0.8440 0.4403
vt 0.7915 0.4403
vt 0.8440 0.3134
vt 0.7915 0.3134
vt 0.8440 0.1863
vt 0.7915 0.1863
vt 0.8440 0.0594
vt 0.7915 0.0594
vt 0.9832 0.9106
vt 0.9832 0.8020
vt 0.9319 0.8020
vt 0.9319 0.9106
vt 0.9832 0.6934
vt 0.9319 0.6934
vt 0.9832 0.5847
vt 0.9319 0.5847
vt 0.9832 0.4762
vt 0.9319 0.4762
vt 0.9832 0.3676
vt 0.9319 0.3676
vt 0.9832 0.2589
vt 0.9319 0.2589
vt 0.9832 0.1504
vt 0.9319 0.1504
vt 0.9832 0.0418
vt 0.9319 0.0418
vt 0.7231 0.9319
vt 0.7231 0.7533
vt 0.6703 0.7533
vt 0.6703 0.9319
vt 0.7231 0.5746
vt 0.6703 0.5746
vt 0.7231 0.3959
vt 0.6703 0.3959
vt 0.7231 0.2173
vt 0.6703 0.2173
vt 0.7231 0.0386
vt 0.6703 0.0386
vt 0.7231 0.9319
vt 0.7231 0.7830
vt 0.6703 0.7830
vt 0.6703 0.9319
vt 0.7231 0.6341
vt 0.6703 0.6341
vt 0.7231 0.4853
vt 0.6703 0.4853
vt 0.7231 0.3364
vt 0.6703 0.3364
vt 0.7231 0.1875
vt 0.6703 0.1875
vt 0.7231 0.0386
vt 0.6703 0.0386
vt 0.7231 0.9319
vt 0.7231 0.7830
vt 0.6703 0.7830
vt 0.6703 0.9319
vt 0.7231 0.6341
vt 0.6703 0.6341
vt 0.7231 0.4853
vt 0.6703 0.4853
vt 0.7231 0.3364
vt 0.6703 0.3364
vt 0.7231 0.1875
vt 0.6703 0.1875
vt 0.7231 0.0386
vt 0.6703 0.0386
vt 0.8440 0.9482
vt 0.8440 0.8213
vt 0.7915 0.8213
vt 0.7915 0.9482
vt 0.8440 0.6942
vt 0.7915 0.6942
vt 0.8440 0.5673
vt 0.7915 0.5673
vt 0.8440 0.4403
vt 0.7915 0.4403
vt 0.8440 0.3134
vt 0.8440 0.1863
vt 0.7915 0.1863
vt 0.7915 0.3134
vt 0.8440 0.0594
vt 0.7915 0.0594
vt 0.8440 0.9482
vt 0.8440 0.8213
vt 0.7915 0.8213
vt 0.7915 0.9482
vt 0.8440 0.6942
vt 0.7915 0.6942
vt 0.8440 0.5673
vt 0.7915 0.5673
vt 0.8440 0.4403
vt 0.7915 0.4403
vt 0.8440 0.3134
vt 0.7915 0.3134
vt 0.8440 0.1863
vt 0.7915 0.1863
vt 0.8440 0.0594
vt 0.7915 0.0594
vt 0.8440 0.9482
vt 0.8440 0.8213
vt 0.7915 0.8213
vt 0.7915 0.9482
vt 0.8440 0.6942
vt 0.7915 0.6942
vt 0.8440 0.5673
vt 0.7915 0.5673
vt 0.8440 0.4403
vt 0.7915 0.4403
vt 0.8440 0.3134
vt 0.7915 0.3134
vt 0.8440 0.1863
vt 0.7915 0.1863
vt 0.8440 0.0594
vt 0.7915 0.0594
vt 0.7231 0.9319
vt 0.7231 0.7830
vt 0.6703 0.7830
vt 0.6703 0.9319
vt 0.7231 0.6341
vt 0.6703 0.6341
vt 0.7231 0.4853
vt 0.6703 0.4853
vt 0.7231 0.3364
vt 0.6703 0.3364
vt 0.7231 0.1875
vt 0.6703 0.1875
vt 0.7231 0.0386
vt 0.6703 0.0386
vt 0.9832 0.9106
vt 0.9832 0.8020
vt 0.9319 0.8020
vt 0.9319 0.9106
vt 0.9832 0.6934
vt 0.9319 0.6934
vt 0.9832 0.5847
vt 0.9319 0.5847
vt 0.9832 0.4762
vt 0.9319 0.4762
vt 0.9832 0.3676
vt 0.9319 0.3676
vt 0.9832 0.2589
vt 0.9319 0.2589
vt 0.9832 0.1504
vt 0.9319 0.1504
vt 0.9832 0.0418
vt 0.9319 0.0418
vt 0.8440 0.9482
vt 0.8440 0.8213
vt 0.7915 0.8213
vt 0.7915 0.9482
vt 0.8440 0.6942
vt 0.7915 0.6942
vt 0.8440 0.5673
vt 0.7915 0.5673
vt 0.8440 0.4403
vt 0.7915 0.4403
vt 0.8440 0.3134
vt 0.7915 0.3134
vt 0.8440 0.1863
vt 0.7915 0.1863
vt 0.8440 0.0594
vt 0.7915 0.0594
vt 0.9161 0.9462
vt 0.9161 0.8563
vt 0.8631 0.8563
vt 0.8631 0.9462
vt 0.9161 0.7666
vt 0.8631 0.7666
vt 0.9161 0.6767
vt 0.8631 0.6767
vt 0.9161 0.5868
vt 0.8631 0.5868
vt 0.9161 0.4969
vt 0.8631 0.4969
vt 0.9161 0.4070
vt 0.8631 0.4070
vt 0.9161 0.3171
vt 0.8631 0.3171
vt 0.9161 0.2274
vt 0.8631 0.2274
vt 0.9161 0.1375
vt 0.8631 0.1375
vt 0.9161 0.0476
vt 0.8631 0.0476
vt 0.9161 0.9462
vt 0.9161 0.8563
vt 0.8631 0.8563
vt 0.8631 0.9462
vt 0.9161 0.7666
vt 0.8631 0.7666
vt 0.9161 0.6767
vt 0.8631 0.6767
vt 0.9161 0.5868
vt 0.8631 0.5868
vt 0.9161 0.4969
vt 0.8631 0.4969
vt 0.9161 0.4070
vt 0.8631 0.4070
vt 0.9161 0.3171
vt 0.8631 0.3171
vt 0.9161 0.2274
vt 0.8631 0.2274
vt 0.9161 0.1375
vt 0.8631 0.1375
vt 0.9161 0.0476
vt 0.8631 0.0476
vt 0.7231 0.9319
vt 0.7231 0.8328
vt 0.6703 0.8328
vt 0.6703 0.9319
vt 0.7231 0.7335
vt 0.6703 0.7335
vt 0.7231 0.6341
vt 0.6703 0.6341
vt 0.7231 0.5348
vt 0.6703 0.5348
vt 0.7231 0.4357
vt 0.6703 0.4357
vt 0.7231 0.3364
vt 0.6703 0.3364
vt 0.7231 0.2371
vt 0.6703 0.2371
vt 0.7231 0.1379
vt 0.6703 0.1379
vt 0.7231 0.0386
vt 0.6703 0.0386
vt 0.7796 0.8343
vt 0.7796 0.7639
vt 0.7339 0.7639
vt 0.7339 0.8343
vt 0.7796 0.6936
vt 0.7339 0.6936
vt 0.7796 0.6233
vt 0.7339 0.6233
vt 0.7796 0.5529
vt 0.7796 0.4826
vt 0.7339 0.4826
vt 0.7339 0.5529
vt 0.7796 0.4122
vt 0.7339 0.4122
vt 0.7796 0.3419
vt 0.7339 0.3419
vt 0.7796 0.2716
vt 0.7339 0.2716
vt 0.7796 0.2012
vt 0.7339 0.2012
vt 0.7796 0.1309
vt 0.7339 0.1309
vt 0.7796 0.0605
vt 0.7339 0.0605
vt 0.9161 0.9462
vt 0.9161 0.8563
vt 0.8631 0.8563
vt 0.8631 0.9462
vt 0.9161 0.7666
vt 0.8631 0.7666
vt 0.9161 0.6767
vt 0.8631 0.6767
vt 0.9161 0.5868
vt 0.8631 0.5868
vt 0.9161 0.4969
vt 0.8631 0.4969
vt 0.9161 0.4070
vt 0.8631 0.4070
vt 0.9161 0.3171
vt 0.8631 0.3171
vt 0.9161 0.2274
vt 0.8631 0.2274
vt 0.9161 0.1375
vt 0.8631 0.1375
vt 0.9161 0.0476
vt 0.8631 0.0476
vt 0.7796 0.8343
vt 0.7796 0.7639
vt 0.7339 0.7639
vt 0.7339 0.8343
vt 0.7796 0.6936
vt 0.7339 0.6936
vt 0.7796 0.6233
vt 0.7339 0.6233
vt 0.7796 0.5529
vt 0.7339 0.5529
vt 0.7796 0.4826
vt 0.7339 0.4826
vt 0.7796 0.4122
vt 0.7339 0.4122
vt 0.7796 0.3419
vt 0.7339 0.3419
vt 0.7796 0.2716
vt 0.7339 0.2716
vt 0.7796 0.2012
vt 0.7339 0.2012
vt 0.7796 0.1309
vt 0.7339 0.1309
vt 0.7796 0.0605
vt 0.7339 0.0605
vt 0.7796 0.8343
vt 0.7796 0.7639
vt 0.7339 0.7639
vt 0.7339 0.8343
vt 0.7796 0.6936
vt 0.7339 0.6936
vt 0.7796 0.6233
vt 0.7339 0.6233
vt 0.7796 0.5529
vt 0.7339 0.5529
vt 0.7796 0.4826
vt 0.7339 0.4826
vt 0.7796 0.4122
vt 0.7339 0.4122
vt 0.7796 0.3419
vt 0.7339 0.3419
vt 0.7796 0.2716
vt 0.7339 0.2716
vt 0.7796 0.2012
vt 0.7339 0.2012
vt 0.7796 0.1309
vt 0.7339 0.1309
vt 0.7796 0.0605
vt 0.7339 0.0605
vt 0.9832 0.9106
vt 0.9832 0.8382
vt 0.9319 0.8382
vt 0.9319 0.9106
vt 0.9832 0.7658
vt 0.9319 0.7658
vt 0.9832 0.6934
vt 0.9319 0.6934
vt 0.9832 0.6210
vt 0.9319 0.6210
vt 0.9832 0.5486
vt 0.9319 0.5486
vt 0.9832 0.4762
vt 0.9319 0.4762
vt 0.9832 0.4038
vt 0.9319 0.4038
vt 0.9832 0.3314
vt 0.9319 0.3314
vt 0.9832 0.2589
vt 0.9319 0.2589
vt 0.9832 0.1866
vt 0.9319 0.1866
vt 0.9832 0.1141
vt 0.9319 0.1141
vt 0.9832 0.0418
vt 0.9319 0.0418
vt 0.7796 0.8343
vt 0.7796 0.7639
vt 0.7339 0.7639
vt 0.7339 0.8343
vt 0.7796 0.6936
vt 0.7339 0.6936
vt 0.7796 0.6233
vt 0.7339 0.6233
vt 0.7796 0.5529
vt 0.7339 0.5529
vt 0.7796 0.4826
vt 0.7339 0.4826
vt 0.7796 0.4122
vt 0.7339 0.4122
vt 0.7796 0.3419
vt 0.7339 0.3419
vt 0.7796 0.2716
vt 0.7339 0.2716
vt 0.7796 0.2012
vt 0.7339 0.2012
vt 0.7796 0.1309
vt 0.7339 0.1309
vt 0.7796 0.0605
vt 0.7339 0.0605
vt 0.9832 0.9106
vt 0.9832 0.6934
vt 0.9319 0.6934
vt 0.9319 0.9106
vt 0.9832 0.4762
vt 0.9319 0.4762
vt 0.9832 0.2589
vt 0.9319 0.2589
vt 0.9832 0.0418
vt 0.9319 0.0418
vt 0.7231 0.9319
vt 0.7231 0.6341
vt 0.6703 0.6341
vt 0.6703 0.9319
vt 0.7231 0.3364
vt 0.6703 0.3364
vt 0.7231 0.0386
vt 0.6703 0.0386
vt 0.7231 0.9319
vt 0.7231 0.0386
vt 0.6703 0.0386
vt 0.6703 0.9319
vt 0.9161 0.9462
vt 0.9161 0.8563
vt 0.8631 0.8563
vt 0.8631 0.9462
vt 0.9161 0.7666
vt 0.8631 0.7666
vt 0.9161 0.6767
vt 0.8631 0.6767
vt 0.9161 0.5868
vt 0.8631 0.5868
vt 0.9161 0.4969
vt 0.8631 0.4969
vt 0.9161 0.4070
vt 0.8631 0.4070
vt 0.9161 0.3171
vt 0.8631 0.3171
vt 0.9161 0.2274
vt 0.8631 0.2274
vt 0.9161 0.1375
vt 0.8631 0.1375
vt 0.9161 0.0476
vt 0.8631 0.0476
vt 0.9161 0.9462
vt 0.9161 0.8563
vt 0.8631 0.8563
vt 0.8631 0.9462
vt 0.9161 0.7666
vt 0.8631 0.7666
vt 0.9161 0.6767
vt 0.8631 0.6767
vt 0.9161 0.5868
vt 0.8631 0.5868
vt 0.9161 0.4969
vt 0.8631 0.4969
vt 0.9161 0.4070
vt 0.8631 0.4070
vt 0.9161 0.3171
vt 0.8631 0.3171
vt 0.9161 0.2274
vt 0.8631 0.2274
vt 0.9161 0.1375
vt 0.8631 0.1375
vt 0.9161 0.0476
vt 0.8631 0.0476
vt 0.7796 0.8343
vt 0.7796 0.7639
vt 0.7339 0.7639
vt 0.7339 0.8343
vt 0.7796 0.6936
vt 0.7339 0.6936
vt 0.7796 0.6233
vt 0.7339 0.6233
vt 0.7796 0.5529
vt 0.7339 0.5529
vt 0.7796 0.4826
vt 0.7339 0.4826
vt 0.7796 0.4122
vt 0.7339 0.4122
vt 0.7796 0.3419
vt 0.7339 0.3419
vt 0.7796 0.2716
vt 0.7339 0.2716
vt 0.7796 0.2012
vt 0.7339 0.2012
vt 0.7796 0.1309
vt 0.7339 0.1309
vt 0.7796 0.0605
vt 0.7339 0.0605
vt 0.9161 0.9462
vt 0.9161 0.8563
vt 0.8631 0.8563
vt 0.8631 0.9462
vt 0.9161 0.7666
vt 0.8631 0.7666
vt 0.9161 0.6767
vt 0.8631 0.6767
vt 0.9161 0.5868
vt 0.8631 0.5868
vt 0.9161 0.4969
vt 0.8631 0.4969
vt 0.9161 0.4070
vt 0.8631 0.4070
vt 0.9161 0.3171
vt 0.8631 0.3171
vt 0.9161 0.2274
vt 0.8631 0.2274
vt 0.9161 0.1375
vt 0.8631 0.1375
vt 0.9161 0.0476
vt 0.8631 0.0476
vt 0.7231 0.9319
vt 0.7231 0.7533
vt 0.6703 0.7533
vt 0.6703 0.9319
vt 0.7231 0.5746
vt 0.6703 0.5746
vt 0.7231 0.3959
vt 0.6703 0.3959
vt 0.7231 0.2173
vt 0.6703 0.2173
vt 0.7231 0.0386
vt 0.6703 0.0386
vt 0.8440 0.9482
vt 0.8440 0.8213
vt 0.7915 0.8213
vt 0.7915 0.9482
vt 0.8440 0.6942
vt 0.7915 0.6942
vt 0.8440 0.5673
vt 0.8440 0.4403
vt 0.7915 0.4403
vt 0.7915 0.5673
vt 0.8440 0.3134
vt 0.7915 0.3134
vt 0.8440 0.1863
vt 0.7915 0.1863
vt 0.8440 0.0594
vt 0.7915 0.0594
vt 0.9832 0.9106
vt 0.9832 0.8020
vt 0.9319 0.8020
vt 0.9319 0.9106
vt 0.9832 0.6934
vt 0.9319 0.6934
vt 0.9832 0.5847
vt 0.9319 0.5847
vt 0.9832 0.4762
vt 0.9319 0.4762
vt 0.9832 0.3676
vt 0.9319 0.3676
vt 0.9832 0.2589
vt 0.9319 0.2589
vt 0.9832 0.1504
vt 0.9319 0.1504
vt 0.9161 0.8563
vt 0.9161 0.7666
vt 0.8631 0.7666
vt 0.8631 0.8563
vt 0.9161 0.6767
vt 0.8631 0.6767
vt 0.9161 0.5868
vt 0.8631 0.5868
vt 0.9161 0.4969
vt 0.8631 0.4969
vt 0.9161 0.4070
vt 0.8631 0.4070
vt 0.9161 0.3171
vt 0.9161 0.2274
vt 0.8631 0.2274
vt 0.8631 0.3171
vt 0.9161 0.1375
vt 0.8631 0.1375
vt 0.9161 0.0476
vt 0.8631 0.0476
vt 0.9832 0.0418
vt 0.9319 0.0418
vt 0.9161 0.9462
vt 0.8631 0.9462
vt 0.7804 0.8644
vt 0.7804 0.8028
vt 0.7331 0.8028
vt 0.7331 0.8644
vt 0.7804 0.7411
vt 0.7331 0.7411
vt 0.7804 0.6794
vt 0.7331 0.6794
vt 0.7804 0.6177
vt 0.7331 0.6177
vt 0.7804 0.5561
vt 0.7331 0.5561
vt 0.7804 0.4944
vt 0.7331 0.4944
vt 0.7804 0.4327
vt 0.7331 0.4327
vt 0.7804 0.3710
vt 0.7331 0.3710
vt 0.7804 0.3094
vt 0.7331 0.3094
vt 0.7804 0.2477
vt 0.7331 0.2477
vt 0.7804 0.1860
vt 0.7331 0.1860
vt 0.7804 0.1244
vt 0.7331 0.1244
vt 0.7804 0.0627
vt 0.7331 0.0627
vt 0.7796 0.8343
vt 0.7796 0.7639
vt 0.7339 0.7639
vt 0.7339 0.8343
vt 0.7796 0.6936
vt 0.7339 0.6936
vt 0.7796 0.6233
vt 0.7339 0.6233
vt 0.7796 0.5529
vt 0.7339 0.5529
vt 0.7796 0.4826
vt 0.7339 0.4826
vt 0.7796 0.4122
vt 0.7339 0.4122
vt 0.7796 0.3419
vt 0.7339 0.3419
vt 0.7796 0.2716
vt 0.7339 0.2716
vt 0.7796 0.2012
vt 0.7339 0.2012
vt 0.7796 0.1309
vt 0.7339 0.1309
vt 0.7796 0.0605
vt 0.7339 0.0605
vt 0.8440 0.9482
vt 0.8440 0.8213
vt 0.7915 0.8213
vt 0.7915 0.9482
vt 0.8440 0.6942
vt 0.7915 0.6942
vt 0.8440 0.5673
vt 0.8440 0.4403
vt 0.7915 0.4403
vt 0.7915 0.5673
vt 0.8440 0.3134
vt 0.7915 0.3134
vt 0.8440 0.1863
vt 0.7915 0.1863
vt 0.8440 0.0594
vt 0.7915 0.0594
vt 0.7231 0.9319
vt 0.7231 0.7830
vt 0.6703 0.7830
vt 0.6703 0.9319
vt 0.7231 0.6341
vt 0.6703 0.6341
vt 0.7231 0.4853
vt 0.6703 0.4853
vt 0.7231 0.3364
vt 0.6703 0.3364
vt 0.7231 0.1875
vt 0.6703 0.1875
vt 0.7231 0.0386
vt 0.6703 0.0386
vt 0.7231 0.9319
vt 0.7231 0.7830
vt 0.6703 0.7830
vt 0.6703 0.9319
vt 0.7231 0.6341
vt 0.6703 0.6341
vt 0.7231 0.4853
vt 0.7231 0.3364
vt 0.6703 0.3364
vt 0.6703 0.4853
vt 0.7231 0.1875
vt 0.6703 0.1875
vt 0.7231 0.0386
vt 0.6703 0.0386
vt 0.7231 0.9319
vt 0.7231 0.6341
vt 0.6703 0.6341
vt 0.6703 0.9319
vt 0.7231 0.3364
vt 0.6703 0.3364
vt 0.7231 0.0386
vt 0.6703 0.0386
vt 0.9832 0.9106
vt 0.9832 0.8020
vt 0.9319 0.8020
vt 0.9319 0.9106
vt 0.9832 0.6934
vt 0.9319 0.6934
vt 0.9832 0.5847
vt 0.9319 0.5847
vt 0.9832 0.4762
vt 0.9319 0.4762
vt 0.9832 0.3676
vt 0.9319 0.3676
vt 0.9832 0.2589
vt 0.9319 0.2589
vt 0.9832 0.1504
vt 0.9319 0.1504
vt 0.9832 0.0418
vt 0.9319 0.0418
vt 0.7231 0.9319
vt 0.7231 0.8328
vt 0.6703 0.8328
vt 0.6703 0.9319
vt 0.7231 0.7335
vt 0.6703 0.7335
vt 0.7231 0.6341
vt 0.6703 0.6341
vt 0.7231 0.5348
vt 0.6703 0.5348
vt 0.7231 0.4357
vt 0.6703 0.4357
vt 0.7231 0.3364
vt 0.6703 0.3364
vt 0.7231 0.2371
vt 0.6703 0.2371
vt 0.7231 0.1379
vt 0.6703 0.1379
vt 0.7231 0.0386
vt 0.6703 0.0386
vt 0.9832 0.9106
vt 0.9832 0.8020
vt 0.9319 0.8020
vt 0.9319 0.9106
vt 0.9832 0.6934
vt 0.9319 0.6934
vt 0.9832 0.5847
vt 0.9319 0.5847
vt 0.9832 0.4762
vt 0.9319 0.4762
vt 0.9832 0.3676
vt 0.9319 0.3676
vt 0.9832 0.2589
vt 0.9319 0.2589
vt 0.9832 0.1504
vt 0.9319 0.1504
vt 0.9832 0.0418
vt 0.9319 0.0418
vt 0.7231 0.9319
vt 0.7231 0.7830
vt 0.6703 0.7830
vt 0.6703 0.9319
vt 0.7231 0.6341
vt 0.6703 0.6341
vt 0.7231 0.4853
vt 0.6703 0.4853
vt 0.7231 0.3364
vt 0.6703 0.3364
vt 0.7231 0.1875
vt 0.6703 0.1875
vt 0.7231 0.0386
vt 0.6703 0.0386
vt 0.7231 0.9319
vt 0.7231 0.7830
vt 0.6703 0.7830
vt 0.6703 0.9319
vt 0.7231 0.6341
vt 0.6703 0.6341
vt 0.7231 0.4853
vt 0.6703 0.4853
vt 0.7231 0.3364
vt 0.6703 0.3364
vt 0.7231 0.1875
vt 0.6703 0.1875
vt 0.7231 0.0386
vt 0.6703 0.0386
vt 0.7231 0.9319
vt 0.7231 0.7830
vt 0.6703 0.7830
vt 0.6703 0.9319
vt 0.7231 0.6341
vt 0.6703 0.6341
vt 0.7231 0.4853
vt 0.6703 0.4853
vt 0.7231 0.3364
vt 0.6703 0.3364
vt 0.7231 0.1875
vt 0.6703 0.1875
vt 0.7231 0.0386
vt 0.6703 0.0386
vt 0.7231 0.9319
vt 0.7231 0.7830
vt 0.6703 0.7830
vt 0.6703 0.9319
vt 0.7231 0.6341
vt 0.6703 0.6341
vt 0.7231 0.4853
vt 0.6703 0.4853
vt 0.7231 0.3364
vt 0.6703 0.3364
vt 0.7231 0.1875
vt 0.6703 0.1875
vt 0.7231 0.0386
vt 0.6703 0.0386
vt 0.9832 0.9106
vt 0.9832 0.8020
vt 0.9319 0.8020
vt 0.9319 0.9106
vt 0.9832 0.6934
vt 0.9319 0.6934
vt 0.9832 0.5847
vt 0.9319 0.5847
vt 0.9832 0.4762
vt 0.9319 0.4762
vt 0.9832 0.3676
vt 0.9319 0.3676
vt 0.9832 0.2589
vt 0.9319 0.2589
vt 0.9832 0.1504
vt 0.9319 0.1504
vt 0.9832 0.0418
vt 0.9319 0.0418
vt 0.8440 0.9482
vt 0.8440 0.8213
vt 0.7915 0.8213
vt 0.7915 0.9482
vt 0.8440 0.6942
vt 0.7915 0.6942
vt 0.8440 0.5673
vt 0.7915 0.5673
vt 0.8440 0.4403
vt 0.7915 0.4403
vt 0.8440 0.3134
vt 0.7915 0.3134
vt 0.8440 0.1863
vt 0.7915 0.1863
vt 0.8440 0.9482
vt 0.8440 0.8213
vt 0.7915 0.8213
vt 0.7915 0.9482
vt 0.8440 0.6942
vt 0.7915 0.6942
vt 0.8440 0.5673
vt 0.7915 0.5673
vt 0.8440 0.4403
vt 0.7915 0.4403
vt 0.8440 0.3134
vt 0.7915 0.3134
vt 0.8440 0.1863
vt 0.7915 0.1863
vt 0.8440 0.0594
vt 0.7915 0.0594
vt 0.7231 0.9319
vt 0.7231 0.7830
vt 0.6703 0.7830
vt 0.6703 0.9319
vt 0.7231 0.6341
vt 0.6703 0.6341
vt 0.7231 0.4853
vt 0.6703 0.4853
vt 0.7231 0.3364
vt 0.6703 0.3364
vt 0.7231 0.1875
vt 0.6703 0.1875
vt 0.7231 0.0386
vt 0.6703 0.0386
vt 0.8440 0.9482
vt 0.8440 0.8213
vt 0.7915 0.8213
vt 0.7915 0.9482
vt 0.8440 0.6942
vt 0.7915 0.6942
vt 0.8440 0.5673
vt 0.7915 0.5673
vt 0.8440 0.4403
vt 0.7915 0.4403
vt 0.8440 0.3134
vt 0.7915 0.3134
vt 0.8440 0.1863
vt 0.7915 0.1863
vt 0.8440 0.0594
vt 0.7915 0.0594
vt 0.8440 0.9482
vt 0.8440 0.8213
vt 0.7915 0.8213
vt 0.7915 0.9482
vt 0.8440 0.6942
vt 0.7915 0.6942
vt 0.8440 0.5673
vt 0.7915 0.5673
vt 0.8440 0.4403
vt 0.7915 0.4403
vt 0.8440 0.3134
vt 0.7915 0.3134
vt 0.8440 0.1863
vt 0.7915 0.1863
vt 0.8440 0.0594
vt 0.7915 0.0594
vt 0.8440 0.9482
vt 0.8440 0.8213
vt 0.7915 0.8213
vt 0.7915 0.9482
vt 0.8440 0.6942
vt 0.7915 0.6942
vt 0.8440 0.5673
vt 0.7915 0.5673
vt 0.8440 0.4403
vt 0.7915 0.4403
vt 0.8440 0.3134
vt 0.7915 0.3134
vt 0.8440 0.1863
vt 0.7915 0.1863
vt 0.8440 0.0594
vt 0.7915 0.0594
vt 0.9832 0.9106
vt 0.9832 0.8020
vt 0.9319 0.8020
vt 0.9319 0.9106
vt 0.9832 0.6934
vt 0.9319 0.6934
vt 0.9832 0.5847
vt 0.9319 0.5847
vt 0.9832 0.4762
vt 0.9319 0.4762
vt 0.9832 0.3676
vt 0.9319 0.3676
vt 0.9832 0.2589
vt 0.9319 0.2589
vt 0.9832 0.1504
vt 0.9319 0.1504
vt 0.9832 0.0418
vt 0.9319 0.0418
vt 0.9832 0.9106
vt 0.9832 0.8020
vt 0.9319 0.8020
vt 0.9319 0.9106
vt 0.9832 0.6934
vt 0.9319 0.6934
vt 0.9832 0.5847
vt 0.9319 0.5847
vt 0.9832 0.4762
vt 0.9319 0.4762
vt 0.9832 0.3676
vt 0.9319 0.3676
vt 0.9832 0.2589
vt 0.9319 0.2589
vt 0.9832 0.1504
vt 0.9319 0.1504
vt 0.9832 0.0418
vt 0.9319 0.0418
vt 0.7231 0.9319
vt 0.7231 0.7830
vt 0.6703 0.7830
vt 0.6703 0.9319
vt 0.7231 0.6341
vt 0.6703 0.6341
vt 0.7231 0.4853
vt 0.6703 0.4853
vt 0.7231 0.3364
vt 0.6703 0.3364
vt 0.7231 0.1875
vt 0.6703 0.1875
vt 0.7231 0.0386
vt 0.6703 0.0386
vt 0.7231 0.9319
vt 0.7231 0.7830
vt 0.6703 0.7830
vt 0.6703 0.9319
vt 0.7231 0.6341
vt 0.6703 0.6341
vt 0.7231 0.4853
vt 0.6703 0.4853
vt 0.7231 0.3364
vt 0.6703 0.3364
vt 0.7231 0.1875
vt 0.6703 0.1875
vt 0.7231 0.0386
vt 0.6703 0.0386
vt 0.7231 0.9319
vt 0.7231 0.7830
vt 0.6703 0.7830
vt 0.6703 0.9319
vt 0.7231 0.6341
vt 0.6703 0.6341
vt 0.7231 0.4853
vt 0.6703 0.4853
vt 0.7231 0.3364
vt 0.6703 0.3364
vt 0.7231 0.1875
vt 0.6703 0.1875
vt 0.7231 0.0386
vt 0.6703 0.0386
vt 0.7231 0.9319
vt 0.7231 0.7830
vt 0.6703 0.7830
vt 0.6703 0.9319
vt 0.7231 0.6341
vt 0.6703 0.6341
vt 0.7231 0.4853
vt 0.6703 0.4853
vt 0.7231 0.3364
vt 0.6703 0.3364
vt 0.7231 0.1875
vt 0.6703 0.1875
vt 0.7231 0.0386
vt 0.6703 0.0386
vt 0.7804 0.8644
vt 0.7804 0.8028
vt 0.7331 0.8028
vt 0.7331 0.8644
vt 0.7804 0.7411
vt 0.7331 0.7411
vt 0.7804 0.6794
vt 0.7331 0.6794
vt 0.7804 0.6177
vt 0.7331 0.6177
vt 0.7804 0.5561
vt 0.7331 0.5561
vt 0.7804 0.4944
vt 0.7331 0.4944
vt 0.7804 0.4327
vt 0.7331 0.4327
vt 0.7804 0.3710
vt 0.7331 0.3710
vt 0.7804 0.3094
vt 0.7331 0.3094
vt 0.7804 0.2477
vt 0.7331 0.2477
vt 0.7804 0.1860
vt 0.7331 0.1860
vt 0.7804 0.1244
vt 0.7331 0.1244
vt 0.7804 0.0627
vt 0.7331 0.0627
vt 0.7796 0.8343
vt 0.7796 0.7639
vt 0.7339 0.7639
vt 0.7339 0.8343
vt 0.7796 0.6936
vt 0.7339 0.6936
vt 0.7796 0.6233
vt 0.7339 0.6233
vt 0.7796 0.5529
vt 0.7339 0.5529
vt 0.7796 0.4826
vt 0.7339 0.4826
vt 0.7796 0.4122
vt 0.7339 0.4122
vt 0.7796 0.3419
vt 0.7339 0.3419
vt 0.7796 0.2716
vt 0.7339 0.2716
vt 0.7796 0.2012
vt 0.7339 0.2012
vt 0.7796 0.1309
vt 0.7339 0.1309
vt 0.7796 0.0605
vt 0.7339 0.0605
vt 0.9161 0.9462
vt 0.9161 0.8563
vt 0.8631 0.8563
vt 0.8631 0.9462
vt 0.9161 0.7666
vt 0.8631 0.7666
vt 0.9161 0.6767
vt 0.8631 0.6767
vt 0.9161 0.5868
vt 0.8631 0.5868
vt 0.9161 0.4969
vt 0.8631 0.4969
vt 0.9161 0.4070
vt 0.8631 0.4070
vt 0.9161 0.3171
vt 0.8631 0.3171
vt 0.9161 0.2274
vt 0.8631 0.2274
vt 0.9161 0.1375
vt 0.8631 0.1375
vt 0.9161 0.0476
vt 0.8631 0.0476
vt 0.9832 0.6934
vt 0.9832 0.4762
vt 0.9319 0.4762
vt 0.9319 0.6934
vt 0.9832 0.2589
vt 0.9319 0.2589
vt 0.9832 0.0418
vt 0.9319 0.0418
vt 0.7231 0.9319
vt 0.7231 0.7533
vt 0.6703 0.7533
vt 0.6703 0.9319
vt 0.7231 0.5746
vt 0.6703 0.5746
vt 0.7231 0.3959
vt 0.6703 0.3959
vt 0.7231 0.2173
vt 0.6703 0.2173
vt 0.7231 0.0386
vt 0.6703 0.0386
vt 0.7231 0.9319
vt 0.7231 0.7533
vt 0.6703 0.7533
vt 0.6703 0.9319
vt 0.7231 0.5746
vt 0.6703 0.5746
vt 0.7231 0.3959
vt 0.6703 0.3959
vt 0.7231 0.2173
vt 0.6703 0.2173
vt 0.7231 0.0386
vt 0.6703 0.0386
vt 0.9832 0.9106
vt 0.9319 0.9106
vt 0.8440 0.9482
vt 0.8440 0.8213
vt 0.7915 0.8213
vt 0.7915 0.9482
vt 0.8440 0.6942
vt 0.7915 0.6942
vt 0.8440 0.5673
vt 0.7915 0.5673
vt 0.8440 0.4403
vt 0.7915 0.4403
vt 0.8440 0.3134
vt 0.7915 0.3134
vt 0.8440 0.1863
vt 0.7915 0.1863
vt 0.8440 0.0594
vt 0.7915 0.0594
vt 0.8440 0.9482
vt 0.8440 0.8213
vt 0.7915 0.8213
vt 0.7915 0.9482
vt 0.8440 0.6942
vt 0.7915 0.6942
vt 0.8440 0.5673
vt 0.7915 0.5673
vt 0.8440 0.4403
vt 0.7915 0.4403
vt 0.8440 0.3134
vt 0.7915 0.3134
vt 0.8440 0.1863
vt 0.7915 0.1863
vt 0.8440 0.0594
vt 0.7915 0.0594
vt 0.8440 0.9482
vt 0.8440 0.8213
vt 0.7915 0.8213
vt 0.7915 0.9482
vt 0.8440 0.6942
vt 0.8440 0.5673
vt 0.7915 0.5673
vt 0.7915 0.6942
vt 0.8440 0.4403
vt 0.7915 0.4403
vt 0.8440 0.3134
vt 0.7915 0.3134
vt 0.8440 0.1863
vt 0.7915 0.1863
vt 0.8440 0.0594
vt 0.7915 0.0594
vt 0.8440 0.9482
vt 0.8440 0.8213
vt 0.7915 0.8213
vt 0.7915 0.9482
vt 0.8440 0.6942
vt 0.7915 0.6942
vt 0.8440 0.5673
vt 0.7915 0.5673
vt 0.8440 0.4403
vt 0.7915 0.4403
vt 0.8440 0.3134
vt 0.7915 0.3134
vt 0.8440 0.1863
vt 0.7915 0.1863
vt 0.8440 0.0594
vt 0.7915 0.0594
vt 0.9832 0.9106
vt 0.9832 0.6934
vt 0.9319 0.6934
vt 0.9319 0.9106
vt 0.9832 0.4762
vt 0.9319 0.4762
vt 0.9832 0.2589
vt 0.9319 0.2589
vt 0.9832 0.0418
vt 0.9319 0.0418
vt 0.7231 0.9319
vt 0.7231 0.7830
vt 0.6703 0.7830
vt 0.6703 0.9319
vt 0.7231 0.6341
vt 0.6703 0.6341
vt 0.7231 0.4853
vt 0.6703 0.4853
vt 0.7231 0.3364
vt 0.6703 0.3364
vt 0.7231 0.1875
vt 0.6703 0.1875
vt 0.7231 0.0386
vt 0.6703 0.0386
vt 0.7231 0.9319
vt 0.7231 0.7533
vt 0.6703 0.7533
vt 0.6703 0.9319
vt 0.7231 0.5746
vt 0.6703 0.5746
vt 0.7231 0.3959
vt 0.6703 0.3959
vt 0.7231 0.2173
vt 0.6703 0.2173
vt 0.7231 0.0386
vt 0.6703 0.0386
vt 0.7231 0.9319
vt 0.7231 0.7830
vt 0.6703 0.7830
vt 0.6703 0.9319
vt 0.7231 0.6341
vt 0.6703 0.6341
vt 0.7231 0.4853
vt 0.6703 0.4853
vt 0.7231 0.3364
vt 0.6703 0.3364
vt 0.7231 0.1875
vt 0.6703 0.1875
vt 0.7231 0.0386
vt 0.6703 0.0386
vt 0.7231 0.9319
vt 0.7231 0.7533
vt 0.6703 0.7533
vt 0.6703 0.9319
vt 0.7231 0.5746
vt 0.6703 0.5746
vt 0.7231 0.3959
vt 0.6703 0.3959
vt 0.7231 0.2173
vt 0.6703 0.2173
vt 0.7231 0.0386
vt 0.6703 0.0386
vt 0.7231 0.9319
vt 0.7231 0.7533
vt 0.6703 0.7533
vt 0.6703 0.9319
vt 0.7231 0.5746
vt 0.6703 0.5746
vt 0.7231 0.3959
vt 0.6703 0.3959
vt 0.7231 0.2173
vt 0.6703 0.2173
vt 0.7231 0.0386
vt 0.6703 0.0386
vt 0.7231 0.9319
vt 0.7231 0.7533
vt 0.6703 0.7533
vt 0.6703 0.9319
vt 0.7231 0.5746
vt 0.6703 0.5746
vt 0.7231 0.3959
vt 0.6703 0.3959
vt 0.7231 0.2173
vt 0.6703 0.2173
vt 0.7231 0.0386
vt 0.6703 0.0386
vt 0.9832 0.9106
vt 0.9832 0.6934
vt 0.9319 0.6934
vt 0.9319 0.9106
vt 0.9832 0.4762
vt 0.9319 0.4762
vt 0.9832 0.2589
vt 0.9319 0.2589
vt 0.9832 0.0418
vt 0.9319 0.0418
vt 0.7231 0.9319
vt 0.7231 0.7830
vt 0.6703 0.7830
vt 0.6703 0.9319
vt 0.7231 0.6341
vt 0.6703 0.6341
vt 0.7231 0.4853
vt 0.7231 0.3364
vt 0.6703 0.3364
vt 0.6703 0.4853
vt 0.7231 0.1875
vt 0.6703 0.1875
vt 0.7231 0.0386
vt 0.6703 0.0386
vt 0.7231 0.9319
vt 0.7231 0.7830
vt 0.6703 0.7830
vt 0.6703 0.9319
vt 0.7231 0.6341
vt 0.6703 0.6341
vt 0.7231 0.4853
vt 0.6703 0.4853
vt 0.7231 0.3364
vt 0.6703 0.3364
vt 0.7231 0.1875
vt 0.6703 0.1875
vt 0.7231 0.0386
vt 0.6703 0.0386
vt 0.8440 0.9482
vt 0.8440 0.8213
vt 0.7915 0.8213
vt 0.7915 0.9482
vt 0.8440 0.6942
vt 0.7915 0.6942
vt 0.8440 0.5673
vt 0.7915 0.5673
vt 0.8440 0.4403
vt 0.7915 0.4403
vt 0.8440 0.3134
vt 0.7915 0.3134
vt 0.8440 0.1863
vt 0.7915 0.1863
vt 0.8440 0.0594
vt 0.7915 0.0594
vt 0.7231 0.9319
vt 0.7231 0.7830
vt 0.6703 0.7830
vt 0.6703 0.9319
vt 0.7231 0.6341
vt 0.6703 0.6341
vt 0.7231 0.4853
vt 0.6703 0.4853
vt 0.7231 0.3364
vt 0.6703 0.3364
vt 0.7231 0.1875
vt 0.6703 0.1875
vt 0.7231 0.0386
vt 0.6703 0.0386
vt 0.8440 0.9482
vt 0.8440 0.8213
vt 0.7915 0.8213
vt 0.7915 0.9482
vt 0.8440 0.6942
vt 0.7915 0.6942
vt 0.8440 0.5673
vt 0.7915 0.5673
vt 0.8440 0.4403
vt 0.7915 0.4403
vt 0.8440 0.3134
vt 0.7915 0.3134
vt 0.8440 0.1863
vt 0.7915 0.1863
vt 0.8440 0.0594
vt 0.7915 0.0594
vt 0.9832 0.9106
vt 0.9832 0.6934
vt 0.9319 0.6934
vt 0.9319 0.9106
vt 0.9832 0.4762
vt 0.9319 0.4762
vt 0.9832 0.2589
vt 0.9319 0.2589
vt 0.9832 0.0418
vt 0.9319 0.0418
vt 0.9832 0.9106
vt 0.9832 0.6934
vt 0.9319 0.6934
vt 0.9319 0.9106
vt 0.9832 0.4762
vt 0.9319 0.4762
vt 0.9832 0.2589
vt 0.9319 0.2589
vt 0.9832 0.0418
vt 0.9319 0.0418
vt 0.7231 0.9319
vt 0.7231 0.7533
vt 0.6703 0.7533
vt 0.6703 0.9319
vt 0.7231 0.5746
vt 0.6703 0.5746
vt 0.7231 0.3959
vt 0.6703 0.3959
vt 0.7231 0.2173
vt 0.6703 0.2173
vt 0.7231 0.0386
vt 0.6703 0.0386
vt 0.7231 0.9319
vt 0.7231 0.7830
vt 0.6703 0.7830
vt 0.6703 0.9319
vt 0.7231 0.6341
vt 0.6703 0.6341
vt 0.7231 0.4853
vt 0.6703 0.4853
vt 0.7231 0.3364
vt 0.6703 0.3364
vt 0.7231 0.1875
vt 0.6703 0.1875
vt 0.7231 0.0386
vt 0.6703 0.0386
vt 0.7231 0.9319
vt 0.7231 0.7533
vt 0.6703 0.7533
vt 0.6703 0.9319
vt 0.7231 0.2173
vt 0.7231 0.0386
vt 0.6703 0.0386
vt 0.6703 0.2173
vt 0.7231 0.5746
vt 0.6703 0.5746
vt 0.7231 0.3959
vt 0.6703 0.3959
vt 0.7231 0.9319
vt 0.7231 0.8328
vt 0.6703 0.8328
vt 0.6703 0.9319
vt 0.7231 0.7335
vt 0.6703 0.7335
vt 0.7231 0.6341
vt 0.6703 0.6341
vt 0.7231 0.5348
vt 0.6703 0.5348
vt 0.7231 0.4357
vt 0.6703 0.4357
vt 0.7231 0.3364
vt 0.6703 0.3364
vt 0.7231 0.2371
vt 0.6703 0.2371
vt 0.7231 0.1379
vt 0.6703 0.1379
vt 0.7231 0.0386
vt 0.6703 0.0386
vt 0.8440 0.9482
vt 0.8440 0.8213
vt 0.7915 0.8213
vt 0.7915 0.9482
vt 0.8440 0.6942
vt 0.7915 0.6942
vt 0.8440 0.5673
vt 0.7915 0.5673
vt 0.8440 0.4403
vt 0.7915 0.4403
vt 0.8440 0.3134
vt 0.7915 0.3134
vt 0.8440 0.1863
vt 0.7915 0.1863
vt 0.8440 0.0594
vt 0.7915 0.0594
vt 0.9832 0.9106
vt 0.9832 0.8020
vt 0.9319 0.8020
vt 0.9319 0.9106
vt 0.9832 0.6934
vt 0.9319 0.6934
vt 0.9832 0.5847
vt 0.9319 0.5847
vt 0.9832 0.4762
vt 0.9319 0.4762
vt 0.9832 0.3676
vt 0.9319 0.3676
vt 0.9832 0.2589
vt 0.9319 0.2589
vt 0.9832 0.1504
vt 0.9319 0.1504
vt 0.9832 0.0418
vt 0.9319 0.0418
vt 0.9832 0.9106
vt 0.9832 0.8020
vt 0.9319 0.8020
vt 0.9319 0.9106
vt 0.9832 0.6934
vt 0.9319 0.6934
vt 0.9832 0.5847
vt 0.9319 0.5847
vt 0.9832 0.4762
vt 0.9319 0.4762
vt 0.9832 0.3676
vt 0.9319 0.3676
vt 0.9832 0.2589
vt 0.9319 0.2589
vt 0.9832 0.1504
vt 0.9319 0.1504
vt 0.9832 0.0418
vt 0.9319 0.0418
vt 0.7231 0.9319
vt 0.7231 0.8328
vt 0.6703 0.8328
vt 0.6703 0.9319
vt 0.7231 0.7335
vt 0.6703 0.7335
vt 0.7231 0.6341
vt 0.6703 0.6341
vt 0.7231 0.5348
vt 0.6703 0.5348
vt 0.7231 0.4357
vt 0.6703 0.4357
vt 0.7231 0.3364
vt 0.6703 0.3364
vt 0.7231 0.2371
vt 0.6703 0.2371
vt 0.7231 0.1379
vt 0.6703 0.1379
vt 0.7231 0.0386
vt 0.6703 0.0386
vt 0.8440 0.6942
vt 0.8440 0.5673
vt 0.7915 0.5673
vt 0.7915 0.6942
vt 0.8440 0.4403
vt 0.7915 0.4403
vt 0.8440 0.3134
vt 0.7915 0.3134
vt 0.8440 0.1863
vt 0.7915 0.1863
vt 0.8440 0.0594
vt 0.7915 0.0594
vt 0.8440 0.9482
vt 0.8440 0.8213
vt 0.7915 0.8213
vt 0.7915 0.9482
vt 0.9832 0.9106
vt 0.9832 0.8020
vt 0.9319 0.8020
vt 0.9319 0.9106
vt 0.9832 0.6934
vt 0.9319 0.6934
vt 0.9832 0.5847
vt 0.9319 0.5847
vt 0.9832 0.4762
vt 0.9319 0.4762
vt 0.9832 0.3676
vt 0.9319 0.3676
vt 0.9832 0.2589
vt 0.9319 0.2589
vt 0.9832 0.1504
vt 0.9319 0.1504
vt 0.9832 0.0418
vt 0.9319 0.0418
vt 0.7231 0.9319
vt 0.7231 0.8328
vt 0.6703 0.8328
vt 0.6703 0.9319
vt 0.7231 0.7335
vt 0.6703 0.7335
vt 0.7231 0.6341
vt 0.6703 0.6341
vt 0.7231 0.5348
vt 0.6703 0.5348
vt 0.7231 0.4357
vt 0.6703 0.4357
vt 0.7231 0.3364
vt 0.6703 0.3364
vt 0.7231 0.2371
vt 0.6703 0.2371
vt 0.7231 0.1379
vt 0.6703 0.1379
vt 0.7231 0.0386
vt 0.6703 0.0386
vt 0.7231 0.9319
vt 0.7231 0.8328
vt 0.6703 0.8328
vt 0.6703 0.9319
vt 0.7231 0.7335
vt 0.6703 0.7335
vt 0.7231 0.6341
vt 0.6703 0.6341
vt 0.7231 0.5348
vt 0.6703 0.5348
vt 0.7231 0.4357
vt 0.6703 0.4357
vt 0.7231 0.3364
vt 0.6703 0.3364
vt 0.7231 0.2371
vt 0.6703 0.2371
vt 0.7231 0.1379
vt 0.6703 0.1379
vt 0.7231 0.0386
vt 0.6703 0.0386
vt 0.9832 0.9106
vt 0.9832 0.8020
vt 0.9319 0.8020
vt 0.9319 0.9106
vt 0.9832 0.6934
vt 0.9319 0.6934
vt 0.9832 0.5847
vt 0.9319 0.5847
vt 0.9832 0.4762
vt 0.9319 0.4762
vt 0.9832 0.3676
vt 0.9319 0.3676
vt 0.9832 0.2589
vt 0.9319 0.2589
vt 0.9832 0.1504
vt 0.9319 0.1504
vt 0.9832 0.0418
vt 0.9319 0.0418
vt 0.7231 0.9319
vt 0.7231 0.7830
vt 0.6703 0.7830
vt 0.6703 0.9319
vt 0.7231 0.6341
vt 0.6703 0.6341
vt 0.7231 0.4853
vt 0.6703 0.4853
vt 0.7231 0.3364
vt 0.6703 0.3364
vt 0.7231 0.1875
vt 0.6703 0.1875
vt 0.9832 0.9106
vt 0.9832 0.8020
vt 0.9319 0.8020
vt 0.9319 0.9106
vt 0.9832 0.6934
vt 0.9319 0.6934
vt 0.9832 0.5847
vt 0.9319 0.5847
vt 0.9832 0.4762
vt 0.9319 0.4762
vt 0.9832 0.3676
vt 0.9832 0.2589
vt 0.9319 0.2589
vt 0.9319 0.3676
vt 0.9832 0.1504
vt 0.9319 0.1504
vt 0.9832 0.0418
vt 0.9319 0.0418
vt 0.7231 0.0386
vt 0.6703 0.0386
vt 0.7231 0.9319
vt 0.7231 0.8328
vt 0.6703 0.8328
vt 0.6703 0.9319
vt 0.7231 0.7335
vt 0.6703 0.7335
vt 0.7231 0.6341
vt 0.6703 0.6341
vt 0.7231 0.5348
vt 0.6703 0.5348
vt 0.7231 0.4357
vt 0.7231 0.3364
vt 0.6703 0.3364
vt 0.6703 0.4357
vt 0.7231 0.2371
vt 0.6703 0.2371
vt 0.7231 0.1379
vt 0.6703 0.1379
vt 0.7231 0.0386
vt 0.6703 0.0386
vt 0.9832 0.9106
vt 0.9832 0.8020
vt 0.9319 0.8020
vt 0.9319 0.9106
vt 0.9832 0.6934
vt 0.9319 0.6934
vt 0.9832 0.5847
vt 0.9319 0.5847
vt 0.9832 0.4762
vt 0.9319 0.4762
vt 0.9832 0.3676
vt 0.9319 0.3676
vt 0.9832 0.2589
vt 0.9319 0.2589
vt 0.9832 0.1504
vt 0.9319 0.1504
vt 0.9832 0.0418
vt 0.9319 0.0418
vt 0.8440 0.9482
vt 0.8440 0.8213
vt 0.7915 0.8213
vt 0.7915 0.9482
vt 0.8440 0.6942
vt 0.7915 0.6942
vt 0.8440 0.5673
vt 0.7915 0.5673
vt 0.8440 0.4403
vt 0.7915 0.4403
vt 0.8440 0.3134
vt 0.7915 0.3134
vt 0.8440 0.1863
vt 0.7915 0.1863
vt 0.8440 0.0594
vt 0.7915 0.0594
vt 0.7796 0.8343
vt 0.7796 0.7639
vt 0.7339 0.7639
vt 0.7339 0.8343
vt 0.7796 0.6936
vt 0.7339 0.6936
vt 0.7796 0.6233
vt 0.7339 0.6233
vt 0.7796 0.5529
vt 0.7339 0.5529
vt 0.7796 0.4826
vt 0.7339 0.4826
vt 0.7796 0.4122
vt 0.7339 0.4122
vt 0.7796 0.3419
vt 0.7339 0.3419
vt 0.7796 0.2716
vt 0.7339 0.2716
vt 0.7796 0.2012
vt 0.7339 0.2012
vt 0.7796 0.1309
vt 0.7339 0.1309
vt 0.7796 0.0605
vt 0.7339 0.0605
vt 0.9832 0.9106
vt 0.9832 0.8382
vt 0.9319 0.8382
vt 0.9319 0.9106
vt 0.9832 0.7658
vt 0.9319 0.7658
vt 0.9832 0.6934
vt 0.9319 0.6934
vt 0.9832 0.6210
vt 0.9319 0.6210
vt 0.9832 0.5486
vt 0.9319 0.5486
vt 0.9832 0.4762
vt 0.9319 0.4762
vt 0.9832 0.4038
vt 0.9319 0.4038
vt 0.9832 0.3314
vt 0.9319 0.3314
vt 0.9832 0.2589
vt 0.9319 0.2589
vt 0.9832 0.1866
vt 0.9319 0.1866
vt 0.9832 0.1141
vt 0.9319 0.1141
vt 0.9832 0.0418
vt 0.9319 0.0418
vt 0.7796 0.8343
vt 0.7796 0.7639
vt 0.7339 0.7639
vt 0.7339 0.8343
vt 0.7796 0.6936
vt 0.7339 0.6936
vt 0.7796 0.6233
vt 0.7339 0.6233
vt 0.7796 0.5529
vt 0.7339 0.5529
vt 0.7796 0.4826
vt 0.7339 0.4826
vt 0.7796 0.4122
vt 0.7339 0.4122
vt 0.7796 0.3419
vt 0.7339 0.3419
vt 0.7796 0.2716
vt 0.7339 0.2716
vt 0.7796 0.2012
vt 0.7339 0.2012
vt 0.7796 0.1309
vt 0.7339 0.1309
vt 0.7796 0.0605
vt 0.7339 0.0605
vt 0.8440 0.9482
vt 0.8440 0.8848
vt 0.7915 0.8848
vt 0.7915 0.9482
vt 0.8440 0.8213
vt 0.7915 0.8213
vt 0.8440 0.7578
vt 0.7915 0.7578
vt 0.8440 0.6942
vt 0.7915 0.6942
vt 0.8440 0.6308
vt 0.7915 0.6308
vt 0.8440 0.5673
vt 0.8440 0.5038
vt 0.7915 0.5038
vt 0.7915 0.5673
vt 0.8440 0.4403
vt 0.7915 0.4403
vt 0.8440 0.3769
vt 0.7915 0.3769
vt 0.8440 0.3134
vt 0.7915 0.3134
vt 0.8440 0.2498
vt 0.7915 0.2498
vt 0.8440 0.1863
vt 0.7915 0.1863
vt 0.8440 0.1229
vt 0.7915 0.1229
vt 0.8440 0.0594
vt 0.7915 0.0594
vt 0.7804 0.8644
vt 0.7804 0.8028
vt 0.7331 0.8028
vt 0.7331 0.8644
vt 0.7804 0.7411
vt 0.7331 0.7411
vt 0.7804 0.6794
vt 0.7331 0.6794
vt 0.7804 0.6177
vt 0.7331 0.6177
vt 0.7804 0.5561
vt 0.7331 0.5561
vt 0.7804 0.4944
vt 0.7331 0.4944
vt 0.7804 0.4327
vt 0.7331 0.4327
vt 0.7804 0.3710
vt 0.7331 0.3710
vt 0.7804 0.3094
vt 0.7331 0.3094
vt 0.7804 0.2477
vt 0.7331 0.2477
vt 0.7804 0.1860
vt 0.7804 0.1244
vt 0.7331 0.1244
vt 0.7331 0.1860
vt 0.7804 0.0627
vt 0.7331 0.0627
vt 0.9832 0.9106
vt 0.9832 0.8382
vt 0.9319 0.8382
vt 0.9319 0.9106
vt 0.9832 0.7658
vt 0.9319 0.7658
vt 0.9832 0.6934
vt 0.9319 0.6934
vt 0.9832 0.6210
vt 0.9319 0.6210
vt 0.9832 0.5486
vt 0.9319 0.5486
vt 0.9832 0.4762
vt 0.9832 0.4038
vt 0.9319 0.4038
vt 0.9319 0.4762
vt 0.9832 0.3314
vt 0.9319 0.3314
vt 0.9832 0.2589
vt 0.9319 0.2589
vt 0.9832 0.1866
vt 0.9319 0.1866
vt 0.9832 0.1141
vt 0.9319 0.1141
vt 0.9832 0.0418
vt 0.9319 0.0418
vt 0.9832 0.9106
vt 0.9832 0.8382
vt 0.9319 0.8382
vt 0.9319 0.9106
vt 0.9832 0.7658
vt 0.9319 0.7658
vt 0.9832 0.6934
vt 0.9319 0.6934
vt 0.9832 0.6210
vt 0.9319 0.6210
vt 0.9832 0.5486
vt 0.9319 0.5486
vt 0.9832 0.4762
vt 0.9319 0.4762
vt 0.9832 0.4038
vt 0.9319 0.4038
vt 0.9832 0.3314
vt 0.9319 0.3314
vt 0.9832 0.2589
vt 0.9319 0.2589
vt 0.9832 0.1866
vt 0.9319 0.1866
vt 0.9832 0.1141
vt 0.9319 0.1141
vt 0.9832 0.0418
vt 0.9319 0.0418
vt 0.8440 0.9482
vt 0.8440 0.8848
vt 0.7915 0.8848
vt 0.7915 0.9482
vt 0.8440 0.7578
vt 0.8440 0.6942
vt 0.7915 0.6942
vt 0.7915 0.7578
vt 0.8440 0.6308
vt 0.7915 0.6308
vt 0.8440 0.5673
vt 0.7915 0.5673
vt 0.8440 0.5038
vt 0.7915 0.5038
vt 0.8440 0.4403
vt 0.8440 0.3769
vt 0.7915 0.3769
vt 0.7915 0.4403
vt 0.8440 0.3134
vt 0.7915 0.3134
vt 0.8440 0.2498
vt 0.7915 0.2498
vt 0.8440 0.1863
vt 0.7915 0.1863
vt 0.8440 0.1229
vt 0.7915 0.1229
vt 0.8440 0.8213
vt 0.7915 0.8213
vt 0.8440 0.0594
vt 0.7915 0.0594
vt 0.9829 0.7957
vt 0.9829 0.7103
vt 0.9302 0.7103
vt 0.9302 0.7957
vt 0.9829 0.6249
vt 0.9302 0.6249
vt 0.9829 0.5395
vt 0.9302 0.5395
vt 0.9829 0.4541
vt 0.9302 0.4541
vt 0.9829 0.3793
vt 0.9302 0.3793
vt 0.9829 0.2404
vt 0.9302 0.2404
vt 0.7231 0.9319
vt 0.7231 0.7830
vt 0.6703 0.7830
vt 0.6703 0.9319
vt 0.7231 0.6341
vt 0.6703 0.6341
vt 0.7231 0.4853
vt 0.6703 0.4853
vt 0.7231 0.3364
vt 0.6703 0.3364
vt 0.7231 0.1875
vt 0.6703 0.1875
vt 0.7231 0.0386
vt 0.6703 0.0386
vt 0.9829 0.9319
vt 0.9829 0.7830
vt 0.9302 0.7830
vt 0.9302 0.9319
vt 0.9829 0.6341
vt 0.9302 0.6341
vt 0.9829 0.4853
vt 0.9302 0.4853
vt 0.9829 0.3364
vt 0.9302 0.3364
vt 0.9829 0.1875
vt 0.9302 0.1875
vt 0.9829 0.0386
vt 0.9302 0.0386
vt 0.9829 0.8877
vt 0.9829 0.7712
vt 0.9302 0.7712
vt 0.9302 0.8877
vt 0.9829 0.6548
vt 0.9302 0.6548
vt 0.9829 0.5384
vt 0.9302 0.5384
vt 0.9829 0.4220
vt 0.9302 0.4220
vt 0.9829 0.3272
vt 0.9302 0.3272
vt 0.9829 0.1783
vt 0.9302 0.1783
vt 0.9829 0.9351
vt 0.9829 0.7898
vt 0.9302 0.7898
vt 0.9302 0.9351
vt 0.9829 0.6445
vt 0.9302 0.6445
vt 0.9829 0.4992
vt 0.9302 0.4992
vt 0.9829 0.3539
vt 0.9302 0.3539
vt 0.9829 0.1793
vt 0.9302 0.1793
vt 0.7745 0.7556
vt 0.7745 0.6414
vt 0.7330 0.6414
vt 0.7330 0.7556
vt 0.7745 0.5271
vt 0.7330 0.5271
vt 0.7745 0.4129
vt 0.7330 0.4129
vt 0.7745 0.2987
vt 0.7330 0.2987
vt 0.7745 0.1614
vt 0.7330 0.1614
vt 0.9832 0.9106
vt 0.9832 0.6934
vt 0.9319 0.6934
vt 0.9319 0.9106
vt 0.9832 0.4762
vt 0.9319 0.4762
vt 0.9832 0.2589
vt 0.9319 0.2589
vt 0.9832 0.0418
vt 0.9319 0.0418
vt 0.7745 0.6176
vt 0.7745 0.5313
vt 0.7330 0.5313
vt 0.7330 0.6176
vt 0.7745 0.4451
vt 0.7330 0.4451
vt 0.7745 0.3588
vt 0.7330 0.3588
vt 0.7745 0.2989
vt 0.7330 0.2989
vt 0.7745 0.1863
vt 0.7330 0.1863
vt 0.7231 0.9319
vt 0.7231 0.7533
vt 0.6703 0.7533
vt 0.6703 0.9319
vt 0.7231 0.5746
vt 0.6703 0.5746
vt 0.7231 0.3959
vt 0.6703 0.3959
vt 0.7231 0.2173
vt 0.6703 0.2173
vt 0.7231 0.0386
vt 0.6703 0.0386
vt 0.9832 0.9106
vt 0.9832 0.6934
vt 0.9319 0.6934
vt 0.9319 0.9106
vt 0.9832 0.4762
vt 0.9832 0.2589
vt 0.9319 0.2589
vt 0.9319 0.4762
vt 0.9832 0.0418
vt 0.9319 0.0418
vt 0.9832 0.9106
vt 0.9832 0.6934
vt 0.9319 0.6934
vt 0.9319 0.9106
vt 0.9832 0.4762
vt 0.9319 0.4762
vt 0.9832 0.2589
vt 0.9319 0.2589
vt 0.9832 0.9106
vt 0.9832 0.6934
vt 0.9319 0.6934
vt 0.9319 0.9106
vt 0.9832 0.4762
vt 0.9319 0.4762
vt 0.9832 0.2589
vt 0.9319 0.2589
vt 0.9832 0.0418
vt 0.9319 0.0418
vt 0.9832 0.0418
vt 0.9319 0.0418
vt 0.7231 0.9319
vt 0.7231 0.6341
vt 0.6703 0.6341
vt 0.6703 0.9319
vt 0.7231 0.3364
vt 0.6703 0.3364
vt 0.7231 0.0386
vt 0.6703 0.0386
vt 0.7231 0.9319
vt 0.7231 0.6341
vt 0.6703 0.6341
vt 0.6703 0.9319
vt 0.7231 0.3364
vt 0.6703 0.3364
vt 0.7231 0.0386
vt 0.6703 0.0386
vt 0.7231 0.9319
vt 0.7231 0.6341
vt 0.6703 0.6341
vt 0.6703 0.9319
vt 0.7231 0.3364
vt 0.6703 0.3364
vt 0.7231 0.0386
vt 0.6703 0.0386
vt 0.7231 0.9319
vt 0.7231 0.7830
vt 0.6703 0.7830
vt 0.6703 0.9319
vt 0.7231 0.6341
vt 0.6703 0.6341
vt 0.7231 0.4853
vt 0.6703 0.4853
vt 0.7231 0.3364
vt 0.6703 0.3364
vt 0.7231 0.1875
vt 0.6703 0.1875
vt 0.7231 0.0386
vt 0.6703 0.0386
vt 0.8440 0.9482
vt 0.8440 0.8213
vt 0.7915 0.8213
vt 0.7915 0.9482
vt 0.8440 0.6942
vt 0.7915 0.6942
vt 0.8440 0.5673
vt 0.7915 0.5673
vt 0.8440 0.4403
vt 0.7915 0.4403
vt 0.8440 0.3134
vt 0.7915 0.3134
vt 0.8440 0.1863
vt 0.7915 0.1863
vt 0.8440 0.0594
vt 0.7915 0.0594
vt 0.7231 0.9319
vt 0.7231 0.7830
vt 0.6703 0.7830
vt 0.6703 0.9319
vt 0.7231 0.6341
vt 0.6703 0.6341
vt 0.7231 0.4853
vt 0.6703 0.4853
vt 0.7231 0.3364
vt 0.6703 0.3364
vt 0.7231 0.1875
vt 0.6703 0.1875
vt 0.7231 0.0386
vt 0.6703 0.0386
vt 0.8440 0.9482
vt 0.8440 0.8213
vt 0.7915 0.8213
vt 0.7915 0.9482
vt 0.8440 0.6942
vt 0.7915 0.6942
vt 0.8440 0.5673
vt 0.7915 0.5673
vt 0.8440 0.4403
vt 0.7915 0.4403
vt 0.8440 0.3134
vt 0.7915 0.3134
vt 0.8440 0.1863
vt 0.7915 0.1863
vt 0.8440 0.0594
vt 0.7915 0.0594
vt 0.8440 0.9482
vt 0.8440 0.8213
vt 0.7915 0.8213
vt 0.7915 0.9482
vt 0.8440 0.6942
vt 0.7915 0.6942
vt 0.8440 0.5673
vt 0.7915 0.5673
vt 0.8440 0.4403
vt 0.7915 0.4403
vt 0.8440 0.3134
vt 0.7915 0.3134
vt 0.8440 0.1863
vt 0.7915 0.1863
vt 0.8440 0.0594
vt 0.7915 0.0594
vt 0.9832 0.9106
vt 0.9832 0.8020
vt 0.9319 0.8020
vt 0.9319 0.9106
vt 0.9832 0.6934
vt 0.9319 0.6934
vt 0.9832 0.5847
vt 0.9319 0.5847
vt 0.9832 0.4762
vt 0.9319 0.4762
vt 0.9832 0.3676
vt 0.9319 0.3676
vt 0.9832 0.2589
vt 0.9319 0.2589
vt 0.9832 0.1504
vt 0.9319 0.1504
vt 0.9832 0.0418
vt 0.9319 0.0418
vt 0.9832 0.9106
vt 0.9832 0.8020
vt 0.9319 0.8020
vt 0.9319 0.9106
vt 0.9832 0.6934
vt 0.9319 0.6934
vt 0.9832 0.5847
vt 0.9319 0.5847
vt 0.9832 0.4762
vt 0.9319 0.4762
vt 0.9832 0.3676
vt 0.9319 0.3676
vt 0.9832 0.2589
vt 0.9319 0.2589
vt 0.9832 0.1504
vt 0.9319 0.1504
vt 0.9832 0.0418
vt 0.9319 0.0418
vt 0.7231 0.9319
vt 0.7231 0.7533
vt 0.6703 0.7533
vt 0.6703 0.9319
vt 0.7231 0.5746
vt 0.6703 0.5746
vt 0.7231 0.3959
vt 0.6703 0.3959
vt 0.7231 0.2173
vt 0.6703 0.2173
vt 0.7231 0.0386
vt 0.6703 0.0386
vt 0.9832 0.9106
vt 0.9832 0.8020
vt 0.9319 0.8020
vt 0.9319 0.9106
vt 0.9832 0.6934
vt 0.9319 0.6934
vt 0.9832 0.5847
vt 0.9319 0.5847
vt 0.9832 0.4762
vt 0.9319 0.4762
vt 0.9832 0.3676
vt 0.9319 0.3676
vt 0.9832 0.2589
vt 0.9319 0.2589
vt 0.9832 0.1504
vt 0.9319 0.1504
vt 0.9832 0.0418
vt 0.9319 0.0418
vt 0.7231 0.9319
vt 0.7231 0.6341
vt 0.6703 0.6341
vt 0.6703 0.9319
vt 0.7231 0.3364
vt 0.6703 0.3364
vt 0.7231 0.0386
vt 0.6703 0.0386
vt 0.7231 0.9319
vt 0.7231 0.6341
vt 0.6703 0.6341
vt 0.6703 0.9319
vt 0.7231 0.3364
vt 0.6703 0.3364
vt 0.7231 0.0386
vt 0.6703 0.0386
vt 0.7231 0.9319
vt 0.7231 0.7533
vt 0.6703 0.7533
vt 0.6703 0.9319
vt 0.7231 0.5746
vt 0.6703 0.5746
vt 0.7231 0.3959
vt 0.6703 0.3959
vt 0.7231 0.2173
vt 0.6703 0.2173
vt 0.7231 0.0386
vt 0.6703 0.0386
vt 0.9832 0.9106
vt 0.9832 0.8020
vt 0.9319 0.8020
vt 0.9319 0.9106
vt 0.9832 0.6934
vt 0.9319 0.6934
vt 0.9832 0.5847
vt 0.9319 0.5847
vt 0.9832 0.4762
vt 0.9319 0.4762
vt 0.9832 0.3676
vt 0.9319 0.3676
vt 0.9832 0.2589
vt 0.9319 0.2589
vt 0.9832 0.1504
vt 0.9319 0.1504
vt 0.9832 0.0418
vt 0.9319 0.0418
vt 0.9832 0.9106
vt 0.9832 0.8020
vt 0.9319 0.8020
vt 0.9319 0.9106
vt 0.9832 0.6934
vt 0.9319 0.6934
vt 0.9832 0.5847
vt 0.9319 0.5847
vt 0.9832 0.4762
vt 0.9319 0.4762
vt 0.9832 0.3676
vt 0.9319 0.3676
vt 0.9832 0.2589
vt 0.9319 0.2589
vt 0.9832 0.1504
vt 0.9319 0.1504
vt 0.9832 0.0418
vt 0.9319 0.0418
vt 0.7231 0.9319
vt 0.7231 0.6341
vt 0.6703 0.6341
vt 0.6703 0.9319
vt 0.7231 0.3364
vt 0.6703 0.3364
vt 0.7231 0.0386
vt 0.6703 0.0386
vt 0.7231 0.9319
vt 0.7231 0.6341
vt 0.6703 0.6341
vt 0.6703 0.9319
vt 0.7231 0.3364
vt 0.6703 0.3364
vt 0.7231 0.0386
vt 0.6703 0.0386
vt 0.7231 0.9319
vt 0.7231 0.6341
vt 0.6703 0.6341
vt 0.6703 0.9319
vt 0.7231 0.3364
vt 0.6703 0.3364
vt 0.7231 0.0386
vt 0.6703 0.0386
vt 0.7231 0.9319
vt 0.7231 0.8328
vt 0.6703 0.8328
vt 0.6703 0.9319
vt 0.7231 0.7335
vt 0.6703 0.7335
vt 0.7231 0.6341
vt 0.6703 0.6341
vt 0.7231 0.5348
vt 0.6703 0.5348
vt 0.7231 0.4357
vt 0.6703 0.4357
vt 0.7231 0.3364
vt 0.6703 0.3364
vt 0.7231 0.2371
vt 0.6703 0.2371
vt 0.7231 0.1379
vt 0.6703 0.1379
vt 0.7231 0.0386
vt 0.6703 0.0386
vt 0.7231 0.9319
vt 0.7231 0.8328
vt 0.6703 0.8328
vt 0.6703 0.9319
vt 0.7231 0.7335
vt 0.6703 0.7335
vt 0.7231 0.6341
vt 0.6703 0.6341
vt 0.7231 0.5348
vt 0.6703 0.5348
vt 0.7231 0.4357
vt 0.6703 0.4357
vt 0.7231 0.3364
vt 0.6703 0.3364
vt 0.7231 0.2371
vt 0.6703 0.2371
vt 0.7231 0.1379
vt 0.6703 0.1379
vt 0.7231 0.0386
vt 0.6703 0.0386
vt 0.7231 0.9319
vt 0.7231 0.8328
vt 0.6703 0.8328
vt 0.6703 0.9319
vt 0.7231 0.7335
vt 0.6703 0.7335
vt 0.7231 0.6341
vt 0.6703 0.6341
vt 0.7231 0.5348
vt 0.6703 0.5348
vt 0.7231 0.4357
vt 0.6703 0.4357
vt 0.7231 0.3364
vt 0.6703 0.3364
vt 0.7231 0.2371
vt 0.6703 0.2371
vt 0.7231 0.1379
vt 0.6703 0.1379
vt 0.7231 0.0386
vt 0.6703 0.0386
vt 0.7231 0.9319
vt 0.7231 0.8328
vt 0.6703 0.8328
vt 0.6703 0.9319
vt 0.7231 0.7335
vt 0.6703 0.7335
vt 0.7231 0.6341
vt 0.6703 0.6341
vt 0.7231 0.5348
vt 0.6703 0.5348
vt 0.7231 0.4357
vt 0.6703 0.4357
vt 0.7231 0.3364
vt 0.6703 0.3364
vt 0.7231 0.2371
vt 0.6703 0.2371
vt 0.7231 0.1379
vt 0.6703 0.1379
vt 0.7231 0.0386
vt 0.6703 0.0386
vt 0.7231 0.9319
vt 0.7231 0.8328
vt 0.6703 0.8328
vt 0.6703 0.9319
vt 0.7231 0.7335
vt 0.6703 0.7335
vt 0.7231 0.6341
vt 0.6703 0.6341
vt 0.7231 0.5348
vt 0.6703 0.5348
vt 0.7231 0.4357
vt 0.6703 0.4357
vt 0.7231 0.3364
vt 0.6703 0.3364
vt 0.7231 0.2371
vt 0.6703 0.2371
vt 0.7231 0.1379
vt 0.6703 0.1379
vt 0.7231 0.0386
vt 0.6703 0.0386
vt 0.7231 0.9319
vt 0.7231 0.8328
vt 0.6703 0.8328
vt 0.6703 0.9319
vt 0.7231 0.7335
vt 0.6703 0.7335
vt 0.7231 0.6341
vt 0.6703 0.6341
vt 0.7231 0.5348
vt 0.6703 0.5348
vt 0.7231 0.4357
vt 0.6703 0.4357
vt 0.7231 0.3364
vt 0.6703 0.3364
vt 0.7231 0.2371
vt 0.6703 0.2371
vt 0.7231 0.1379
vt 0.6703 0.1379
vt 0.7231 0.0386
vt 0.6703 0.0386
vt 0.7231 0.9319
vt 0.7231 0.7830
vt 0.6703 0.7830
vt 0.6703 0.9319
vt 0.7231 0.6341
vt 0.6703 0.6341
vt 0.7231 0.4853
vt 0.6703 0.4853
vt 0.7231 0.3364
vt 0.6703 0.3364
vt 0.7231 0.1875
vt 0.6703 0.1875
vt 0.7231 0.0386
vt 0.6703 0.0386
vt 0.7231 0.9319
vt 0.7231 0.7830
vt 0.6703 0.7830
vt 0.6703 0.9319
vt 0.7231 0.6341
vt 0.6703 0.6341
vt 0.7231 0.4853
vt 0.6703 0.4853
vt 0.7231 0.3364
vt 0.6703 0.3364
vt 0.7231 0.1875
vt 0.6703 0.1875
vt 0.7231 0.0386
vt 0.6703 0.0386
vt 0.8440 0.9482
vt 0.8440 0.8213
vt 0.7915 0.8213
vt 0.7915 0.9482
vt 0.8440 0.6942
vt 0.7915 0.6942
vt 0.8440 0.5673
vt 0.7915 0.5673
vt 0.8440 0.4403
vt 0.7915 0.4403
vt 0.8440 0.3134
vt 0.7915 0.3134
vt 0.8440 0.1863
vt 0.7915 0.1863
vt 0.8440 0.0594
vt 0.7915 0.0594
vt 0.7231 0.9319
vt 0.7231 0.7830
vt 0.6703 0.7830
vt 0.6703 0.9319
vt 0.7231 0.6341
vt 0.6703 0.6341
vt 0.7231 0.4853
vt 0.6703 0.4853
vt 0.7231 0.3364
vt 0.6703 0.3364
vt 0.7231 0.1875
vt 0.6703 0.1875
vt 0.7231 0.0386
vt 0.6703 0.0386
vt 0.8440 0.9482
vt 0.8440 0.8213
vt 0.7915 0.8213
vt 0.7915 0.9482
vt 0.8440 0.6942
vt 0.7915 0.6942
vt 0.8440 0.5673
vt 0.7915 0.5673
vt 0.8440 0.4403
vt 0.7915 0.4403
vt 0.8440 0.3134
vt 0.7915 0.3134
vt 0.8440 0.1863
vt 0.7915 0.1863
vt 0.8440 0.0594
vt 0.7915 0.0594
vt 0.9832 0.9106
vt 0.9832 0.8020
vt 0.9319 0.8020
vt 0.9319 0.9106
vt 0.9832 0.6934
vt 0.9319 0.6934
vt 0.9832 0.5847
vt 0.9319 0.5847
vt 0.9832 0.4762
vt 0.9319 0.4762
vt 0.9832 0.3676
vt 0.9319 0.3676
vt 0.9832 0.2589
vt 0.9319 0.2589
vt 0.9832 0.1504
vt 0.9319 0.1504
vt 0.9832 0.0418
vt 0.9319 0.0418
vt 0.9832 0.9106
vt 0.9832 0.8020
vt 0.9319 0.8020
vt 0.9319 0.9106
vt 0.9832 0.6934
vt 0.9319 0.6934
vt 0.9832 0.5847
vt 0.9319 0.5847
vt 0.9832 0.4762
vt 0.9319 0.4762
vt 0.9832 0.3676
vt 0.9319 0.3676
vt 0.9832 0.2589
vt 0.9319 0.2589
vt 0.9832 0.1504
vt 0.9319 0.1504
vt 0.9832 0.0418
vt 0.9319 0.0418
vt 0.7231 0.9319
vt 0.7231 0.7830
vt 0.6703 0.7830
vt 0.6703 0.9319
vt 0.7231 0.6341
vt 0.6703 0.6341
vt 0.7231 0.4853
vt 0.6703 0.4853
vt 0.7231 0.3364
vt 0.6703 0.3364
vt 0.7231 0.1875
vt 0.6703 0.1875
vt 0.7231 0.0386
vt 0.6703 0.0386
vt 0.7231 0.9319
vt 0.7231 0.7830
vt 0.6703 0.7830
vt 0.6703 0.9319
vt 0.7231 0.6341
vt 0.6703 0.6341
vt 0.7231 0.4853
vt 0.6703 0.4853
vt 0.7231 0.3364
vt 0.6703 0.3364
vt 0.7231 0.1875
vt 0.6703 0.1875
vt 0.7231 0.0386
vt 0.6703 0.0386
vt 0.8440 0.9482
vt 0.8440 0.8213
vt 0.7915 0.8213
vt 0.7915 0.9482
vt 0.8440 0.6942
vt 0.7915 0.6942
vt 0.8440 0.5673
vt 0.7915 0.5673
vt 0.8440 0.4403
vt 0.7915 0.4403
vt 0.8440 0.3134
vt 0.7915 0.3134
vt 0.8440 0.1863
vt 0.7915 0.1863
vt 0.8440 0.0594
vt 0.7915 0.0594
vt 0.7231 0.9319
vt 0.7231 0.7830
vt 0.6703 0.7830
vt 0.6703 0.9319
vt 0.7231 0.6341
vt 0.7231 0.4853
vt 0.6703 0.4853
vt 0.6703 0.6341
vt 0.7231 0.3364
vt 0.6703 0.3364
vt 0.7231 0.1875
vt 0.6703 0.1875
vt 0.7231 0.0386
vt 0.6703 0.0386
vt 0.8440 0.9482
vt 0.8440 0.8213
vt 0.7915 0.8213
vt 0.7915 0.9482
vt 0.8440 0.6942
vt 0.7915 0.6942
vt 0.8440 0.5673
vt 0.7915 0.5673
vt 0.8440 0.4403
vt 0.7915 0.4403
vt 0.8440 0.3134
vt 0.7915 0.3134
vt 0.8440 0.1863
vt 0.7915 0.1863
vt 0.8440 0.0594
vt 0.7915 0.0594
vt 0.8440 0.9482
vt 0.8440 0.8213
vt 0.7915 0.8213
vt 0.7915 0.9482
vt 0.8440 0.6942
vt 0.7915 0.6942
vt 0.8440 0.5673
vt 0.7915 0.5673
vt 0.8440 0.4403
vt 0.7915 0.4403
vt 0.8440 0.3134
vt 0.7915 0.3134
vt 0.8440 0.1863
vt 0.7915 0.1863
vt 0.8440 0.0594
vt 0.7915 0.0594
vt 0.9832 0.9106
vt 0.9832 0.8020
vt 0.9319 0.8020
vt 0.9319 0.9106
vt 0.9832 0.6934
vt 0.9319 0.6934
vt 0.9832 0.5847
vt 0.9319 0.5847
vt 0.9832 0.4762
vt 0.9319 0.4762
vt 0.9832 0.3676
vt 0.9319 0.3676
vt 0.9832 0.2589
vt 0.9319 0.2589
vt 0.9832 0.1504
vt 0.9319 0.1504
vt 0.9832 0.0418
vt 0.9319 0.0418
vt 0.9832 0.9106
vt 0.9832 0.8020
vt 0.9319 0.8020
vt 0.9319 0.9106
vt 0.9832 0.6934
vt 0.9319 0.6934
vt 0.9832 0.5847
vt 0.9319 0.5847
vt 0.9832 0.4762
vt 0.9319 0.4762
vt 0.9832 0.3676
vt 0.9319 0.3676
vt 0.9832 0.2589
vt 0.9319 0.2589
vt 0.9832 0.1504
vt 0.9319 0.1504
vt 0.9832 0.0418
vt 0.9319 0.0418
vt 0.7231 0.9319
vt 0.7231 0.7830
vt 0.6703 0.7830
vt 0.6703 0.9319
vt 0.7231 0.6341
vt 0.6703 0.6341
vt 0.7231 0.4853
vt 0.6703 0.4853
vt 0.7231 0.3364
vt 0.6703 0.3364
vt 0.7231 0.1875
vt 0.6703 0.1875
vt 0.7231 0.0386
vt 0.6703 0.0386
vt 0.8440 0.9482
vt 0.8440 0.8213
vt 0.7915 0.8213
vt 0.7915 0.9482
vt 0.8440 0.6942
vt 0.7915 0.6942
vt 0.8440 0.5673
vt 0.7915 0.5673
vt 0.8440 0.4403
vt 0.7915 0.4403
vt 0.8440 0.3134
vt 0.7915 0.3134
vt 0.8440 0.1863
vt 0.7915 0.1863
vt 0.8440 0.0594
vt 0.7915 0.0594
vt 0.7231 0.9319
vt 0.7231 0.7533
vt 0.6703 0.7533
vt 0.6703 0.9319
vt 0.7231 0.5746
vt 0.6703 0.5746
vt 0.7231 0.3959
vt 0.6703 0.3959
vt 0.7231 0.2173
vt 0.6703 0.2173
vt 0.7231 0.0386
vt 0.6703 0.0386
vt 0.7231 0.9319
vt 0.7231 0.7533
vt 0.6703 0.7533
vt 0.6703 0.9319
vt 0.7231 0.5746
vt 0.6703 0.5746
vt 0.7231 0.3959
vt 0.6703 0.3959
vt 0.7231 0.2173
vt 0.6703 0.2173
vt 0.7231 0.0386
vt 0.6703 0.0386
vt 0.7231 0.9319
vt 0.7231 0.7533
vt 0.6703 0.7533
vt 0.6703 0.9319
vt 0.7231 0.5746
vt 0.6703 0.5746
vt 0.7231 0.3959
vt 0.6703 0.3959
vt 0.7231 0.2173
vt 0.6703 0.2173
vt 0.7231 0.0386
vt 0.6703 0.0386
vt 0.7231 0.9319
vt 0.7231 0.7533
vt 0.6703 0.7533
vt 0.6703 0.9319
vt 0.7231 0.5746
vt 0.6703 0.5746
vt 0.7231 0.3959
vt 0.6703 0.3959
vt 0.7231 0.2173
vt 0.6703 0.2173
vt 0.7231 0.0386
vt 0.6703 0.0386
vt 0.7231 0.9319
vt 0.7231 0.7533
vt 0.6703 0.7533
vt 0.6703 0.9319
vt 0.7231 0.5746
vt 0.6703 0.5746
vt 0.7231 0.3959
vt 0.6703 0.3959
vt 0.7231 0.2173
vt 0.6703 0.2173
vt 0.7231 0.0386
vt 0.6703 0.0386
vt 0.9832 0.9106
vt 0.9832 0.8020
vt 0.9319 0.8020
vt 0.9319 0.9106
vt 0.9832 0.6934
vt 0.9319 0.6934
vt 0.9832 0.5847
vt 0.9319 0.5847
vt 0.9832 0.4762
vt 0.9319 0.4762
vt 0.9832 0.3676
vt 0.9319 0.3676
vt 0.9832 0.2589
vt 0.9319 0.2589
vt 0.9832 0.1504
vt 0.9319 0.1504
vt 0.9832 0.0418
vt 0.9319 0.0418
vt 0.7231 0.9319
vt 0.7231 0.8328
vt 0.6703 0.8328
vt 0.6703 0.9319
vt 0.7231 0.7335
vt 0.6703 0.7335
vt 0.7231 0.6341
vt 0.6703 0.6341
vt 0.7231 0.5348
vt 0.6703 0.5348
vt 0.7231 0.4357
vt 0.6703 0.4357
vt 0.7231 0.3364
vt 0.6703 0.3364
vt 0.7231 0.2371
vt 0.6703 0.2371
vt 0.7231 0.1379
vt 0.6703 0.1379
vt 0.7231 0.0386
vt 0.6703 0.0386
vt 0.8440 0.9482
vt 0.8440 0.8213
vt 0.7915 0.8213
vt 0.7915 0.9482
vt 0.8440 0.6942
vt 0.7915 0.6942
vt 0.8440 0.5673
vt 0.7915 0.5673
vt 0.8440 0.4403
vt 0.7915 0.4403
vt 0.8440 0.3134
vt 0.7915 0.3134
vt 0.8440 0.1863
vt 0.7915 0.1863
vt 0.8440 0.0594
vt 0.7915 0.0594
vt 0.7231 0.9319
vt 0.7231 0.7533
vt 0.6703 0.7533
vt 0.6703 0.9319
vt 0.7231 0.5746
vt 0.6703 0.5746
vt 0.7231 0.3959
vt 0.6703 0.3959
vt 0.7231 0.2173
vt 0.6703 0.2173
vt 0.7231 0.0386
vt 0.6703 0.0386
vt 0.7231 0.9319
vt 0.7231 0.7533
vt 0.6703 0.7533
vt 0.6703 0.9319
vt 0.7231 0.5746
vt 0.6703 0.5746
vt 0.7231 0.3959
vt 0.6703 0.3959
vt 0.7231 0.2173
vt 0.6703 0.2173
vt 0.7231 0.0386
vt 0.6703 0.0386
vt 0.9832 0.6934
vt 0.9832 0.4762
vt 0.9319 0.4762
vt 0.9319 0.6934
vt 0.9832 0.2589
vt 0.9319 0.2589
vt 0.9832 0.0418
vt 0.9319 0.0418
vt 0.7231 0.9319
vt 0.7231 0.7533
vt 0.6703 0.7533
vt 0.6703 0.9319
vt 0.7231 0.5746
vt 0.6703 0.5746
vt 0.7231 0.3959
vt 0.6703 0.3959
vt 0.7231 0.2173
vt 0.6703 0.2173
vt 0.7231 0.0386
vt 0.6703 0.0386
vt 0.9832 0.4762
vt 0.9832 0.2589
vt 0.9319 0.2589
vt 0.9319 0.4762
vt 0.9832 0.0418
vt 0.9319 0.0418
vt 0.9832 0.9106
vt 0.9319 0.9106
vt 0.9832 0.9106
vt 0.9832 0.6934
vt 0.9319 0.6934
vt 0.9319 0.9106
vt 0.7231 0.9319
vt 0.7231 0.6341
vt 0.6703 0.6341
vt 0.6703 0.9319
vt 0.7231 0.3364
vt 0.6703 0.3364
vt 0.7231 0.0386
vt 0.6703 0.0386
vt 0.7231 0.9319
vt 0.7231 0.6341
vt 0.6703 0.6341
vt 0.6703 0.9319
vt 0.7231 0.3364
vt 0.6703 0.3364
vt 0.7231 0.0386
vt 0.6703 0.0386
vt 0.7231 0.9319
vt 0.7231 0.6341
vt 0.6703 0.6341
vt 0.6703 0.9319
vt 0.7231 0.3364
vt 0.6703 0.3364
vt 0.7231 0.0386
vt 0.6703 0.0386
vt 0.7231 0.9319
vt 0.7231 0.6341
vt 0.6703 0.6341
vt 0.6703 0.9319
vt 0.7231 0.3364
vt 0.6703 0.3364
vt 0.7231 0.9319
vt 0.7231 0.6341
vt 0.6703 0.6341
vt 0.6703 0.9319
vt 0.7231 0.3364
vt 0.6703 0.3364
vt 0.7231 0.0386
vt 0.6703 0.0386
vt 0.9161 0.9462
vt 0.9161 0.8563
vt 0.8631 0.8563
vt 0.8631 0.9462
vt 0.9161 0.7666
vt 0.8631 0.7666
vt 0.9161 0.6767
vt 0.8631 0.6767
vt 0.9161 0.5868
vt 0.8631 0.5868
vt 0.9161 0.4969
vt 0.8631 0.4969
vt 0.9161 0.4070
vt 0.8631 0.4070
vt 0.9161 0.3171
vt 0.8631 0.3171
vt 0.9161 0.2274
vt 0.8631 0.2274
vt 0.9161 0.1375
vt 0.8631 0.1375
vt 0.9161 0.0476
vt 0.8631 0.0476
vt 0.7231 0.0386
vt 0.6703 0.0386
vt 0.9832 0.9106
vt 0.9832 0.8020
vt 0.9319 0.8020
vt 0.9319 0.9106
vt 0.9832 0.6934
vt 0.9319 0.6934
vt 0.9832 0.5847
vt 0.9319 0.5847
vt 0.9832 0.4762
vt 0.9319 0.4762
vt 0.9832 0.3676
vt 0.9319 0.3676
vt 0.9832 0.2589
vt 0.9319 0.2589
vt 0.9832 0.1504
vt 0.9319 0.1504
vt 0.9832 0.0418
vt 0.9319 0.0418
vt 0.7231 0.9319
vt 0.7231 0.6341
vt 0.6703 0.6341
vt 0.6703 0.9319
vt 0.7231 0.3364
vt 0.6703 0.3364
vt 0.7231 0.0386
vt 0.6703 0.0386
vt 0.9832 0.9106
vt 0.9832 0.6934
vt 0.9319 0.6934
vt 0.9319 0.9106
vt 0.9832 0.4762
vt 0.9319 0.4762
vt 0.9832 0.2589
vt 0.9319 0.2589
vt 0.9832 0.0418
vt 0.9319 0.0418
vt 0.9832 0.9106
vt 0.9832 0.6934
vt 0.9319 0.6934
vt 0.9319 0.9106
vt 0.9832 0.4762
vt 0.9319 0.4762
vt 0.9832 0.2589
vt 0.9319 0.2589
vt 0.9832 0.0418
vt 0.9319 0.0418
vt 0.7231 0.9319
vt 0.7231 0.7533
vt 0.6703 0.7533
vt 0.6703 0.9319
vt 0.7231 0.5746
vt 0.6703 0.5746
vt 0.7231 0.3959
vt 0.6703 0.3959
vt 0.7231 0.2173
vt 0.6703 0.2173
vt 0.7231 0.0386
vt 0.6703 0.0386
vt 0.9832 0.9106
vt 0.9832 0.6934
vt 0.9319 0.6934
vt 0.9319 0.9106
vt 0.9832 0.4762
vt 0.9319 0.4762
vt 0.9832 0.2589
vt 0.9319 0.2589
vt 0.9832 0.0418
vt 0.9319 0.0418
vt 0.7231 0.9319
vt 0.7231 0.8328
vt 0.6703 0.8328
vt 0.6703 0.9319
vt 0.7231 0.7335
vt 0.6703 0.7335
vt 0.7231 0.6341
vt 0.6703 0.6341
vt 0.7231 0.5348
vt 0.6703 0.5348
vt 0.7231 0.4357
vt 0.6703 0.4357
vt 0.7231 0.3364
vt 0.6703 0.3364
vt 0.7231 0.2371
vt 0.6703 0.2371
vt 0.7231 0.1379
vt 0.6703 0.1379
vt 0.7231 0.0386
vt 0.6703 0.0386
vt 0.9832 0.9106
vt 0.9832 0.8020
vt 0.9319 0.8020
vt 0.9319 0.9106
vt 0.9832 0.6934
vt 0.9319 0.6934
vt 0.9832 0.5847
vt 0.9319 0.5847
vt 0.9832 0.4762
vt 0.9319 0.4762
vt 0.9832 0.3676
vt 0.9319 0.3676
vt 0.9832 0.2589
vt 0.9319 0.2589
vt 0.9832 0.1504
vt 0.9319 0.1504
vt 0.9832 0.0418
vt 0.9319 0.0418
vt 0.9832 0.9106
vt 0.9832 0.6934
vt 0.9319 0.6934
vt 0.9319 0.9106
vt 0.9832 0.4762
vt 0.9319 0.4762
vt 0.9832 0.2589
vt 0.9319 0.2589
vt 0.9832 0.0418
vt 0.9319 0.0418
vt 0.7231 0.9319
vt 0.7231 0.7533
vt 0.6703 0.7533
vt 0.6703 0.9319
vt 0.7231 0.5746
vt 0.6703 0.5746
vt 0.7231 0.3959
vt 0.6703 0.3959
vt 0.7231 0.2173
vt 0.6703 0.2173
vt 0.7231 0.0386
vt 0.6703 0.0386
vt 0.9161 0.9462
vt 0.9161 0.8563
vt 0.8631 0.8563
vt 0.8631 0.9462
vt 0.9161 0.7666
vt 0.8631 0.7666
vt 0.9161 0.6767
vt 0.8631 0.6767
vt 0.9161 0.5868
vt 0.8631 0.5868
vt 0.9161 0.4969
vt 0.8631 0.4969
vt 0.9161 0.4070
vt 0.8631 0.4070
vt 0.9161 0.3171
vt 0.8631 0.3171
vt 0.9161 0.2274
vt 0.8631 0.2274
vt 0.9161 0.1375
vt 0.8631 0.1375
vt 0.9161 0.0476
vt 0.8631 0.0476
vt 0.7231 0.9319
vt 0.7231 0.7533
vt 0.6703 0.7533
vt 0.6703 0.9319
vt 0.7231 0.5746
vt 0.6703 0.5746
vt 0.7231 0.3959
vt 0.6703 0.3959
vt 0.7231 0.2173
vt 0.6703 0.2173
vt 0.7231 0.0386
vt 0.6703 0.0386
vt 0.9161 0.9462
vt 0.9161 0.8563
vt 0.8631 0.8563
vt 0.8631 0.9462
vt 0.9161 0.7666
vt 0.8631 0.7666
vt 0.9161 0.6767
vt 0.8631 0.6767
vt 0.9161 0.5868
vt 0.8631 0.5868
vt 0.9161 0.4969
vt 0.8631 0.4969
vt 0.9161 0.4070
vt 0.8631 0.4070
vt 0.9161 0.3171
vt 0.8631 0.3171
vt 0.9161 0.2274
vt 0.8631 0.2274
vt 0.9161 0.1375
vt 0.8631 0.1375
vt 0.9161 0.0476
vt 0.8631 0.0476
vt 0.9161 0.9462
vt 0.9161 0.8563
vt 0.8631 0.8563
vt 0.8631 0.9462
vt 0.9161 0.7666
vt 0.8631 0.7666
vt 0.9161 0.6767
vt 0.8631 0.6767
vt 0.9161 0.5868
vt 0.8631 0.5868
vt 0.9161 0.4969
vt 0.8631 0.4969
vt 0.9161 0.4070
vt 0.8631 0.4070
vt 0.9161 0.3171
vt 0.8631 0.3171
vt 0.9161 0.2274
vt 0.8631 0.2274
vt 0.9161 0.1375
vt 0.8631 0.1375
vt 0.9161 0.0476
vt 0.8631 0.0476
vt 0.9161 0.9462
vt 0.9161 0.8563
vt 0.8631 0.8563
vt 0.8631 0.9462
vt 0.9161 0.7666
vt 0.8631 0.7666
vt 0.9161 0.6767
vt 0.8631 0.6767
vt 0.9161 0.5868
vt 0.8631 0.5868
vt 0.9161 0.4969
vt 0.8631 0.4969
vt 0.9161 0.4070
vt 0.8631 0.4070
vt 0.9161 0.3171
vt 0.8631 0.3171
vt 0.9161 0.2274
vt 0.8631 0.2274
vt 0.9161 0.1375
vt 0.8631 0.1375
vt 0.9161 0.0476
vt 0.8631 0.0476
vt 0.9832 0.9106
vt 0.9832 0.8020
vt 0.9319 0.8020
vt 0.9319 0.9106
vt 0.9832 0.6934
vt 0.9319 0.6934
vt 0.9832 0.5847
vt 0.9319 0.5847
vt 0.9832 0.4762
vt 0.9319 0.4762
vt 0.9832 0.3676
vt 0.9319 0.3676
vt 0.9832 0.2589
vt 0.9319 0.2589
vt 0.9832 0.1504
vt 0.9319 0.1504
vt 0.9832 0.0418
vt 0.9319 0.0418
vt 0.7231 0.9319
vt 0.7231 0.7830
vt 0.6703 0.7830
vt 0.6703 0.9319
vt 0.7231 0.6341
vt 0.6703 0.6341
vt 0.7231 0.4853
vt 0.6703 0.4853
vt 0.7231 0.3364
vt 0.6703 0.3364
vt 0.7231 0.1875
vt 0.6703 0.1875
vt 0.7231 0.0386
vt 0.6703 0.0386
vt 0.7231 0.9319
vt 0.7231 0.7830
vt 0.6703 0.7830
vt 0.6703 0.9319
vt 0.7231 0.6341
vt 0.6703 0.6341
vt 0.7231 0.4853
vt 0.6703 0.4853
vt 0.7231 0.3364
vt 0.6703 0.3364
vt 0.7231 0.1875
vt 0.6703 0.1875
vt 0.7231 0.0386
vt 0.6703 0.0386
vt 0.7231 0.9351
vt 0.7231 0.7898
vt 0.6703 0.7898
vt 0.6703 0.9351
vt 0.7231 0.6445
vt 0.6703 0.6445
vt 0.7231 0.4992
vt 0.6703 0.4992
vt 0.7231 0.3539
vt 0.6703 0.3539
vt 0.7231 0.1793
vt 0.6703 0.1793
vt 0.7231 0.9319
vt 0.7231 0.7830
vt 0.6703 0.7830
vt 0.6703 0.9319
vt 0.7231 0.6341
vt 0.6703 0.6341
vt 0.7231 0.4853
vt 0.6703 0.4853
vt 0.7231 0.3364
vt 0.6703 0.3364
vt 0.7231 0.1875
vt 0.6703 0.1875
vt 0.7231 0.0386
vt 0.6703 0.0386
vt 0.7231 0.9319
vt 0.7231 0.7830
vt 0.6703 0.7830
vt 0.6703 0.9319
vt 0.7231 0.6341
vt 0.6703 0.6341
vt 0.7231 0.4853
vt 0.6703 0.4853
vt 0.7231 0.3364
vt 0.6703 0.3364
vt 0.7231 0.1875
vt 0.6703 0.1875
vt 0.7231 0.0386
vt 0.6703 0.0386
vt 0.8440 0.9482
vt 0.8440 0.8213
vt 0.7915 0.8213
vt 0.7915 0.9482
vt 0.8440 0.6942
vt 0.7915 0.6942
vt 0.8440 0.5673
vt 0.7915 0.5673
vt 0.8440 0.4403
vt 0.7915 0.4403
vt 0.8440 0.3134
vt 0.7915 0.3134
vt 0.8440 0.1863
vt 0.7915 0.1863
vt 0.8440 0.0594
vt 0.7915 0.0594
vt 0.7231 0.9319
vt 0.7231 0.7533
vt 0.6703 0.7533
vt 0.6703 0.9319
vt 0.7231 0.5746
vt 0.6703 0.5746
vt 0.7231 0.3959
vt 0.6703 0.3959
vt 0.7231 0.2173
vt 0.6703 0.2173
vt 0.7231 0.0386
vt 0.6703 0.0386
vt 0.9832 0.9106
vt 0.9832 0.6934
vt 0.9319 0.6934
vt 0.9319 0.9106
vt 0.9832 0.4762
vt 0.9319 0.4762
vt 0.9832 0.2589
vt 0.9319 0.2589
vt 0.9832 0.0418
vt 0.9319 0.0418
vt 0.7231 0.9319
vt 0.7231 0.7533
vt 0.6703 0.7533
vt 0.6703 0.9319
vt 0.7231 0.5746
vt 0.6703 0.5746
vt 0.7231 0.3959
vt 0.6703 0.3959
vt 0.7231 0.2173
vt 0.6703 0.2173
vt 0.7231 0.0386
vt 0.6703 0.0386
vt 0.9832 0.9106
vt 0.9832 0.8020
vt 0.9319 0.8020
vt 0.9319 0.9106
vt 0.9832 0.6934
vt 0.9319 0.6934
vt 0.9832 0.5847
vt 0.9319 0.5847
vt 0.9832 0.4762
vt 0.9319 0.4762
vt 0.9832 0.3676
vt 0.9319 0.3676
vt 0.9832 0.2589
vt 0.9319 0.2589
vt 0.9832 0.1504
vt 0.9319 0.1504
vt 0.9832 0.0418
vt 0.9319 0.0418
vt 0.9832 0.9106
vt 0.9832 0.8020
vt 0.9319 0.8020
vt 0.9319 0.9106
vt 0.9832 0.6934
vt 0.9319 0.6934
vt 0.9832 0.5847
vt 0.9319 0.5847
vt 0.9832 0.4762
vt 0.9319 0.4762
vt 0.9832 0.3676
vt 0.9319 0.3676
vt 0.9832 0.2589
vt 0.9319 0.2589
vt 0.9832 0.1504
vt 0.9319 0.1504
vt 0.9832 0.0418
vt 0.9319 0.0418
vt 0.9832 0.9106
vt 0.9832 0.8020
vt 0.9319 0.8020
vt 0.9319 0.9106
vt 0.9832 0.6934
vt 0.9319 0.6934
vt 0.9832 0.5847
vt 0.9319 0.5847
vt 0.9832 0.4762
vt 0.9319 0.4762
vt 0.9832 0.3676
vt 0.9319 0.3676
vt 0.9832 0.2589
vt 0.9319 0.2589
vt 0.9832 0.1504
vt 0.9319 0.1504
vt 0.9832 0.0418
vt 0.9319 0.0418
vt 0.7231 0.9319
vt 0.7231 0.7533
vt 0.6703 0.7533
vt 0.6703 0.9319
vt 0.7231 0.5746
vt 0.6703 0.5746
vt 0.7231 0.3959
vt 0.6703 0.3959
vt 0.7231 0.2173
vt 0.6703 0.2173
vt 0.7231 0.0386
vt 0.6703 0.0386
vt 0.7231 0.9319
vt 0.7231 0.7830
vt 0.6703 0.7830
vt 0.6703 0.9319
vt 0.7231 0.6341
vt 0.6703 0.6341
vt 0.7231 0.4853
vt 0.6703 0.4853
vt 0.7231 0.3364
vt 0.6703 0.3364
vt 0.7231 0.1875
vt 0.6703 0.1875
vt 0.7231 0.0386
vt 0.6703 0.0386
vt 0.7231 0.9319
vt 0.7231 0.7533
vt 0.6703 0.7533
vt 0.6703 0.9319
vt 0.7231 0.5746
vt 0.6703 0.5746
vt 0.7231 0.3959
vt 0.6703 0.3959
vt 0.7231 0.2173
vt 0.6703 0.2173
vt 0.7231 0.0386
vt 0.6703 0.0386
vt 0.9832 0.9106
vt 0.9832 0.8020
vt 0.9319 0.8020
vt 0.9319 0.9106
vt 0.9832 0.6934
vt 0.9319 0.6934
vt 0.9832 0.5847
vt 0.9319 0.5847
vt 0.9832 0.4762
vt 0.9319 0.4762
vt 0.9832 0.3676
vt 0.9319 0.3676
vt 0.9832 0.2589
vt 0.9319 0.2589
vt 0.9832 0.1504
vt 0.9319 0.1504
vt 0.9832 0.0418
vt 0.9319 0.0418
vt 0.9832 0.9106
vt 0.9832 0.8020
vt 0.9319 0.8020
vt 0.9319 0.9106
vt 0.9832 0.6934
vt 0.9319 0.6934
vt 0.9832 0.5847
vt 0.9319 0.5847
vt 0.9832 0.4762
vt 0.9319 0.4762
vt 0.9832 0.3676
vt 0.9319 0.3676
vt 0.9832 0.2589
vt 0.9319 0.2589
vt 0.9832 0.1504
vt 0.9319 0.1504
vt 0.9832 0.0418
vt 0.9319 0.0418
vt 0.7231 0.9319
vt 0.7231 0.6341
vt 0.6703 0.6341
vt 0.6703 0.9319
vt 0.7231 0.3364
vt 0.6703 0.3364
vt 0.7231 0.0386
vt 0.6703 0.0386
vt 0.7231 0.9319
vt 0.7231 0.6341
vt 0.6703 0.6341
vt 0.6703 0.9319
vt 0.7231 0.3364
vt 0.6703 0.3364
vt 0.7231 0.0386
vt 0.6703 0.0386
vt 0.7231 0.9319
vt 0.7231 0.7533
vt 0.6703 0.7533
vt 0.6703 0.9319
vt 0.7231 0.5746
vt 0.6703 0.5746
vt 0.7231 0.3959
vt 0.6703 0.3959
vt 0.7231 0.2173
vt 0.6703 0.2173
vt 0.7231 0.0386
vt 0.6703 0.0386
vt 0.9169 0.9308
vt 0.9169 0.6402
vt 0.8628 0.6402
vt 0.8628 0.9308
vt 0.9169 0.3495
vt 0.8628 0.3495
vt 0.9169 0.0589
vt 0.8628 0.0589
vt 0.7231 0.7533
vt 0.7231 0.5746
vt 0.6703 0.5746
vt 0.6703 0.7533
vt 0.7231 0.3959
vt 0.6703 0.3959
vt 0.7231 0.2173
vt 0.6703 0.2173
vt 0.7231 0.0386
vt 0.6703 0.0386
vt 0.8444 0.9294
vt 0.8444 0.7552
vt 0.7930 0.7552
vt 0.7930 0.9294
vt 0.8444 0.5810
vt 0.7930 0.5810
vt 0.8444 0.4069
vt 0.7930 0.4069
vt 0.8444 0.2327
vt 0.7930 0.2327
vt 0.8444 0.0585
vt 0.7930 0.0585
vt 0.7231 0.9319
vt 0.6703 0.9319
vt 0.9832 0.9106
vt 0.9832 0.6934
vt 0.9319 0.6934
vt 0.9319 0.9106
vt 0.9832 0.4762
vt 0.9319 0.4762
vt 0.9832 0.2589
vt 0.9319 0.2589
vt 0.9832 0.0418
vt 0.9319 0.0418
vt 0.9832 0.9106
vt 0.9832 0.6934
vt 0.9319 0.6934
vt 0.9319 0.9106
vt 0.9832 0.4762
vt 0.9319 0.4762
vt 0.9832 0.2589
vt 0.9319 0.2589
vt 0.9832 0.0418
vt 0.9319 0.0418
vt 0.7231 0.9319
vt 0.7231 0.6341
vt 0.6703 0.6341
vt 0.6703 0.9319
vt 0.7231 0.3364
vt 0.6703 0.3364
vt 0.7231 0.0386
vt 0.6703 0.0386
vt 0.7231 0.9319
vt 0.7231 0.7533
vt 0.6703 0.7533
vt 0.6703 0.9319
vt 0.7231 0.5746
vt 0.6703 0.5746
vt 0.7231 0.3959
vt 0.6703 0.3959
vt 0.7231 0.2173
vt 0.6703 0.2173
vt 0.7231 0.0386
vt 0.6703 0.0386
vt 0.9832 0.9106
vt 0.9832 0.6934
vt 0.9319 0.6934
vt 0.9319 0.9106
vt 0.9832 0.4762
vt 0.9319 0.4762
vt 0.9832 0.2589
vt 0.9319 0.2589
vt 0.9832 0.0418
vt 0.9319 0.0418
vt 0.7231 0.9319
vt 0.7231 0.7533
vt 0.6703 0.7533
vt 0.6703 0.9319
vt 0.7231 0.5746
vt 0.6703 0.5746
vt 0.7231 0.3959
vt 0.6703 0.3959
vt 0.7231 0.2173
vt 0.6703 0.2173
vt 0.7231 0.0386
vt 0.6703 0.0386
vt 0.9832 0.9106
vt 0.9832 0.6934
vt 0.9319 0.6934
vt 0.9319 0.9106
vt 0.9832 0.4762
vt 0.9319 0.4762
vt 0.9832 0.2589
vt 0.9319 0.2589
vt 0.9832 0.0418
vt 0.9319 0.0418
vt 0.7231 0.9319
vt 0.7231 0.7830
vt 0.6703 0.7830
vt 0.6703 0.9319
vt 0.7231 0.6341
vt 0.6703 0.6341
vt 0.7231 0.4853
vt 0.6703 0.4853
vt 0.7231 0.3364
vt 0.6703 0.3364
vt 0.7231 0.1875
vt 0.6703 0.1875
vt 0.7231 0.0386
vt 0.6703 0.0386
vt 0.9832 0.9106
vt 0.9832 0.6934
vt 0.9319 0.6934
vt 0.9319 0.9106
vt 0.9832 0.4762
vt 0.9319 0.4762
vt 0.9832 0.2589
vt 0.9832 0.0418
vt 0.9319 0.0418
vt 0.9319 0.2589
vt 0.7231 0.9319
vt 0.7231 0.7533
vt 0.6703 0.7533
vt 0.6703 0.9319
vt 0.7231 0.5746
vt 0.6703 0.5746
vt 0.7231 0.3959
vt 0.6703 0.3959
vt 0.7231 0.2173
vt 0.6703 0.2173
vt 0.7231 0.0386
vt 0.6703 0.0386
vt 0.7231 0.9319
vt 0.7231 0.7533
vt 0.6703 0.7533
vt 0.6703 0.9319
vt 0.7231 0.5746
vt 0.6703 0.5746
vt 0.7231 0.3959
vt 0.6703 0.3959
vt 0.7231 0.2173
vt 0.6703 0.2173
vt 0.7231 0.0386
vt 0.6703 0.0386
vt 0.8440 0.9482
vt 0.8440 0.8213
vt 0.7915 0.8213
vt 0.7915 0.9482
vt 0.8440 0.6942
vt 0.7915 0.6942
vt 0.8440 0.5673
vt 0.7915 0.5673
vt 0.8440 0.4403
vt 0.7915 0.4403
vt 0.8440 0.3134
vt 0.7915 0.3134
vt 0.8440 0.1863
vt 0.7915 0.1863
vt 0.8440 0.0594
vt 0.7915 0.0594
vt 0.9832 0.9106
vt 0.9832 0.8020
vt 0.9319 0.8020
vt 0.9319 0.9106
vt 0.9832 0.6934
vt 0.9319 0.6934
vt 0.9832 0.5847
vt 0.9319 0.5847
vt 0.9832 0.4762
vt 0.9319 0.4762
vt 0.9832 0.3676
vt 0.9319 0.3676
vt 0.9832 0.2589
vt 0.9319 0.2589
vt 0.9832 0.1504
vt 0.9319 0.1504
vt 0.9832 0.0418
vt 0.9319 0.0418
vt 0.7231 0.9319
vt 0.7231 0.7533
vt 0.6703 0.7533
vt 0.6703 0.9319
vt 0.7231 0.5746
vt 0.6703 0.5746
vt 0.7231 0.3959
vt 0.6703 0.3959
vt 0.7231 0.2173
vt 0.6703 0.2173
vt 0.7231 0.0386
vt 0.6703 0.0386
vt 0.7231 0.9319
vt 0.7231 0.7830
vt 0.6703 0.7830
vt 0.6703 0.9319
vt 0.7231 0.6341
vt 0.6703 0.6341
vt 0.7231 0.4853
vt 0.6703 0.4853
vt 0.7231 0.3364
vt 0.6703 0.3364
vt 0.7231 0.1875
vt 0.6703 0.1875
vt 0.7231 0.0386
vt 0.6703 0.0386
vt 0.8440 0.9482
vt 0.8440 0.8213
vt 0.7915 0.8213
vt 0.7915 0.9482
vt 0.8440 0.6942
vt 0.7915 0.6942
vt 0.8440 0.5673
vt 0.7915 0.5673
vt 0.8440 0.4403
vt 0.7915 0.4403
vt 0.8440 0.3134
vt 0.7915 0.3134
vt 0.8440 0.1863
vt 0.7915 0.1863
vt 0.8440 0.0594
vt 0.7915 0.0594
vt 0.8440 0.9482
vt 0.8440 0.8213
vt 0.7915 0.8213
vt 0.7915 0.9482
vt 0.8440 0.6942
vt 0.7915 0.6942
vt 0.8440 0.5673
vt 0.7915 0.5673
vt 0.8440 0.4403
vt 0.7915 0.4403
vt 0.8440 0.3134
vt 0.7915 0.3134
vt 0.8440 0.1863
vt 0.7915 0.1863
vt 0.8440 0.0594
vt 0.7915 0.0594
vt 0.7231 0.9319
vt 0.7231 0.7830
vt 0.6703 0.7830
vt 0.6703 0.9319
vt 0.7231 0.6341
vt 0.6703 0.6341
vt 0.7231 0.4853
vt 0.6703 0.4853
vt 0.7231 0.3364
vt 0.6703 0.3364
vt 0.7231 0.1875
vt 0.6703 0.1875
vt 0.7231 0.0386
vt 0.6703 0.0386
vt 0.7231 0.9319
vt 0.7231 0.7830
vt 0.6703 0.7830
vt 0.6703 0.9319
vt 0.7231 0.6341
vt 0.6703 0.6341
vt 0.7231 0.4853
vt 0.6703 0.4853
vt 0.7231 0.3364
vt 0.6703 0.3364
vt 0.7231 0.1875
vt 0.6703 0.1875
vt 0.7231 0.0386
vt 0.6703 0.0386
vt 0.7231 0.9319
vt 0.7231 0.7830
vt 0.6703 0.7830
vt 0.6703 0.9319
vt 0.7231 0.6341
vt 0.6703 0.6341
vt 0.7231 0.4853
vt 0.6703 0.4853
vt 0.7231 0.3364
vt 0.6703 0.3364
vt 0.7231 0.1875
vt 0.6703 0.1875
vt 0.7231 0.0386
vt 0.6703 0.0386
vt 0.7231 0.9319
vt 0.7231 0.7830
vt 0.6703 0.7830
vt 0.6703 0.9319
vt 0.7231 0.6341
vt 0.6703 0.6341
vt 0.7231 0.4853
vt 0.6703 0.4853
vt 0.7231 0.3364
vt 0.6703 0.3364
vt 0.7231 0.1875
vt 0.6703 0.1875
vt 0.7231 0.0386
vt 0.6703 0.0386
vt 0.7231 0.9319
vt 0.7231 0.7533
vt 0.6703 0.7533
vt 0.6703 0.9319
vt 0.7231 0.5746
vt 0.6703 0.5746
vt 0.7231 0.3959
vt 0.6703 0.3959
vt 0.7231 0.2173
vt 0.6703 0.2173
vt 0.7231 0.0386
vt 0.6703 0.0386
vt 0.7231 0.9319
vt 0.7231 0.7830
vt 0.6703 0.7830
vt 0.6703 0.9319
vt 0.7231 0.6341
vt 0.6703 0.6341
vt 0.7231 0.4853
vt 0.6703 0.4853
vt 0.7231 0.3364
vt 0.6703 0.3364
vt 0.7231 0.1875
vt 0.6703 0.1875
vt 0.7231 0.0386
vt 0.6703 0.0386
vt 0.7231 0.9319
vt 0.7231 0.7830
vt 0.6703 0.7830
vt 0.6703 0.9319
vt 0.7231 0.6341
vt 0.6703 0.6341
vt 0.7231 0.4853
vt 0.6703 0.4853
vt 0.7231 0.3364
vt 0.6703 0.3364
vt 0.7231 0.1875
vt 0.6703 0.1875
vt 0.7231 0.0386
vt 0.6703 0.0386
vt 0.9832 0.9106
vt 0.9832 0.8020
vt 0.9319 0.8020
vt 0.9319 0.9106
vt 0.9832 0.6934
vt 0.9319 0.6934
vt 0.9832 0.5847
vt 0.9319 0.5847
vt 0.9832 0.4762
vt 0.9319 0.4762
vt 0.9832 0.3676
vt 0.9319 0.3676
vt 0.9832 0.2589
vt 0.9319 0.2589
vt 0.9832 0.1504
vt 0.9319 0.1504
vt 0.9832 0.0418
vt 0.9319 0.0418
vt 0.8440 0.9482
vt 0.8440 0.8213
vt 0.7915 0.8213
vt 0.7915 0.9482
vt 0.8440 0.6942
vt 0.7915 0.6942
vt 0.8440 0.5673
vt 0.7915 0.5673
vt 0.8440 0.4403
vt 0.7915 0.4403
vt 0.8440 0.3134
vt 0.7915 0.3134
vt 0.8440 0.1863
vt 0.7915 0.1863
vt 0.8440 0.0594
vt 0.7915 0.0594
vt 0.9832 0.9106
vt 0.9832 0.8020
vt 0.9319 0.8020
vt 0.9319 0.9106
vt 0.9832 0.6934
vt 0.9319 0.6934
vt 0.9832 0.5847
vt 0.9319 0.5847
vt 0.9832 0.4762
vt 0.9319 0.4762
vt 0.9832 0.3676
vt 0.9319 0.3676
vt 0.9832 0.2589
vt 0.9319 0.2589
vt 0.9832 0.1504
vt 0.9319 0.1504
vt 0.9832 0.0418
vt 0.9319 0.0418
vt 0.7231 0.9319
vt 0.7231 0.7533
vt 0.6703 0.7533
vt 0.6703 0.9319
vt 0.7231 0.5746
vt 0.6703 0.5746
vt 0.7231 0.3959
vt 0.6703 0.3959
vt 0.7231 0.2173
vt 0.6703 0.2173
vt 0.7231 0.0386
vt 0.6703 0.0386
vt 0.9832 0.9106
vt 0.9832 0.6934
vt 0.9319 0.6934
vt 0.9319 0.9106
vt 0.9832 0.4762
vt 0.9319 0.4762
vt 0.9832 0.2589
vt 0.9319 0.2589
vt 0.9832 0.0418
vt 0.9319 0.0418
vt 0.7231 0.9319
vt 0.7231 0.7533
vt 0.6703 0.7533
vt 0.6703 0.9319
vt 0.7231 0.5746
vt 0.6703 0.5746
vt 0.7231 0.3959
vt 0.6703 0.3959
vt 0.7231 0.2173
vt 0.6703 0.2173
vt 0.7231 0.0386
vt 0.6703 0.0386
vt 0.7231 0.9319
vt 0.7231 0.7533
vt 0.6703 0.7533
vt 0.6703 0.9319
vt 0.7231 0.5746
vt 0.6703 0.5746
vt 0.7231 0.3959
vt 0.6703 0.3959
vt 0.7231 0.2173
vt 0.6703 0.2173
vt 0.7231 0.0386
vt 0.6703 0.0386
vt 0.7231 0.9319
vt 0.7231 0.7533
vt 0.6703 0.7533
vt 0.6703 0.9319
vt 0.7231 0.5746
vt 0.6703 0.5746
vt 0.7231 0.3959
vt 0.6703 0.3959
vt 0.7231 0.2173
vt 0.6703 0.2173
vt 0.7231 0.0386
vt 0.6703 0.0386
vt 0.7231 0.9319
vt 0.7231 0.7830
vt 0.6703 0.7830
vt 0.6703 0.9319
vt 0.7231 0.6341
vt 0.6703 0.6341
vt 0.7231 0.4853
vt 0.6703 0.4853
vt 0.7231 0.3364
vt 0.6703 0.3364
vt 0.7231 0.1875
vt 0.6703 0.1875
vt 0.7231 0.0386
vt 0.6703 0.0386
vt 0.7231 0.9319
vt 0.7231 0.7830
vt 0.6703 0.7830
vt 0.6703 0.9319
vt 0.7231 0.6341
vt 0.6703 0.6341
vt 0.7231 0.4853
vt 0.6703 0.4853
vt 0.7231 0.3364
vt 0.6703 0.3364
vt 0.7231 0.1875
vt 0.6703 0.1875
vt 0.7231 0.0386
vt 0.6703 0.0386
vt 0.7231 0.9319
vt 0.7231 0.7533
vt 0.6703 0.7533
vt 0.6703 0.9319
vt 0.7231 0.5746
vt 0.6703 0.5746
vt 0.7231 0.3959
vt 0.6703 0.3959
vt 0.7231 0.2173
vt 0.6703 0.2173
vt 0.7231 0.0386
vt 0.6703 0.0386
vt 0.7231 0.9319
vt 0.7231 0.7533
vt 0.6703 0.7533
vt 0.6703 0.9319
vt 0.7231 0.5746
vt 0.6703 0.5746
vt 0.7231 0.3959
vt 0.6703 0.3959
vt 0.7231 0.2173
vt 0.6703 0.2173
vt 0.7231 0.0386
vt 0.6703 0.0386
vt 0.9832 0.6934
vt 0.9832 0.4762
vt 0.9319 0.4762
vt 0.9319 0.6934
vt 0.9832 0.2589
vt 0.9319 0.2589
vt 0.9832 0.0418
vt 0.9319 0.0418
vt 0.9832 0.9106
vt 0.9319 0.9106
vt 0.7231 0.9319
vt 0.7231 0.7830
vt 0.6703 0.7830
vt 0.6703 0.9319
vt 0.7231 0.6341
vt 0.6703 0.6341
vt 0.7231 0.4853
vt 0.6703 0.4853
vt 0.7231 0.3364
vt 0.6703 0.3364
vt 0.7231 0.1875
vt 0.6703 0.1875
vt 0.7231 0.0386
vt 0.6703 0.0386
vt 0.7231 0.9319
vt 0.7231 0.7533
vt 0.6703 0.7533
vt 0.6703 0.9319
vt 0.7231 0.5746
vt 0.6703 0.5746
vt 0.7231 0.3959
vt 0.6703 0.3959
vt 0.7231 0.2173
vt 0.6703 0.2173
vt 0.7231 0.0386
vt 0.6703 0.0386
vt 0.7231 0.9319
vt 0.7231 0.7830
vt 0.6703 0.7830
vt 0.6703 0.9319
vt 0.7231 0.6341
vt 0.6703 0.6341
vt 0.7231 0.4853
vt 0.6703 0.4853
vt 0.7231 0.3364
vt 0.6703 0.3364
vt 0.7231 0.1875
vt 0.6703 0.1875
vt 0.7231 0.0386
vt 0.6703 0.0386
vt 0.7231 0.9319
vt 0.7231 0.7830
vt 0.6703 0.7830
vt 0.6703 0.9319
vt 0.7231 0.6341
vt 0.6703 0.6341
vt 0.7231 0.4853
vt 0.6703 0.4853
vt 0.7231 0.3364
vt 0.6703 0.3364
vt 0.7231 0.1875
vt 0.6703 0.1875
vt 0.7231 0.0386
vt 0.6703 0.0386
vt 0.8440 0.9482
vt 0.8440 0.8213
vt 0.7915 0.8213
vt 0.7915 0.9482
vt 0.8440 0.6942
vt 0.7915 0.6942
vt 0.8440 0.5673
vt 0.7915 0.5673
vt 0.8440 0.4403
vt 0.7915 0.4403
vt 0.8440 0.3134
vt 0.7915 0.3134
vt 0.8440 0.1863
vt 0.7915 0.1863
vt 0.8440 0.0594
vt 0.7915 0.0594
vt 0.7231 0.9319
vt 0.7231 0.7533
vt 0.6703 0.7533
vt 0.6703 0.9319
vt 0.7231 0.5746
vt 0.6703 0.5746
vt 0.7231 0.3959
vt 0.6703 0.3959
vt 0.7231 0.2173
vt 0.6703 0.2173
vt 0.7231 0.0386
vt 0.6703 0.0386
vt 0.7231 0.9319
vt 0.7231 0.7533
vt 0.6703 0.7533
vt 0.6703 0.9319
vt 0.7231 0.5746
vt 0.6703 0.5746
vt 0.7231 0.3959
vt 0.6703 0.3959
vt 0.7231 0.2173
vt 0.6703 0.2173
vt 0.7231 0.0386
vt 0.6703 0.0386
vt 0.8440 0.9482
vt 0.8440 0.8213
vt 0.7915 0.8213
vt 0.7915 0.9482
vt 0.8440 0.6942
vt 0.7915 0.6942
vt 0.8440 0.5673
vt 0.7915 0.5673
vt 0.8440 0.4403
vt 0.7915 0.4403
vt 0.8440 0.3134
vt 0.7915 0.3134
vt 0.8440 0.1863
vt 0.7915 0.1863
vt 0.8440 0.0594
vt 0.7915 0.0594
vt 0.8440 0.9482
vt 0.8440 0.8213
vt 0.7915 0.8213
vt 0.7915 0.9482
vt 0.8440 0.6942
vt 0.7915 0.6942
vt 0.8440 0.5673
vt 0.7915 0.5673
vt 0.8440 0.4403
vt 0.7915 0.4403
vt 0.8440 0.3134
vt 0.7915 0.3134
vt 0.8440 0.1863
vt 0.7915 0.1863
vt 0.8440 0.0594
vt 0.7915 0.0594
vt 0.7231 0.9319
vt 0.7231 0.7533
vt 0.6703 0.7533
vt 0.6703 0.9319
vt 0.7231 0.5746
vt 0.6703 0.5746
vt 0.7231 0.3959
vt 0.6703 0.3959
vt 0.7231 0.2173
vt 0.6703 0.2173
vt 0.7231 0.0386
vt 0.6703 0.0386
vt 0.7231 0.9319
vt 0.7231 0.7533
vt 0.6703 0.7533
vt 0.6703 0.9319
vt 0.7231 0.5746
vt 0.6703 0.5746
vt 0.7231 0.3959
vt 0.6703 0.3959
vt 0.7231 0.2173
vt 0.6703 0.2173
vt 0.7231 0.0386
vt 0.6703 0.0386
vt 0.9832 0.9106
vt 0.9832 0.6934
vt 0.9319 0.6934
vt 0.9319 0.9106
vt 0.9832 0.4762
vt 0.9319 0.4762
vt 0.9832 0.2589
vt 0.9319 0.2589
vt 0.9832 0.0418
vt 0.9319 0.0418
vt 0.9832 0.9106
vt 0.9832 0.6934
vt 0.9319 0.6934
vt 0.9319 0.9106
vt 0.9832 0.4762
vt 0.9319 0.4762
vt 0.9832 0.2589
vt 0.9319 0.2589
vt 0.9832 0.0418
vt 0.9319 0.0418
vt 0.7231 0.9319
vt 0.7231 0.7533
vt 0.6703 0.7533
vt 0.6703 0.9319
vt 0.7231 0.5746
vt 0.6703 0.5746
vt 0.7231 0.3959
vt 0.6703 0.3959
vt 0.7231 0.2173
vt 0.6703 0.2173
vt 0.7231 0.0386
vt 0.6703 0.0386
vt 0.9832 0.9106
vt 0.9832 0.6934
vt 0.9319 0.6934
vt 0.9319 0.9106
vt 0.9832 0.4762
vt 0.9319 0.4762
vt 0.9832 0.2589
vt 0.9319 0.2589
vt 0.9832 0.0418
vt 0.9319 0.0418
vt 0.9832 0.9106
vt 0.9832 0.6934
vt 0.9319 0.6934
vt 0.9319 0.9106
vt 0.9832 0.4762
vt 0.9319 0.4762
vt 0.9832 0.2589
vt 0.9319 0.2589
vt 0.9832 0.0418
vt 0.9319 0.0418
vt 0.7231 0.9319
vt 0.7231 0.7830
vt 0.6703 0.7830
vt 0.6703 0.9319
vt 0.7231 0.6341
vt 0.6703 0.6341
vt 0.7231 0.4853
vt 0.6703 0.4853
vt 0.7231 0.3364
vt 0.6703 0.3364
vt 0.7231 0.1875
vt 0.6703 0.1875
vt 0.7231 0.0386
vt 0.6703 0.0386
vt 0.8440 0.9482
vt 0.8440 0.8213
vt 0.7915 0.8213
vt 0.7915 0.9482
vt 0.8440 0.6942
vt 0.7915 0.6942
vt 0.8440 0.5673
vt 0.7915 0.5673
vt 0.8440 0.4403
vt 0.7915 0.4403
vt 0.8440 0.3134
vt 0.7915 0.3134
vt 0.8440 0.1863
vt 0.7915 0.1863
vt 0.8440 0.0594
vt 0.7915 0.0594
vt 0.7231 0.9319
vt 0.7231 0.7533
vt 0.6703 0.7533
vt 0.6703 0.9319
vt 0.7231 0.5746
vt 0.6703 0.5746
vt 0.7231 0.3959
vt 0.6703 0.3959
vt 0.7231 0.2173
vt 0.6703 0.2173
vt 0.7231 0.0386
vt 0.6703 0.0386
vt 0.7231 0.9319
vt 0.7231 0.7533
vt 0.6703 0.7533
vt 0.6703 0.9319
vt 0.7231 0.5746
vt 0.6703 0.5746
vt 0.9832 0.9106
vt 0.9832 0.6934
vt 0.9319 0.6934
vt 0.9319 0.9106
vt 0.9832 0.4762
vt 0.9319 0.4762
vt 0.9832 0.2589
vt 0.9319 0.2589
vt 0.9832 0.0418
vt 0.9319 0.0418
vt 0.9832 0.9106
vt 0.9832 0.6934
vt 0.9319 0.6934
vt 0.9319 0.9106
vt 0.9832 0.4762
vt 0.9319 0.4762
vt 0.9832 0.2589
vt 0.9319 0.2589
vt 0.9832 0.0418
vt 0.9319 0.0418
vt 0.7231 0.3959
vt 0.6703 0.3959
vt 0.7231 0.2173
vt 0.6703 0.2173
vt 0.7231 0.0386
vt 0.6703 0.0386
vt 0.9832 0.9106
vt 0.9832 0.6934
vt 0.9319 0.6934
vt 0.9319 0.9106
vt 0.9832 0.4762
vt 0.9319 0.4762
vt 0.9832 0.2589
vt 0.9319 0.2589
vt 0.9832 0.0418
vt 0.9319 0.0418
vt 0.7231 0.9319
vt 0.7231 0.7533
vt 0.6703 0.7533
vt 0.6703 0.9319
vt 0.7231 0.5746
vt 0.6703 0.5746
vt 0.7231 0.9319
vt 0.7231 0.6341
vt 0.6703 0.6341
vt 0.6703 0.9319
vt 0.7231 0.3364
vt 0.6703 0.3364
vt 0.7231 0.0386
vt 0.6703 0.0386
vt 0.7231 0.3959
vt 0.6703 0.3959
vt 0.7231 0.2173
vt 0.6703 0.2173
vt 0.7231 0.0386
vt 0.6703 0.0386
vt 0.7231 0.9319
vt 0.7231 0.6341
vt 0.6703 0.6341
vt 0.6703 0.9319
vt 0.7231 0.3364
vt 0.6703 0.3364
vt 0.7231 0.0386
vt 0.6703 0.0386
vt 0.9832 0.9106
vt 0.9832 0.6934
vt 0.9319 0.6934
vt 0.9319 0.9106
vt 0.9832 0.4762
vt 0.9319 0.4762
vt 0.9832 0.2589
vt 0.9319 0.2589
vt 0.9832 0.0418
vt 0.9319 0.0418
vt 0.9832 0.9106
vt 0.9832 0.6934
vt 0.9319 0.6934
vt 0.9319 0.9106
vt 0.9832 0.4762
vt 0.9319 0.4762
vt 0.9832 0.2589
vt 0.9319 0.2589
vt 0.9832 0.0418
vt 0.9319 0.0418
vt 0.7231 0.9319
vt 0.7231 0.7533
vt 0.6703 0.7533
vt 0.6703 0.9319
vt 0.7231 0.5746
vt 0.6703 0.5746
vt 0.7231 0.3959
vt 0.6703 0.3959
vt 0.7231 0.2173
vt 0.6703 0.2173
vt 0.7231 0.0386
vt 0.6703 0.0386
vt 0.7231 0.9319
vt 0.7231 0.6341
vt 0.6703 0.6341
vt 0.6703 0.9319
vt 0.7231 0.3364
vt 0.6703 0.3364
vt 0.7231 0.0386
vt 0.6703 0.0386
vt 0.7231 0.9319
vt 0.7231 0.6341
vt 0.6703 0.6341
vt 0.6703 0.9319
vt 0.7231 0.3364
vt 0.6703 0.3364
vt 0.7231 0.0386
vt 0.6703 0.0386
vt 0.9832 0.9106
vt 0.9832 0.6934
vt 0.9319 0.6934
vt 0.9319 0.9106
vt 0.9832 0.4762
vt 0.9319 0.4762
vt 0.9832 0.2589
vt 0.9319 0.2589
vt 0.9832 0.0418
vt 0.9319 0.0418
vt 0.7231 0.9319
vt 0.7231 0.6341
vt 0.6703 0.6341
vt 0.6703 0.9319
vt 0.7231 0.3364
vt 0.6703 0.3364
vt 0.7231 0.0386
vt 0.6703 0.0386
vt 0.7231 0.9319
vt 0.7231 0.6341
vt 0.6703 0.6341
vt 0.6703 0.9319
vt 0.7231 0.3364
vt 0.6703 0.3364
vt 0.7231 0.0386
vt 0.6703 0.0386
vt 0.7231 0.9319
vt 0.7231 0.6341
vt 0.6703 0.6341
vt 0.6703 0.9319
vt 0.7231 0.3364
vt 0.6703 0.3364
vt 0.7231 0.0386
vt 0.6703 0.0386
vt 0.9169 0.9174
vt 0.9169 0.6267
vt 0.8628 0.6267
vt 0.8628 0.9174
vt 0.9169 0.3361
vt 0.8628 0.3361
vt 0.9169 0.0453
vt 0.8628 0.0453
vt 0.9169 0.9312
vt 0.9169 0.8585
vt 0.8628 0.8585
vt 0.8628 0.9312
vt 0.9169 0.7859
vt 0.8628 0.7859
vt 0.9169 0.7132
vt 0.8628 0.7132
vt 0.9169 0.6405
vt 0.8628 0.6405
vt 0.9169 0.5679
vt 0.8628 0.5679
vt 0.9169 0.4952
vt 0.8628 0.4952
vt 0.9169 0.4225
vt 0.8628 0.4225
vt 0.9169 0.3498
vt 0.8628 0.3498
vt 0.9169 0.2772
vt 0.8628 0.2772
vt 0.9169 0.2045
vt 0.8628 0.2045
vt 0.9169 0.1319
vt 0.8628 0.1319
vt 0.9169 0.0592
vt 0.8628 0.0592
vt 0.8440 0.9482
vt 0.8440 0.8213
vt 0.7915 0.8213
vt 0.7915 0.9482
vt 0.8440 0.6942
vt 0.7915 0.6942
vt 0.8440 0.5673
vt 0.7915 0.5673
vt 0.8440 0.4403
vt 0.7915 0.4403
vt 0.8440 0.3134
vt 0.7915 0.3134
vt 0.8440 0.1863
vt 0.7915 0.1863
vt 0.8440 0.0594
vt 0.7915 0.0594
vt 0.7231 0.9319
vt 0.7231 0.7533
vt 0.6703 0.7533
vt 0.6703 0.9319
vt 0.7231 0.5746
vt 0.6703 0.5746
vt 0.7231 0.3959
vt 0.6703 0.3959
vt 0.7231 0.2173
vt 0.6703 0.2173
vt 0.7231 0.0386
vt 0.6703 0.0386
vt 0.7231 0.9319
vt 0.7231 0.7533
vt 0.6703 0.7533
vt 0.6703 0.9319
vt 0.7231 0.5746
vt 0.6703 0.5746
vt 0.7231 0.3959
vt 0.6703 0.3959
vt 0.7231 0.2173
vt 0.6703 0.2173
vt 0.7231 0.0386
vt 0.6703 0.0386
vt 0.7231 0.9319
vt 0.7231 0.7830
vt 0.6703 0.7830
vt 0.6703 0.9319
vt 0.7231 0.6341
vt 0.6703 0.6341
vt 0.7231 0.4853
vt 0.6703 0.4853
vt 0.7231 0.3364
vt 0.6703 0.3364
vt 0.7231 0.1875
vt 0.6703 0.1875
vt 0.7231 0.0386
vt 0.6703 0.0386
vt 0.7231 0.9319
vt 0.7231 0.7830
vt 0.6703 0.7830
vt 0.6703 0.9319
vt 0.7231 0.6341
vt 0.6703 0.6341
vt 0.7231 0.4853
vt 0.6703 0.4853
vt 0.7231 0.3364
vt 0.6703 0.3364
vt 0.7231 0.1875
vt 0.6703 0.1875
vt 0.7231 0.0386
vt 0.6703 0.0386
vt 0.7231 0.9319
vt 0.7231 0.8328
vt 0.6703 0.8328
vt 0.6703 0.9319
vt 0.7231 0.7335
vt 0.6703 0.7335
vt 0.7231 0.6341
vt 0.6703 0.6341
vt 0.7231 0.5348
vt 0.6703 0.5348
vt 0.7231 0.4357
vt 0.6703 0.4357
vt 0.7231 0.3364
vt 0.6703 0.3364
vt 0.7231 0.2371
vt 0.6703 0.2371
vt 0.7231 0.1379
vt 0.6703 0.1379
vt 0.7231 0.0386
vt 0.6703 0.0386
vt 0.9832 0.9106
vt 0.9832 0.8020
vt 0.9319 0.8020
vt 0.9319 0.9106
vt 0.9832 0.6934
vt 0.9319 0.6934
vt 0.9832 0.5847
vt 0.9319 0.5847
vt 0.9832 0.4762
vt 0.9319 0.4762
vt 0.9832 0.3676
vt 0.9319 0.3676
vt 0.9832 0.2589
vt 0.9319 0.2589
vt 0.9832 0.1504
vt 0.9319 0.1504
vt 0.9832 0.0418
vt 0.9319 0.0418
vt 0.9832 0.9106
vt 0.9832 0.8020
vt 0.9319 0.8020
vt 0.9319 0.9106
vt 0.9832 0.6934
vt 0.9319 0.6934
vt 0.9832 0.5847
vt 0.9319 0.5847
vt 0.9832 0.4762
vt 0.9319 0.4762
vt 0.9832 0.3676
vt 0.9319 0.3676
vt 0.9832 0.2589
vt 0.9319 0.2589
vt 0.9832 0.1504
vt 0.9319 0.1504
vt 0.9832 0.0418
vt 0.9319 0.0418
vt 0.7804 0.8644
vt 0.7804 0.8028
vt 0.7331 0.8028
vt 0.7331 0.8644
vt 0.7804 0.7411
vt 0.7331 0.7411
vt 0.7804 0.6794
vt 0.7331 0.6794
vt 0.7804 0.6177
vt 0.7331 0.6177
vt 0.7804 0.5561
vt 0.7331 0.5561
vt 0.7804 0.4944
vt 0.7331 0.4944
vt 0.7804 0.4327
vt 0.7331 0.4327
vt 0.7804 0.3710
vt 0.7331 0.3710
vt 0.7804 0.3094
vt 0.7331 0.3094
vt 0.7804 0.2477
vt 0.7331 0.2477
vt 0.7804 0.1860
vt 0.7331 0.1860
vt 0.7804 0.1244
vt 0.7331 0.1244
vt 0.7804 0.0627
vt 0.7331 0.0627
vt 0.7231 0.9319
vt 0.7231 0.7533
vt 0.6703 0.7533
vt 0.6703 0.9319
vt 0.7231 0.5746
vt 0.6703 0.5746
vt 0.7231 0.3959
vt 0.6703 0.3959
vt 0.7231 0.2173
vt 0.6703 0.2173
vt 0.7231 0.0386
vt 0.6703 0.0386
vt 0.9832 0.9106
vt 0.9832 0.8020
vt 0.9319 0.8020
vt 0.9319 0.9106
vt 0.9832 0.6934
vt 0.9319 0.6934
vt 0.9832 0.5847
vt 0.9319 0.5847
vt 0.9832 0.4762
vt 0.9319 0.4762
vt 0.9832 0.3676
vt 0.9319 0.3676
vt 0.9832 0.2589
vt 0.9319 0.2589
vt 0.9832 0.1504
vt 0.9319 0.1504
vt 0.9832 0.0418
vt 0.9319 0.0418
vt 0.8440 0.9482
vt 0.8440 0.8213
vt 0.7915 0.8213
vt 0.7915 0.9482
vt 0.8440 0.6942
vt 0.7915 0.6942
vt 0.8440 0.5673
vt 0.7915 0.5673
vt 0.8440 0.4403
vt 0.7915 0.4403
vt 0.8440 0.3134
vt 0.7915 0.3134
vt 0.8440 0.1863
vt 0.7915 0.1863
vt 0.8440 0.0594
vt 0.7915 0.0594
vt 0.7804 0.8644
vt 0.7804 0.8028
vt 0.7331 0.8028
vt 0.7331 0.8644
vt 0.7804 0.7411
vt 0.7331 0.7411
vt 0.7804 0.6794
vt 0.7331 0.6794
vt 0.7804 0.6177
vt 0.7331 0.6177
vt 0.7804 0.5561
vt 0.7331 0.5561
vt 0.7804 0.4944
vt 0.7331 0.4944
vt 0.7804 0.4327
vt 0.7331 0.4327
vt 0.7804 0.3710
vt 0.7331 0.3710
vt 0.7804 0.3094
vt 0.7331 0.3094
vt 0.7804 0.2477
vt 0.7331 0.2477
vt 0.7804 0.1860
vt 0.7331 0.1860
vt 0.7804 0.1244
vt 0.7331 0.1244
vt 0.7804 0.0627
vt 0.7331 0.0627
vt 0.7231 0.9319
vt 0.7231 0.7533
vt 0.6703 0.7533
vt 0.6703 0.9319
vt 0.7231 0.5746
vt 0.6703 0.5746
vt 0.7231 0.3959
vt 0.6703 0.3959
vt 0.7231 0.2173
vt 0.6703 0.2173
vt 0.7231 0.0386
vt 0.6703 0.0386
vt 0.7231 0.9319
vt 0.7231 0.7830
vt 0.6703 0.7830
vt 0.6703 0.9319
vt 0.7231 0.6341
vt 0.6703 0.6341
vt 0.7231 0.4853
vt 0.6703 0.4853
vt 0.7231 0.3364
vt 0.6703 0.3364
vt 0.7231 0.1875
vt 0.6703 0.1875
vt 0.7231 0.0386
vt 0.6703 0.0386
vt 0.7231 0.9319
vt 0.7231 0.7533
vt 0.6703 0.7533
vt 0.6703 0.9319
vt 0.7231 0.5746
vt 0.6703 0.5746
vt 0.7231 0.3959
vt 0.6703 0.3959
vt 0.7231 0.2173
vt 0.6703 0.2173
vt 0.7231 0.0386
vt 0.6703 0.0386
vt 0.7231 0.9319
vt 0.7231 0.7533
vt 0.6703 0.7533
vt 0.6703 0.9319
vt 0.7231 0.5746
vt 0.6703 0.5746
vt 0.7231 0.3959
vt 0.6703 0.3959
vt 0.7231 0.2173
vt 0.6703 0.2173
vt 0.7231 0.0386
vt 0.6703 0.0386
vt 0.9161 0.9462
vt 0.9161 0.8563
vt 0.8631 0.8563
vt 0.8631 0.9462
vt 0.9161 0.7666
vt 0.8631 0.7666
vt 0.9161 0.6767
vt 0.8631 0.6767
vt 0.9161 0.5868
vt 0.8631 0.5868
vt 0.9161 0.4969
vt 0.8631 0.4969
vt 0.9161 0.4070
vt 0.8631 0.4070
vt 0.9161 0.3171
vt 0.8631 0.3171
vt 0.9161 0.2274
vt 0.8631 0.2274
vt 0.9161 0.1375
vt 0.8631 0.1375
vt 0.9161 0.0476
vt 0.8631 0.0476
vt 0.7231 0.9319
vt 0.7231 0.8328
vt 0.6703 0.8328
vt 0.6703 0.9319
vt 0.7231 0.7335
vt 0.6703 0.7335
vt 0.7231 0.6341
vt 0.6703 0.6341
vt 0.7231 0.5348
vt 0.6703 0.5348
vt 0.7231 0.4357
vt 0.6703 0.4357
vt 0.7231 0.3364
vt 0.6703 0.3364
vt 0.7231 0.2371
vt 0.6703 0.2371
vt 0.7231 0.1379
vt 0.6703 0.1379
vt 0.7231 0.0386
vt 0.6703 0.0386
vt 0.7231 0.9319
vt 0.7231 0.8328
vt 0.6703 0.8328
vt 0.6703 0.9319
vt 0.7231 0.7335
vt 0.6703 0.7335
vt 0.7231 0.6341
vt 0.6703 0.6341
vt 0.7231 0.5348
vt 0.6703 0.5348
vt 0.7231 0.4357
vt 0.6703 0.4357
vt 0.7231 0.3364
vt 0.6703 0.3364
vt 0.7231 0.2371
vt 0.6703 0.2371
vt 0.7231 0.1379
vt 0.6703 0.1379
vt 0.7231 0.0386
vt 0.6703 0.0386
vt 0.9832 0.9106
vt 0.9832 0.8020
vt 0.9319 0.8020
vt 0.9319 0.9106
vt 0.9832 0.6934
vt 0.9319 0.6934
vt 0.9832 0.5847
vt 0.9319 0.5847
vt 0.9832 0.4762
vt 0.9319 0.4762
vt 0.9832 0.3676
vt 0.9319 0.3676
vt 0.9832 0.2589
vt 0.9319 0.2589
vt 0.9832 0.1504
vt 0.9319 0.1504
vt 0.9832 0.0418
vt 0.9319 0.0418
vt 0.7231 0.9319
vt 0.7231 0.7830
vt 0.6703 0.7830
vt 0.6703 0.9319
vt 0.7231 0.6341
vt 0.6703 0.6341
vt 0.7231 0.4853
vt 0.6703 0.4853
vt 0.7231 0.3364
vt 0.6703 0.3364
vt 0.7231 0.1875
vt 0.6703 0.1875
vt 0.7231 0.0386
vt 0.6703 0.0386
vt 0.8440 0.9482
vt 0.8440 0.8213
vt 0.7915 0.8213
vt 0.7915 0.9482
vt 0.8440 0.6942
vt 0.7915 0.6942
vt 0.8440 0.5673
vt 0.7915 0.5673
vt 0.8440 0.4403
vt 0.7915 0.4403
vt 0.8440 0.3134
vt 0.7915 0.3134
vt 0.8440 0.1863
vt 0.7915 0.1863
vt 0.8440 0.0594
vt 0.7915 0.0594
vt 0.7231 0.9319
vt 0.7231 0.8328
vt 0.6703 0.8328
vt 0.6703 0.9319
vt 0.7231 0.7335
vt 0.6703 0.7335
vt 0.7231 0.6341
vt 0.6703 0.6341
vt 0.7231 0.5348
vt 0.6703 0.5348
vt 0.7231 0.4357
vt 0.6703 0.4357
vt 0.7231 0.3364
vt 0.6703 0.3364
vt 0.7231 0.2371
vt 0.6703 0.2371
vt 0.7231 0.1379
vt 0.6703 0.1379
vt 0.7231 0.0386
vt 0.6703 0.0386
vt 0.8440 0.9482
vt 0.8440 0.8213
vt 0.7915 0.8213
vt 0.7915 0.9482
vt 0.8440 0.6942
vt 0.7915 0.6942
vt 0.8440 0.5673
vt 0.7915 0.5673
vt 0.8440 0.4403
vt 0.7915 0.4403
vt 0.8440 0.3134
vt 0.8440 0.1863
vt 0.7915 0.1863
vt 0.7915 0.3134
vt 0.8440 0.0594
vt 0.7915 0.0594
vt 0.9832 0.9106
vt 0.9832 0.8020
vt 0.9319 0.8020
vt 0.9319 0.9106
vt 0.9832 0.6934
vt 0.9319 0.6934
vt 0.9832 0.5847
vt 0.9319 0.5847
vt 0.9832 0.4762
vt 0.9319 0.4762
vt 0.9832 0.3676
vt 0.9319 0.3676
vt 0.9832 0.2589
vt 0.9319 0.2589
vt 0.9832 0.1504
vt 0.9319 0.1504
vt 0.9832 0.0418
vt 0.9319 0.0418
vt 0.7796 0.8343
vt 0.7796 0.7639
vt 0.7339 0.7639
vt 0.7339 0.8343
vt 0.7796 0.6936
vt 0.7339 0.6936
vt 0.7796 0.6233
vt 0.7339 0.6233
vt 0.7796 0.5529
vt 0.7339 0.5529
vt 0.7796 0.4826
vt 0.7339 0.4826
vt 0.7796 0.4122
vt 0.7339 0.4122
vt 0.7796 0.3419
vt 0.7339 0.3419
vt 0.7796 0.2716
vt 0.7339 0.2716
vt 0.7796 0.2012
vt 0.7339 0.2012
vt 0.7796 0.1309
vt 0.7339 0.1309
vt 0.7796 0.0605
vt 0.7339 0.0605
vt 0.7804 0.8644
vt 0.7804 0.8028
vt 0.7331 0.8028
vt 0.7331 0.8644
vt 0.7804 0.7411
vt 0.7331 0.7411
vt 0.7804 0.6794
vt 0.7331 0.6794
vt 0.7804 0.6177
vt 0.7804 0.5561
vt 0.7331 0.5561
vt 0.7331 0.6177
vt 0.7804 0.4944
vt 0.7331 0.4944
vt 0.7804 0.4327
vt 0.7331 0.4327
vt 0.7804 0.3710
vt 0.7331 0.3710
vt 0.7804 0.3094
vt 0.7331 0.3094
vt 0.7804 0.2477
vt 0.7331 0.2477
vt 0.7804 0.1860
vt 0.7331 0.1860
vt 0.7804 0.1244
vt 0.7331 0.1244
vt 0.7804 0.0627
vt 0.7331 0.0627
vt 0.7796 0.8343
vt 0.7796 0.7639
vt 0.7339 0.7639
vt 0.7339 0.8343
vt 0.7796 0.6936
vt 0.7339 0.6936
vt 0.7796 0.6233
vt 0.7339 0.6233
vt 0.7796 0.5529
vt 0.7339 0.5529
vt 0.7796 0.4826
vt 0.7339 0.4826
vt 0.7796 0.4122
vt 0.7339 0.4122
vt 0.7796 0.3419
vt 0.7339 0.3419
vt 0.7796 0.2716
vt 0.7339 0.2716
vt 0.7796 0.2012
vt 0.7339 0.2012
vt 0.7796 0.1309
vt 0.7339 0.1309
vt 0.7796 0.0605
vt 0.7339 0.0605
vt 0.7231 0.8328
vt 0.7231 0.7335
vt 0.6703 0.7335
vt 0.6703 0.8328
vt 0.7231 0.6341
vt 0.6703 0.6341
vt 0.7231 0.5348
vt 0.6703 0.5348
vt 0.7231 0.4357
vt 0.6703 0.4357
vt 0.7231 0.3364
vt 0.6703 0.3364
vt 0.7231 0.2371
vt 0.6703 0.2371
vt 0.7231 0.1379
vt 0.6703 0.1379
vt 0.7231 0.0386
vt 0.6703 0.0386
vt 0.9832 0.9106
vt 0.9832 0.8020
vt 0.9319 0.8020
vt 0.9319 0.9106
vt 0.9832 0.6934
vt 0.9319 0.6934
vt 0.9832 0.5847
vt 0.9319 0.5847
vt 0.9832 0.4762
vt 0.9319 0.4762
vt 0.9832 0.3676
vt 0.9319 0.3676
vt 0.9832 0.2589
vt 0.9832 0.1504
vt 0.9319 0.1504
vt 0.9319 0.2589
vt 0.9832 0.0418
vt 0.9319 0.0418
vt 0.7231 0.9319
vt 0.6703 0.9319
vt 0.7231 0.9319
vt 0.7231 0.7830
vt 0.6703 0.7830
vt 0.6703 0.9319
vt 0.7231 0.6341
vt 0.6703 0.6341
vt 0.7231 0.4853
vt 0.6703 0.4853
vt 0.7231 0.3364
vt 0.6703 0.3364
vt 0.7231 0.1875
vt 0.6703 0.1875
vt 0.7231 0.0386
vt 0.6703 0.0386
vt 0.7231 0.9319
vt 0.7231 0.7830
vt 0.6703 0.7830
vt 0.6703 0.9319
vt 0.7231 0.6341
vt 0.6703 0.6341
vt 0.7231 0.4853
vt 0.6703 0.4853
vt 0.7231 0.3364
vt 0.6703 0.3364
vt 0.7231 0.1875
vt 0.6703 0.1875
vt 0.7231 0.0386
vt 0.6703 0.0386
vt 0.9832 0.8020
vt 0.9832 0.6934
vt 0.9319 0.6934
vt 0.9319 0.8020
vt 0.9832 0.5847
vt 0.9319 0.5847
vt 0.9832 0.4762
vt 0.9319 0.4762
vt 0.9832 0.3676
vt 0.9319 0.3676
vt 0.9832 0.2589
vt 0.9319 0.2589
vt 0.9832 0.1504
vt 0.9319 0.1504
vt 0.9832 0.0418
vt 0.9319 0.0418
vt 0.7796 0.8343
vt 0.7796 0.7639
vt 0.7339 0.7639
vt 0.7339 0.8343
vt 0.7796 0.6936
vt 0.7339 0.6936
vt 0.7796 0.6233
vt 0.7339 0.6233
vt 0.7796 0.5529
vt 0.7339 0.5529
vt 0.7796 0.4826
vt 0.7339 0.4826
vt 0.7796 0.4122
vt 0.7339 0.4122
vt 0.7796 0.3419
vt 0.7339 0.3419
vt 0.7796 0.2716
vt 0.7339 0.2716
vt 0.7796 0.2012
vt 0.7339 0.2012
vt 0.7796 0.1309
vt 0.7339 0.1309
vt 0.7796 0.0605
vt 0.7339 0.0605
vt 0.8440 0.9482
vt 0.8440 0.8213
vt 0.7915 0.8213
vt 0.7915 0.9482
vt 0.8440 0.6942
vt 0.7915 0.6942
vt 0.8440 0.5673
vt 0.7915 0.5673
vt 0.8440 0.4403
vt 0.7915 0.4403
vt 0.8440 0.3134
vt 0.7915 0.3134
vt 0.8440 0.1863
vt 0.7915 0.1863
vt 0.8440 0.0594
vt 0.7915 0.0594
vt 0.9832 0.9106
vt 0.9319 0.9106
vt 0.7231 0.9319
vt 0.7231 0.6341
vt 0.6703 0.6341
vt 0.6703 0.9319
vt 0.7231 0.3364
vt 0.6703 0.3364
vt 0.7231 0.0386
vt 0.6703 0.0386
vt 0.7231 0.9319
vt 0.7231 0.7830
vt 0.6703 0.7830
vt 0.6703 0.9319
vt 0.7231 0.6341
vt 0.6703 0.6341
vt 0.7231 0.4853
vt 0.6703 0.4853
vt 0.7231 0.3364
vt 0.6703 0.3364
vt 0.7231 0.1875
vt 0.6703 0.1875
vt 0.7231 0.0386
vt 0.6703 0.0386
vt 0.7231 0.9319
vt 0.7231 0.7533
vt 0.6703 0.7533
vt 0.6703 0.9319
vt 0.7231 0.5746
vt 0.6703 0.5746
vt 0.7231 0.3959
vt 0.6703 0.3959
vt 0.7231 0.2173
vt 0.6703 0.2173
vt 0.7231 0.0386
vt 0.6703 0.0386
vt 0.8440 0.9482
vt 0.8440 0.8213
vt 0.7915 0.8213
vt 0.7915 0.9482
vt 0.8440 0.6942
vt 0.7915 0.6942
vt 0.8440 0.5673
vt 0.7915 0.5673
vt 0.8440 0.4403
vt 0.7915 0.4403
vt 0.8440 0.3134
vt 0.7915 0.3134
vt 0.8440 0.1863
vt 0.7915 0.1863
vt 0.8440 0.0594
vt 0.7915 0.0594
vt 0.8440 0.9482
vt 0.8440 0.8213
vt 0.7915 0.8213
vt 0.7915 0.9482
vt 0.8440 0.6942
vt 0.7915 0.6942
vt 0.8440 0.5673
vt 0.7915 0.5673
vt 0.8440 0.4403
vt 0.7915 0.4403
vt 0.8440 0.3134
vt 0.7915 0.3134
vt 0.8440 0.1863
vt 0.7915 0.1863
vt 0.8440 0.0594
vt 0.7915 0.0594
vt 0.8440 0.9482
vt 0.8440 0.8213
vt 0.7915 0.8213
vt 0.7915 0.9482
vt 0.8440 0.6942
vt 0.7915 0.6942
vt 0.8440 0.5673
vt 0.7915 0.5673
vt 0.8440 0.4403
vt 0.7915 0.4403
vt 0.8440 0.3134
vt 0.7915 0.3134
vt 0.8440 0.1863
vt 0.7915 0.1863
vt 0.8440 0.0594
vt 0.7915 0.0594
vt 0.7231 0.9319
vt 0.7231 0.7830
vt 0.6703 0.7830
vt 0.6703 0.9319
vt 0.7231 0.6341
vt 0.6703 0.6341
vt 0.7231 0.4853
vt 0.6703 0.4853
vt 0.7231 0.3364
vt 0.6703 0.3364
vt 0.7231 0.1875
vt 0.6703 0.1875
vt 0.7231 0.0386
vt 0.6703 0.0386
vt 0.8440 0.5673
vt 0.8440 0.4403
vt 0.7915 0.4403
vt 0.7915 0.5673
vt 0.8440 0.3134
vt 0.7915 0.3134
vt 0.8440 0.1863
vt 0.7915 0.1863
vt 0.8440 0.0594
vt 0.7915 0.0594
vt 0.8440 0.9482
vt 0.8440 0.8213
vt 0.7915 0.8213
vt 0.7915 0.9482
vt 0.8440 0.6942
vt 0.7915 0.6942
vt 0.9832 0.9106
vt 0.9832 0.8020
vt 0.9319 0.8020
vt 0.9319 0.9106
vt 0.9832 0.6934
vt 0.9319 0.6934
vt 0.9832 0.5847
vt 0.9319 0.5847
vt 0.9832 0.4762
vt 0.9319 0.4762
vt 0.9832 0.3676
vt 0.9319 0.3676
vt 0.9832 0.2589
vt 0.9319 0.2589
vt 0.9832 0.1504
vt 0.9319 0.1504
vt 0.9832 0.0418
vt 0.9319 0.0418
vt 0.9832 0.9106
vt 0.9832 0.8020
vt 0.9319 0.8020
vt 0.9319 0.9106
vt 0.9832 0.6934
vt 0.9319 0.6934
vt 0.9832 0.5847
vt 0.9319 0.5847
vt 0.9832 0.4762
vt 0.9319 0.4762
vt 0.9832 0.3676
vt 0.9319 0.3676
vt 0.9832 0.2589
vt 0.9319 0.2589
vt 0.9832 0.1504
vt 0.9319 0.1504
vt 0.9832 0.0418
vt 0.9319 0.0418
vt 0.9832 0.9106
vt 0.9832 0.8020
vt 0.9319 0.8020
vt 0.9319 0.9106
vt 0.9832 0.6934
vt 0.9319 0.6934
vt 0.9832 0.5847
vt 0.9319 0.5847
vt 0.9832 0.4762
vt 0.9319 0.4762
vt 0.9832 0.3676
vt 0.9319 0.3676
vt 0.9832 0.2589
vt 0.9319 0.2589
vt 0.9832 0.1504
vt 0.9319 0.1504
vt 0.9832 0.0418
vt 0.9319 0.0418
vt 0.7231 0.9319
vt 0.7231 0.8328
vt 0.6703 0.8328
vt 0.6703 0.9319
vt 0.7231 0.7335
vt 0.6703 0.7335
vt 0.7231 0.6341
vt 0.6703 0.6341
vt 0.7231 0.5348
vt 0.6703 0.5348
vt 0.7231 0.4357
vt 0.6703 0.4357
vt 0.7231 0.3364
vt 0.6703 0.3364
vt 0.7231 0.2371
vt 0.6703 0.2371
vt 0.7231 0.1379
vt 0.6703 0.1379
vt 0.7231 0.0386
vt 0.6703 0.0386
vt 0.9161 0.9462
vt 0.9161 0.8563
vt 0.8631 0.8563
vt 0.8631 0.9462
vt 0.9161 0.7666
vt 0.8631 0.7666
vt 0.9161 0.6767
vt 0.8631 0.6767
vt 0.9161 0.5868
vt 0.8631 0.5868
vt 0.9161 0.4969
vt 0.8631 0.4969
vt 0.9161 0.4070
vt 0.8631 0.4070
vt 0.9161 0.3171
vt 0.8631 0.3171
vt 0.9161 0.2274
vt 0.8631 0.2274
vt 0.9161 0.1375
vt 0.8631 0.1375
vt 0.9161 0.0476
vt 0.8631 0.0476
vt 0.7231 0.9319
vt 0.7231 0.7533
vt 0.6703 0.7533
vt 0.6703 0.9319
vt 0.7231 0.5746
vt 0.6703 0.5746
vt 0.7231 0.3959
vt 0.6703 0.3959
vt 0.7231 0.2173
vt 0.6703 0.2173
vt 0.7231 0.0386
vt 0.6703 0.0386
vt 0.9832 0.9106
vt 0.9832 0.8020
vt 0.9319 0.8020
vt 0.9319 0.9106
vt 0.9832 0.6934
vt 0.9319 0.6934
vt 0.9832 0.5847
vt 0.9319 0.5847
vt 0.9832 0.4762
vt 0.9319 0.4762
vt 0.9832 0.3676
vt 0.9319 0.3676
vt 0.9832 0.2589
vt 0.9319 0.2589
vt 0.9832 0.1504
vt 0.9319 0.1504
vt 0.9832 0.0418
vt 0.9319 0.0418
vt 0.7231 0.9319
vt 0.7231 0.7830
vt 0.6703 0.7830
vt 0.6703 0.9319
vt 0.7231 0.6341
vt 0.6703 0.6341
vt 0.7231 0.4853
vt 0.6703 0.4853
vt 0.7231 0.3364
vt 0.6703 0.3364
vt 0.7231 0.1875
vt 0.6703 0.1875
vt 0.7231 0.0386
vt 0.6703 0.0386
vt 0.9832 0.9106
vt 0.9832 0.8020
vt 0.9319 0.8020
vt 0.9319 0.9106
vt 0.9832 0.6934
vt 0.9319 0.6934
vt 0.9832 0.5847
vt 0.9319 0.5847
vt 0.9832 0.4762
vt 0.9319 0.4762
vt 0.9832 0.3676
vt 0.9319 0.3676
vt 0.9832 0.2589
vt 0.9319 0.2589
vt 0.9832 0.1504
vt 0.9319 0.1504
vt 0.9832 0.0418
vt 0.9319 0.0418
vt 0.7231 0.9319
vt 0.7231 0.7533
vt 0.6703 0.7533
vt 0.6703 0.9319
vt 0.7231 0.5746
vt 0.6703 0.5746
vt 0.7231 0.3959
vt 0.6703 0.3959
vt 0.7231 0.2173
vt 0.6703 0.2173
vt 0.7231 0.0386
vt 0.6703 0.0386
vt 0.7231 0.9319
vt 0.7231 0.7830
vt 0.6703 0.7830
vt 0.6703 0.9319
vt 0.7231 0.6341
vt 0.6703 0.6341
vt 0.7231 0.4853
vt 0.6703 0.4853
vt 0.7231 0.3364
vt 0.6703 0.3364
vt 0.7231 0.1875
vt 0.6703 0.1875
vt 0.7231 0.0386
vt 0.6703 0.0386
vt 0.8440 0.9482
vt 0.8440 0.8213
vt 0.7915 0.8213
vt 0.7915 0.9482
vt 0.8440 0.6942
vt 0.7915 0.6942
vt 0.8440 0.5673
vt 0.7915 0.5673
vt 0.8440 0.4403
vt 0.7915 0.4403
vt 0.8440 0.3134
vt 0.7915 0.3134
vt 0.8440 0.1863
vt 0.7915 0.1863
vt 0.8440 0.0594
vt 0.7915 0.0594
vt 0.7231 0.9319
vt 0.7231 0.8328
vt 0.6703 0.8328
vt 0.6703 0.9319
vt 0.7231 0.7335
vt 0.6703 0.7335
vt 0.7231 0.6341
vt 0.6703 0.6341
vt 0.7231 0.5348
vt 0.6703 0.5348
vt 0.7231 0.4357
vt 0.6703 0.4357
vt 0.7231 0.3364
vt 0.6703 0.3364
vt 0.7231 0.2371
vt 0.6703 0.2371
vt 0.7231 0.1379
vt 0.6703 0.1379
vt 0.7231 0.0386
vt 0.6703 0.0386
vt 0.7231 0.9319
vt 0.7231 0.7533
vt 0.6703 0.7533
vt 0.6703 0.9319
vt 0.7231 0.5746
vt 0.6703 0.5746
vt 0.7231 0.3959
vt 0.6703 0.3959
vt 0.7231 0.2173
vt 0.6703 0.2173
vt 0.7231 0.0386
vt 0.6703 0.0386
vt 0.7231 0.9319
vt 0.7231 0.7830
vt 0.6703 0.7830
vt 0.6703 0.9319
vt 0.7231 0.6341
vt 0.6703 0.6341
vt 0.7231 0.4853
vt 0.6703 0.4853
vt 0.7231 0.3364
vt 0.6703 0.3364
vt 0.7231 0.1875
vt 0.6703 0.1875
vt 0.7231 0.0386
vt 0.6703 0.0386
vt 0.9169 0.9174
vt 0.9169 0.6993
vt 0.8628 0.6993
vt 0.8628 0.9174
vt 0.9169 0.4814
vt 0.8628 0.4814
vt 0.9169 0.2633
vt 0.8628 0.2633
vt 0.9169 0.0453
vt 0.8628 0.0453
vt 0.7231 0.9319
vt 0.7231 0.7533
vt 0.6703 0.7533
vt 0.6703 0.9319
vt 0.7231 0.5746
vt 0.6703 0.5746
vt 0.7231 0.3959
vt 0.6703 0.3959
vt 0.7231 0.2173
vt 0.6703 0.2173
vt 0.7231 0.0386
vt 0.6703 0.0386
vt 0.9832 0.9106
vt 0.9832 0.8020
vt 0.9319 0.8020
vt 0.9319 0.9106
vt 0.9832 0.6934
vt 0.9319 0.6934
vt 0.9832 0.5847
vt 0.9319 0.5847
vt 0.9832 0.4762
vt 0.9319 0.4762
vt 0.9832 0.3676
vt 0.9319 0.3676
vt 0.9832 0.2589
vt 0.9319 0.2589
vt 0.9832 0.1504
vt 0.9319 0.1504
vt 0.9832 0.0418
vt 0.9319 0.0418
vt 0.9832 0.9106
vt 0.9832 0.6934
vt 0.9319 0.6934
vt 0.9319 0.9106
vt 0.9832 0.4762
vt 0.9319 0.4762
vt 0.9832 0.2589
vt 0.9319 0.2589
vt 0.9832 0.0418
vt 0.9319 0.0418
vt 0.7231 0.9319
vt 0.7231 0.7533
vt 0.6703 0.7533
vt 0.6703 0.9319
vt 0.7231 0.5746
vt 0.6703 0.5746
vt 0.7231 0.3959
vt 0.6703 0.3959
vt 0.7231 0.2173
vt 0.6703 0.2173
vt 0.7231 0.0386
vt 0.6703 0.0386
vt 0.9169 0.9174
vt 0.9169 0.7429
vt 0.8628 0.7429
vt 0.8628 0.9174
vt 0.9169 0.5685
vt 0.8628 0.5685
vt 0.9169 0.3942
vt 0.8628 0.3942
vt 0.9169 0.2197
vt 0.8628 0.2197
vt 0.9169 0.0453
vt 0.8628 0.0453
vt 0.9832 0.9106
vt 0.9832 0.8382
vt 0.9319 0.8382
vt 0.9319 0.9106
vt 0.9832 0.7658
vt 0.9319 0.7658
vt 0.9832 0.6934
vt 0.9319 0.6934
vt 0.9832 0.6210
vt 0.9319 0.6210
vt 0.9832 0.5486
vt 0.9319 0.5486
vt 0.9832 0.4762
vt 0.9319 0.4762
vt 0.9832 0.4038
vt 0.9319 0.4038
vt 0.9832 0.3314
vt 0.9319 0.3314
vt 0.9832 0.2589
vt 0.9319 0.2589
vt 0.9832 0.1866
vt 0.9319 0.1866
vt 0.9832 0.1141
vt 0.9319 0.1141
vt 0.9832 0.0418
vt 0.9319 0.0418
vt 0.7804 0.8644
vt 0.7804 0.8028
vt 0.7331 0.8028
vt 0.7331 0.8644
vt 0.7804 0.7411
vt 0.7331 0.7411
vt 0.7804 0.6794
vt 0.7331 0.6794
vt 0.7804 0.6177
vt 0.7331 0.6177
vt 0.7804 0.5561
vt 0.7331 0.5561
vt 0.7804 0.4944
vt 0.7331 0.4944
vt 0.7804 0.4327
vt 0.7331 0.4327
vt 0.7804 0.3710
vt 0.7331 0.3710
vt 0.7804 0.3094
vt 0.7331 0.3094
vt 0.7804 0.2477
vt 0.7331 0.2477
vt 0.7804 0.1860
vt 0.7331 0.1860
vt 0.7804 0.1244
vt 0.7331 0.1244
vt 0.7804 0.0627
vt 0.7331 0.0627
vt 0.7231 0.9319
vt 0.7231 0.7830
vt 0.6703 0.7830
vt 0.6703 0.9319
vt 0.7231 0.6341
vt 0.6703 0.6341
vt 0.7231 0.4853
vt 0.6703 0.4853
vt 0.7231 0.3364
vt 0.6703 0.3364
vt 0.7231 0.1875
vt 0.6703 0.1875
vt 0.7231 0.0386
vt 0.6703 0.0386
vt 0.8440 0.9482
vt 0.8440 0.8213
vt 0.7915 0.8213
vt 0.7915 0.9482
vt 0.8440 0.6942
vt 0.7915 0.6942
vt 0.8440 0.5673
vt 0.7915 0.5673
vt 0.8440 0.4403
vt 0.7915 0.4403
vt 0.8440 0.3134
vt 0.7915 0.3134
vt 0.8440 0.1863
vt 0.7915 0.1863
vt 0.8440 0.0594
vt 0.7915 0.0594
vt 0.9832 0.9106
vt 0.9832 0.8020
vt 0.9319 0.8020
vt 0.9319 0.9106
vt 0.9832 0.6934
vt 0.9319 0.6934
vt 0.9832 0.5847
vt 0.9319 0.5847
vt 0.9832 0.4762
vt 0.9319 0.4762
vt 0.9832 0.3676
vt 0.9319 0.3676
vt 0.9832 0.2589
vt 0.9319 0.2589
vt 0.9832 0.1504
vt 0.9319 0.1504
vt 0.9832 0.0418
vt 0.9319 0.0418
vt 0.7231 0.9319
vt 0.7231 0.7533
vt 0.6703 0.7533
vt 0.6703 0.9319
vt 0.7231 0.5746
vt 0.6703 0.5746
vt 0.7231 0.3959
vt 0.6703 0.3959
vt 0.7231 0.2173
vt 0.6703 0.2173
vt 0.7231 0.0386
vt 0.6703 0.0386
vt 0.7231 0.9319
vt 0.7231 0.7533
vt 0.6703 0.7533
vt 0.6703 0.9319
vt 0.7231 0.5746
vt 0.6703 0.5746
vt 0.7231 0.3959
vt 0.6703 0.3959
vt 0.7231 0.2173
vt 0.6703 0.2173
vt 0.7231 0.0386
vt 0.6703 0.0386
vt 0.8440 0.8213
vt 0.8440 0.6942
vt 0.7915 0.6942
vt 0.7915 0.8213
vt 0.8440 0.5673
vt 0.7915 0.5673
vt 0.8440 0.4403
vt 0.7915 0.4403
vt 0.8440 0.3134
vt 0.7915 0.3134
vt 0.8440 0.1863
vt 0.7915 0.1863
vt 0.8440 0.0594
vt 0.7915 0.0594
vt 0.9832 0.9106
vt 0.9832 0.8020
vt 0.9319 0.8020
vt 0.9319 0.9106
vt 0.9832 0.6934
vt 0.9319 0.6934
vt 0.9832 0.5847
vt 0.9319 0.5847
vt 0.9832 0.4762
vt 0.9319 0.4762
vt 0.9832 0.3676
vt 0.9319 0.3676
vt 0.9832 0.2589
vt 0.9319 0.2589
vt 0.9832 0.1504
vt 0.9319 0.1504
vt 0.9832 0.0418
vt 0.9319 0.0418
vt 0.7231 0.9319
vt 0.7231 0.8328
vt 0.6703 0.8328
vt 0.6703 0.9319
vt 0.7231 0.7335
vt 0.6703 0.7335
vt 0.7231 0.6341
vt 0.6703 0.6341
vt 0.7231 0.5348
vt 0.6703 0.5348
vt 0.7231 0.4357
vt 0.6703 0.4357
vt 0.7231 0.3364
vt 0.6703 0.3364
vt 0.7231 0.2371
vt 0.6703 0.2371
vt 0.7231 0.1379
vt 0.6703 0.1379
vt 0.7231 0.0386
vt 0.6703 0.0386
vt 0.8440 0.9482
vt 0.7915 0.9482
vt 0.7231 0.9319
vt 0.7231 0.7830
vt 0.6703 0.7830
vt 0.6703 0.9319
vt 0.7231 0.6341
vt 0.6703 0.6341
vt 0.7231 0.4853
vt 0.6703 0.4853
vt 0.7231 0.3364
vt 0.6703 0.3364
vt 0.7231 0.1875
vt 0.6703 0.1875
vt 0.7231 0.0386
vt 0.6703 0.0386
vt 0.8440 0.9482
vt 0.8440 0.8213
vt 0.7915 0.8213
vt 0.7915 0.9482
vt 0.8440 0.6942
vt 0.7915 0.6942
vt 0.8440 0.5673
vt 0.7915 0.5673
vt 0.8440 0.4403
vt 0.7915 0.4403
vt 0.8440 0.3134
vt 0.7915 0.3134
vt 0.8440 0.1863
vt 0.7915 0.1863
vt 0.8440 0.0594
vt 0.7915 0.0594
vt 0.7231 0.9319
vt 0.7231 0.7533
vt 0.6703 0.7533
vt 0.6703 0.9319
vt 0.7231 0.5746
vt 0.6703 0.5746
vt 0.7231 0.3959
vt 0.6703 0.3959
vt 0.7231 0.2173
vt 0.6703 0.2173
vt 0.7231 0.0386
vt 0.6703 0.0386
vt 0.9832 0.9106
vt 0.9832 0.8020
vt 0.9319 0.8020
vt 0.9319 0.9106
vt 0.9832 0.6934
vt 0.9319 0.6934
vt 0.9832 0.5847
vt 0.9319 0.5847
vt 0.9832 0.4762
vt 0.9319 0.4762
vt 0.9832 0.3676
vt 0.9319 0.3676
vt 0.9832 0.2589
vt 0.9319 0.2589
vt 0.9832 0.1504
vt 0.9319 0.1504
vt 0.9832 0.0418
vt 0.9319 0.0418
vt 0.8440 0.9482
vt 0.8440 0.8213
vt 0.7915 0.8213
vt 0.7915 0.9482
vt 0.8440 0.6942
vt 0.7915 0.6942
vt 0.8440 0.5673
vt 0.7915 0.5673
vt 0.8440 0.4403
vt 0.7915 0.4403
vt 0.8440 0.3134
vt 0.7915 0.3134
vt 0.8440 0.1863
vt 0.7915 0.1863
vt 0.8440 0.0594
vt 0.7915 0.0594
vt 0.9832 0.9106
vt 0.9832 0.8020
vt 0.9319 0.8020
vt 0.9319 0.9106
vt 0.9832 0.6934
vt 0.9319 0.6934
vt 0.9832 0.5847
vt 0.9319 0.5847
vt 0.9832 0.4762
vt 0.9319 0.4762
vt 0.9832 0.3676
vt 0.9319 0.3676
vt 0.9832 0.2589
vt 0.9319 0.2589
vt 0.9832 0.1504
vt 0.9319 0.1504
vt 0.9832 0.0418
vt 0.9319 0.0418
vt 0.7231 0.9319
vt 0.7231 0.8328
vt 0.6703 0.8328
vt 0.6703 0.9319
vt 0.7231 0.7335
vt 0.6703 0.7335
vt 0.7231 0.6341
vt 0.6703 0.6341
vt 0.7231 0.5348
vt 0.6703 0.5348
vt 0.7231 0.4357
vt 0.6703 0.4357
vt 0.7231 0.3364
vt 0.6703 0.3364
vt 0.7231 0.2371
vt 0.6703 0.2371
vt 0.7231 0.1379
vt 0.6703 0.1379
vt 0.7231 0.0386
vt 0.6703 0.0386
vt 0.9832 0.9106
vt 0.9832 0.8020
vt 0.9319 0.8020
vt 0.9319 0.9106
vt 0.9832 0.6934
vt 0.9319 0.6934
vt 0.9832 0.5847
vt 0.9319 0.5847
vt 0.9832 0.4762
vt 0.9319 0.4762
vt 0.9832 0.3676
vt 0.9319 0.3676
vt 0.9832 0.2589
vt 0.9832 0.1504
vt 0.9319 0.1504
vt 0.9319 0.2589
vt 0.9832 0.0418
vt 0.9319 0.0418
vt 0.9161 0.9462
vt 0.9161 0.8563
vt 0.8631 0.8563
vt 0.8631 0.9462
vt 0.9161 0.7666
vt 0.8631 0.7666
vt 0.9161 0.6767
vt 0.8631 0.6767
vt 0.9161 0.5868
vt 0.8631 0.5868
vt 0.9161 0.4969
vt 0.8631 0.4969
vt 0.9161 0.4070
vt 0.8631 0.4070
vt 0.9161 0.3171
vt 0.8631 0.3171
vt 0.9161 0.2274
vt 0.8631 0.2274
vt 0.9161 0.1375
vt 0.8631 0.1375
vt 0.9161 0.0476
vt 0.8631 0.0476
vt 0.7231 0.9319
vt 0.7231 0.8328
vt 0.6703 0.8328
vt 0.6703 0.9319
vt 0.7231 0.7335
vt 0.6703 0.7335
vt 0.7231 0.6341
vt 0.6703 0.6341
vt 0.7231 0.5348
vt 0.6703 0.5348
vt 0.7231 0.4357
vt 0.6703 0.4357
vt 0.7231 0.3364
vt 0.6703 0.3364
vt 0.7231 0.2371
vt 0.6703 0.2371
vt 0.7231 0.1379
vt 0.6703 0.1379
vt 0.7231 0.0386
vt 0.6703 0.0386
vt 0.7231 0.9319
vt 0.7231 0.8328
vt 0.6703 0.8328
vt 0.6703 0.9319
vt 0.7231 0.7335
vt 0.6703 0.7335
vt 0.7231 0.6341
vt 0.6703 0.6341
vt 0.7231 0.5348
vt 0.6703 0.5348
vt 0.7231 0.4357
vt 0.7231 0.3364
vt 0.6703 0.3364
vt 0.6703 0.4357
vt 0.7231 0.2371
vt 0.6703 0.2371
vt 0.7231 0.1379
vt 0.6703 0.1379
vt 0.7231 0.0386
vt 0.6703 0.0386
vt 0.7231 0.9319
vt 0.7231 0.7830
vt 0.6703 0.7830
vt 0.6703 0.9319
vt 0.7231 0.6341
vt 0.6703 0.6341
vt 0.7231 0.4853
vt 0.6703 0.4853
vt 0.7231 0.3364
vt 0.6703 0.3364
vt 0.7231 0.1875
vt 0.6703 0.1875
vt 0.7231 0.0386
vt 0.6703 0.0386
vt 0.9832 0.9106
vt 0.9832 0.6934
vt 0.9319 0.6934
vt 0.9319 0.9106
vt 0.9832 0.4762
vt 0.9319 0.4762
vt 0.9832 0.2589
vt 0.9319 0.2589
vt 0.9832 0.0418
vt 0.9319 0.0418
vt 0.9832 0.9106
vt 0.9832 0.6934
vt 0.9319 0.6934
vt 0.9319 0.9106
vt 0.9832 0.4762
vt 0.9319 0.4762
vt 0.9832 0.2589
vt 0.9319 0.2589
vt 0.9832 0.0418
vt 0.9319 0.0418
vt 0.8440 0.9482
vt 0.8440 0.8213
vt 0.7915 0.8213
vt 0.7915 0.9482
vt 0.8440 0.6942
vt 0.7915 0.6942
vt 0.8440 0.5673
vt 0.7915 0.5673
vt 0.8440 0.4403
vt 0.7915 0.4403
vt 0.8440 0.3134
vt 0.7915 0.3134
vt 0.8440 0.1863
vt 0.7915 0.1863
vt 0.8440 0.0594
vt 0.7915 0.0594
vt 0.9832 0.9106
vt 0.9832 0.8020
vt 0.9319 0.8020
vt 0.9319 0.9106
vt 0.9832 0.6934
vt 0.9319 0.6934
vt 0.9832 0.5847
vt 0.9319 0.5847
vt 0.9832 0.4762
vt 0.9319 0.4762
vt 0.9832 0.3676
vt 0.9319 0.3676
vt 0.9832 0.2589
vt 0.9319 0.2589
vt 0.9832 0.1504
vt 0.9319 0.1504
vt 0.9832 0.0418
vt 0.9319 0.0418
vt 0.9832 0.9106
vt 0.9832 0.8020
vt 0.9319 0.8020
vt 0.9319 0.9106
vt 0.9832 0.6934
vt 0.9319 0.6934
vt 0.9832 0.5847
vt 0.9319 0.5847
vt 0.9832 0.4762
vt 0.9319 0.4762
vt 0.9832 0.3676
vt 0.9319 0.3676
vt 0.9832 0.2589
vt 0.9319 0.2589
vt 0.9832 0.1504
vt 0.9319 0.1504
vt 0.9832 0.0418
vt 0.9319 0.0418
vt 0.9161 0.9462
vt 0.9161 0.8563
vt 0.8631 0.8563
vt 0.8631 0.9462
vt 0.9161 0.7666
vt 0.8631 0.7666
vt 0.9161 0.6767
vt 0.8631 0.6767
vt 0.9161 0.5868
vt 0.8631 0.5868
vt 0.9161 0.4969
vt 0.8631 0.4969
vt 0.9161 0.4070
vt 0.8631 0.4070
vt 0.9161 0.3171
vt 0.8631 0.3171
vt 0.9161 0.2274
vt 0.8631 0.2274
vt 0.9161 0.1375
vt 0.8631 0.1375
vt 0.9161 0.0476
vt 0.8631 0.0476
vt 0.9832 0.9106
vt 0.9832 0.8020
vt 0.9319 0.8020
vt 0.9319 0.9106
vt 0.9832 0.6934
vt 0.9319 0.6934
vt 0.9832 0.5847
vt 0.9319 0.5847
vt 0.9832 0.4762
vt 0.9319 0.4762
vt 0.9832 0.3676
vt 0.9319 0.3676
vt 0.9832 0.2589
vt 0.9319 0.2589
vt 0.9832 0.1504
vt 0.9319 0.1504
vt 0.9832 0.0418
vt 0.9319 0.0418
vt 0.7231 0.9319
vt 0.7231 0.8328
vt 0.6703 0.8328
vt 0.6703 0.9319
vt 0.7231 0.7335
vt 0.6703 0.7335
vt 0.7231 0.6341
vt 0.6703 0.6341
vt 0.7231 0.5348
vt 0.6703 0.5348
vt 0.7231 0.4357
vt 0.6703 0.4357
vt 0.7231 0.3364
vt 0.6703 0.3364
vt 0.7231 0.2371
vt 0.6703 0.2371
vt 0.7231 0.1379
vt 0.6703 0.1379
vt 0.7231 0.0386
vt 0.6703 0.0386
vt 0.8440 0.9482
vt 0.8440 0.8213
vt 0.7915 0.8213
vt 0.7915 0.9482
vt 0.8440 0.6942
vt 0.7915 0.6942
vt 0.8440 0.5673
vt 0.7915 0.5673
vt 0.8440 0.4403
vt 0.7915 0.4403
vt 0.8440 0.3134
vt 0.7915 0.3134
vt 0.8440 0.1863
vt 0.7915 0.1863
vt 0.8440 0.0594
vt 0.7915 0.0594
vt 0.8440 0.9482
vt 0.8440 0.8213
vt 0.7915 0.8213
vt 0.7915 0.9482
vt 0.8440 0.6942
vt 0.7915 0.6942
vt 0.8440 0.5673
vt 0.7915 0.5673
vt 0.8440 0.4403
vt 0.7915 0.4403
vt 0.8440 0.3134
vt 0.7915 0.3134
vt 0.8440 0.1863
vt 0.8440 0.0594
vt 0.7915 0.0594
vt 0.7915 0.1863
vt 0.8440 0.9482
vt 0.8440 0.8213
vt 0.7915 0.8213
vt 0.7915 0.9482
vt 0.8440 0.6942
vt 0.7915 0.6942
vt 0.8440 0.5673
vt 0.7915 0.5673
vt 0.8440 0.4403
vt 0.7915 0.4403
vt 0.8440 0.3134
vt 0.7915 0.3134
vt 0.8440 0.1863
vt 0.7915 0.1863
vt 0.8440 0.0594
vt 0.7915 0.0594
vt 0.9832 0.9106
vt 0.9832 0.8020
vt 0.9319 0.8020
vt 0.9319 0.9106
vt 0.9832 0.6934
vt 0.9319 0.6934
vt 0.9832 0.5847
vt 0.9319 0.5847
vt 0.9832 0.4762
vt 0.9319 0.4762
vt 0.9832 0.3676
vt 0.9319 0.3676
vt 0.9832 0.2589
vt 0.9319 0.2589
vt 0.9832 0.1504
vt 0.9319 0.1504
vt 0.9832 0.0418
vt 0.9319 0.0418
vt 0.8440 0.9482
vt 0.8440 0.8213
vt 0.7915 0.8213
vt 0.7915 0.9482
vt 0.8440 0.6942
vt 0.7915 0.6942
vt 0.8440 0.5673
vt 0.7915 0.5673
vt 0.8440 0.4403
vt 0.7915 0.4403
vt 0.8440 0.3134
vt 0.7915 0.3134
vt 0.8440 0.1863
vt 0.7915 0.1863
vt 0.8440 0.0594
vt 0.7915 0.0594
vt 0.7231 0.9319
vt 0.7231 0.8328
vt 0.6703 0.8328
vt 0.6703 0.9319
vt 0.7231 0.7335
vt 0.6703 0.7335
vt 0.7231 0.6341
vt 0.6703 0.6341
vt 0.7231 0.5348
vt 0.6703 0.5348
vt 0.7231 0.4357
vt 0.6703 0.4357
vt 0.7231 0.3364
vt 0.6703 0.3364
vt 0.7231 0.2371
vt 0.6703 0.2371
vt 0.7231 0.1379
vt 0.6703 0.1379
vt 0.7231 0.0386
vt 0.6703 0.0386
vt 0.9832 0.9106
vt 0.9832 0.8020
vt 0.9319 0.8020
vt 0.9319 0.9106
vt 0.9832 0.6934
vt 0.9319 0.6934
vt 0.9832 0.5847
vt 0.9319 0.5847
vt 0.9832 0.4762
vt 0.9319 0.4762
vt 0.9832 0.3676
vt 0.9319 0.3676
vt 0.9832 0.2589
vt 0.9319 0.2589
vt 0.9832 0.1504
vt 0.9319 0.1504
vt 0.9832 0.0418
vt 0.9319 0.0418
vt 0.9832 0.9106
vt 0.9832 0.8020
vt 0.9319 0.8020
vt 0.9319 0.9106
vt 0.9832 0.6934
vt 0.9319 0.6934
vt 0.9832 0.5847
vt 0.9319 0.5847
vt 0.9832 0.4762
vt 0.9319 0.4762
vt 0.9832 0.3676
vt 0.9319 0.3676
vt 0.9832 0.2589
vt 0.9319 0.2589
vt 0.9832 0.1504
vt 0.9319 0.1504
vt 0.9832 0.0418
vt 0.9319 0.0418
vt 0.7231 0.9319
vt 0.7231 0.7533
vt 0.6703 0.7533
vt 0.6703 0.9319
vt 0.7231 0.5746
vt 0.6703 0.5746
vt 0.7231 0.3959
vt 0.6703 0.3959
vt 0.7231 0.2173
vt 0.6703 0.2173
vt 0.7231 0.0386
vt 0.6703 0.0386
vt 0.7231 0.9319
vt 0.7231 0.7830
vt 0.6703 0.7830
vt 0.6703 0.9319
vt 0.7231 0.6341
vt 0.6703 0.6341
vt 0.7231 0.4853
vt 0.6703 0.4853
vt 0.7231 0.3364
vt 0.6703 0.3364
vt 0.7231 0.1875
vt 0.6703 0.1875
vt 0.7231 0.0386
vt 0.6703 0.0386
vt 0.7231 0.6341
vt 0.7231 0.4853
vt 0.6703 0.4853
vt 0.6703 0.6341
vt 0.7231 0.3364
vt 0.6703 0.3364
vt 0.7231 0.1875
vt 0.6703 0.1875
vt 0.7231 0.0386
vt 0.6703 0.0386
vt 0.9832 0.9106
vt 0.9832 0.8020
vt 0.9319 0.8020
vt 0.9319 0.9106
vt 0.9832 0.6934
vt 0.9319 0.6934
vt 0.9832 0.5847
vt 0.9319 0.5847
vt 0.9832 0.4762
vt 0.9319 0.4762
vt 0.9832 0.3676
vt 0.9319 0.3676
vt 0.9832 0.2589
vt 0.9319 0.2589
vt 0.9832 0.1504
vt 0.9319 0.1504
vt 0.9832 0.0418
vt 0.9319 0.0418
vt 0.9832 0.9106
vt 0.9832 0.8020
vt 0.9319 0.8020
vt 0.9319 0.9106
vt 0.9832 0.6934
vt 0.9319 0.6934
vt 0.9832 0.4762
vt 0.9832 0.3676
vt 0.9319 0.3676
vt 0.9319 0.4762
vt 0.9832 0.2589
vt 0.9319 0.2589
vt 0.9832 0.1504
vt 0.9319 0.1504
vt 0.9832 0.0418
vt 0.9319 0.0418
vt 0.7231 0.9319
vt 0.7231 0.7830
vt 0.6703 0.7830
vt 0.6703 0.9319
vt 0.9832 0.5847
vt 0.9319 0.5847
vt 0.7231 0.9319
vt 0.7231 0.7830
vt 0.6703 0.7830
vt 0.6703 0.9319
vt 0.7231 0.6341
vt 0.6703 0.6341
vt 0.7231 0.4853
vt 0.6703 0.4853
vt 0.7231 0.3364
vt 0.6703 0.3364
vt 0.7231 0.1875
vt 0.6703 0.1875
vt 0.7231 0.0386
vt 0.6703 0.0386
vt 0.8440 0.9482
vt 0.8440 0.8213
vt 0.7915 0.8213
vt 0.7915 0.9482
vt 0.8440 0.6942
vt 0.7915 0.6942
vt 0.8440 0.5673
vt 0.7915 0.5673
vt 0.8440 0.4403
vt 0.7915 0.4403
vt 0.8440 0.3134
vt 0.7915 0.3134
vt 0.8440 0.1863
vt 0.7915 0.1863
vt 0.8440 0.0594
vt 0.7915 0.0594
vt 0.8440 0.9482
vt 0.8440 0.8213
vt 0.7915 0.8213
vt 0.7915 0.9482
vt 0.8440 0.6942
vt 0.7915 0.6942
vt 0.8440 0.5673
vt 0.7915 0.5673
vt 0.8440 0.4403
vt 0.7915 0.4403
vt 0.8440 0.3134
vt 0.7915 0.3134
vt 0.8440 0.1863
vt 0.7915 0.1863
vt 0.8440 0.0594
vt 0.7915 0.0594
vt 0.9832 0.9106
vt 0.9832 0.8020
vt 0.9319 0.8020
vt 0.9319 0.9106
vt 0.9832 0.6934
vt 0.9319 0.6934
vt 0.9832 0.5847
vt 0.9319 0.5847
vt 0.9832 0.4762
vt 0.9319 0.4762
vt 0.9832 0.3676
vt 0.9319 0.3676
vt 0.9832 0.2589
vt 0.9319 0.2589
vt 0.9832 0.1504
vt 0.9319 0.1504
vt 0.9832 0.0418
vt 0.9319 0.0418
vt 0.9832 0.6934
vt 0.9832 0.5847
vt 0.9319 0.5847
vt 0.9319 0.6934
vt 0.9832 0.4762
vt 0.9319 0.4762
vt 0.9832 0.3676
vt 0.9319 0.3676
vt 0.9832 0.2589
vt 0.9319 0.2589
vt 0.9832 0.1504
vt 0.9319 0.1504
vt 0.9832 0.0418
vt 0.9319 0.0418
vt 0.8440 0.9482
vt 0.8440 0.8213
vt 0.7915 0.8213
vt 0.7915 0.9482
vt 0.8440 0.6942
vt 0.7915 0.6942
vt 0.8440 0.5673
vt 0.7915 0.5673
vt 0.8440 0.4403
vt 0.7915 0.4403
vt 0.8440 0.3134
vt 0.7915 0.3134
vt 0.8440 0.1863
vt 0.7915 0.1863
vt 0.8440 0.0594
vt 0.7915 0.0594
vt 0.9832 0.9106
vt 0.9832 0.8020
vt 0.9319 0.8020
vt 0.9319 0.9106
vt 0.9832 0.6934
vt 0.9319 0.6934
vt 0.9832 0.5847
vt 0.9319 0.5847
vt 0.9832 0.4762
vt 0.9319 0.4762
vt 0.9832 0.3676
vt 0.9319 0.3676
vt 0.9832 0.2589
vt 0.9319 0.2589
vt 0.9832 0.1504
vt 0.9319 0.1504
vt 0.9832 0.0418
vt 0.9319 0.0418
vt 0.9832 0.9106
vt 0.9832 0.8020
vt 0.9319 0.8020
vt 0.9319 0.9106
vt 0.7231 0.9319
vt 0.7231 0.7830
vt 0.6703 0.7830
vt 0.6703 0.9319
vt 0.7231 0.6341
vt 0.6703 0.6341
vt 0.7231 0.4853
vt 0.6703 0.4853
vt 0.7231 0.3364
vt 0.6703 0.3364
vt 0.7231 0.1875
vt 0.6703 0.1875
vt 0.7231 0.0386
vt 0.6703 0.0386
vt 0.7231 0.9319
vt 0.7231 0.7533
vt 0.6703 0.7533
vt 0.6703 0.9319
vt 0.7231 0.5746
vt 0.6703 0.5746
vt 0.7231 0.3959
vt 0.6703 0.3959
vt 0.7231 0.2173
vt 0.6703 0.2173
vt 0.7231 0.0386
vt 0.6703 0.0386
vt 0.7231 0.9319
vt 0.7231 0.7533
vt 0.6703 0.7533
vt 0.6703 0.9319
vt 0.7231 0.5746
vt 0.6703 0.5746
vt 0.7231 0.3959
vt 0.6703 0.3959
vt 0.7231 0.2173
vt 0.6703 0.2173
vt 0.7231 0.0386
vt 0.6703 0.0386
vt 0.7231 0.9319
vt 0.7231 0.7830
vt 0.6703 0.7830
vt 0.6703 0.9319
vt 0.7231 0.6341
vt 0.6703 0.6341
vt 0.7231 0.4853
vt 0.6703 0.4853
vt 0.7231 0.3364
vt 0.6703 0.3364
vt 0.7231 0.1875
vt 0.6703 0.1875
vt 0.7231 0.0386
vt 0.6703 0.0386
vt 0.8440 0.9482
vt 0.8440 0.8213
vt 0.7915 0.8213
vt 0.7915 0.9482
vt 0.8440 0.6942
vt 0.7915 0.6942
vt 0.8440 0.5673
vt 0.7915 0.5673
vt 0.8440 0.4403
vt 0.7915 0.4403
vt 0.8440 0.3134
vt 0.7915 0.3134
vt 0.8440 0.1863
vt 0.7915 0.1863
vt 0.8440 0.0594
vt 0.7915 0.0594
vt 0.7231 0.9319
vt 0.7231 0.7830
vt 0.6703 0.7830
vt 0.6703 0.9319
vt 0.7231 0.6341
vt 0.6703 0.6341
vt 0.7231 0.4853
vt 0.6703 0.4853
vt 0.7231 0.3364
vt 0.6703 0.3364
vt 0.7231 0.1875
vt 0.6703 0.1875
vt 0.7231 0.0386
vt 0.6703 0.0386
vt 0.7231 0.9319
vt 0.7231 0.7830
vt 0.6703 0.7830
vt 0.6703 0.9319
vt 0.7231 0.6341
vt 0.6703 0.6341
vt 0.7231 0.4853
vt 0.6703 0.4853
vt 0.7231 0.3364
vt 0.6703 0.3364
vt 0.7231 0.1875
vt 0.6703 0.1875
vt 0.7231 0.0386
vt 0.6703 0.0386
vt 0.9832 0.9106
vt 0.9832 0.8020
vt 0.9319 0.8020
vt 0.9319 0.9106
vt 0.9832 0.6934
vt 0.9319 0.6934
vt 0.9832 0.5847
vt 0.9319 0.5847
vt 0.9832 0.4762
vt 0.9319 0.4762
vt 0.9832 0.3676
vt 0.9319 0.3676
vt 0.9832 0.2589
vt 0.9319 0.2589
vt 0.9832 0.1504
vt 0.9319 0.1504
vt 0.9832 0.0418
vt 0.9319 0.0418
vt 0.7231 0.9319
vt 0.7231 0.7533
vt 0.6703 0.7533
vt 0.6703 0.9319
vt 0.7231 0.5746
vt 0.6703 0.5746
vt 0.7231 0.3959
vt 0.6703 0.3959
vt 0.7231 0.2173
vt 0.6703 0.2173
vt 0.7231 0.0386
vt 0.6703 0.0386
vt 0.7231 0.9319
vt 0.7231 0.7830
vt 0.6703 0.7830
vt 0.6703 0.9319
vt 0.7231 0.6341
vt 0.6703 0.6341
vt 0.7231 0.4853
vt 0.6703 0.4853
vt 0.7231 0.3364
vt 0.6703 0.3364
vt 0.7231 0.1875
vt 0.6703 0.1875
vt 0.7231 0.0386
vt 0.6703 0.0386
vt 0.7231 0.9319
vt 0.7231 0.7533
vt 0.6703 0.7533
vt 0.6703 0.9319
vt 0.7231 0.5746
vt 0.6703 0.5746
vt 0.7231 0.3959
vt 0.6703 0.3959
vt 0.7231 0.2173
vt 0.6703 0.2173
vt 0.7231 0.0386
vt 0.6703 0.0386
vt 0.7231 0.9319
vt 0.7231 0.7830
vt 0.6703 0.7830
vt 0.6703 0.9319
vt 0.7231 0.6341
vt 0.6703 0.6341
vt 0.7231 0.4853
vt 0.6703 0.4853
vt 0.7231 0.3364
vt 0.6703 0.3364
vt 0.7231 0.1875
vt 0.6703 0.1875
vt 0.7231 0.0386
vt 0.6703 0.0386
vt 0.7231 0.9319
vt 0.7231 0.7830
vt 0.6703 0.7830
vt 0.6703 0.9319
vt 0.7231 0.6341
vt 0.6703 0.6341
vt 0.7231 0.4853
vt 0.6703 0.4853
vt 0.7231 0.3364
vt 0.6703 0.3364
vt 0.7231 0.1875
vt 0.6703 0.1875
vt 0.7231 0.0386
vt 0.6703 0.0386
vt 0.7231 0.9319
vt 0.7231 0.7830
vt 0.6703 0.7830
vt 0.6703 0.9319
vt 0.7231 0.6341
vt 0.6703 0.6341
vt 0.7231 0.4853
vt 0.6703 0.4853
vt 0.7231 0.3364
vt 0.6703 0.3364
vt 0.7231 0.1875
vt 0.6703 0.1875
vt 0.7231 0.0386
vt 0.6703 0.0386
vt 0.7231 0.9319
vt 0.7231 0.7830
vt 0.6703 0.7830
vt 0.6703 0.9319
vt 0.7231 0.6341
vt 0.6703 0.6341
vt 0.7231 0.4853
vt 0.6703 0.4853
vt 0.7231 0.3364
vt 0.6703 0.3364
vt 0.7231 0.1875
vt 0.6703 0.1875
vt 0.7231 0.0386
vt 0.6703 0.0386
vt 0.7231 0.9319
vt 0.7231 0.7533
vt 0.6703 0.7533
vt 0.6703 0.9319
vt 0.7231 0.5746
vt 0.6703 0.5746
vt 0.7231 0.3959
vt 0.6703 0.3959
vt 0.7231 0.2173
vt 0.6703 0.2173
vt 0.7231 0.0386
vt 0.6703 0.0386
vt 0.7231 0.9319
vt 0.7231 0.7830
vt 0.6703 0.7830
vt 0.6703 0.9319
vt 0.7231 0.6341
vt 0.6703 0.6341
vt 0.7231 0.4853
vt 0.6703 0.4853
vt 0.7231 0.3364
vt 0.6703 0.3364
vt 0.7231 0.1875
vt 0.6703 0.1875
vt 0.7231 0.0386
vt 0.6703 0.0386
vt 0.7231 0.9319
vt 0.7231 0.7830
vt 0.6703 0.7830
vt 0.6703 0.9319
vt 0.7231 0.6341
vt 0.6703 0.6341
vt 0.7231 0.4853
vt 0.6703 0.4853
vt 0.7231 0.3364
vt 0.6703 0.3364
vt 0.7231 0.1875
vt 0.6703 0.1875
vt 0.7231 0.0386
vt 0.6703 0.0386
vt 0.7231 0.9319
vt 0.7231 0.7533
vt 0.6703 0.7533
vt 0.6703 0.9319
vt 0.7231 0.5746
vt 0.6703 0.5746
vt 0.7231 0.3959
vt 0.6703 0.3959
vt 0.7231 0.2173
vt 0.6703 0.2173
vt 0.7231 0.0386
vt 0.6703 0.0386
vt 0.7231 0.9319
vt 0.7231 0.8328
vt 0.6703 0.8328
vt 0.6703 0.9319
vt 0.7231 0.7335
vt 0.6703 0.7335
vt 0.7231 0.6341
vt 0.6703 0.6341
vt 0.7231 0.5348
vt 0.6703 0.5348
vt 0.7231 0.4357
vt 0.6703 0.4357
vt 0.7231 0.3364
vt 0.6703 0.3364
vt 0.7231 0.2371
vt 0.6703 0.2371
vt 0.7231 0.1379
vt 0.6703 0.1379
vt 0.7231 0.0386
vt 0.6703 0.0386
vt 0.7231 0.9319
vt 0.7231 0.7830
vt 0.6703 0.7830
vt 0.6703 0.9319
vt 0.7231 0.6341
vt 0.6703 0.6341
vt 0.7231 0.4853
vt 0.6703 0.4853
vt 0.7231 0.3364
vt 0.6703 0.3364
vt 0.7231 0.1875
vt 0.6703 0.1875
vt 0.7231 0.0386
vt 0.6703 0.0386
vt 0.9832 0.9106
vt 0.9832 0.8020
vt 0.9319 0.8020
vt 0.9319 0.9106
vt 0.9832 0.6934
vt 0.9319 0.6934
vt 0.9832 0.5847
vt 0.9319 0.5847
vt 0.9832 0.4762
vt 0.9319 0.4762
vt 0.9832 0.3676
vt 0.9319 0.3676
vt 0.9832 0.2589
vt 0.9319 0.2589
vt 0.9832 0.1504
vt 0.9832 0.0418
vt 0.9319 0.0418
vt 0.9319 0.1504
vt 0.7231 0.9319
vt 0.7231 0.7533
vt 0.6703 0.7533
vt 0.6703 0.9319
vt 0.7231 0.5746
vt 0.6703 0.5746
vt 0.7231 0.3959
vt 0.6703 0.3959
vt 0.7231 0.2173
vt 0.7231 0.0386
vt 0.6703 0.0386
vt 0.6703 0.2173
vt 0.9832 0.9106
vt 0.9832 0.8020
vt 0.9319 0.8020
vt 0.9319 0.9106
vt 0.9832 0.6934
vt 0.9319 0.6934
vt 0.9832 0.5847
vt 0.9319 0.5847
vt 0.9832 0.4762
vt 0.9319 0.4762
vt 0.9832 0.3676
vt 0.9319 0.3676
vt 0.9832 0.2589
vt 0.9319 0.2589
vt 0.9832 0.1504
vt 0.9319 0.1504
vt 0.9832 0.0418
vt 0.9319 0.0418
vt 0.8440 0.9482
vt 0.8440 0.8213
vt 0.7915 0.8213
vt 0.7915 0.9482
vt 0.8440 0.6942
vt 0.7915 0.6942
vt 0.8440 0.5673
vt 0.7915 0.5673
vt 0.8440 0.4403
vt 0.7915 0.4403
vt 0.8440 0.3134
vt 0.7915 0.3134
vt 0.8440 0.1863
vt 0.7915 0.1863
vt 0.8440 0.0594
vt 0.7915 0.0594
vt 0.9161 0.9462
vt 0.9161 0.8563
vt 0.8631 0.8563
vt 0.8631 0.9462
vt 0.9161 0.7666
vt 0.8631 0.7666
vt 0.9161 0.6767
vt 0.8631 0.6767
vt 0.9161 0.5868
vt 0.8631 0.5868
vt 0.9161 0.4969
vt 0.8631 0.4969
vt 0.9161 0.4070
vt 0.8631 0.4070
vt 0.9161 0.3171
vt 0.8631 0.3171
vt 0.9161 0.2274
vt 0.8631 0.2274
vt 0.9161 0.1375
vt 0.8631 0.1375
vt 0.9161 0.0476
vt 0.8631 0.0476
vt 0.7231 0.9319
vt 0.7231 0.6341
vt 0.6703 0.6341
vt 0.6703 0.9319
vt 0.7231 0.3364
vt 0.6703 0.3364
vt 0.7231 0.0386
vt 0.6703 0.0386
vt 0.7231 0.9319
vt 0.7231 0.6341
vt 0.6703 0.6341
vt 0.6703 0.9319
vt 0.7231 0.3364
vt 0.6703 0.3364
vt 0.7231 0.0386
vt 0.6703 0.0386
vt 0.7231 0.9319
vt 0.7231 0.6341
vt 0.6703 0.6341
vt 0.6703 0.9319
vt 0.7231 0.3364
vt 0.6703 0.3364
vt 0.7231 0.0386
vt 0.6703 0.0386
vt 0.9829 0.9351
vt 0.9829 0.7898
vt 0.9302 0.7898
vt 0.9302 0.9351
vt 0.9829 0.6445
vt 0.9302 0.6445
vt 0.9829 0.4992
vt 0.9302 0.4992
vt 0.9829 0.3539
vt 0.9302 0.3539
vt 0.9829 0.1793
vt 0.9302 0.1793
vt 0.7231 0.9319
vt 0.7231 0.7533
vt 0.6703 0.7533
vt 0.6703 0.9319
vt 0.7231 0.5746
vt 0.6703 0.5746
vt 0.7231 0.3959
vt 0.6703 0.3959
vt 0.7231 0.2173
vt 0.6703 0.2173
vt 0.7231 0.0386
vt 0.6703 0.0386
vt 0.7231 0.9319
vt 0.7231 0.7830
vt 0.6703 0.7830
vt 0.6703 0.9319
vt 0.7231 0.6341
vt 0.6703 0.6341
vt 0.7231 0.4853
vt 0.6703 0.4853
vt 0.7231 0.3364
vt 0.6703 0.3364
vt 0.7231 0.1875
vt 0.6703 0.1875
vt 0.7231 0.0386
vt 0.6703 0.0386
vt 0.9832 0.9106
vt 0.9832 0.8020
vt 0.9319 0.8020
vt 0.9319 0.9106
vt 0.9832 0.6934
vt 0.9319 0.6934
vt 0.9832 0.5847
vt 0.9319 0.5847
vt 0.9832 0.4762
vt 0.9319 0.4762
vt 0.9832 0.3676
vt 0.9319 0.3676
vt 0.9832 0.2589
vt 0.9319 0.2589
vt 0.9832 0.1504
vt 0.9319 0.1504
vt 0.9832 0.0418
vt 0.9319 0.0418
vt 0.8440 0.9482
vt 0.8440 0.8213
vt 0.7915 0.8213
vt 0.7915 0.9482
vt 0.8440 0.6942
vt 0.7915 0.6942
vt 0.8440 0.5673
vt 0.7915 0.5673
vt 0.8440 0.4403
vt 0.7915 0.4403
vt 0.8440 0.3134
vt 0.7915 0.3134
vt 0.8440 0.1863
vt 0.7915 0.1863
vt 0.8440 0.0594
vt 0.7915 0.0594
vt 0.7231 0.9319
vt 0.7231 0.7830
vt 0.6703 0.7830
vt 0.6703 0.9319
vt 0.7231 0.6341
vt 0.6703 0.6341
vt 0.7231 0.4853
vt 0.6703 0.4853
vt 0.7231 0.3364
vt 0.6703 0.3364
vt 0.7231 0.1875
vt 0.7231 0.0386
vt 0.6703 0.0386
vt 0.6703 0.1875
vt 0.9832 0.9106
vt 0.9832 0.8020
vt 0.9319 0.8020
vt 0.9319 0.9106
vt 0.9832 0.6934
vt 0.9319 0.6934
vt 0.9832 0.5847
vt 0.9319 0.5847
vt 0.9832 0.4762
vt 0.9319 0.4762
vt 0.9832 0.3676
vt 0.9319 0.3676
vt 0.9832 0.2589
vt 0.9319 0.2589
vt 0.9832 0.1504
vt 0.9319 0.1504
vt 0.9832 0.0418
vt 0.9319 0.0418
vt 0.7231 0.9319
vt 0.7231 0.7830
vt 0.6703 0.7830
vt 0.6703 0.9319
vt 0.7231 0.6341
vt 0.6703 0.6341
vt 0.7231 0.4853
vt 0.6703 0.4853
vt 0.7231 0.3364
vt 0.6703 0.3364
vt 0.7231 0.1875
vt 0.6703 0.1875
vt 0.7231 0.0386
vt 0.6703 0.0386
vt 0.7231 0.9319
vt 0.7231 0.7830
vt 0.6703 0.7830
vt 0.6703 0.9319
vt 0.7231 0.6341
vt 0.6703 0.6341
vt 0.7231 0.4853
vt 0.6703 0.4853
vt 0.7231 0.3364
vt 0.6703 0.3364
vt 0.7231 0.1875
vt 0.6703 0.1875
vt 0.7231 0.0386
vt 0.6703 0.0386
vt 0.7231 0.9319
vt 0.7231 0.7533
vt 0.6703 0.7533
vt 0.6703 0.9319
vt 0.7231 0.5746
vt 0.6703 0.5746
vt 0.7231 0.3959
vt 0.6703 0.3959
vt 0.7231 0.2173
vt 0.6703 0.2173
vt 0.7231 0.0386
vt 0.6703 0.0386
vt 0.8440 0.9482
vt 0.8440 0.8213
vt 0.7915 0.8213
vt 0.7915 0.9482
vt 0.8440 0.6942
vt 0.7915 0.6942
vt 0.8440 0.5673
vt 0.7915 0.5673
vt 0.8440 0.4403
vt 0.7915 0.4403
vt 0.8440 0.3134
vt 0.7915 0.3134
vt 0.8440 0.1863
vt 0.7915 0.1863
vt 0.8440 0.0594
vt 0.7915 0.0594
vt 0.8440 0.9482
vt 0.8440 0.8213
vt 0.7915 0.8213
vt 0.7915 0.9482
vt 0.8440 0.6942
vt 0.7915 0.6942
vt 0.8440 0.5673
vt 0.7915 0.5673
vt 0.8440 0.4403
vt 0.7915 0.4403
vt 0.8440 0.3134
vt 0.7915 0.3134
vt 0.8440 0.1863
vt 0.7915 0.1863
vt 0.8440 0.0594
vt 0.7915 0.0594
vt 0.8440 0.9482
vt 0.8440 0.8213
vt 0.7915 0.8213
vt 0.7915 0.9482
vt 0.8440 0.6942
vt 0.8440 0.5673
vt 0.7915 0.5673
vt 0.7915 0.6942
vt 0.8440 0.4403
vt 0.7915 0.4403
vt 0.8440 0.3134
vt 0.7915 0.3134
vt 0.8440 0.1863
vt 0.7915 0.1863
vt 0.8440 0.0594
vt 0.7915 0.0594
vt 0.9832 0.9106
vt 0.9832 0.8020
vt 0.9319 0.8020
vt 0.9319 0.9106
vt 0.9832 0.6934
vt 0.9319 0.6934
vt 0.9832 0.5847
vt 0.9319 0.5847
vt 0.9832 0.4762
vt 0.9319 0.4762
vt 0.9832 0.3676
vt 0.9319 0.3676
vt 0.9832 0.2589
vt 0.9319 0.2589
vt 0.9832 0.1504
vt 0.9319 0.1504
vt 0.9832 0.0418
vt 0.9319 0.0418
vt 0.8440 0.9482
vt 0.8440 0.8213
vt 0.7915 0.8213
vt 0.7915 0.9482
vt 0.8440 0.6942
vt 0.7915 0.6942
vt 0.8440 0.5673
vt 0.7915 0.5673
vt 0.8440 0.4403
vt 0.7915 0.4403
vt 0.8440 0.3134
vt 0.7915 0.3134
vt 0.8440 0.1863
vt 0.7915 0.1863
vt 0.8440 0.0594
vt 0.7915 0.0594
vt 0.7745 0.7531
vt 0.7745 0.6361
vt 0.7330 0.6361
vt 0.7330 0.7531
vt 0.7745 0.5190
vt 0.7330 0.5190
vt 0.7745 0.4019
vt 0.7330 0.4019
vt 0.7745 0.2849
vt 0.7330 0.2849
vt 0.7745 0.1678
vt 0.7330 0.1678
vt 0.7745 0.0507
vt 0.7330 0.0507
vt 0.7231 0.9319
vt 0.7231 0.7830
vt 0.6703 0.7830
vt 0.6703 0.9319
vt 0.7231 0.6341
vt 0.6703 0.6341
vt 0.7231 0.4853
vt 0.6703 0.4853
vt 0.7231 0.3364
vt 0.6703 0.3364
vt 0.7231 0.1875
vt 0.6703 0.1875
vt 0.7231 0.0386
vt 0.6703 0.0386
vt 0.9161 0.9462
vt 0.9161 0.8563
vt 0.8631 0.8563
vt 0.8631 0.9462
vt 0.9161 0.7666
vt 0.8631 0.7666
vt 0.9161 0.6767
vt 0.8631 0.6767
vt 0.9161 0.5868
vt 0.8631 0.5868
vt 0.9161 0.4969
vt 0.8631 0.4969
vt 0.9161 0.4070
vt 0.8631 0.4070
vt 0.9161 0.3171
vt 0.8631 0.3171
vt 0.9161 0.2274
vt 0.8631 0.2274
vt 0.9161 0.1375
vt 0.8631 0.1375
vt 0.9161 0.0476
vt 0.8631 0.0476
vt 0.7231 0.9319
vt 0.7231 0.7830
vt 0.6703 0.7830
vt 0.6703 0.9319
vt 0.7231 0.6341
vt 0.6703 0.6341
vt 0.7231 0.4853
vt 0.6703 0.4853
vt 0.7231 0.3364
vt 0.6703 0.3364
vt 0.7231 0.1875
vt 0.6703 0.1875
vt 0.7231 0.0386
vt 0.6703 0.0386
vt 0.9832 0.9106
vt 0.9832 0.8382
vt 0.9319 0.8382
vt 0.9319 0.9106
vt 0.9832 0.7658
vt 0.9319 0.7658
vt 0.9832 0.6934
vt 0.9319 0.6934
vt 0.9832 0.6210
vt 0.9319 0.6210
vt 0.9832 0.5486
vt 0.9319 0.5486
vt 0.9832 0.4762
vt 0.9319 0.4762
vt 0.9832 0.4038
vt 0.9319 0.4038
vt 0.9832 0.3314
vt 0.9319 0.3314
vt 0.9832 0.2589
vt 0.9319 0.2589
vt 0.9832 0.1866
vt 0.9319 0.1866
vt 0.9832 0.1141
vt 0.9319 0.1141
vt 0.9832 0.0418
vt 0.9319 0.0418
vt 0.7231 0.9334
vt 0.7231 0.8342
vt 0.6703 0.8342
vt 0.6703 0.9334
vt 0.7231 0.7349
vt 0.6703 0.7349
vt 0.7231 0.6356
vt 0.6703 0.6356
vt 0.7231 0.5363
vt 0.6703 0.5363
vt 0.7231 0.4371
vt 0.6703 0.4371
vt 0.7231 0.3378
vt 0.6703 0.3378
vt 0.7231 0.2385
vt 0.6703 0.2385
vt 0.7231 0.1399
vt 0.6703 0.1399
vt 0.7231 0.0338
vt 0.6703 0.0338
vt 0.8440 0.9482
vt 0.8440 0.8213
vt 0.7915 0.8213
vt 0.7915 0.9482
vt 0.8440 0.6942
vt 0.7915 0.6942
vt 0.8440 0.5673
vt 0.7915 0.5673
vt 0.8440 0.4403
vt 0.7915 0.4403
vt 0.8440 0.3134
vt 0.7915 0.3134
vt 0.8440 0.1863
vt 0.7915 0.1863
vt 0.8440 0.0594
vt 0.7915 0.0594
vt 0.8440 0.9482
vt 0.8440 0.8213
vt 0.7915 0.8213
vt 0.7915 0.9482
vt 0.8440 0.6942
vt 0.7915 0.6942
vt 0.8440 0.5673
vt 0.7915 0.5673
vt 0.8440 0.4403
vt 0.7915 0.4403
vt 0.8440 0.3134
vt 0.7915 0.3134
vt 0.8440 0.1863
vt 0.7915 0.1863
vt 0.8440 0.0594
vt 0.7915 0.0594
vt 0.7231 0.9319
vt 0.7231 0.7533
vt 0.6703 0.7533
vt 0.6703 0.9319
vt 0.7231 0.5746
vt 0.6703 0.5746
vt 0.7231 0.3959
vt 0.6703 0.3959
vt 0.7231 0.2173
vt 0.6703 0.2173
vt 0.7231 0.0386
vt 0.6703 0.0386
vt 0.7231 0.9319
vt 0.7231 0.7533
vt 0.6703 0.7533
vt 0.6703 0.9319
vt 0.7231 0.5746
vt 0.6703 0.5746
vt 0.7231 0.3959
vt 0.6703 0.3959
vt 0.7231 0.2173
vt 0.7231 0.0386
vt 0.6703 0.0386
vt 0.6703 0.2173
vt 0.9829 0.9319
vt 0.9829 0.7830
vt 0.9302 0.7830
vt 0.9302 0.9319
vt 0.9829 0.6341
vt 0.9302 0.6341
vt 0.9829 0.4853
vt 0.9302 0.4853
vt 0.9829 0.3364
vt 0.9302 0.3364
vt 0.9829 0.1875
vt 0.9302 0.1875
vt 0.9829 0.0386
vt 0.9302 0.0386
vt 0.9832 0.9106
vt 0.9832 0.6934
vt 0.9319 0.6934
vt 0.9319 0.9106
vt 0.9832 0.4762
vt 0.9319 0.4762
vt 0.9832 0.2589
vt 0.9319 0.2589
vt 0.9832 0.0418
vt 0.9319 0.0418
vt 0.7231 0.9351
vt 0.7231 0.8140
vt 0.6703 0.8140
vt 0.6703 0.9351
vt 0.7231 0.6929
vt 0.6703 0.6929
vt 0.7231 0.5718
vt 0.6703 0.5718
vt 0.7231 0.4508
vt 0.6703 0.4508
vt 0.7231 0.3282
vt 0.6703 0.3282
vt 0.7231 0.1793
vt 0.6703 0.1793
vt 0.9829 0.9319
vt 0.9829 0.8328
vt 0.9302 0.8328
vt 0.9302 0.9319
vt 0.9829 0.7335
vt 0.9302 0.7335
vt 0.9829 0.6341
vt 0.9302 0.6341
vt 0.9829 0.5348
vt 0.9302 0.5348
vt 0.9829 0.4357
vt 0.9302 0.4357
vt 0.9829 0.3364
vt 0.9302 0.3364
vt 0.9829 0.2371
vt 0.9302 0.2371
vt 0.9829 0.1379
vt 0.9302 0.1379
vt 0.9829 0.0386
vt 0.9302 0.0386
vt 0.9829 0.9319
vt 0.9829 0.7830
vt 0.9302 0.7830
vt 0.9302 0.9319
vt 0.9829 0.6341
vt 0.9302 0.6341
vt 0.9829 0.4853
vt 0.9302 0.4853
vt 0.9829 0.3364
vt 0.9302 0.3364
vt 0.9829 0.1875
vt 0.9302 0.1875
vt 0.9829 0.0386
vt 0.9302 0.0386
vt 0.7231 0.7926
vt 0.7231 0.6793
vt 0.6703 0.6793
vt 0.6703 0.7926
vt 0.7231 0.5659
vt 0.6703 0.5659
vt 0.7231 0.4525
vt 0.6703 0.4525
vt 0.7231 0.3580
vt 0.6703 0.3580
vt 0.7231 0.1793
vt 0.6703 0.1793
vt 0.7231 0.9319
vt 0.7231 0.7533
vt 0.6703 0.7533
vt 0.6703 0.9319
vt 0.7231 0.5746
vt 0.6703 0.5746
vt 0.7231 0.3959
vt 0.6703 0.3959
vt 0.7231 0.2173
vt 0.6703 0.2173
vt 0.7231 0.0386
vt 0.6703 0.0386
vt 0.9829 0.9319
vt 0.9829 0.8328
vt 0.9302 0.8328
vt 0.9302 0.9319
vt 0.9829 0.7335
vt 0.9302 0.7335
vt 0.9829 0.6341
vt 0.9302 0.6341
vt 0.9829 0.5348
vt 0.9302 0.5348
vt 0.9829 0.4357
vt 0.9302 0.4357
vt 0.9829 0.3364
vt 0.9302 0.3364
vt 0.9829 0.2371
vt 0.9302 0.2371
vt 0.9829 0.1379
vt 0.9302 0.1379
vt 0.9829 0.0386
vt 0.9302 0.0386
vt 0.9829 0.9319
vt 0.9829 0.7830
vt 0.9302 0.7830
vt 0.9302 0.9319
vt 0.9829 0.6341
vt 0.9302 0.6341
vt 0.9829 0.4853
vt 0.9302 0.4853
vt 0.9829 0.3364
vt 0.9302 0.3364
vt 0.9829 0.1875
vt 0.9302 0.1875
vt 0.9829 0.0386
vt 0.9302 0.0386
vt 0.9832 0.9106
vt 0.9832 0.8020
vt 0.9319 0.8020
vt 0.9319 0.9106
vt 0.9832 0.6934
vt 0.9319 0.6934
vt 0.9832 0.5847
vt 0.9319 0.5847
vt 0.9832 0.4762
vt 0.9319 0.4762
vt 0.9832 0.3676
vt 0.9319 0.3676
vt 0.9832 0.2589
vt 0.9319 0.2589
vt 0.9832 0.1504
vt 0.9319 0.1504
vt 0.9832 0.0418
vt 0.9319 0.0418
vt 0.9161 0.9462
vt 0.9161 0.8563
vt 0.8631 0.8563
vt 0.8631 0.9462
vt 0.9161 0.7666
vt 0.8631 0.7666
vt 0.9161 0.6767
vt 0.8631 0.6767
vt 0.9161 0.5868
vt 0.8631 0.5868
vt 0.9161 0.4969
vt 0.8631 0.4969
vt 0.9161 0.4070
vt 0.8631 0.4070
vt 0.9161 0.3171
vt 0.8631 0.3171
vt 0.9161 0.2274
vt 0.8631 0.2274
vt 0.9161 0.1375
vt 0.8631 0.1375
vt 0.9161 0.0476
vt 0.8631 0.0476
vt 0.8440 0.9482
vt 0.8440 0.8213
vt 0.7915 0.8213
vt 0.7915 0.9482
vt 0.8440 0.6942
vt 0.7915 0.6942
vt 0.8440 0.5673
vt 0.7915 0.5673
vt 0.8440 0.4403
vt 0.7915 0.4403
vt 0.8440 0.3134
vt 0.7915 0.3134
vt 0.8440 0.1863
vt 0.7915 0.1863
vt 0.8440 0.0594
vt 0.7915 0.0594
vt 0.7231 0.9319
vt 0.7231 0.8328
vt 0.6703 0.8328
vt 0.6703 0.9319
vt 0.7231 0.7335
vt 0.6703 0.7335
vt 0.7231 0.6341
vt 0.6703 0.6341
vt 0.7231 0.5348
vt 0.6703 0.5348
vt 0.7231 0.4357
vt 0.6703 0.4357
vt 0.7231 0.3364
vt 0.6703 0.3364
vt 0.7231 0.2371
vt 0.6703 0.2371
vt 0.7231 0.1379
vt 0.6703 0.1379
vt 0.7231 0.0386
vt 0.6703 0.0386
vt 0.7796 0.8343
vt 0.7796 0.7639
vt 0.7339 0.7639
vt 0.7339 0.8343
vt 0.7796 0.6936
vt 0.7339 0.6936
vt 0.7796 0.6233
vt 0.7339 0.6233
vt 0.7796 0.5529
vt 0.7339 0.5529
vt 0.7796 0.4826
vt 0.7339 0.4826
vt 0.7796 0.4122
vt 0.7339 0.4122
vt 0.7796 0.3419
vt 0.7339 0.3419
vt 0.7796 0.2716
vt 0.7339 0.2716
vt 0.7796 0.2012
vt 0.7339 0.2012
vt 0.7796 0.1309
vt 0.7339 0.1309
vt 0.7796 0.0605
vt 0.7339 0.0605
vt 0.9832 0.9106
vt 0.9832 0.8020
vt 0.9319 0.8020
vt 0.9319 0.9106
vt 0.9832 0.6934
vt 0.9319 0.6934
vt 0.9832 0.5847
vt 0.9319 0.5847
vt 0.9832 0.4762
vt 0.9319 0.4762
vt 0.9832 0.3676
vt 0.9319 0.3676
vt 0.9832 0.2589
vt 0.9319 0.2589
vt 0.9832 0.1504
vt 0.9319 0.1504
vt 0.9832 0.0418
vt 0.9319 0.0418
vt 0.8440 0.9482
vt 0.8440 0.8213
vt 0.7915 0.8213
vt 0.7915 0.9482
vt 0.8440 0.6942
vt 0.7915 0.6942
vt 0.8440 0.5673
vt 0.7915 0.5673
vt 0.8440 0.4403
vt 0.8440 0.3134
vt 0.7915 0.3134
vt 0.7915 0.4403
vt 0.8440 0.1863
vt 0.7915 0.1863
vt 0.8440 0.0594
vt 0.7915 0.0594
vt 0.7231 0.9319
vt 0.7231 0.7830
vt 0.6703 0.7830
vt 0.6703 0.9319
vt 0.7231 0.6341
vt 0.6703 0.6341
vt 0.7231 0.4853
vt 0.6703 0.4853
vt 0.7231 0.3364
vt 0.6703 0.3364
vt 0.7231 0.1875
vt 0.6703 0.1875
vt 0.7231 0.0386
vt 0.6703 0.0386
vt 0.7231 0.9319
vt 0.7231 0.7830
vt 0.6703 0.7830
vt 0.6703 0.9319
vt 0.7231 0.6341
vt 0.6703 0.6341
vt 0.7231 0.4853
vt 0.6703 0.4853
vt 0.7231 0.3364
vt 0.6703 0.3364
vt 0.7231 0.1875
vt 0.6703 0.1875
vt 0.7231 0.0386
vt 0.6703 0.0386
vt 0.7231 0.9319
vt 0.7231 0.7830
vt 0.6703 0.7830
vt 0.6703 0.9319
vt 0.7231 0.6341
vt 0.6703 0.6341
vt 0.7231 0.4853
vt 0.6703 0.4853
vt 0.7231 0.3364
vt 0.6703 0.3364
vt 0.7231 0.1875
vt 0.6703 0.1875
vt 0.7231 0.0386
vt 0.6703 0.0386
vt 0.9832 0.9106
vt 0.9832 0.8020
vt 0.9319 0.8020
vt 0.9319 0.9106
vt 0.9832 0.6934
vt 0.9832 0.5847
vt 0.9319 0.5847
vt 0.9319 0.6934
vt 0.9832 0.4762
vt 0.9319 0.4762
vt 0.9832 0.3676
vt 0.9319 0.3676
vt 0.9832 0.2589
vt 0.9319 0.2589
vt 0.9832 0.1504
vt 0.9319 0.1504
vt 0.9832 0.0418
vt 0.9319 0.0418
vt 0.8440 0.9482
vt 0.8440 0.8213
vt 0.7915 0.8213
vt 0.7915 0.9482
vt 0.8440 0.6942
vt 0.7915 0.6942
vt 0.8440 0.5673
vt 0.7915 0.5673
vt 0.8440 0.4403
vt 0.7915 0.4403
vt 0.8440 0.3134
vt 0.7915 0.3134
vt 0.8440 0.1863
vt 0.7915 0.1863
vt 0.8440 0.0594
vt 0.7915 0.0594
vt 0.7231 0.9319
vt 0.7231 0.7830
vt 0.6703 0.7830
vt 0.6703 0.9319
vt 0.7231 0.6341
vt 0.6703 0.6341
vt 0.7231 0.4853
vt 0.6703 0.4853
vt 0.7231 0.3364
vt 0.6703 0.3364
vt 0.7231 0.1875
vt 0.6703 0.1875
vt 0.7231 0.0386
vt 0.6703 0.0386
vt 0.8444 0.9294
vt 0.8444 0.7117
vt 0.7930 0.7117
vt 0.7930 0.9294
vt 0.8444 0.4940
vt 0.7930 0.4940
vt 0.8444 0.2762
vt 0.7930 0.2762
vt 0.8444 0.0585
vt 0.7930 0.0585
vt 0.9161 0.9462
vt 0.9161 0.8563
vt 0.8631 0.8563
vt 0.8631 0.9462
vt 0.9161 0.7666
vt 0.8631 0.7666
vt 0.9161 0.6767
vt 0.8631 0.6767
vt 0.9161 0.5868
vt 0.8631 0.5868
vt 0.9161 0.4969
vt 0.8631 0.4969
vt 0.9161 0.4070
vt 0.8631 0.4070
vt 0.9161 0.3171
vt 0.8631 0.3171
vt 0.9161 0.2274
vt 0.8631 0.2274
vt 0.9161 0.1375
vt 0.8631 0.1375
vt 0.9161 0.0476
vt 0.8631 0.0476
vt 0.7804 0.8028
vt 0.7804 0.7411
vt 0.7331 0.7411
vt 0.7331 0.8028
vt 0.7804 0.6794
vt 0.7331 0.6794
vt 0.7804 0.6177
vt 0.7331 0.6177
vt 0.7804 0.5561
vt 0.7331 0.5561
vt 0.7804 0.4944
vt 0.7331 0.4944
vt 0.7804 0.4327
vt 0.7331 0.4327
vt 0.7804 0.3710
vt 0.7331 0.3710
vt 0.7804 0.3094
vt 0.7331 0.3094
vt 0.7804 0.2477
vt 0.7331 0.2477
vt 0.7804 0.8644
vt 0.7331 0.8644
vt 0.7804 0.1860
vt 0.7331 0.1860
vt 0.7804 0.1244
vt 0.7331 0.1244
vt 0.7804 0.0627
vt 0.7331 0.0627
vt 0.7231 0.9319
vt 0.7231 0.7830
vt 0.6703 0.7830
vt 0.6703 0.9319
vt 0.7231 0.6341
vt 0.6703 0.6341
vt 0.7231 0.4853
vt 0.6703 0.4853
vt 0.7231 0.3364
vt 0.6703 0.3364
vt 0.7231 0.1875
vt 0.6703 0.1875
vt 0.7231 0.0386
vt 0.6703 0.0386
vt 0.7231 0.9319
vt 0.7231 0.7533
vt 0.6703 0.7533
vt 0.6703 0.9319
vt 0.7231 0.5746
vt 0.6703 0.5746
vt 0.7231 0.3959
vt 0.6703 0.3959
vt 0.7231 0.2173
vt 0.6703 0.2173
vt 0.7231 0.0386
vt 0.6703 0.0386
vt 0.7231 0.9319
vt 0.7231 0.7830
vt 0.6703 0.7830
vt 0.6703 0.9319
vt 0.7231 0.6341
vt 0.6703 0.6341
vt 0.7231 0.4853
vt 0.6703 0.4853
vt 0.7231 0.3364
vt 0.6703 0.3364
vt 0.7231 0.1875
vt 0.6703 0.1875
vt 0.7231 0.0386
vt 0.6703 0.0386
vt 0.7231 0.9319
vt 0.7231 0.7830
vt 0.6703 0.7830
vt 0.6703 0.9319
vt 0.7231 0.6341
vt 0.6703 0.6341
vt 0.7231 0.4853
vt 0.6703 0.4853
vt 0.7231 0.3364
vt 0.6703 0.3364
vt 0.7231 0.1875
vt 0.6703 0.1875
vt 0.7231 0.0386
vt 0.6703 0.0386
vt 0.7231 0.9319
vt 0.7231 0.6341
vt 0.6703 0.6341
vt 0.6703 0.9319
vt 0.7231 0.3364
vt 0.6703 0.3364
vt 0.7231 0.7533
vt 0.7231 0.5746
vt 0.6703 0.5746
vt 0.6703 0.7533
vt 0.7231 0.3959
vt 0.6703 0.3959
vt 0.7231 0.2173
vt 0.6703 0.2173
vt 0.7231 0.0386
vt 0.6703 0.0386
vt 0.9832 0.9106
vt 0.9832 0.6934
vt 0.9319 0.6934
vt 0.9319 0.9106
vt 0.9832 0.4762
vt 0.9319 0.4762
vt 0.9832 0.2589
vt 0.9319 0.2589
vt 0.9832 0.0418
vt 0.9319 0.0418
vt 0.7231 0.0386
vt 0.6703 0.0386
vt 0.7231 0.9319
vt 0.6703 0.9319
vt 0.7231 0.9319
vt 0.7231 0.7533
vt 0.6703 0.7533
vt 0.6703 0.9319
vt 0.7231 0.5746
vt 0.6703 0.5746
vt 0.7231 0.3959
vt 0.7231 0.2173
vt 0.6703 0.2173
vt 0.6703 0.3959
vt 0.7231 0.0386
vt 0.6703 0.0386
vt 0.7231 0.9319
vt 0.7231 0.7533
vt 0.6703 0.7533
vt 0.6703 0.9319
vt 0.7231 0.5746
vt 0.6703 0.5746
vt 0.7231 0.3959
vt 0.6703 0.3959
vt 0.7231 0.2173
vt 0.6703 0.2173
vt 0.7231 0.0386
vt 0.6703 0.0386
vt 0.7231 0.9319
vt 0.7231 0.7533
vt 0.6703 0.7533
vt 0.6703 0.9319
vt 0.7231 0.5746
vt 0.6703 0.5746
vt 0.7231 0.3959
vt 0.6703 0.3959
vt 0.7231 0.2173
vt 0.6703 0.2173
vt 0.7231 0.0386
vt 0.6703 0.0386
vt 0.8440 0.9482
vt 0.8440 0.8213
vt 0.7915 0.8213
vt 0.7915 0.9482
vt 0.8440 0.6942
vt 0.7915 0.6942
vt 0.8440 0.5673
vt 0.7915 0.5673
vt 0.8440 0.4403
vt 0.7915 0.4403
vt 0.8440 0.3134
vt 0.7915 0.3134
vt 0.8440 0.1863
vt 0.7915 0.1863
vt 0.8440 0.0594
vt 0.7915 0.0594
vt 0.8440 0.9482
vt 0.8440 0.8213
vt 0.7915 0.8213
vt 0.7915 0.9482
vt 0.8440 0.6942
vt 0.7915 0.6942
vt 0.8440 0.5673
vt 0.7915 0.5673
vt 0.8440 0.4403
vt 0.7915 0.4403
vt 0.8440 0.3134
vt 0.7915 0.3134
vt 0.8440 0.1863
vt 0.7915 0.1863
vt 0.8440 0.0594
vt 0.7915 0.0594
vt 0.7231 0.9319
vt 0.7231 0.7830
vt 0.6703 0.7830
vt 0.6703 0.9319
vt 0.7231 0.6341
vt 0.6703 0.6341
vt 0.7231 0.4853
vt 0.6703 0.4853
vt 0.7231 0.3364
vt 0.6703 0.3364
vt 0.7231 0.1875
vt 0.6703 0.1875
vt 0.7231 0.0386
vt 0.6703 0.0386
vt 0.9848 0.9146
vt 0.9848 0.7401
vt 0.9307 0.7401
vt 0.9307 0.9146
vt 0.9848 0.5657
vt 0.9307 0.5657
vt 0.9848 0.3914
vt 0.9307 0.3914
vt 0.9848 0.2169
vt 0.9307 0.2169
vt 0.9848 0.0425
vt 0.9307 0.0425
vt 0.9848 0.9146
vt 0.9848 0.7401
vt 0.9307 0.7401
vt 0.9307 0.9146
vt 0.9848 0.5657
vt 0.9307 0.5657
vt 0.9848 0.3914
vt 0.9307 0.3914
vt 0.9848 0.2169
vt 0.9307 0.2169
vt 0.9848 0.0425
vt 0.9307 0.0425
vt 0.8431 0.9318
vt 0.8431 0.7865
vt 0.7890 0.7865
vt 0.7890 0.9318
vt 0.8431 0.6412
vt 0.7890 0.6412
vt 0.8431 0.4957
vt 0.7890 0.4957
vt 0.8431 0.3504
vt 0.7890 0.3504
vt 0.8431 0.2051
vt 0.7890 0.2051
vt 0.8431 0.0597
vt 0.7890 0.0597
vt 0.9848 0.9146
vt 0.9848 0.7401
vt 0.9307 0.7401
vt 0.9307 0.9146
vt 0.9848 0.5657
vt 0.9307 0.5657
vt 0.9848 0.3914
vt 0.9307 0.3914
vt 0.9848 0.2169
vt 0.9307 0.2169
vt 0.9848 0.0425
vt 0.9307 0.0425
vt 0.9832 0.9106
vt 0.9832 0.8020
vt 0.9319 0.8020
vt 0.9319 0.9106
vt 0.9832 0.6934
vt 0.9319 0.6934
vt 0.9832 0.5847
vt 0.9319 0.5847
vt 0.9832 0.4762
vt 0.9319 0.4762
vt 0.9832 0.3676
vt 0.9319 0.3676
vt 0.9832 0.2589
vt 0.9319 0.2589
vt 0.9832 0.1504
vt 0.9319 0.1504
vt 0.9832 0.0418
vt 0.9319 0.0418
vt 0.7796 0.8343
vt 0.7796 0.7639
vt 0.7339 0.7639
vt 0.7339 0.8343
vt 0.7796 0.6936
vt 0.7339 0.6936
vt 0.7796 0.6233
vt 0.7339 0.6233
vt 0.7796 0.5529
vt 0.7339 0.5529
vt 0.7796 0.4826
vt 0.7339 0.4826
vt 0.7796 0.4122
vt 0.7339 0.4122
vt 0.7796 0.3419
vt 0.7339 0.3419
vt 0.7796 0.2716
vt 0.7339 0.2716
vt 0.7796 0.2012
vt 0.7339 0.2012
vt 0.7796 0.1309
vt 0.7339 0.1309
vt 0.7796 0.0605
vt 0.7339 0.0605
vt 0.7231 0.9319
vt 0.6703 0.9319
vt 0.8444 0.9518
vt 0.8444 0.8067
vt 0.7930 0.8067
vt 0.7930 0.9518
vt 0.8444 0.6616
vt 0.7930 0.6616
vt 0.8444 0.5163
vt 0.7930 0.5163
vt 0.8444 0.3712
vt 0.7930 0.3712
vt 0.8444 0.2260
vt 0.7930 0.2260
vt 0.8444 0.0809
vt 0.7930 0.0809
vt 0.8444 0.9518
vt 0.8444 0.7776
vt 0.7930 0.7776
vt 0.7930 0.9518
vt 0.8444 0.6034
vt 0.7930 0.6034
vt 0.8444 0.4293
vt 0.7930 0.4293
vt 0.8444 0.2551
vt 0.7930 0.2551
vt 0.8444 0.0809
vt 0.7930 0.0809
vt 0.7785 0.8498
vt 0.7785 0.7184
vt 0.7350 0.7184
vt 0.7350 0.8498
vt 0.7785 0.5871
vt 0.7350 0.5871
vt 0.7785 0.4557
vt 0.7350 0.4557
vt 0.7785 0.3243
vt 0.7350 0.3243
vt 0.7785 0.1930
vt 0.7350 0.1930
vt 0.7785 0.0617
vt 0.7350 0.0617
vt 0.7785 0.8498
vt 0.7785 0.6921
vt 0.7350 0.6921
vt 0.7350 0.8498
vt 0.7785 0.5345
vt 0.7350 0.5345
vt 0.7785 0.3770
vt 0.7350 0.3770
vt 0.7785 0.2193
vt 0.7350 0.2193
vt 0.7785 0.0617
vt 0.7350 0.0617
vt 0.7785 0.8498
vt 0.7785 0.6921
vt 0.7350 0.6921
vt 0.7350 0.8498
vt 0.7785 0.5345
vt 0.7350 0.5345
vt 0.7785 0.3770
vt 0.7350 0.3770
vt 0.7785 0.2193
vt 0.7350 0.2193
vt 0.7785 0.0617
vt 0.7350 0.0617
vt 0.7785 0.8498
vt 0.7785 0.6921
vt 0.7350 0.6921
vt 0.7350 0.8498
vt 0.7785 0.5345
vt 0.7350 0.5345
vt 0.7785 0.3770
vt 0.7350 0.3770
vt 0.7785 0.2193
vt 0.7350 0.2193
vt 0.7785 0.0617
vt 0.7350 0.0617
vt 0.7785 0.8498
vt 0.7785 0.7184
vt 0.7350 0.7184
vt 0.7350 0.8498
vt 0.7785 0.5871
vt 0.7350 0.5871
vt 0.7785 0.4557
vt 0.7350 0.4557
vt 0.7785 0.3243
vt 0.7350 0.3243
vt 0.7785 0.1930
vt 0.7350 0.1930
vt 0.7785 0.0617
vt 0.7350 0.0617
vt 0.7785 0.8498
vt 0.7785 0.6921
vt 0.7350 0.6921
vt 0.7350 0.8498
vt 0.7785 0.5345
vt 0.7350 0.5345
vt 0.7785 0.3770
vt 0.7350 0.3770
vt 0.7785 0.2193
vt 0.7350 0.2193
vt 0.7785 0.0617
vt 0.7350 0.0617
vt 0.7785 0.8498
vt 0.7785 0.6921
vt 0.7350 0.6921
vt 0.7350 0.8498
vt 0.7785 0.5345
vt 0.7350 0.5345
vt 0.7785 0.3770
vt 0.7350 0.3770
vt 0.7785 0.2193
vt 0.7350 0.2193
vt 0.7785 0.0617
vt 0.7350 0.0617
vt 0.7231 0.9319
vt 0.7231 0.7830
vt 0.6703 0.7830
vt 0.6703 0.9319
vt 0.7231 0.6341
vt 0.6703 0.6341
vt 0.7231 0.4853
vt 0.6703 0.4853
vt 0.7231 0.3364
vt 0.6703 0.3364
vt 0.7231 0.1875
vt 0.6703 0.1875
vt 0.7231 0.0386
vt 0.6703 0.0386
vt 0.7785 0.8498
vt 0.7785 0.6921
vt 0.7350 0.6921
vt 0.7350 0.8498
vt 0.7785 0.5345
vt 0.7350 0.5345
vt 0.7785 0.3770
vt 0.7350 0.3770
vt 0.7785 0.2193
vt 0.7350 0.2193
vt 0.7785 0.0617
vt 0.7350 0.0617
vt 0.7231 0.9319
vt 0.7231 0.7830
vt 0.6703 0.7830
vt 0.6703 0.9319
vt 0.7231 0.6341
vt 0.6703 0.6341
vt 0.7231 0.4853
vt 0.6703 0.4853
vt 0.7231 0.3364
vt 0.6703 0.3364
vt 0.7231 0.1875
vt 0.6703 0.1875
vt 0.7231 0.0386
vt 0.6703 0.0386
vt 0.7785 0.8498
vt 0.7785 0.6921
vt 0.7350 0.6921
vt 0.7350 0.8498
vt 0.7785 0.5345
vt 0.7350 0.5345
vt 0.7785 0.3770
vt 0.7350 0.3770
vt 0.7785 0.2193
vt 0.7350 0.2193
vt 0.7785 0.0617
vt 0.7350 0.0617
vt 0.3968 0.7515
vt 0.4011 0.7916
vt 0.3799 0.7955
vt 0.3800 0.7527
vt 0.3730 0.6802
vt 0.3773 0.7129
vt 0.3598 0.7139
vt 0.3585 0.6809
vt 0.3451 0.7155
vt 0.3427 0.6827
vt 0.4154 0.6787
vt 0.4222 0.7087
vt 0.3943 0.7112
vt 0.3898 0.6782
vt 0.5006 0.6745
vt 0.5033 0.6979
vt 0.4738 0.7040
vt 0.4711 0.6775
vt 0.4454 0.7060
vt 0.4408 0.6779
vt 0.4627 0.7683
vt 0.4514 0.7374
vt 0.4799 0.7316
vt 0.4898 0.7563
vt 0.5124 0.5275
vt 0.5053 0.5460
vt 0.4725 0.5420
vt 0.4788 0.5237
vt 0.4251 0.7448
vt 0.4268 0.7824
vt 0.4402 0.5414
vt 0.4467 0.5201
vt 0.5233 0.6684
vt 0.5276 0.6886
vt 0.5451 0.6593
vt 0.5509 0.6770
vt 0.3230 0.7168
vt 0.3230 0.6822
vt 0.4133 0.6269
vt 0.4130 0.6513
vt 0.3913 0.6509
vt 0.3928 0.6255
vt 0.3708 0.4950
vt 0.3689 0.5117
vt 0.3433 0.5108
vt 0.3441 0.4950
vt 0.4006 0.4975
vt 0.3992 0.5132
vt 0.4613 0.5733
vt 0.4309 0.5718
vt 0.3429 0.5366
vt 0.3427 0.5707
vt 0.3232 0.5701
vt 0.3233 0.5363
vt 0.4929 0.5762
vt 0.4166 0.5405
vt 0.4062 0.5726
vt 0.3852 0.5725
vt 0.3936 0.5372
vt 0.5264 0.5542
vt 0.5196 0.5763
vt 0.5069 0.6097
vt 0.5023 0.6332
vt 0.4735 0.6309
vt 0.4788 0.6070
vt 0.4200 0.6025
vt 0.3981 0.6011
vt 0.4452 0.6049
vt 0.4360 0.6290
vt 0.3417 0.5998
vt 0.3413 0.6253
vt 0.3231 0.6254
vt 0.3232 0.6002
vt 0.3753 0.6247
vt 0.3795 0.6003
vt 0.3913 0.6509
vt 0.3742 0.6513
vt 0.5006 0.6531
vt 0.4711 0.6532
vt 0.4384 0.6515
vt 0.3421 0.6515
vt 0.3231 0.6542
vt 0.3395 0.8399
vt 0.3230 0.8384
vt 0.3230 0.7973
vt 0.3429 0.8012
vt 0.4059 0.8274
vt 0.3822 0.8312
vt 0.4892 0.9209
vt 0.4534 0.9494
vt 0.4373 0.9200
vt 0.4741 0.8981
vt 0.5091 0.8621
vt 0.5411 0.8284
vt 0.5542 0.8419
vt 0.5227 0.8807
vt 0.3604 0.8000
vt 0.3611 0.7550
vt 0.4236 0.5178
vt 0.3992 0.5132
vt 0.4175 0.9649
vt 0.4030 0.9296
vt 0.4964 0.8423
vt 0.4600 0.8749
vt 0.5272 0.8124
vt 0.3670 0.5365
vt 0.5015 0.7771
vt 0.4732 0.7945
vt 0.4338 0.8177
vt 0.4244 0.8921
vt 0.3429 0.5366
vt 0.5411 0.5606
vt 0.5332 0.5821
vt 0.5264 0.6122
vt 0.5230 0.6330
vt 0.5219 0.6502
vt 0.4861 0.8184
vt 0.4466 0.8517
vt 0.5141 0.7954
vt 0.3234 0.5129
vt 0.4129 0.8625
vt 0.4059 0.8274
vt 0.3390 0.9029
vt 0.3421 0.9351
vt 0.3232 0.9343
vt 0.3231 0.9029
vt 0.3230 0.7581
vt 0.3466 0.7565
vt 0.3599 0.8360
vt 0.3822 0.8312
vt 0.3861 0.8682
vt 0.3609 0.8759
vt 0.3470 0.9774
vt 0.3232 0.9789
vt 0.3642 0.5716
vt 0.3581 0.6516
vt 0.3390 0.8793
vt 0.3231 0.8782
vt 0.3610 0.5996
vt 0.3587 0.6249
vt 0.3599 0.8360
vt 0.3604 0.8000
vt 0.4244 0.8921
vt 0.3937 0.8992
vt 0.5592 0.5657
vt 0.5522 0.5886
vt 0.5466 0.6130
vt 0.5443 0.6306
vt 0.3691 0.9343
vt 0.3786 0.9742
vt 0.3390 0.9029
vt 0.3642 0.9030
vt 0.3441 0.4950
vt 0.3235 0.4981
vt 0.3235 0.4785
vt 0.3456 0.4766
vt 0.3762 0.4542
vt 0.3733 0.4755
vt 0.3456 0.4766
vt 0.3481 0.4523
vt 0.4045 0.4575
vt 0.4023 0.4795
vt 0.4266 0.5027
vt 0.4006 0.4975
vt 0.4023 0.4795
vt 0.4290 0.4836
vt 0.4513 0.5054
vt 0.4547 0.4889
vt 0.4818 0.5107
vt 0.4815 0.4957
vt 0.5184 0.5158
vt 0.5240 0.5028
vt 0.4330 0.4619
vt 0.3236 0.4528
vt 0.4578 0.4685
vt 0.4817 0.4735
vt 0.5431 0.6444
vt 0.5366 0.5326
vt 0.5494 0.5417
vt 0.5560 0.7858
vt 0.5717 0.7987
vt 0.5415 0.7726
vt 0.5289 0.7580
vt 0.5180 0.7413
vt 0.5431 0.7243
vt 0.5539 0.7383
vt 0.5837 0.7594
vt 0.6029 0.7687
vt 0.5675 0.7498
vt 0.5655 0.7083
vt 0.5762 0.7192
vt 0.6085 0.7320
vt 0.6350 0.7328
vt 0.5901 0.7273
vt 0.5666 0.5494
vt 0.6178 0.7823
vt 0.5866 0.8114
vt 0.5342 0.7080
vt 0.5573 0.6944
vt 0.5089 0.7211
vt 0.5735 0.6649
vt 0.5653 0.6504
vt 0.6079 0.7083
vt 0.5962 0.7023
vt 0.5625 0.6397
vt 0.5432 0.5208
vt 0.5619 0.6302
vt 0.5788 0.6812
vt 0.5867 0.6936
vt 0.6238 0.7095
vt 0.2491 0.7515
vt 0.2659 0.7527
vt 0.2661 0.7955
vt 0.2449 0.7917
vt 0.2730 0.6800
vt 0.2876 0.6808
vt 0.2862 0.7139
vt 0.2686 0.7128
vt 0.3033 0.6826
vt 0.3009 0.7155
vt 0.2304 0.6785
vt 0.2562 0.6780
vt 0.2516 0.7112
vt 0.2237 0.7086
vt 0.1446 0.6741
vt 0.1745 0.6772
vt 0.1718 0.7039
vt 0.1420 0.6979
vt 0.2050 0.6776
vt 0.2004 0.7059
vt 0.1830 0.7684
vt 0.1558 0.7566
vt 0.1657 0.7317
vt 0.1943 0.7375
vt 0.1342 0.5261
vt 0.1678 0.5226
vt 0.1740 0.5409
vt 0.1411 0.5446
vt 0.2207 0.7448
vt 0.2191 0.7826
vt 0.2001 0.5192
vt 0.2063 0.5407
vt 0.1216 0.6680
vt 0.1173 0.6886
vt 0.0991 0.6590
vt 0.0936 0.6772
vt 0.2328 0.6265
vt 0.2534 0.6252
vt 0.2548 0.6507
vt 0.2329 0.6510
vt 0.2762 0.4946
vt 0.3029 0.4949
vt 0.3036 0.5107
vt 0.2780 0.5114
vt 0.2464 0.4970
vt 0.2476 0.5127
vt 0.2155 0.5711
vt 0.1849 0.5724
vt 0.3038 0.5364
vt 0.3038 0.5706
vt 0.1532 0.5751
vt 0.2300 0.5399
vt 0.2531 0.5367
vt 0.2612 0.5721
vt 0.2402 0.5721
vt 0.1199 0.5526
vt 0.1264 0.5748
vt 0.1387 0.6086
vt 0.1670 0.6062
vt 0.1722 0.6302
vt 0.1431 0.6323
vt 0.2262 0.6020
vt 0.2481 0.6007
vt 0.2009 0.6043
vt 0.2100 0.6285
vt 0.3047 0.5997
vt 0.3050 0.6252
vt 0.2668 0.6000
vt 0.2709 0.6245
vt 0.2548 0.6507
vt 0.2719 0.6511
vt 0.1446 0.6525
vt 0.1745 0.6527
vt 0.2074 0.6511
vt 0.3040 0.6514
vt 0.3066 0.8399
vt 0.3032 0.8012
vt 0.2402 0.8275
vt 0.2639 0.8313
vt 0.1570 0.9213
vt 0.1720 0.8985
vt 0.2090 0.9203
vt 0.1930 0.9498
vt 0.1370 0.8626
vt 0.1234 0.8813
vt 0.0918 0.8426
vt 0.1048 0.8291
vt 0.2856 0.8000
vt 0.2849 0.7550
vt 0.2232 0.5171
vt 0.2476 0.5127
vt 0.2433 0.9298
vt 0.2289 0.9652
vt 0.1496 0.8427
vt 0.1861 0.8753
vt 0.1186 0.8130
vt 0.2797 0.5362
vt 0.1442 0.7775
vt 0.1727 0.7948
vt 0.2122 0.8179
vt 0.2218 0.8923
vt 0.3038 0.5364
vt 0.1051 0.5588
vt 0.1126 0.5805
vt 0.1191 0.6107
vt 0.1221 0.6320
vt 0.1230 0.6494
vt 0.1994 0.8520
vt 0.1598 0.8188
vt 0.1317 0.7959
vt 0.2402 0.8275
vt 0.2332 0.8627
vt 0.3073 0.9029
vt 0.3043 0.9351
vt 0.2994 0.7565
vt 0.2862 0.8360
vt 0.2852 0.8760
vt 0.2601 0.8684
vt 0.2639 0.8313
vt 0.2994 0.9774
vt 0.2823 0.5714
vt 0.2880 0.6515
vt 0.3072 0.8794
vt 0.2853 0.5995
vt 0.2875 0.6247
vt 0.2862 0.8360
vt 0.2856 0.8000
vt 0.2218 0.8923
vt 0.2525 0.8993
vt 0.0935 0.5866
vt 0.0869 0.5636
vt 0.0987 0.6112
vt 0.1007 0.6288
vt 0.2678 0.9743
vt 0.2772 0.9344
vt 0.3073 0.9029
vt 0.2820 0.9031
vt 0.3029 0.4949
vt 0.3014 0.4765
vt 0.2710 0.4539
vt 0.2991 0.4522
vt 0.3014 0.4765
vt 0.2738 0.4752
vt 0.2427 0.4570
vt 0.2448 0.4790
vt 0.2203 0.5020
vt 0.2180 0.4829
vt 0.2448 0.4790
vt 0.2464 0.4970
vt 0.1955 0.5045
vt 0.1923 0.4879
vt 0.1649 0.5095
vt 0.1654 0.4945
vt 0.1283 0.5143
vt 0.1228 0.5012
vt 0.2142 0.4611
vt 0.1893 0.4675
vt 0.1655 0.4723
vt 0.1008 0.6432
vt 0.1100 0.5308
vt 0.0970 0.5398
vt 0.0740 0.7995
vt 0.0896 0.7865
vt 0.1041 0.7732
vt 0.1166 0.7585
vt 0.1274 0.7416
vt 0.0913 0.7389
vt 0.1021 0.7247
vt 0.0426 0.7698
vt 0.0617 0.7602
vt 0.0778 0.7505
vt 0.0688 0.7200
vt 0.0794 0.7089
vt 0.0102 0.7341
vt 0.0366 0.7331
vt 0.0550 0.7282
vt 0.0797 0.5473
vt 0.0591 0.8123
vt 0.0278 0.7835
vt 0.0875 0.6948
vt 0.1109 0.7083
vt 0.1365 0.7212
vt 0.0706 0.6656
vt 0.0783 0.6509
vt 0.0370 0.7094
vt 0.0486 0.7033
vt 0.0803 0.6398
vt 0.1035 0.5189
vt 0.0580 0.6945
vt 0.0657 0.6819
vt 0.0211 0.7108
f 1/1 2/2 3/3 4/4
f 2/2 5/5 6/6 3/3
f 5/5 7/7 8/8 6/6
f 7/7 9/9 10/10 8/8
f 9/9 11/11 12/12 10/10
f 13/13 14/14 15/15 16/16
f 14/14 17/17 18/18 15/15
f 17/17 19/19 20/20 18/18
f 19/19 21/21 22/22 20/20
f 23/23 24/24 25/25 26/26
f 24/24 27/27 28/28 25/25
f 27/27 29/29 30/30 28/28
f 29/29 31/31 32/32 30/30
f 31/31 33/33 34/34 32/32
f 33/33 35/35 36/36 34/34
f 37/37 38/38 39/39 40/40
f 38/38 41/41 42/42 39/39
f 41/41 43/43 44/44 42/42
f 43/43 45/45 46/46 44/44
f 45/45 47/47 48/48 46/46
f 47/47 49/49 50/50 48/48
f 51/51 52/52 53/53 54/54
f 52/52 55/55 56/56 53/53
f 55/55 57/57 58/58 56/56
f 57/57 59/59 60/60 58/58
f 59/59 61/61 62/62 60/60
f 61/61 63/63 64/64 62/62
f 63/63 65/65 66/66 64/64
f 67/67 68/68 69/69 70/70
f 68/68 71/71 72/72 69/69
f 71/71 73/73 74/74 72/72
f 73/73 75/75 76/76 74/74
f 75/75 77/77 78/78 76/76
f 79/79 80/80 81/81 82/82
f 80/80 83/83 84/84 81/81
f 83/83 85/85 86/86 84/84
f 85/85 87/87 88/88 86/86
f 89/89 90/90 91/91 92/92
f 90/90 93/93 94/94 91/91
f 93/93 95/95 96/96 94/94
f 95/95 97/97 98/98 96/96
f 99/99 100/100 101/101 102/102
f 100/100 103/103 104/104 101/101
f 103/103 105/105 106/106 104/104
f 105/105 107/107 108/108 106/106
f 107/107 109/109 110/110 108/108
f 109/109 111/111 112/112 110/110
f 113/113 114/114 115/115 116/116
f 114/114 117/117 118/118 115/115
f 117/117 119/119 120/120 118/118
f 119/119 121/121 122/122 120/120
f 121/121 123/123 124/124 122/122
f 123/123 125/125 126/126 124/124
f 127/127 128/128 129/129 130/130
f 128/128 131/131 132/132 129/129
f 131/131 133/133 134/134 132/132
f 133/133 135/135 136/136 134/134
f 137/137 138/138 139/139 140/140
f 138/138 141/141 142/142 139/139
f 141/141 143/143 144/144 142/142
f 143/143 145/145 146/146 144/144
f 145/145 147/147 148/148 146/146
f 147/147 149/149 150/150 148/148
f 151/151 152/152 153/153 154/154
f 152/152 155/155 156/156 153/153
f 155/155 157/157 158/158 156/156
f 157/157 159/159 160/160 158/158
f 159/159 161/161 162/162 160/160
f 163/163 164/164 165/165 166/166
f 164/164 167/167 168/168 165/165
f 167/167 169/169 170/170 168/168
f 169/169 171/171 172/172 170/170
f 171/171 173/173 174/174 172/172
f 173/173 175/175 176/176 174/174
f 175/175 177/177 178/178 176/176
f 179/179 180/180 181/181 182/182
f 180/180 183/183 184/184 181/181
f 183/183 185/185 186/186 184/184
f 185/185 187/187 188/188 186/186
f 187/187 189/189 190/190 188/188
f 191/191 192/192 193/193 194/194
f 192/192 195/195 196/196 193/193
f 195/195 197/197 198/198 196/196
f 197/197 199/199 200/200 198/198
f 201/201 202/202 203/203 204/204
f 202/202 205/205 206/206 203/203
f 205/205 207/207 208/208 206/206
f 207/207 209/209 210/210 208/208
f 211/211 212/212 213/213 214/214
f 215/215 216/216 217/217 218/218
f 216/216 219/219 220/220 217/217
f 219/219 221/221 222/222 220/220
f 223/223 224/224 225/225 226/226
f 224/224 227/227 228/228 225/225
f 227/227 229/229 230/230 228/228
f 231/231 232/232 233/233 234/234
f 232/232 235/235 236/236 233/233
f 237/237 238/238 239/239 240/240
f 238/238 241/241 242/242 239/239
f 241/241 243/243 244/244 242/242
f 212/212 215/215 218/218 213/213
f 229/229 231/231 234/234 230/230
f 245/245 237/237 240/240 246/246
f 247/247 248/248 249/249 250/250
f 248/248 251/251 252/252 249/249
f 251/251 253/253 254/254 252/252
f 253/253 255/255 256/256 254/254
f 255/255 257/257 258/258 256/256
f 257/257 259/259 260/260 258/258
f 259/259 261/261 262/262 260/260
f 263/263 264/264 265/265 266/266
f 264/264 267/267 268/268 265/265
f 267/267 269/269 270/270 268/268
f 269/269 271/271 272/272 270/270
f 273/273 274/274 275/275 276/276
f 274/274 277/277 278/278 275/275
f 277/277 279/279 280/280 278/278
f 279/279 281/281 282/282 280/280
f 281/281 283/283 284/284 282/282
f 283/283 285/285 286/286 284/284
f 287/287 288/288 289/289 290/290
f 288/288 291/291 292/292 289/289
f 291/291 293/293 294/294 292/292
f 293/293 295/295 296/296 294/294
f 297/297 298/298 299/299 300/300
f 298/298 301/301 302/302 299/299
f 301/301 303/303 304/304 302/302
f 303/303 305/305 306/306 304/304
f 305/305 307/307 308/308 306/306
f 307/307 309/309 310/310 308/308
f 311/311 312/312 313/313 314/314
f 312/312 315/315 316/316 313/313
f 315/315 317/317 318/318 316/316
f 317/317 319/319 320/320 318/318
f 319/319 321/321 322/322 320/320
f 323/323 324/324 325/325 326/326
f 324/324 327/327 328/328 325/325
f 327/327 329/329 330/330 328/328
f 329/329 331/331 332/332 330/330
f 331/331 333/333 334/334 332/332
f 333/333 335/335 336/336 334/334
f 337/337 338/338 339/339 340/340
f 338/338 341/341 342/342 339/339
f 341/341 343/343 344/344 342/342
f 343/343 345/345 346/346 344/344
f 345/345 347/347 348/348 346/346
f 349/349 350/350 351/351 352/352
f 350/350 353/353 354/354 351/351
f 353/353 355/355 356/356 354/354
f 355/355 357/357 358/358 356/356
f 357/357 359/359 360/360 358/358
f 359/359 361/361 362/362 360/360
f 363/363 364/364 365/365 366/366
f 364/364 367/367 368/368 365/365
f 367/367 369/369 370/370 368/368
f 369/369 371/371 372/372 370/370
f 371/371 373/373 374/374 372/372
f 375/375 376/376 377/377 378/378
f 376/376 379/379 380/380 377/377
f 379/379 381/381 382/382 380/380
f 381/381 383/383 384/384 382/382
f 383/383 385/385 386/386 384/384
f 387/387 388/388 389/389 390/390
f 388/388 391/391 392/392 389/389
f 391/391 393/393 394/394 392/392
f 393/393 395/395 396/396 394/394
f 395/395 397/397 398/398 396/396
f 399/399 400/400 401/401 402/402
f 400/400 403/403 404/404 401/401
f 403/403 405/405 406/406 404/404
f 405/405 407/407 408/408 406/406
f 407/407 409/409 410/410 408/408
f 411/411 412/412 413/413 414/414
f 412/412 415/415 416/416 413/413
f 415/415 417/417 418/418 416/416
f 417/417 419/419 420/420 418/418
f 419/419 421/421 422/422 420/420
f 423/423 424/424 425/425 426/426
f 424/424 427/427 428/428 425/425
f 427/427 429/429 430/430 428/428
f 429/429 431/431 432/432 430/430
f 433/433 434/434 435/435 436/436
f 434/434 437/437 438/438 435/435
f 437/437 439/439 440/440 438/438
f 439/439 441/441 442/442 440/440
f 441/441 443/443 444/444 442/442
f 445/445 446/446 447/447 448/448
f 446/446 449/449 450/450 447/447
f 449/449 451/451 452/452 450/450
f 451/451 453/453 454/454 452/452
f 453/453 455/455 456/456 454/454
f 455/455 457/457 458/458 456/456
f 459/459 460/460 461/461 462/462
f 460/460 463/463 464/464 461/461
f 463/463 465/465 466/466 464/464
f 465/465 467/467 468/468 466/466
f 467/467 469/469 470/470 468/468
f 469/469 471/471 472/472 470/470
f 473/473 474/474 475/475 476/476
f 474/474 477/477 478/478 475/475
f 477/477 479/479 480/480 478/478
f 479/479 481/481 482/482 480/480
f 481/481 483/483 484/484 482/482
f 485/485 486/486 487/487 488/488
f 486/486 489/489 490/490 487/487
f 489/489 491/491 492/492 490/490
f 491/491 493/493 494/494 492/492
f 493/493 495/495 496/496 494/494
f 497/497 498/498 499/499 500/500
f 498/498 501/501 502/502 499/499
f 501/501 503/503 504/504 502/502
f 503/503 505/505 506/506 504/504
f 507/507 508/508 509/509 510/510
f 508/508 511/511 512/512 509/509
f 511/511 513/513 514/514 512/512
f 513/513 515/515 516/516 514/514
f 515/515 517/517 518/518 516/516
f 517/517 519/519 520/520 518/518
f 521/521 522/522 523/523 524/524
f 522/522 525/525 526/526 523/523
f 525/525 527/527 528/528 526/526
f 527/527 529/529 530/530 528/528
f 529/529 531/531 532/532 530/530
f 531/531 533/533 534/534 532/532
f 535/535 536/536 537/537 538/538
f 536/536 539/539 540/540 537/537
f 539/539 541/541 542/542 540/540
f 541/541 543/543 544/544 542/542
f 543/543 545/545 546/546 544/544
f 547/547 548/548 549/549 550/550
f 548/548 551/551 552/552 549/549
f 551/551 553/553 554/554 552/552
f 553/553 555/555 556/556 554/554
f 555/555 557/557 558/558 556/556
f 559/559 560/560 561/561 562/562
f 560/560 563/563 564/564 561/561
f 563/563 565/565 566/566 564/564
f 565/565 567/567 568/568 566/566
f 567/567 569/569 570/570 568/568
f 569/569 571/571 572/572 570/570
f 573/573 574/574 575/575 576/576
f 574/574 577/577 578/578 575/575
f 577/577 579/579 580/580 578/578
f 579/579 581/581 582/582 580/580
f 581/581 583/583 584/584 582/582
f 585/585 586/586 587/587 588/588
f 586/586 589/589 590/590 587/587
f 589/589 591/591 592/592 590/590
f 591/591 593/593 594/594 592/592
f 593/593 595/595 596/596 594/594
f 595/595 597/597 598/598 596/596
f 599/599 600/600 601/601 602/602
f 600/600 603/603 604/604 601/601
f 603/603 605/605 606/606 604/604
f 605/605 607/607 608/608 606/606
f 607/607 609/609 610/610 608/608
f 611/611 612/612 613/613 614/614
f 612/612 615/615 616/616 613/613
f 615/615 617/617 618/618 616/616
f 617/617 619/619 620/620 618/618
f 619/619 621/621 622/622 620/620
f 621/621 623/623 624/624 622/622
f 625/625 626/626 627/627 628/628
f 626/626 629/629 630/630 627/627
f 629/629 631/631 632/632 630/630
f 631/631 633/633 634/634 632/632
f 633/633 635/635 636/636 634/634
f 635/635 637/637 638/638 636/636
f 639/639 640/640 641/641 642/642
f 640/640 643/643 644/644 641/641
f 643/643 645/645 646/646 644/644
f 645/645 647/647 648/648 646/646
f 649/649 650/650 651/651 652/652
f 650/650 653/653 654/654 651/651
f 653/653 655/655 656/656 654/654
f 655/655 657/657 658/658 656/656
f 659/659 660/660 661/661 662/662
f 660/660 663/663 664/664 661/661
f 663/663 665/665 666/666 664/664
f 665/665 667/667 668/668 666/666
f 667/667 669/669 670/670 668/668
f 671/671 672/672 673/673 674/674
f 672/672 675/675 676/676 673/673
f 675/675 677/677 678/678 676/676
f 677/677 679/679 680/680 678/678
f 681/681 682/682 683/683 684/684
f 682/682 685/685 686/686 683/683
f 685/685 687/687 688/688 686/686
f 687/687 689/689 690/690 688/688
f 691/691 692/692 693/693 694/694
f 692/692 695/695 696/696 693/693
f 695/695 697/697 698/698 696/696
f 697/697 699/699 700/700 698/698
f 699/699 701/701 702/702 700/700
f 701/701 703/703 704/704 702/702
f 705/705 706/706 707/707 708/708
f 706/706 709/709 710/710 707/707
f 709/709 711/711 712/712 710/710
f 711/711 713/713 714/714 712/712
f 713/713 715/715 716/716 714/714
f 717/717 718/718 719/719 720/720
f 718/718 721/721 722/722 719/719
f 721/721 723/723 724/724 722/722
f 723/723 725/725 726/726 724/724
f 725/725 727/727 728/728 726/726
f 729/729 730/730 731/731 732/732
f 730/730 733/733 734/734 731/731
f 733/733 735/735 736/736 734/734
f 735/735 737/737 738/738 736/736
f 737/737 739/739 740/740 738/738
f 739/739 741/741 742/742 740/740
f 743/743 744/744 745/745 746/746
f 744/744 747/747 748/748 745/745
f 747/747 749/749 750/750 748/748
f 749/749 751/751 752/752 750/750
f 751/751 753/753 754/754 752/752
f 755/755 756/756 757/757 758/758
f 756/756 759/759 760/760 757/757
f 759/759 761/761 762/762 760/760
f 761/761 763/763 764/764 762/762
f 763/763 765/765 766/766 764/764
f 767/767 768/768 769/769 770/770
f 768/768 771/771 772/772 769/769
f 771/771 773/773 774/774 772/772
f 773/773 775/775 776/776 774/774
f 775/775 777/777 778/778 776/776
f 777/777 779/779 780/780 778/778
f 779/779 781/781 782/782 780/780
f 783/783 784/784 785/785 786/786
f 784/784 787/787 788/788 785/785
f 787/787 789/789 790/790 788/788
f 789/789 791/791 792/792 790/790
f 791/791 793/793 794/794 792/792
f 795/795 796/796 797/797 798/798
f 796/796 799/799 800/800 797/797
f 799/799 801/801 802/802 800/800
f 801/801 803/803 804/804 802/802
f 803/803 805/805 806/806 804/804
f 805/805 807/807 808/808 806/806
f 809/809 810/810 811/811 812/812
f 810/810 813/813 814/814 811/811
f 813/813 815/815 816/816 814/814
f 817/817 818/818 819/819 820/820
f 821/821 822/822 823/823 824/824
f 822/822 825/825 826/826 823/823
f 825/825 827/827 828/828 826/826
f 827/827 829/829 830/830 828/828
f 829/829 831/831 832/832 830/830
f 833/833 834/834 835/835 836/836
f 834/834 837/837 838/838 835/835
f 837/837 839/839 840/840 838/838
f 839/839 841/841 842/842 840/840
f 841/841 843/843 844/844 842/842
f 845/845 846/846 847/847 848/848
f 846/846 849/849 850/850 847/847
f 849/849 851/851 852/852 850/850
f 851/851 853/853 854/854 852/852
f 853/853 855/855 856/856 854/854
f 855/855 857/857 858/858 856/856
f 859/859 860/860 861/861 862/862
f 860/860 863/863 864/864 861/861
f 863/863 865/865 866/866 864/864
f 865/865 867/867 868/868 866/866
f 867/867 869/869 870/870 868/868
f 869/869 871/871 872/872 870/870
f 873/873 874/874 875/875 876/876
f 874/874 877/877 878/878 875/875
f 877/877 879/879 880/880 878/878
f 879/879 881/881 882/882 880/880
f 881/881 883/883 884/884 882/882
f 885/885 886/886 887/887 888/888
f 886/886 889/889 890/890 887/887
f 889/889 891/891 892/892 890/890
f 891/891 893/893 894/894 892/892
f 893/893 895/895 896/896 894/894
f 897/897 898/898 899/899 900/900
f 898/898 901/901 902/902 899/899
f 901/901 903/903 904/904 902/902
f 903/903 905/905 906/906 904/904
f 907/907 908/908 909/909 910/910
f 908/908 911/911 912/912 909/909
f 911/911 913/913 914/914 912/912
f 915/915 916/916 917/917 918/918
f 919/919 920/920 921/921 922/922
f 920/920 923/923 924/924 921/921
f 923/923 925/925 926/926 924/924
f 925/925 927/927 928/928 926/926
f 927/927 929/929 930/930 928/928
f 929/929 931/931 932/932 930/930
f 933/933 934/934 935/935 936/936
f 934/934 937/937 938/938 935/935
f 937/937 939/939 940/940 938/938
f 939/939 941/941 942/942 940/940
f 941/941 943/943 944/944 942/942
f 943/943 945/945 946/946 944/944
f 947/947 948/948 949/949 950/950
f 948/948 951/951 952/952 949/949
f 951/951 953/953 954/954 952/952
f 953/953 955/955 956/956 954/954
f 955/955 957/957 958/958 956/956
f 957/957 959/959 960/960 958/958
f 961/961 962/962 963/963 964/964
f 962/962 965/965 966/966 963/963
f 965/965 967/967 968/968 966/966
f 967/967 969/969 970/970 968/968
f 969/969 971/971 972/972 970/970
f 971/971 973/973 974/974 972/972
f 975/975 976/976 977/977 978/978
f 976/976 979/979 980/980 977/977
f 979/979 981/981 982/982 980/980
f 981/981 983/983 984/984 982/982
f 983/983 985/985 986/986 984/984
f 985/985 987/987 988/988 986/986
f 989/989 990/990 991/991 992/992
f 990/990 993/993 994/994 991/991
f 993/993 995/995 996/996 994/994
f 995/995 997/997 998/998 996/996
f 997/997 999/999 1000/1000 998/998
f 1001/1001 1002/1002 1003/1003 1004/1004
f 1002/1002 1005/1005 1006/1006 1003/1003
f 1005/1005 1007/1007 1008/1008 1006/1006
f 1007/1007 1009/1009 1010/1010 1008/1008
f 1009/1009 1011/1011 1012/1012 1010/1010
f 1011/1011 1013/1013 1014/1014 1012/1012
f 1015/1015 1016/1016 1017/1017 1018/1018
f 1016/1016 1019/1019 1020/1020 1017/1017
f 1019/1019 1021/1021 1022/1022 1020/1020
f 1021/1021 1023/1023 1024/1024 1022/1022
f 1023/1023 1025/1025 1026/1026 1024/1024
f 1027/1027 1028/1028 1029/1029 1030/1030
f 1028/1028 1031/1031 1032/1032 1029/1029
f 1031/1031 1033/1033 1034/1034 1032/1032
f 1033/1033 1035/1035 1036/1036 1034/1034
f 1035/1035 1037/1037 1038/1038 1036/1036
f 1037/1037 1039/1039 1040/1040 1038/1038
f 1041/1041 1042/1042 1043/1043 1044/1044
f 1042/1042 1045/1045 1046/1046 1043/1043
f 1045/1045 1047/1047 1048/1048 1046/1046
f 1047/1047 1049/1049 1050/1050 1048/1048
f 1049/1049 1051/1051 1052/1052 1050/1050
f 1051/1051 1053/1053 1054/1054 1052/1052
f 1055/1055 1056/1056 1057/1057 1058/1058
f 1056/1056 1059/1059 1060/1060 1057/1057
f 1059/1059 1061/1061 1062/1062 1060/1060
f 1061/1061 1063/1063 1064/1064 1062/1062
f 1063/1063 1065/1065 1066/1066 1064/1064
f 1065/1065 1067/1067 1068/1068 1066/1066
f 1069/1069 1070/1070 1071/1071 1072/1072
f 1070/1070 1073/1073 1074/1074 1071/1071
f 1073/1073 1075/1075 1076/1076 1074/1074
f 1075/1075 1077/1077 1078/1078 1076/1076
f 1077/1077 1079/1079 1080/1080 1078/1078
f 1081/1081 1082/1082 1083/1083 1084/1084
f 1082/1082 1085/1085 1086/1086 1083/1083
f 1085/1085 1087/1087 1088/1088 1086/1086
f 1087/1087 1089/1089 1090/1090 1088/1088
f 1089/1089 1091/1091 1092/1092 1090/1090
f 1091/1091 1093/1093 1094/1094 1092/1092
f 1095/1095 1096/1096 1097/1097 1098/1098
f 1096/1096 1099/1099 1100/1100 1097/1097
f 1099/1099 1101/1101 1102/1102 1100/1100
f 1101/1101 1103/1103 1104/1104 1102/1102
f 1103/1103 1105/1105 1106/1106 1104/1104
f 1107/1107 1108/1108 1109/1109 1110/1110
f 1108/1108 1111/1111 1112/1112 1109/1109
f 1111/1111 1113/1113 1114/1114 1112/1112
f 1113/1113 1115/1115 1116/1116 1114/1114
f 1115/1115 1117/1117 1118/1118 1116/1116
f 1119/1119 1120/1120 1121/1121 1122/1122
f 1120/1120 1123/1123 1124/1124 1121/1121
f 1123/1123 1125/1125 1126/1126 1124/1124
f 1125/1125 1127/1127 1128/1128 1126/1126
f 1127/1127 1129/1129 1130/1130 1128/1128
f 1129/1129 1131/1131 1132/1132 1130/1130
f 1133/1133 1134/1134 1135/1135 1136/1136
f 1134/1134 1137/1137 1138/1138 1135/1135
f 1137/1137 1139/1139 1140/1140 1138/1138
f 1139/1139 1141/1141 1142/1142 1140/1140
f 1141/1141 1143/1143 1144/1144 1142/1142
f 1145/1145 1146/1146 1147/1147 1148/1148
f 1146/1146 1149/1149 1150/1150 1147/1147
f 1149/1149 1151/1151 1152/1152 1150/1150
f 1151/1151 1153/1153 1154/1154 1152/1152
f 1153/1153 1155/1155 1156/1156 1154/1154
f 1157/1157 1158/1158 1159/1159 1160/1160
f 1158/1158 1161/1161 1162/1162 1159/1159
f 1161/1161 1163/1163 1164/1164 1162/1162
f 1163/1163 1165/1165 1166/1166 1164/1164
f 1165/1165 1167/1167 1168/1168 1166/1166
f 1167/1167 1169/1169 1170/1170 1168/1168
f 1171/1171 1172/1172 1173/1173 1174/1174
f 1172/1172 1175/1175 1176/1176 1173/1173
f 1175/1175 1177/1177 1178/1178 1176/1176
f 1177/1177 1179/1179 1180/1180 1178/1178
f 1179/1179 1181/1181 1182/1182 1180/1180
f 1181/1181 1183/1183 1184/1184 1182/1182
f 1185/1185 1186/1186 1187/1187 1188/1188
f 1186/1186 1189/1189 1190/1190 1187/1187
f 1189/1189 1191/1191 1192/1192 1190/1190
f 1193/1193 1194/1194 1195/1195 1196/1196
f 1194/1194 1197/1197 1198/1198 1195/1195
f 1197/1197 1199/1199 1200/1200 1198/1198
f 1199/1199 1201/1201 1202/1202 1200/1200
f 1201/1201 1203/1203 1204/1204 1202/1202
f 1203/1203 1205/1205 1206/1206 1204/1204
f 1205/1205 1207/1207 1208/1208 1206/1206
f 1209/1209 1210/1210 1211/1211 1212/1212
f 1210/1210 1213/1213 1214/1214 1211/1211
f 1213/1213 1215/1215 1216/1216 1214/1214
f 1215/1215 1217/1217 1218/1218 1216/1216
f 1217/1217 1219/1219 1220/1220 1218/1218
f 1219/1219 1221/1221 1222/1222 1220/1220
f 1221/1221 1223/1223 1224/1224 1222/1222
f 1225/1225 1226/1226 1227/1227 1228/1228
f 1226/1226 1229/1229 1230/1230 1227/1227
f 1229/1229 1231/1231 1232/1232 1230/1230
f 1231/1231 1233/1233 1234/1234 1232/1232
f 1233/1233 1235/1235 1236/1236 1234/1234
f 1235/1235 1237/1237 1238/1238 1236/1236
f 1237/1237 1239/1239 1240/1240 1238/1238
f 1241/1241 1209/1209 1212/1212 1242/1242
f 1243/1243 1244/1244 1245/1245 1246/1246
f 1244/1244 1247/1247 1248/1248 1245/1245
f 1247/1247 1249/1249 1250/1250 1248/1248
f 1249/1249 1251/1251 1252/1252 1250/1250
f 1251/1251 1253/1253 1254/1254 1252/1252
f 1255/1255 1256/1256 1257/1257 1258/1258
f 1256/1256 1259/1259 1260/1260 1257/1257
f 1259/1259 1261/1261 1262/1262 1260/1260
f 1261/1261 1263/1263 1264/1264 1262/1262
f 1263/1263 1265/1265 1266/1266 1264/1264
f 1267/1267 1268/1268 1269/1269 1270/1270
f 1268/1268 1271/1271 1272/1272 1269/1269
f 1271/1271 1273/1273 1274/1274 1272/1272
f 1273/1273 1275/1275 1276/1276 1274/1274
f 1277/1277 1278/1278 1279/1279 1280/1280
f 1278/1278 1281/1281 1282/1282 1279/1279
f 1281/1281 1283/1283 1284/1284 1282/1282
f 1283/1283 1285/1285 1286/1286 1284/1284
f 1287/1287 1288/1288 1289/1289 1290/1290
f 1288/1288 1291/1291 1292/1292 1289/1289
f 1291/1291 1293/1293 1294/1294 1292/1292
f 1293/1293 1295/1295 1296/1296 1294/1294
f 1295/1295 1297/1297 1298/1298 1296/1296
f 1299/1299 1300/1300 1301/1301 1302/1302
f 1300/1300 1303/1303 1304/1304 1301/1301
f 1303/1303 1305/1305 1306/1306 1304/1304
f 1305/1305 1307/1307 1308/1308 1306/1306
f 1307/1307 1309/1309 1310/1310 1308/1308
f 1311/1311 1312/1312 1313/1313 1314/1314
f 1312/1312 1315/1315 1316/1316 1313/1313
f 1315/1315 1317/1317 1318/1318 1316/1316
f 1317/1317 1319/1319 1320/1320 1318/1318
f 1319/1319 1321/1321 1322/1322 1320/1320
f 1321/1321 1323/1323 1324/1324 1322/1322
f 1325/1325 1326/1326 1327/1327 1328/1328
f 1326/1326 1329/1329 1330/1330 1327/1327
f 1329/1329 1331/1331 1332/1332 1330/1330
f 1331/1331 1333/1333 1334/1334 1332/1332
f 1335/1335 1336/1336 1337/1337 1338/1338
f 1336/1336 1339/1339 1340/1340 1337/1337
f 1339/1339 1341/1341 1342/1342 1340/1340
f 1341/1341 1343/1343 1344/1344 1342/1342
f 1343/1343 1345/1345 1346/1346 1344/1344
f 1347/1347 1348/1348 1349/1349 1350/1350
f 1348/1348 1351/1351 1352/1352 1349/1349
f 1351/1351 1353/1353 1354/1354 1352/1352
f 1353/1353 1355/1355 1356/1356 1354/1354
f 1355/1355 1357/1357 1358/1358 1356/1356
f 1357/1357 1359/1359 1360/1360 1358/1358
f 1361/1361 1362/1362 1363/1363 1364/1364
f 1362/1362 1365/1365 1366/1366 1363/1363
f 1365/1365 1367/1367 1368/1368 1366/1366
f 1367/1367 1369/1369 1370/1370 1368/1368
f 1369/1369 1371/1371 1372/1372 1370/1370
f 1371/1371 1373/1373 1374/1374 1372/1372
f 1373/1373 1375/1375 1376/1376 1374/1374
f 1375/1375 1377/1377 1378/1378 1376/1376
f 1379/1379 1380/1380 1381/1381 1382/1382
f 1380/1380 1383/1383 1384/1384 1381/1381
f 1383/1383 1385/1385 1386/1386 1384/1384
f 1385/1385 1387/1387 1388/1388 1386/1386
f 1387/1387 1389/1389 1390/1390 1388/1388
f 1389/1389 1391/1391 1392/1392 1390/1390
f 1391/1391 1393/1393 1394/1394 1392/1392
f 1393/1393 1395/1395 1396/1396 1394/1394
f 1395/1395 1397/1397 1398/1398 1396/1396
f 1399/1399 1400/1400 1401/1401 1402/1402
f 1400/1400 1403/1403 1404/1404 1401/1401
f 1403/1403 1405/1405 1406/1406 1404/1404
f 1405/1405 1407/1407 1408/1408 1406/1406
f 1407/1407 1409/1409 1410/1410 1408/1408
f 1409/1409 1411/1411 1412/1412 1410/1410
f 1411/1411 1413/1413 1414/1414 1412/1412
f 1415/1415 1416/1416 1417/1417 1418/1418
f 1416/1416 1419/1419 1420/1420 1417/1417
f 1419/1419 1421/1421 1422/1422 1420/1420
f 1421/1421 1423/1423 1424/1424 1422/1422
f 1423/1423 1425/1425 1426/1426 1424/1424
f 1425/1425 1427/1427 1428/1428 1426/1426
f 1427/1427 1429/1429 1430/1430 1428/1428
f 1429/1429 1431/1431 1432/1432 1430/1430
f 1431/1431 1433/1433 1434/1434 1432/1432
f 1433/1433 1435/1435 1436/1436 1434/1434
f 1435/1435 1437/1437 1438/1438 1436/1436
f 1439/1439 1440/1440 1441/1441 1442/1442
f 1440/1440 1443/1443 1444/1444 1441/1441
f 1443/1443 1445/1445 1446/1446 1444/1444
f 1445/1445 1447/1447 1448/1448 1446/1446
f 1447/1447 1449/1449 1450/1450 1448/1448
f 1449/1449 1451/1451 1452/1452 1450/1450
f 1451/1451 1453/1453 1454/1454 1452/1452
f 1453/1453 1455/1455 1456/1456 1454/1454
f 1457/1457 1458/1458 1459/1459 1460/1460
f 1458/1458 1461/1461 1462/1462 1459/1459
f 1461/1461 1463/1463 1464/1464 1462/1462
f 1463/1463 1465/1465 1466/1466 1464/1464
f 1465/1465 1467/1467 1468/1468 1466/1466
f 1467/1467 1469/1469 1470/1470 1468/1468
f 1469/1469 1471/1471 1472/1472 1470/1470
f 1471/1471 1473/1473 1474/1474 1472/1472
f 1473/1473 1475/1475 1476/1476 1474/1474
f 1477/1477 1478/1478 1479/1479 1480/1480
f 1478/1478 1481/1481 1482/1482 1479/1479
f 1481/1481 1483/1483 1484/1484 1482/1482
f 1483/1483 1485/1485 1486/1486 1484/1484
f 1485/1485 1487/1487 1488/1488 1486/1486
f 1487/1487 1489/1489 1490/1490 1488/1488
f 1489/1489 1491/1491 1492/1492 1490/1490
f 1491/1491 1493/1493 1494/1494 1492/1492
f 1493/1493 1495/1495 1496/1496 1494/1494
f 1497/1497 1498/1498 1499/1499 1500/1500
f 1498/1498 1501/1501 1502/1502 1499/1499
f 1501/1501 1503/1503 1504/1504 1502/1502
f 1503/1503 1505/1505 1506/1506 1504/1504
f 1505/1505 1507/1507 1508/1508 1506/1506
f 1507/1507 1509/1509 1510/1510 1508/1508
f 1509/1509 1511/1511 1512/1512 1510/1510
f 1511/1511 1513/1513 1514/1514 1512/1512
f 1513/1513 1515/1515 1516/1516 1514/1514
f 1517/1517 1518/1518 1519/1519 1520/1520
f 1521/1521 1522/1522 1523/1523 1524/1524
f 1522/1522 1525/1525 1526/1526 1523/1523
f 1525/1525 1527/1527 1528/1528 1526/1526
f 1527/1527 1529/1529 1530/1530 1528/1528
f 1529/1529 1531/1531 1532/1532 1530/1530
f 1533/1533 1534/1534 1535/1535 1536/1536
f 1534/1534 1537/1537 1538/1538 1535/1535
f 1537/1537 1539/1539 1540/1540 1538/1538
f 1541/1541 1542/1542 1543/1543 1544/1544
f 1539/1539 1541/1541 1544/1544 1540/1540
f 1518/1518 1521/1521 1524/1524 1519/1519
f 1545/1545 1546/1546 1547/1547 1548/1548
f 1546/1546 1549/1549 1550/1550 1547/1547
f 1549/1549 1551/1551 1552/1552 1550/1550
f 1551/1551 1553/1553 1554/1554 1552/1552
f 1553/1553 1555/1555 1556/1556 1554/1554
f 1555/1555 1557/1557 1558/1558 1556/1556
f 1557/1557 1559/1559 1560/1560 1558/1558
f 1561/1561 1562/1562 1563/1563 1564/1564
f 1562/1562 1565/1565 1566/1566 1563/1563
f 1565/1565 1567/1567 1568/1568 1566/1566
f 1567/1567 1569/1569 1570/1570 1568/1568
f 1569/1569 1571/1571 1572/1572 1570/1570
f 1571/1571 1573/1573 1574/1574 1572/1572
f 1573/1573 1575/1575 1576/1576 1574/1574
f 1577/1577 1578/1578 1579/1579 1580/1580
f 1578/1578 1581/1581 1582/1582 1579/1579
f 1581/1581 1583/1583 1584/1584 1582/1582
f 1583/1583 1585/1585 1586/1586 1584/1584
f 1585/1585 1587/1587 1588/1588 1586/1586
f 1587/1587 1589/1589 1590/1590 1588/1588
f 1589/1589 1591/1591 1592/1592 1590/1590
f 1593/1593 1594/1594 1595/1595 1596/1596
f 1594/1594 1597/1597 1598/1598 1595/1595
f 1597/1597 1599/1599 1600/1600 1598/1598
f 1599/1599 1601/1601 1602/1602 1600/1600
f 1601/1601 1603/1603 1604/1604 1602/1602
f 1603/1603 1605/1605 1606/1606 1604/1604
f 1605/1605 1607/1607 1608/1608 1606/1606
f 1607/1607 1609/1609 1610/1610 1608/1608
f 1611/1611 1612/1612 1613/1613 1614/1614
f 1612/1612 1615/1615 1616/1616 1613/1613
f 1615/1615 1617/1617 1618/1618 1616/1616
f 1617/1617 1619/1619 1620/1620 1618/1618
f 1619/1619 1621/1621 1622/1622 1620/1620
f 1621/1621 1623/1623 1624/1624 1622/1622
f 1623/1623 1625/1625 1626/1626 1624/1624
f 1625/1625 1627/1627 1628/1628 1626/1626
f 1627/1627 1629/1629 1630/1630 1628/1628
f 1629/1629 1631/1631 1632/1632 1630/1630
f 1631/1631 1633/1633 1634/1634 1632/1632
f 1635/1635 1636/1636 1637/1637 1638/1638
f 1636/1636 1639/1639 1640/1640 1637/1637
f 1641/1641 1642/1642 1643/1643 1644/1644
f 1642/1642 1645/1645 1646/1646 1643/1643
f 1645/1645 1647/1647 1648/1648 1646/1646
f 1647/1647 1649/1649 1650/1650 1648/1648
f 1649/1649 1651/1651 1652/1652 1650/1650
f 1639/1639 1641/1641 1644/1644 1640/1640
f 1653/1653 1654/1654 1655/1655 1656/1656
f 1654/1654 1657/1657 1658/1658 1655/1655
f 1657/1657 1659/1659 1660/1660 1658/1658
f 1659/1659 1661/1661 1662/1662 1660/1660
f 1661/1661 1663/1663 1664/1664 1662/1662
f 1663/1663 1665/1665 1666/1666 1664/1664
f 1665/1665 1667/1667 1668/1668 1666/1666
f 1667/1667 1669/1669 1670/1670 1668/1668
f 1671/1671 1672/1672 1673/1673 1674/1674
f 1672/1672 1675/1675 1676/1676 1673/1673
f 1675/1675 1677/1677 1678/1678 1676/1676
f 1677/1677 1679/1679 1680/1680 1678/1678
f 1679/1679 1681/1681 1682/1682 1680/1680
f 1681/1681 1683/1683 1684/1684 1682/1682
f 1683/1683 1685/1685 1686/1686 1684/1684
f 1685/1685 1687/1687 1688/1688 1686/1686
f 1689/1689 1690/1690 1691/1691 1692/1692
f 1690/1690 1693/1693 1694/1694 1691/1691
f 1693/1693 1695/1695 1696/1696 1694/1694
f 1695/1695 1697/1697 1698/1698 1696/1696
f 1697/1697 1699/1699 1700/1700 1698/1698
f 1699/1699 1701/1701 1702/1702 1700/1700
f 1703/1703 1704/1704 1705/1705 1706/1706
f 1704/1704 1707/1707 1708/1708 1705/1705
f 1707/1707 1709/1709 1710/1710 1708/1708
f 1709/1709 1711/1711 1712/1712 1710/1710
f 1711/1711 1713/1713 1714/1714 1712/1712
f 1713/1713 1715/1715 1716/1716 1714/1714
f 1717/1717 1718/1718 1719/1719 1720/1720
f 1718/1718 1721/1721 1722/1722 1719/1719
f 1721/1721 1723/1723 1724/1724 1722/1722
f 1723/1723 1725/1725 1726/1726 1724/1724
f 1725/1725 1727/1727 1728/1728 1726/1726
f 1727/1727 1729/1729 1730/1730 1728/1728
f 1729/1729 1731/1731 1732/1732 1730/1730
f 1733/1733 1734/1734 1735/1735 1736/1736
f 1734/1734 1737/1737 1738/1738 1735/1735
f 1737/1737 1739/1739 1740/1740 1738/1738
f 1739/1739 1741/1741 1742/1742 1740/1740
f 1743/1743 1744/1744 1745/1745 1746/1746
f 1744/1744 1747/1747 1748/1748 1745/1745
f 1747/1747 1749/1749 1750/1750 1748/1748
f 1749/1749 1751/1751 1752/1752 1750/1750
f 1751/1751 1753/1753 1754/1754 1752/1752
f 1755/1755 1756/1756 1757/1757 1758/1758
f 1756/1756 1759/1759 1760/1760 1757/1757
f 1759/1759 1761/1761 1762/1762 1760/1760
f 1761/1761 1763/1763 1764/1764 1762/1762
f 1763/1763 1765/1765 1766/1766 1764/1764
f 1767/1767 1768/1768 1769/1769 1770/1770
f 1768/1768 1771/1771 1772/1772 1769/1769
f 1771/1771 1773/1773 1774/1774 1772/1772
f 1775/1775 1776/1776 1777/1777 1778/1778
f 1776/1776 1779/1779 1780/1780 1777/1777
f 1779/1779 1781/1781 1782/1782 1780/1780
f 1781/1781 1783/1783 1784/1784 1782/1782
f 1785/1785 1786/1786 1787/1787 1788/1788
f 1786/1786 1789/1789 1790/1790 1787/1787
f 1789/1789 1791/1791 1792/1792 1790/1790
f 1791/1791 1793/1793 1794/1794 1792/1792
f 1795/1795 1796/1796 1797/1797 1798/1798
f 1796/1796 1799/1799 1800/1800 1797/1797
f 1799/1799 1801/1801 1802/1802 1800/1800
f 1803/1803 1804/1804 1805/1805 1806/1806
f 1804/1804 1807/1807 1808/1808 1805/1805
f 1807/1807 1809/1809 1810/1810 1808/1808
f 1809/1809 1811/1811 1812/1812 1810/1810
f 1811/1811 1813/1813 1814/1814 1812/1812
f 1813/1813 1815/1815 1816/1816 1814/1814
f 1815/1815 1817/1817 1818/1818 1816/1816
f 1817/1817 1819/1819 1820/1820 1818/1818
f 1821/1821 1822/1822 1823/1823 1824/1824
f 1822/1822 1825/1825 1826/1826 1823/1823
f 1825/1825 1827/1827 1828/1828 1826/1826
f 1827/1827 1829/1829 1830/1830 1828/1828
f 1829/1829 1831/1831 1832/1832 1830/1830
f 1833/1833 1834/1834 1835/1835 1836/1836
f 1837/1837 1838/1838 1839/1839 1840/1840
f 1838/1838 1841/1841 1842/1842 1839/1839
f 1841/1841 1843/1843 1844/1844 1842/1842
f 1843/1843 1845/1845 1846/1846 1844/1844
f 1845/1845 1847/1847 1848/1848 1846/1846
f 1847/1847 1849/1849 1850/1850 1848/1848
f 1849/1849 1851/1851 1852/1852 1850/1850
f 1851/1851 1853/1853 1854/1854 1852/1852
f 1831/1831 1833/1833 1836/1836 1832/1832
f 1855/1855 1856/1856 1857/1857 1858/1858
f 1856/1856 1859/1859 1860/1860 1857/1857
f 1859/1859 1861/1861 1862/1862 1860/1860
f 1861/1861 1863/1863 1864/1864 1862/1862
f 1863/1863 1865/1865 1866/1866 1864/1864
f 1867/1867 1868/1868 1869/1869 1870/1870
f 1868/1868 1871/1871 1872/1872 1869/1869
f 1871/1871 1873/1873 1874/1874 1872/1872
f 1873/1873 1875/1875 1876/1876 1874/1874
f 1877/1877 1878/1878 1879/1879 1880/1880
f 1878/1878 1881/1881 1882/1882 1879/1879
f 1881/1881 1883/1883 1884/1884 1882/1882
f 1883/1883 1885/1885 1886/1886 1884/1884
f 1885/1885 1887/1887 1888/1888 1886/1886
f 1887/1887 1889/1889 1890/1890 1888/1888
f 1889/1889 1891/1891 1892/1892 1890/1890
f 1891/1891 1893/1893 1894/1894 1892/1892
f 1865/1865 1867/1867 1870/1870 1866/1866
f 1895/1895 1896/1896 1897/1897 1898/1898
f 1896/1896 1899/1899 1900/1900 1897/1897
f 1899/1899 1901/1901 1902/1902 1900/1900
f 1901/1901 1903/1903 1904/1904 1902/1902
f 1905/1905 1906/1906 1907/1907 1908/1908
f 1906/1906 1909/1909 1910/1910 1907/1907
f 1909/1909 1911/1911 1912/1912 1910/1910
f 1911/1911 1913/1913 1914/1914 1912/1912
f 1913/1913 1915/1915 1916/1916 1914/1914
f 1915/1915 1917/1917 1918/1918 1916/1916
f 1917/1917 1919/1919 1920/1920 1918/1918
f 1921/1921 1922/1922 1923/1923 1924/1924
f 1922/1922 1925/1925 1926/1926 1923/1923
f 1925/1925 1927/1927 1928/1928 1926/1926
f 1927/1927 1929/1929 1930/1930 1928/1928
f 1929/1929 1931/1931 1932/1932 1930/1930
f 1933/1933 1934/1934 1935/1935 1936/1936
f 1934/1934 1937/1937 1938/1938 1935/1935
f 1937/1937 1939/1939 1940/1940 1938/1938
f 1939/1939 1941/1941 1942/1942 1940/1940
f 1941/1941 1943/1943 1944/1944 1942/1942
f 1943/1943 1945/1945 1946/1946 1944/1944
f 1945/1945 1947/1947 1948/1948 1946/1946
f 1949/1949 1950/1950 1951/1951 1952/1952
f 1950/1950 1953/1953 1954/1954 1951/1951
f 1953/1953 1955/1955 1956/1956 1954/1954
f 1955/1955 1957/1957 1958/1958 1956/1956
f 1959/1959 1960/1960 1961/1961 1962/1962
f 1960/1960 1963/1963 1964/1964 1961/1961
f 1963/1963 1965/1965 1966/1966 1964/1964
f 1965/1965 1967/1967 1968/1968 1966/1966
f 1969/1969 1970/1970 1971/1971 1972/1972
f 1970/1970 1973/1973 1974/1974 1971/1971
f 1973/1973 1975/1975 1976/1976 1974/1974
f 1975/1975 1977/1977 1978/1978 1976/1976
f 1979/1979 1980/1980 1981/1981 1982/1982
f 1980/1980 1983/1983 1984/1984 1981/1981
f 1983/1983 1985/1985 1986/1986 1984/1984
f 1985/1985 1987/1987 1988/1988 1986/1986
f 1989/1989 1990/1990 1991/1991 1992/1992
f 1990/1990 1993/1993 1994/1994 1991/1991
f 1993/1993 1995/1995 1996/1996 1994/1994
f 1995/1995 1997/1997 1998/1998 1996/1996
f 1999/1999 2000/2000 2001/2001 2002/2002
f 2000/2000 2003/2003 2004/2004 2001/2001
f 2003/2003 2005/2005 2006/2006 2004/2004
f 2005/2005 2007/2007 2008/2008 2006/2006
f 2009/2009 2010/2010 2011/2011 2012/2012
f 2010/2010 2013/2013 2014/2014 2011/2011
f 2013/2013 2015/2015 2016/2016 2014/2014
f 2015/2015 2017/2017 2018/2018 2016/2016
f 2017/2017 2019/2019 2020/2020 2018/2018
f 2021/2021 2022/2022 2023/2023 2024/2024
f 2022/2022 2025/2025 2026/2026 2023/2023
f 2025/2025 2027/2027 2028/2028 2026/2026
f 2027/2027 2029/2029 2030/2030 2028/2028
f 2031/2031 2032/2032 2033/2033 2034/2034
f 2032/2032 2035/2035 2036/2036 2033/2033
f 2035/2035 2037/2037 2038/2038 2036/2036
f 2037/2037 2039/2039 2040/2040 2038/2038
f 2039/2039 2041/2041 2042/2042 2040/2040
f 2041/2041 2043/2043 2044/2044 2042/2042
f 2043/2043 2045/2045 2046/2046 2044/2044
f 2047/2047 2048/2048 2049/2049 2050/2050
f 2048/2048 2051/2051 2052/2052 2049/2049
f 2051/2051 2053/2053 2054/2054 2052/2052
f 2053/2053 2055/2055 2056/2056 2054/2054
f 2055/2055 2057/2057 2058/2058 2056/2056
f 2057/2057 2059/2059 2060/2060 2058/2058
f 2059/2059 2061/2061 2062/2062 2060/2060
f 2061/2061 2063/2063 2064/2064 2062/2062
f 2065/2065 2066/2066 2067/2067 2068/2068
f 2066/2066 2069/2069 2070/2070 2067/2067
f 2069/2069 2071/2071 2072/2072 2070/2070
f 2071/2071 2073/2073 2074/2074 2072/2072
f 2073/2073 2075/2075 2076/2076 2074/2074
f 2075/2075 2077/2077 2078/2078 2076/2076
f 2077/2077 2079/2079 2080/2080 2078/2078
f 2079/2079 2081/2081 2082/2082 2080/2080
f 2081/2081 2083/2083 2084/2084 2082/2082
f 2083/2083 2085/2085 2086/2086 2084/2084
f 2087/2087 2088/2088 2089/2089 2090/2090
f 2088/2088 2091/2091 2092/2092 2089/2089
f 2091/2091 2093/2093 2094/2094 2092/2092
f 2093/2093 2095/2095 2096/2096 2094/2094
f 2095/2095 2097/2097 2098/2098 2096/2096
f 2097/2097 2099/2099 2100/2100 2098/2098
f 2099/2099 2101/2101 2102/2102 2100/2100
f 2101/2101 2103/2103 2104/2104 2102/2102
f 2103/2103 2105/2105 2106/2106 2104/2104
f 2105/2105 2107/2107 2108/2108 2106/2106
f 2107/2107 2109/2109 2110/2110 2108/2108
f 2111/2111 2112/2112 2113/2113 2114/2114
f 2112/2112 2115/2115 2116/2116 2113/2113
f 2115/2115 2117/2117 2118/2118 2116/2116
f 2117/2117 2119/2119 2120/2120 2118/2118
f 2119/2119 2121/2121 2122/2122 2120/2120
f 2121/2121 2123/2123 2124/2124 2122/2122
f 2123/2123 2125/2125 2126/2126 2124/2124
f 2125/2125 2127/2127 2128/2128 2126/2126
f 2127/2127 2129/2129 2130/2130 2128/2128
f 2129/2129 2131/2131 2132/2132 2130/2130
f 2131/2131 2133/2133 2134/2134 2132/2132
f 2135/2135 2136/2136 2137/2137 2138/2138
f 2136/2136 2139/2139 2140/2140 2137/2137
f 2139/2139 2141/2141 2142/2142 2140/2140
f 2141/2141 2143/2143 2144/2144 2142/2142
f 2143/2143 2145/2145 2146/2146 2144/2144
f 2145/2145 2147/2147 2148/2148 2146/2146
f 2147/2147 2149/2149 2150/2150 2148/2148
f 2151/2151 2152/2152 2153/2153 2154/2154
f 2152/2152 2155/2155 2156/2156 2153/2153
f 2155/2155 2157/2157 2158/2158 2156/2156
f 2157/2157 2159/2159 2160/2160 2158/2158
f 2159/2159 2161/2161 2162/2162 2160/2160
f 2161/2161 2163/2163 2164/2164 2162/2162
f 2163/2163 2165/2165 2166/2166 2164/2164
f 2165/2165 2167/2167 2168/2168 2166/2166
f 2169/2169 2170/2170 2171/2171 2172/2172
f 2170/2170 2173/2173 2174/2174 2171/2171
f 2173/2173 2175/2175 2176/2176 2174/2174
f 2175/2175 2177/2177 2178/2178 2176/2176
f 2177/2177 2179/2179 2180/2180 2178/2178
f 2179/2179 2181/2181 2182/2182 2180/2180
f 2181/2181 2183/2183 2184/2184 2182/2182
f 2185/2185 2186/2186 2187/2187 2188/2188
f 2186/2186 2189/2189 2190/2190 2187/2187
f 2189/2189 2191/2191 2192/2192 2190/2190
f 2191/2191 2193/2193 2194/2194 2192/2192
f 2193/2193 2195/2195 2196/2196 2194/2194
f 2195/2195 2197/2197 2198/2198 2196/2196
f 2197/2197 2199/2199 2200/2200 2198/2198
f 2201/2201 2202/2202 2203/2203 2204/2204
f 2202/2202 2205/2205 2206/2206 2203/2203
f 2205/2205 2207/2207 2208/2208 2206/2206
f 2207/2207 2209/2209 2210/2210 2208/2208
f 2209/2209 2211/2211 2212/2212 2210/2210
f 2211/2211 2213/2213 2214/2214 2212/2212
f 2213/2213 2215/2215 2216/2216 2214/2214
f 2217/2217 2218/2218 2219/2219 2220/2220
f 2218/2218 2221/2221 2222/2222 2219/2219
f 2221/2221 2223/2223 2224/2224 2222/2222
f 2223/2223 2225/2225 2226/2226 2224/2224
f 2225/2225 2227/2227 2228/2228 2226/2226
f 2227/2227 2229/2229 2230/2230 2228/2228
f 2231/2231 2232/2232 2233/2233 2234/2234
f 2232/2232 2235/2235 2236/2236 2233/2233
f 2235/2235 2237/2237 2238/2238 2236/2236
f 2237/2237 2239/2239 2240/2240 2238/2238
f 2239/2239 2241/2241 2242/2242 2240/2240
f 2241/2241 2243/2243 2244/2244 2242/2242
f 2245/2245 2246/2246 2247/2247 2248/2248
f 2246/2246 2249/2249 2250/2250 2247/2247
f 2249/2249 2251/2251 2252/2252 2250/2250
f 2253/2253 2254/2254 2255/2255 2256/2256
f 2254/2254 2257/2257 2258/2258 2255/2255
f 2257/2257 2259/2259 2260/2260 2258/2258
f 2261/2261 2262/2262 2263/2263 2264/2264
f 2262/2262 2265/2265 2266/2266 2263/2263
f 2265/2265 2267/2267 2268/2268 2266/2266
f 2267/2267 2269/2269 2270/2270 2268/2268
f 2269/2269 2271/2271 2272/2272 2270/2270
f 2271/2271 2273/2273 2274/2274 2272/2272
f 2275/2275 2276/2276 2277/2277 2278/2278
f 2276/2276 2279/2279 2280/2280 2277/2277
f 2279/2279 2281/2281 2282/2282 2280/2280
f 2281/2281 2283/2283 2284/2284 2282/2282
f 2283/2283 2285/2285 2286/2286 2284/2284
f 2285/2285 2287/2287 2288/2288 2286/2286
f 2251/2251 2253/2253 2256/2256 2252/2252
f 2289/2289 2290/2290 2291/2291 2292/2292
f 2290/2290 2293/2293 2294/2294 2291/2291
f 2293/2293 2295/2295 2296/2296 2294/2294
f 2295/2295 2297/2297 2298/2298 2296/2296
f 2297/2297 2299/2299 2300/2300 2298/2298
f 2299/2299 2301/2301 2302/2302 2300/2300
f 2303/2303 2304/2304 2305/2305 2306/2306
f 2304/2304 2307/2307 2308/2308 2305/2305
f 2307/2307 2309/2309 2310/2310 2308/2308
f 2309/2309 2311/2311 2312/2312 2310/2310
f 2311/2311 2313/2313 2314/2314 2312/2312
f 2313/2313 2315/2315 2316/2316 2314/2314
f 2317/2317 2318/2318 2319/2319 2320/2320
f 2318/2318 2321/2321 2322/2322 2319/2319
f 2321/2321 2323/2323 2324/2324 2322/2322
f 2323/2323 2325/2325 2326/2326 2324/2324
f 2325/2325 2327/2327 2328/2328 2326/2326
f 2327/2327 2329/2329 2330/2330 2328/2328
f 2329/2329 2331/2331 2332/2332 2330/2330
f 2333/2333 2334/2334 2335/2335 2336/2336
f 2334/2334 2337/2337 2338/2338 2335/2335
f 2337/2337 2339/2339 2340/2340 2338/2338
f 2339/2339 2341/2341 2342/2342 2340/2340
f 2341/2341 2343/2343 2344/2344 2342/2342
f 2343/2343 2345/2345 2346/2346 2344/2344
f 2345/2345 2347/2347 2348/2348 2346/2346
f 2349/2349 2350/2350 2351/2351 2352/2352
f 2350/2350 2353/2353 2354/2354 2351/2351
f 2353/2353 2355/2355 2356/2356 2354/2354
f 2355/2355 2357/2357 2358/2358 2356/2356
f 2357/2357 2359/2359 2360/2360 2358/2358
f 2359/2359 2361/2361 2362/2362 2360/2360
f 2363/2363 2364/2364 2365/2365 2366/2366
f 2364/2364 2367/2367 2368/2368 2365/2365
f 2367/2367 2369/2369 2370/2370 2368/2368
f 2369/2369 2371/2371 2372/2372 2370/2370
f 2371/2371 2373/2373 2374/2374 2372/2372
f 2373/2373 2375/2375 2376/2376 2374/2374
f 2377/2377 2378/2378 2379/2379 2380/2380
f 2378/2378 2381/2381 2382/2382 2379/2379
f 2381/2381 2383/2383 2384/2384 2382/2382
f 2383/2383 2385/2385 2386/2386 2384/2384
f 2385/2385 2387/2387 2388/2388 2386/2386
f 2389/2389 2377/2377 2380/2380 2390/2390
f 2391/2391 2392/2392 2393/2393 2394/2394
f 2392/2392 2395/2395 2396/2396 2393/2393
f 2395/2395 2397/2397 2398/2398 2396/2396
f 2397/2397 2399/2399 2400/2400 2398/2398
f 2399/2399 2401/2401 2402/2402 2400/2400
f 2401/2401 2403/2403 2404/2404 2402/2402
f 2405/2405 2406/2406 2407/2407 2408/2408
f 2406/2406 2409/2409 2410/2410 2407/2407
f 2409/2409 2411/2411 2412/2412 2410/2410
f 2411/2411 2413/2413 2414/2414 2412/2412
f 2413/2413 2415/2415 2416/2416 2414/2414
f 2415/2415 2417/2417 2418/2418 2416/2416
f 2419/2419 2420/2420 2421/2421 2422/2422
f 2420/2420 2423/2423 2424/2424 2421/2421
f 2423/2423 2425/2425 2426/2426 2424/2424
f 2425/2425 2427/2427 2428/2428 2426/2426
f 2427/2427 2429/2429 2430/2430 2428/2428
f 2429/2429 2431/2431 2432/2432 2430/2430
f 2433/2433 2434/2434 2435/2435 2436/2436
f 2434/2434 2437/2437 2438/2438 2435/2435
f 2437/2437 2439/2439 2440/2440 2438/2438
f 2439/2439 2441/2441 2442/2442 2440/2440
f 2441/2441 2443/2443 2444/2444 2442/2442
f 2443/2443 2445/2445 2446/2446 2444/2444
f 2447/2447 2448/2448 2449/2449 2450/2450
f 2448/2448 2451/2451 2452/2452 2449/2449
f 2451/2451 2453/2453 2454/2454 2452/2452
f 2453/2453 2455/2455 2456/2456 2454/2454
f 2455/2455 2457/2457 2458/2458 2456/2456
f 2459/2459 2460/2460 2461/2461 2462/2462
f 2460/2460 2463/2463 2464/2464 2461/2461
f 2463/2463 2465/2465 2466/2466 2464/2464
f 2465/2465 2467/2467 2468/2468 2466/2466
f 2469/2469 2470/2470 2471/2471 2472/2472
f 2470/2470 2473/2473 2474/2474 2471/2471
f 2473/2473 2475/2475 2476/2476 2474/2474
f 2475/2475 2477/2477 2478/2478 2476/2476
f 2477/2477 2479/2479 2480/2480 2478/2478
f 2479/2479 2481/2481 2482/2482 2480/2480
f 2483/2483 2484/2484 2485/2485 2486/2486
f 2484/2484 2487/2487 2488/2488 2485/2485
f 2487/2487 2489/2489 2490/2490 2488/2488
f 2489/2489 2491/2491 2492/2492 2490/2490
f 2493/2493 2494/2494 2495/2495 2496/2496
f 2494/2494 2497/2497 2498/2498 2495/2495
f 2497/2497 2499/2499 2500/2500 2498/2498
f 2501/2501 2502/2502 2503/2503 2504/2504
f 2502/2502 2505/2505 2506/2506 2503/2503
f 2505/2505 2507/2507 2508/2508 2506/2506
f 2509/2509 2510/2510 2511/2511 2512/2512
f 2510/2510 2513/2513 2514/2514 2511/2511
f 2513/2513 2515/2515 2516/2516 2514/2514
f 2515/2515 2517/2517 2518/2518 2516/2516
f 2517/2517 2519/2519 2520/2520 2518/2518
f 2521/2521 2522/2522 2523/2523 2524/2524
f 2522/2522 2525/2525 2526/2526 2523/2523
f 2525/2525 2527/2527 2528/2528 2526/2526
f 2527/2527 2529/2529 2530/2530 2528/2528
f 2529/2529 2531/2531 2532/2532 2530/2530
f 2533/2533 2534/2534 2535/2535 2536/2536
f 2534/2534 2537/2537 2538/2538 2535/2535
f 2537/2537 2539/2539 2540/2540 2538/2538
f 2539/2539 2541/2541 2542/2542 2540/2540
f 2541/2541 2543/2543 2544/2544 2542/2542
f 2543/2543 2545/2545 2546/2546 2544/2544
f 2547/2547 2548/2548 2549/2549 2550/2550
f 2548/2548 2551/2551 2552/2552 2549/2549
f 2551/2551 2553/2553 2554/2554 2552/2552
f 2553/2553 2555/2555 2556/2556 2554/2554
f 2555/2555 2557/2557 2558/2558 2556/2556
f 2559/2559 2560/2560 2561/2561 2562/2562
f 2560/2560 2563/2563 2564/2564 2561/2561
f 2563/2563 2565/2565 2566/2566 2564/2564
f 2565/2565 2567/2567 2568/2568 2566/2566
f 2569/2569 2570/2570 2571/2571 2572/2572
f 2570/2570 2573/2573 2574/2574 2571/2571
f 2573/2573 2575/2575 2576/2576 2574/2574
f 2575/2575 2577/2577 2578/2578 2576/2576
f 2579/2579 2580/2580 2581/2581 2582/2582
f 2580/2580 2583/2583 2584/2584 2581/2581
f 2583/2583 2585/2585 2586/2586 2584/2584
f 2585/2585 2587/2587 2588/2588 2586/2586
f 2589/2589 2590/2590 2591/2591 2592/2592
f 2590/2590 2593/2593 2594/2594 2591/2591
f 2593/2593 2595/2595 2596/2596 2594/2594
f 2597/2597 2598/2598 2599/2599 2600/2600
f 2598/2598 2601/2601 2602/2602 2599/2599
f 2601/2601 2603/2603 2604/2604 2602/2602
f 2603/2603 2605/2605 2606/2606 2604/2604
f 2605/2605 2607/2607 2608/2608 2606/2606
f 2607/2607 2609/2609 2610/2610 2608/2608
f 2609/2609 2611/2611 2612/2612 2610/2610
f 2613/2613 2614/2614 2615/2615 2616/2616
f 2614/2614 2617/2617 2618/2618 2615/2615
f 2617/2617 2619/2619 2620/2620 2618/2618
f 2621/2621 2622/2622 2623/2623 2624/2624
f 2622/2622 2625/2625 2626/2626 2623/2623
f 2625/2625 2627/2627 2628/2628 2626/2626
f 2629/2629 2630/2630 2631/2631 2632/2632
f 2630/2630 2633/2633 2634/2634 2631/2631
f 2633/2633 2635/2635 2636/2636 2634/2634
f 2635/2635 2637/2637 2638/2638 2636/2636
f 2639/2639 2640/2640 2641/2641 2642/2642
f 2640/2640 2643/2643 2644/2644 2641/2641
f 2643/2643 2645/2645 2646/2646 2644/2644
f 2645/2645 2647/2647 2648/2648 2646/2646
f 2649/2649 2650/2650 2651/2651 2652/2652
f 2650/2650 2653/2653 2654/2654 2651/2651
f 2653/2653 2655/2655 2656/2656 2654/2654
f 2655/2655 2657/2657 2658/2658 2656/2656
f 2659/2659 2660/2660 2661/2661 2662/2662
f 2660/2660 2663/2663 2664/2664 2661/2661
f 2663/2663 2665/2665 2666/2666 2664/2664
f 2665/2665 2667/2667 2668/2668 2666/2666
f 2669/2669 2670/2670 2671/2671 2672/2672
f 2670/2670 2673/2673 2674/2674 2671/2671
f 2673/2673 2675/2675 2676/2676 2674/2674
f 2675/2675 2677/2677 2678/2678 2676/2676
f 2679/2679 2680/2680 2681/2681 2682/2682
f 2680/2680 2683/2683 2684/2684 2681/2681
f 2683/2683 2685/2685 2686/2686 2684/2684
f 2685/2685 2687/2687 2688/2688 2686/2686
f 2689/2689 2690/2690 2691/2691 2692/2692
f 2690/2690 2693/2693 2694/2694 2691/2691
f 2693/2693 2695/2695 2696/2696 2694/2694
f 2695/2695 2697/2697 2698/2698 2696/2696
f 2699/2699 2700/2700 2701/2701 2702/2702
f 2700/2700 2703/2703 2704/2704 2701/2701
f 2703/2703 2705/2705 2706/2706 2704/2704
f 2705/2705 2707/2707 2708/2708 2706/2706
f 2709/2709 2710/2710 2711/2711 2712/2712
f 2710/2710 2713/2713 2714/2714 2711/2711
f 2713/2713 2715/2715 2716/2716 2714/2714
f 2715/2715 2717/2717 2718/2718 2716/2716
f 2719/2719 2720/2720 2721/2721 2722/2722
f 2720/2720 2723/2723 2724/2724 2721/2721
f 2723/2723 2725/2725 2726/2726 2724/2724
f 2725/2725 2727/2727 2728/2728 2726/2726
f 2727/2727 2729/2729 2730/2730 2728/2728
f 2731/2731 2732/2732 2733/2733 2734/2734
f 2732/2732 2735/2735 2736/2736 2733/2733
f 2735/2735 2737/2737 2738/2738 2736/2736
f 2737/2737 2739/2739 2740/2740 2738/2738
f 2739/2739 2741/2741 2742/2742 2740/2740
f 2743/2743 2744/2744 2745/2745 2746/2746
f 2744/2744 2747/2747 2748/2748 2745/2745
f 2747/2747 2749/2749 2750/2750 2748/2748
f 2749/2749 2751/2751 2752/2752 2750/2750
f 2751/2751 2753/2753 2754/2754 2752/2752
f 2755/2755 2756/2756 2757/2757 2758/2758
f 2756/2756 2759/2759 2760/2760 2757/2757
f 2759/2759 2761/2761 2762/2762 2760/2760
f 2761/2761 2763/2763 2764/2764 2762/2762
f 2765/2765 2766/2766 2767/2767 2768/2768
f 2766/2766 2769/2769 2770/2770 2767/2767
f 2769/2769 2771/2771 2772/2772 2770/2770
f 2771/2771 2773/2773 2774/2774 2772/2772
f 2773/2773 2775/2775 2776/2776 2774/2774
f 2777/2777 2778/2778 2779/2779 2780/2780
f 2778/2778 2781/2781 2782/2782 2779/2779
f 2781/2781 2783/2783 2784/2784 2782/2782
f 2783/2783 2785/2785 2786/2786 2784/2784
f 2785/2785 2787/2787 2788/2788 2786/2786
f 2789/2789 2790/2790 2791/2791 2792/2792
f 2790/2790 2793/2793 2794/2794 2791/2791
f 2793/2793 2795/2795 2796/2796 2794/2794
f 2795/2795 2797/2797 2798/2798 2796/2796
f 2799/2799 2800/2800 2801/2801 2802/2802
f 2800/2800 2803/2803 2804/2804 2801/2801
f 2803/2803 2805/2805 2806/2806 2804/2804
f 2805/2805 2807/2807 2808/2808 2806/2806
f 2807/2807 2809/2809 2810/2810 2808/2808
f 2811/2811 2812/2812 2813/2813 2814/2814
f 2812/2812 2815/2815 2816/2816 2813/2813
f 2815/2815 2817/2817 2818/2818 2816/2816
f 2817/2817 2819/2819 2820/2820 2818/2818
f 2821/2821 2822/2822 2823/2823 2824/2824
f 2822/2822 2825/2825 2826/2826 2823/2823
f 2825/2825 2827/2827 2828/2828 2826/2826
f 2809/2809 2829/2829 2830/2830 2810/2810
f 2831/2831 2832/2832 2833/2833 2834/2834
f 2832/2832 2835/2835 2836/2836 2833/2833
f 2835/2835 2837/2837 2838/2838 2836/2836
f 2837/2837 2839/2839 2840/2840 2838/2838
f 2839/2839 2841/2841 2842/2842 2840/2840
f 2843/2843 2844/2844 2845/2845 2846/2846
f 2844/2844 2847/2847 2848/2848 2845/2845
f 2847/2847 2849/2849 2850/2850 2848/2848
f 2849/2849 2851/2851 2852/2852 2850/2850
f 2853/2853 2854/2854 2855/2855 2856/2856
f 2854/2854 2857/2857 2858/2858 2855/2855
f 2857/2857 2859/2859 2860/2860 2858/2858
f 2859/2859 2861/2861 2862/2862 2860/2860
f 2861/2861 2863/2863 2864/2864 2862/2862
f 2863/2863 2865/2865 2866/2866 2864/2864
f 2867/2867 2868/2868 2869/2869 2870/2870
f 2868/2868 2871/2871 2872/2872 2869/2869
f 2871/2871 2873/2873 2874/2874 2872/2872
f 2873/2873 2875/2875 2876/2876 2874/2874
f 2875/2875 2877/2877 2878/2878 2876/2876
f 2877/2877 2879/2879 2880/2880 2878/2878
f 2881/2881 2882/2882 2883/2883 2884/2884
f 2882/2882 2885/2885 2886/2886 2883/2883
f 2885/2885 2887/2887 2888/2888 2886/2886
f 2887/2887 2889/2889 2890/2890 2888/2888
f 2889/2889 2891/2891 2892/2892 2890/2890
f 2891/2891 2893/2893 2894/2894 2892/2892
f 2895/2895 2896/2896 2897/2897 2898/2898
f 2896/2896 2899/2899 2900/2900 2897/2897
f 2899/2899 2901/2901 2902/2902 2900/2900
f 2901/2901 2903/2903 2904/2904 2902/2902
f 2905/2905 2906/2906 2907/2907 2908/2908
f 2906/2906 2909/2909 2910/2910 2907/2907
f 2909/2909 2911/2911 2912/2912 2910/2910
f 2911/2911 2913/2913 2914/2914 2912/2912
f 2913/2913 2915/2915 2916/2916 2914/2914
f 2915/2915 2917/2917 2918/2918 2916/2916
f 2917/2917 2919/2919 2920/2920 2918/2918
f 2921/2921 2922/2922 2923/2923 2924/2924
f 2922/2922 2925/2925 2926/2926 2923/2923
f 2925/2925 2927/2927 2928/2928 2926/2926
f 2927/2927 2929/2929 2930/2930 2928/2928
f 2929/2929 2931/2931 2932/2932 2930/2930
f 2931/2931 2933/2933 2934/2934 2932/2932
f 2933/2933 2935/2935 2936/2936 2934/2934
f 2937/2937 2938/2938 2939/2939 2940/2940
f 2938/2938 2941/2941 2942/2942 2939/2939
f 2941/2941 2943/2943 2944/2944 2942/2942
f 2943/2943 2945/2945 2946/2946 2944/2944
f 2945/2945 2947/2947 2948/2948 2946/2946
f 2947/2947 2949/2949 2950/2950 2948/2948
f 2951/2951 2952/2952 2953/2953 2954/2954
f 2952/2952 2955/2955 2956/2956 2953/2953
f 2955/2955 2957/2957 2958/2958 2956/2956
f 2957/2957 2959/2959 2960/2960 2958/2958
f 2959/2959 2961/2961 2962/2962 2960/2960
f 2961/2961 2963/2963 2964/2964 2962/2962
f 2965/2965 2966/2966 2967/2967 2968/2968
f 2966/2966 2969/2969 2970/2970 2967/2967
f 2969/2969 2971/2971 2972/2972 2970/2970
f 2971/2971 2973/2973 2974/2974 2972/2972
f 2973/2973 2975/2975 2976/2976 2974/2974
f 2975/2975 2977/2977 2978/2978 2976/2976
f 2979/2979 2980/2980 2981/2981 2982/2982
f 2980/2980 2983/2983 2984/2984 2981/2981
f 2983/2983 2985/2985 2986/2986 2984/2984
f 2985/2985 2987/2987 2988/2988 2986/2986
f 2987/2987 2989/2989 2990/2990 2988/2988
f 2989/2989 2991/2991 2992/2992 2990/2990
f 2991/2991 2993/2993 2994/2994 2992/2992
f 2995/2995 2996/2996 2997/2997 2998/2998
f 2996/2996 2999/2999 3000/3000 2997/2997
f 2999/2999 3001/3001 3002/3002 3000/3000
f 3001/3001 3003/3003 3004/3004 3002/3002
f 3003/3003 3005/3005 3006/3006 3004/3004
f 3007/3007 3008/3008 3009/3009 3010/3010
f 3008/3008 3011/3011 3012/3012 3009/3009
f 3011/3011 3013/3013 3014/3014 3012/3012
f 3013/3013 3015/3015 3016/3016 3014/3014
f 3015/3015 3017/3017 3018/3018 3016/3016
f 3017/3017 3019/3019 3020/3020 3018/3018
f 3019/3019 3021/3021 3022/3022 3020/3020
f 3021/3021 3023/3023 3024/3024 3022/3022
f 3023/3023 3025/3025 3026/3026 3024/3024
f 3025/3025 3027/3027 3028/3028 3026/3026
f 3029/3029 3030/3030 3031/3031 3032/3032
f 3030/3030 3033/3033 3034/3034 3031/3031
f 3033/3033 3035/3035 3036/3036 3034/3034
f 3035/3035 3037/3037 3038/3038 3036/3036
f 3037/3037 3039/3039 3040/3040 3038/3038
f 3039/3039 3041/3041 3042/3042 3040/3040
f 3043/3043 3044/3044 3045/3045 3046/3046
f 3044/3044 3047/3047 3048/3048 3045/3045
f 3047/3047 3049/3049 3050/3050 3048/3048
f 3049/3049 3051/3051 3052/3052 3050/3050
f 3051/3051 3053/3053 3054/3054 3052/3052
f 3055/3055 3056/3056 3057/3057 3058/3058
f 3056/3056 3059/3059 3060/3060 3057/3057
f 3059/3059 3061/3061 3062/3062 3060/3060
f 3061/3061 3063/3063 3064/3064 3062/3062
f 3063/3063 3065/3065 3066/3066 3064/3064
f 3067/3067 3068/3068 3069/3069 3070/3070
f 3068/3068 3071/3071 3072/3072 3069/3069
f 3071/3071 3073/3073 3074/3074 3072/3072
f 3073/3073 3075/3075 3076/3076 3074/3074
f 3075/3075 3077/3077 3078/3078 3076/3076
f 3079/3079 3080/3080 3081/3081 3082/3082
f 3083/3083 3084/3084 3085/3085 3086/3086
f 3084/3084 3087/3087 3088/3088 3085/3085
f 3080/3080 3083/3083 3086/3086 3081/3081
f 3089/3089 3090/3090 3091/3091 3092/3092
f 3090/3090 3093/3093 3094/3094 3091/3091
f 3093/3093 3095/3095 3096/3096 3094/3094
f 3095/3095 3097/3097 3098/3098 3096/3096
f 3097/3097 3099/3099 3100/3100 3098/3098
f 3101/3101 3102/3102 3103/3103 3104/3104
f 3102/3102 3105/3105 3106/3106 3103/3103
f 3105/3105 3107/3107 3108/3108 3106/3106
f 3107/3107 3109/3109 3110/3110 3108/3108
f 3109/3109 3111/3111 3112/3112 3110/3110
f 3113/3113 3114/3114 3115/3115 3116/3116
f 3114/3114 3117/3117 3118/3118 3115/3115
f 3117/3117 3119/3119 3120/3120 3118/3118
f 3119/3119 3121/3121 3122/3122 3120/3120
f 3121/3121 3123/3123 3124/3124 3122/3122
f 3123/3123 3125/3125 3126/3126 3124/3124
f 3127/3127 3128/3128 3129/3129 3130/3130
f 3128/3128 3131/3131 3132/3132 3129/3129
f 3131/3131 3133/3133 3134/3134 3132/3132
f 3135/3135 3136/3136 3137/3137 3138/3138
f 3136/3136 3139/3139 3140/3140 3137/3137
f 3139/3139 3141/3141 3142/3142 3140/3140
f 3141/3141 3143/3143 3144/3144 3142/3142
f 3143/3143 3145/3145 3146/3146 3144/3144
f 3147/3147 3148/3148 3149/3149 3150/3150
f 3148/3148 3151/3151 3152/3152 3149/3149
f 3151/3151 3153/3153 3154/3154 3152/3152
f 3155/3155 3156/3156 3157/3157 3158/3158
f 3156/3156 3159/3159 3160/3160 3157/3157
f 3159/3159 3161/3161 3162/3162 3160/3160
f 3161/3161 3163/3163 3164/3164 3162/3162
f 3163/3163 3165/3165 3166/3166 3164/3164
f 3167/3167 3168/3168 3169/3169 3170/3170
f 3168/3168 3171/3171 3172/3172 3169/3169
f 3171/3171 3173/3173 3174/3174 3172/3172
f 3173/3173 3175/3175 3176/3176 3174/3174
f 3175/3175 3177/3177 3178/3178 3176/3176
f 3179/3179 3180/3180 3181/3181 3182/3182
f 3180/3180 3183/3183 3184/3184 3181/3181
f 3183/3183 3185/3185 3186/3186 3184/3184
f 3185/3185 3187/3187 3188/3188 3186/3186
f 3187/3187 3189/3189 3190/3190 3188/3188
f 3191/3191 3192/3192 3193/3193 3194/3194
f 3192/3192 3195/3195 3196/3196 3193/3193
f 3195/3195 3197/3197 3198/3198 3196/3196
f 3197/3197 3199/3199 3200/3200 3198/3198
f 3199/3199 3201/3201 3202/3202 3200/3200
f 3203/3203 3204/3204 3205/3205 3206/3206
f 3204/3204 3207/3207 3208/3208 3205/3205
f 3207/3207 3209/3209 3210/3210 3208/3208
f 3209/3209 3211/3211 3212/3212 3210/3210
f 3211/3211 3213/3213 3214/3214 3212/3212
f 3215/3215 3216/3216 3217/3217 3218/3218
f 3216/3216 3219/3219 3220/3220 3217/3217
f 3219/3219 3221/3221 3222/3222 3220/3220
f 3223/3223 3224/3224 3225/3225 3226/3226
f 3224/3224 3227/3227 3228/3228 3225/3225
f 3227/3227 3229/3229 3230/3230 3228/3228
f 3231/3231 3232/3232 3233/3233 3234/3234
f 3232/3232 3235/3235 3236/3236 3233/3233
f 3235/3235 3237/3237 3238/3238 3236/3236
f 3239/3239 3240/3240 3241/3241 3242/3242
f 3240/3240 3243/3243 3244/3244 3241/3241
f 3243/3243 3245/3245 3246/3246 3244/3244
f 3245/3245 3247/3247 3248/3248 3246/3246
f 3249/3249 3250/3250 3251/3251 3252/3252
f 3250/3250 3253/3253 3254/3254 3251/3251
f 3255/3255 3256/3256 3257/3257 3258/3258
f 3256/3256 3259/3259 3260/3260 3257/3257
f 3259/3259 3261/3261 3262/3262 3260/3260
f 3263/3263 3264/3264 3265/3265 3266/3266
f 3264/3264 3267/3267 3268/3268 3265/3265
f 3267/3267 3269/3269 3270/3270 3268/3268
f 3271/3271 3272/3272 3273/3273 3274/3274
f 3272/3272 3275/3275 3276/3276 3273/3273
f 3275/3275 3277/3277 3278/3278 3276/3276
f 3277/3277 3279/3279 3280/3280 3278/3278
f 3279/3279 3281/3281 3282/3282 3280/3280
f 3281/3281 3283/3283 3284/3284 3282/3282
f 3283/3283 3285/3285 3286/3286 3284/3284
f 3285/3285 3287/3287 3288/3288 3286/3286
f 3287/3287 3289/3289 3290/3290 3288/3288
f 3291/3291 3292/3292 3293/3293 3294/3294
f 3292/3292 3295/3295 3296/3296 3293/3293
f 3295/3295 3297/3297 3298/3298 3296/3296
f 3297/3297 3299/3299 3300/3300 3298/3298
f 3299/3299 3301/3301 3302/3302 3300/3300
f 3301/3301 3303/3303 3304/3304 3302/3302
f 3303/3303 3305/3305 3306/3306 3304/3304
f 3305/3305 3307/3307 3308/3308 3306/3306
f 3307/3307 3309/3309 3310/3310 3308/3308
f 3309/3309 3311/3311 3312/3312 3310/3310
f 3311/3311 3313/3313 3314/3314 3312/3312
f 3315/3315 3316/3316 3317/3317 3318/3318
f 3316/3316 3319/3319 3320/3320 3317/3317
f 3319/3319 3321/3321 3322/3322 3320/3320
f 3321/3321 3323/3323 3324/3324 3322/3322
f 3323/3323 3325/3325 3326/3326 3324/3324
f 3325/3325 3327/3327 3328/3328 3326/3326
f 3327/3327 3329/3329 3330/3330 3328/3328
f 3329/3329 3331/3331 3332/3332 3330/3330
f 3331/3331 3333/3333 3334/3334 3332/3332
f 3335/3335 3336/3336 3337/3337 3338/3338
f 3336/3336 3339/3339 3340/3340 3337/3337
f 3339/3339 3341/3341 3342/3342 3340/3340
f 3341/3341 3343/3343 3344/3344 3342/3342
f 3343/3343 3345/3345 3346/3346 3344/3344
f 3345/3345 3347/3347 3348/3348 3346/3346
f 3347/3347 3349/3349 3350/3350 3348/3348
f 3349/3349 3351/3351 3352/3352 3350/3350
f 3351/3351 3353/3353 3354/3354 3352/3352
f 3355/3355 3356/3356 3357/3357 3358/3358
f 3356/3356 3359/3359 3360/3360 3357/3357
f 3359/3359 3361/3361 3362/3362 3360/3360
f 3361/3361 3363/3363 3364/3364 3362/3362
f 3363/3363 3365/3365 3366/3366 3364/3364
f 3365/3365 3367/3367 3368/3368 3366/3366
f 3367/3367 3369/3369 3370/3370 3368/3368
f 3369/3369 3371/3371 3372/3372 3370/3370
f 3371/3371 3373/3373 3374/3374 3372/3372
f 3375/3375 3376/3376 3377/3377 3378/3378
f 3376/3376 3379/3379 3380/3380 3377/3377
f 3379/3379 3381/3381 3382/3382 3380/3380
f 3381/3381 3383/3383 3384/3384 3382/3382
f 3383/3383 3385/3385 3386/3386 3384/3384
f 3385/3385 3387/3387 3388/3388 3386/3386
f 3389/3389 3390/3390 3391/3391 3392/3392
f 3390/3390 3393/3393 3394/3394 3391/3391
f 3393/3393 3395/3395 3396/3396 3394/3394
f 3395/3395 3397/3397 3398/3398 3396/3396
f 3397/3397 3399/3399 3400/3400 3398/3398
f 3399/3399 3401/3401 3402/3402 3400/3400
f 3401/3401 3403/3403 3404/3404 3402/3402
f 3405/3405 3406/3406 3407/3407 3408/3408
f 3406/3406 3409/3409 3410/3410 3407/3407
f 3409/3409 3411/3411 3412/3412 3410/3410
f 3411/3411 3413/3413 3414/3414 3412/3412
f 3413/3413 3415/3415 3416/3416 3414/3414
f 3415/3415 3417/3417 3418/3418 3416/3416
f 3419/3419 3420/3420 3421/3421 3422/3422
f 3420/3420 3423/3423 3424/3424 3421/3421
f 3423/3423 3425/3425 3426/3426 3424/3424
f 3425/3425 3427/3427 3428/3428 3426/3426
f 3429/3429 3430/3430 3431/3431 3432/3432
f 3430/3430 3433/3433 3434/3434 3431/3431
f 3433/3433 3435/3435 3436/3436 3434/3434
f 3437/3437 3438/3438 3439/3439 3440/3440
f 3438/3438 3441/3441 3442/3442 3439/3439
f 3441/3441 3443/3443 3444/3444 3442/3442
f 3443/3443 3445/3445 3446/3446 3444/3444
f 3445/3445 3447/3447 3448/3448 3446/3446
f 3447/3447 3449/3449 3450/3450 3448/3448
f 3449/3449 3451/3451 3452/3452 3450/3450
f 3451/3451 3453/3453 3454/3454 3452/3452
f 3453/3453 3455/3455 3456/3456 3454/3454
f 3455/3455 3457/3457 3458/3458 3456/3456
f 3457/3457 3459/3459 3460/3460 3458/3458
f 3459/3459 3461/3461 3462/3462 3460/3460
f 3463/3463 3464/3464 3465/3465 3466/3466
f 3464/3464 3467/3467 3468/3468 3465/3465
f 3467/3467 3469/3469 3470/3470 3468/3468
f 3469/3469 3471/3471 3472/3472 3470/3470
f 3471/3471 3473/3473 3474/3474 3472/3472
f 3473/3473 3475/3475 3476/3476 3474/3474
f 3475/3475 3477/3477 3478/3478 3476/3476
f 3477/3477 3479/3479 3480/3480 3478/3478
f 3479/3479 3481/3481 3482/3482 3480/3480
f 3481/3481 3483/3483 3484/3484 3482/3482
f 3483/3483 3485/3485 3486/3486 3484/3484
f 3485/3485 3487/3487 3488/3488 3486/3486
f 3489/3489 3490/3490 3491/3491 3492/3492
f 3490/3490 3493/3493 3494/3494 3491/3491
f 3493/3493 3495/3495 3496/3496 3494/3494
f 3495/3495 3497/3497 3498/3498 3496/3496
f 3497/3497 3499/3499 3500/3500 3498/3498
f 3499/3499 3501/3501 3502/3502 3500/3500
f 3503/3503 3504/3504 3505/3505 3506/3506
f 3504/3504 3507/3507 3508/3508 3505/3505
f 3507/3507 3509/3509 3510/3510 3508/3508
f 3509/3509 3511/3511 3512/3512 3510/3510
f 3511/3511 3513/3513 3514/3514 3512/3512
f 3513/3513 3515/3515 3516/3516 3514/3514
f 3515/3515 3517/3517 3518/3518 3516/3516
f 3519/3519 3520/3520 3521/3521 3522/3522
f 3520/3520 3523/3523 3524/3524 3521/3521
f 3523/3523 3525/3525 3526/3526 3524/3524
f 3525/3525 3527/3527 3528/3528 3526/3526
f 3527/3527 3529/3529 3530/3530 3528/3528
f 3531/3531 3532/3532 3533/3533 3534/3534
f 3532/3532 3535/3535 3536/3536 3533/3533
f 3535/3535 3537/3537 3538/3538 3536/3536
f 3537/3537 3539/3539 3540/3540 3538/3538
f 3539/3539 3541/3541 3542/3542 3540/3540
f 3541/3541 3543/3543 3544/3544 3542/3542
f 3543/3543 3545/3545 3546/3546 3544/3544
f 3545/3545 3547/3547 3548/3548 3546/3546
f 3547/3547 3549/3549 3550/3550 3548/3548
f 3549/3549 3551/3551 3552/3552 3550/3550
f 3553/3553 3554/3554 3555/3555 3556/3556
f 3554/3554 3557/3557 3558/3558 3555/3555
f 3557/3557 3559/3559 3560/3560 3558/3558
f 3559/3559 3561/3561 3562/3562 3560/3560
f 3561/3561 3563/3563 3564/3564 3562/3562
f 3563/3563 3565/3565 3566/3566 3564/3564
f 3565/3565 3567/3567 3568/3568 3566/3566
f 3567/3567 3569/3569 3570/3570 3568/3568
f 3569/3569 3571/3571 3572/3572 3570/3570
f 3573/3573 3574/3574 3575/3575 3576/3576
f 3574/3574 3577/3577 3578/3578 3575/3575
f 3577/3577 3579/3579 3580/3580 3578/3578
f 3579/3579 3581/3581 3582/3582 3580/3580
f 3581/3581 3583/3583 3584/3584 3582/3582
f 3583/3583 3585/3585 3586/3586 3584/3584
f 3585/3585 3587/3587 3588/3588 3586/3586
f 3587/3587 3589/3589 3590/3590 3588/3588
f 3589/3589 3591/3591 3592/3592 3590/3590
f 3591/3591 3593/3593 3594/3594 3592/3592
f 3593/3593 3595/3595 3596/3596 3594/3594
f 3597/3597 3598/3598 3599/3599 3600/3600
f 3598/3598 3601/3601 3602/3602 3599/3599
f 3601/3601 3603/3603 3604/3604 3602/3602
f 3603/3603 3605/3605 3606/3606 3604/3604
f 3605/3605 3607/3607 3608/3608 3606/3606
f 3607/3607 3609/3609 3610/3610 3608/3608
f 3609/3609 3611/3611 3612/3612 3610/3610
f 3611/3611 3613/3613 3614/3614 3612/3612
f 3613/3613 3615/3615 3616/3616 3614/3614
f 3617/3617 3618/3618 3619/3619 3620/3620
f 3618/3618 3621/3621 3622/3622 3619/3619
f 3621/3621 3623/3623 3624/3624 3622/3622
f 3623/3623 3625/3625 3626/3626 3624/3624
f 3625/3625 3627/3627 3628/3628 3626/3626
f 3627/3627 3629/3629 3630/3630 3628/3628
f 3629/3629 3631/3631 3632/3632 3630/3630
f 3633/3633 3634/3634 3635/3635 3636/3636
f 3634/3634 3637/3637 3638/3638 3635/3635
f 3637/3637 3639/3639 3640/3640 3638/3638
f 3639/3639 3641/3641 3642/3642 3640/3640
f 3641/3641 3643/3643 3644/3644 3642/3642
f 3643/3643 3645/3645 3646/3646 3644/3644
f 3645/3645 3647/3647 3648/3648 3646/3646
f 3649/3649 3650/3650 3651/3651 3652/3652
f 3650/3650 3653/3653 3654/3654 3651/3651
f 3653/3653 3655/3655 3656/3656 3654/3654
f 3655/3655 3657/3657 3658/3658 3656/3656
f 3657/3657 3659/3659 3660/3660 3658/3658
f 3661/3661 3662/3662 3663/3663 3664/3664
f 3662/3662 3665/3665 3666/3666 3663/3663
f 3665/3665 3667/3667 3668/3668 3666/3666
f 3667/3667 3669/3669 3670/3670 3668/3668
f 3669/3669 3671/3671 3672/3672 3670/3670
f 3671/3671 3673/3673 3674/3674 3672/3672
f 3675/3675 3676/3676 3677/3677 3678/3678
f 3676/3676 3679/3679 3680/3680 3677/3677
f 3679/3679 3681/3681 3682/3682 3680/3680
f 3681/3681 3683/3683 3684/3684 3682/3682
f 3683/3683 3685/3685 3686/3686 3684/3684
f 3687/3687 3688/3688 3689/3689 3690/3690
f 3688/3688 3691/3691 3692/3692 3689/3689
f 3691/3691 3693/3693 3694/3694 3692/3692
f 3695/3695 3696/3696 3697/3697 3698/3698
f 3696/3696 3699/3699 3700/3700 3697/3697
f 3699/3699 3701/3701 3702/3702 3700/3700
f 3701/3701 3703/3703 3704/3704 3702/3702
f 3703/3703 3705/3705 3706/3706 3704/3704
f 3705/3705 3707/3707 3708/3708 3706/3706
f 3707/3707 3709/3709 3710/3710 3708/3708
f 3711/3711 3712/3712 3713/3713 3714/3714
f 3712/3712 3715/3715 3716/3716 3713/3713
f 3715/3715 3717/3717 3718/3718 3716/3716
f 3719/3719 3720/3720 3721/3721 3722/3722
f 3720/3720 3723/3723 3724/3724 3721/3721
f 3723/3723 3725/3725 3726/3726 3724/3724
f 3725/3725 3727/3727 3728/3728 3726/3726
f 3729/3729 3730/3730 3731/3731 3732/3732
f 3730/3730 3733/3733 3734/3734 3731/3731
f 3733/3733 3735/3735 3736/3736 3734/3734
f 3737/3737 3738/3738 3739/3739 3740/3740
f 3738/3738 3741/3741 3742/3742 3739/3739
f 3741/3741 3743/3743 3744/3744 3742/3742
f 3743/3743 3745/3745 3746/3746 3744/3744
f 3747/3747 3748/3748 3749/3749 3750/3750
f 3748/3748 3751/3751 3752/3752 3749/3749
f 3751/3751 3753/3753 3754/3754 3752/3752
f 3753/3753 3755/3755 3756/3756 3754/3754
f 3757/3757 3758/3758 3759/3759 3760/3760
f 3758/3758 3761/3761 3762/3762 3759/3759
f 3761/3761 3763/3763 3764/3764 3762/3762
f 3765/3765 3766/3766 3767/3767 3768/3768
f 3769/3769 3770/3770 3771/3771 3772/3772
f 3770/3770 3773/3773 3774/3774 3771/3771
f 3773/3773 3775/3775 3776/3776 3774/3774
f 3775/3775 3777/3777 3778/3778 3776/3776
f 3777/3777 3779/3779 3780/3780 3778/3778
f 3779/3779 3781/3781 3782/3782 3780/3780
f 3781/3781 3783/3783 3784/3784 3782/3782
f 3785/3785 3786/3786 3787/3787 3788/3788
f 3786/3786 3789/3789 3790/3790 3787/3787
f 3789/3789 3791/3791 3792/3792 3790/3790
f 3791/3791 3793/3793 3794/3794 3792/3792
f 3793/3793 3795/3795 3796/3796 3794/3794
f 3795/3795 3797/3797 3798/3798 3796/3796
f 3797/3797 3799/3799 3800/3800 3798/3798
f 3801/3801 3802/3802 3803/3803 3804/3804
f 3802/3802 3805/3805 3806/3806 3803/3803
f 3805/3805 3807/3807 3808/3808 3806/3806
f 3807/3807 3809/3809 3810/3810 3808/3808
f 3809/3809 3811/3811 3812/3812 3810/3810
f 3811/3811 3813/3813 3814/3814 3812/3812
f 3813/3813 3815/3815 3816/3816 3814/3814
f 3817/3817 3818/3818 3819/3819 3820/3820
f 3818/3818 3821/3821 3822/3822 3819/3819
f 3821/3821 3823/3823 3824/3824 3822/3822
f 3823/3823 3825/3825 3826/3826 3824/3824
f 3827/3827 3828/3828 3829/3829 3830/3830
f 3828/3828 3831/3831 3832/3832 3829/3829
f 3831/3831 3833/3833 3834/3834 3832/3832
f 3833/3833 3835/3835 3836/3836 3834/3834
f 3835/3835 3837/3837 3838/3838 3836/3836
f 3837/3837 3839/3839 3840/3840 3838/3838
f 3841/3841 3842/3842 3843/3843 3844/3844
f 3842/3842 3845/3845 3846/3846 3843/3843
f 3845/3845 3847/3847 3848/3848 3846/3846
f 3847/3847 3849/3849 3850/3850 3848/3848
f 3849/3849 3851/3851 3852/3852 3850/3850
f 3853/3853 3854/3854 3855/3855 3856/3856
f 3854/3854 3857/3857 3858/3858 3855/3855
f 3857/3857 3859/3859 3860/3860 3858/3858
f 3859/3859 3861/3861 3862/3862 3860/3860
f 3861/3861 3863/3863 3864/3864 3862/3862
f 3865/3865 3866/3866 3867/3867 3868/3868
f 3866/3866 3869/3869 3870/3870 3867/3867
f 3869/3869 3871/3871 3872/3872 3870/3870
f 3871/3871 3873/3873 3874/3874 3872/3872
f 3873/3873 3875/3875 3876/3876 3874/3874
f 3877/3877 3878/3878 3879/3879 3880/3880
f 3878/3878 3881/3881 3882/3882 3879/3879
f 3881/3881 3883/3883 3884/3884 3882/3882
f 3883/3883 3885/3885 3886/3886 3884/3884
f 3885/3885 3887/3887 3888/3888 3886/3886
f 3889/3889 3890/3890 3891/3891 3892/3892
f 3890/3890 3893/3893 3894/3894 3891/3891
f 3893/3893 3895/3895 3896/3896 3894/3894
f 3895/3895 3897/3897 3898/3898 3896/3896
f 3899/3899 3900/3900 3901/3901 3902/3902
f 3900/3900 3903/3903 3904/3904 3901/3901
f 3903/3903 3905/3905 3906/3906 3904/3904
f 3905/3905 3907/3907 3908/3908 3906/3906
f 3907/3907 3909/3909 3910/3910 3908/3908
f 3909/3909 3911/3911 3912/3912 3910/3910
f 3911/3911 3913/3913 3914/3914 3912/3912
f 3913/3913 3915/3915 3916/3916 3914/3914
f 3917/3917 3918/3918 3919/3919 3920/3920
f 3918/3918 3921/3921 3922/3922 3919/3919
f 3921/3921 3923/3923 3924/3924 3922/3922
f 3923/3923 3925/3925 3926/3926 3924/3924
f 3925/3925 3927/3927 3928/3928 3926/3926
f 3927/3927 3929/3929 3930/3930 3928/3928
f 3929/3929 3931/3931 3932/3932 3930/3930
f 3931/3931 3933/3933 3934/3934 3932/3932
f 3935/3935 3936/3936 3937/3937 3938/3938
f 3936/3936 3939/3939 3940/3940 3937/3937
f 3939/3939 3941/3941 3942/3942 3940/3940
f 3941/3941 3943/3943 3944/3944 3942/3942
f 3943/3943 3945/3945 3946/3946 3944/3944
f 3945/3945 3947/3947 3948/3948 3946/3946
f 3947/3947 3949/3949 3950/3950 3948/3948
f 3951/3951 3952/3952 3953/3953 3954/3954
f 3952/3952 3955/3955 3956/3956 3953/3953
f 3955/3955 3957/3957 3958/3958 3956/3956
f 3957/3957 3959/3959 3960/3960 3958/3958
f 3959/3959 3961/3961 3962/3962 3960/3960
f 3961/3961 3963/3963 3964/3964 3962/3962
f 3965/3965 3966/3966 3967/3967 3968/3968
f 3966/3966 3969/3969 3970/3970 3967/3967
f 3969/3969 3971/3971 3972/3972 3970/3970
f 3971/3971 3973/3973 3974/3974 3972/3972
f 3975/3975 3976/3976 3977/3977 3978/3978
f 3979/3979 3980/3980 3981/3981 3982/3982
f 3980/3980 3983/3983 3984/3984 3981/3981
f 3983/3983 3985/3985 3986/3986 3984/3984
f 3985/3985 3987/3987 3988/3988 3986/3986
f 3976/3976 3989/3989 3990/3990 3977/3977
f 3989/3989 3979/3979 3982/3982 3990/3990
f 3991/3991 3992/3992 3993/3993 3994/3994
f 3992/3992 3995/3995 3996/3996 3993/3993
f 3995/3995 3997/3997 3998/3998 3996/3996
f 3997/3997 3999/3999 4000/4000 3998/3998
f 4001/4001 4002/4002 4003/4003 4004/4004
f 4002/4002 4005/4005 4006/4006 4003/4003
f 4005/4005 4007/4007 4008/4008 4006/4006
f 4007/4007 4009/4009 4010/4010 4008/4008
f 4011/4011 4012/4012 4013/4013 4014/4014
f 4012/4012 4015/4015 4016/4016 4013/4013
f 4015/4015 4017/4017 4018/4018 4016/4016
f 4017/4017 4019/4019 4020/4020 4018/4018
f 4021/4021 4022/4022 4023/4023 4024/4024
f 4022/4022 4025/4025 4026/4026 4023/4023
f 4025/4025 4027/4027 4028/4028 4026/4026
f 4027/4027 4029/4029 4030/4030 4028/4028
f 4029/4029 4031/4031 4032/4032 4030/4030
f 4031/4031 4033/4033 4034/4034 4032/4032
f 4035/4035 4036/4036 4037/4037 4038/4038
f 4036/4036 4039/4039 4040/4040 4037/4037
f 4039/4039 4041/4041 4042/4042 4040/4040
f 4041/4041 4043/4043 4044/4044 4042/4042
f 4043/4043 4045/4045 4046/4046 4044/4044
f 4047/4047 4048/4048 4049/4049 4050/4050
f 4048/4048 4051/4051 4052/4052 4049/4049
f 4051/4051 4053/4053 4054/4054 4052/4052
f 4053/4053 4055/4055 4056/4056 4054/4054
f 4055/4055 4057/4057 4058/4058 4056/4056
f 4059/4059 4060/4060 4061/4061 4062/4062
f 4060/4060 4063/4063 4064/4064 4061/4061
f 4063/4063 4065/4065 4066/4066 4064/4064
f 4067/4067 4068/4068 4069/4069 4070/4070
f 4068/4068 4071/4071 4072/4072 4069/4069
f 4071/4071 4073/4073 4074/4074 4072/4072
f 4073/4073 4075/4075 4076/4076 4074/4074
f 4075/4075 4077/4077 4078/4078 4076/4076
f 4077/4077 4079/4079 4080/4080 4078/4078
f 4079/4079 4081/4081 4082/4082 4080/4080
f 4083/4083 4084/4084 4085/4085 4086/4086
f 4084/4084 4087/4087 4088/4088 4085/4085
f 4087/4087 4089/4089 4090/4090 4088/4088
f 4089/4089 4091/4091 4092/4092 4090/4090
f 4091/4091 4093/4093 4094/4094 4092/4092
f 4093/4093 4095/4095 4096/4096 4094/4094
f 4097/4097 4098/4098 4099/4099 4100/4100
f 4098/4098 4101/4101 4102/4102 4099/4099
f 4101/4101 4103/4103 4104/4104 4102/4102
f 4105/4105 4106/4106 4107/4107 4108/4108
f 4106/4106 4109/4109 4110/4110 4107/4107
f 4109/4109 4111/4111 4112/4112 4110/4110
f 4113/4113 4114/4114 4115/4115 4116/4116
f 4114/4114 4117/4117 4118/4118 4115/4115
f 4117/4117 4119/4119 4120/4120 4118/4118
f 4121/4121 4122/4122 4123/4123 4124/4124
f 4122/4122 4125/4125 4126/4126 4123/4123
f 4125/4125 4127/4127 4128/4128 4126/4126
f 4127/4127 4129/4129 4130/4130 4128/4128
f 4129/4129 4131/4131 4132/4132 4130/4130
f 4131/4131 4133/4133 4134/4134 4132/4132
f 4135/4135 4136/4136 4137/4137 4138/4138
f 4136/4136 4139/4139 4140/4140 4137/4137
f 4139/4139 4141/4141 4142/4142 4140/4140
f 4141/4141 4143/4143 4144/4144 4142/4142
f 4143/4143 4145/4145 4146/4146 4144/4144
f 4145/4145 4147/4147 4148/4148 4146/4146
f 4147/4147 4149/4149 4150/4150 4148/4148
f 4151/4151 4152/4152 4153/4153 4154/4154
f 4152/4152 4155/4155 4156/4156 4153/4153
f 4155/4155 4157/4157 4158/4158 4156/4156
f 4157/4157 4159/4159 4160/4160 4158/4158
f 4159/4159 4161/4161 4162/4162 4160/4160
f 4161/4161 4163/4163 4164/4164 4162/4162
f 4165/4165 4166/4166 4167/4167 4168/4168
f 4166/4166 4169/4169 4170/4170 4167/4167
f 4169/4169 4171/4171 4172/4172 4170/4170
f 4171/4171 4173/4173 4174/4174 4172/4172
f 4173/4173 4175/4175 4176/4176 4174/4174
f 4177/4177 4178/4178 4179/4179 4180/4180
f 4178/4178 4181/4181 4182/4182 4179/4179
f 4181/4181 4183/4183 4184/4184 4182/4182
f 4185/4185 4186/4186 4187/4187 4188/4188
f 4186/4186 4189/4189 4190/4190 4187/4187
f 4189/4189 4191/4191 4192/4192 4190/4190
f 4191/4191 4193/4193 4194/4194 4192/4192
f 4193/4193 4195/4195 4196/4196 4194/4194
f 4195/4195 4197/4197 4198/4198 4196/4196
f 4197/4197 4199/4199 4200/4200 4198/4198
f 4201/4201 4202/4202 4203/4203 4204/4204
f 4202/4202 4205/4205 4206/4206 4203/4203
f 4205/4205 4207/4207 4208/4208 4206/4206
f 4209/4209 4210/4210 4211/4211 4212/4212
f 4210/4210 4213/4213 4214/4214 4211/4211
f 4213/4213 4215/4215 4216/4216 4214/4214
f 4217/4217 4218/4218 4219/4219 4220/4220
f 4218/4218 4221/4221 4222/4222 4219/4219
f 4221/4221 4223/4223 4224/4224 4222/4222
f 4225/4225 4226/4226 4227/4227 4228/4228
f 4226/4226 4229/4229 4230/4230 4227/4227
f 4229/4229 4231/4231 4232/4232 4230/4230
f 4233/4233 4234/4234 4235/4235 4236/4236
f 4234/4234 4237/4237 4238/4238 4235/4235
f 4237/4237 4239/4239 4240/4240 4238/4238
f 4241/4241 4242/4242 4243/4243 4244/4244
f 4242/4242 4245/4245 4246/4246 4243/4243
f 4245/4245 4247/4247 4248/4248 4246/4246
f 4247/4247 4249/4249 4250/4250 4248/4248
f 4249/4249 4251/4251 4252/4252 4250/4250
f 4253/4253 4254/4254 4255/4255 4256/4256
f 4254/4254 4257/4257 4258/4258 4255/4255
f 4257/4257 4259/4259 4260/4260 4258/4258
f 4261/4261 4262/4262 4263/4263 4264/4264
f 4262/4262 4265/4265 4266/4266 4263/4263
f 4265/4265 4267/4267 4268/4268 4266/4266
f 4267/4267 4269/4269 4270/4270 4268/4268
f 4269/4269 4271/4271 4272/4272 4270/4270
f 4273/4273 4274/4274 4275/4275 4276/4276
f 4274/4274 4277/4277 4278/4278 4275/4275
f 4277/4277 4279/4279 4280/4280 4278/4278
f 4279/4279 4281/4281 4282/4282 4280/4280
f 4281/4281 4283/4283 4284/4284 4282/4282
f 4285/4285 4286/4286 4287/4287 4288/4288
f 4286/4286 4289/4289 4290/4290 4287/4287
f 4289/4289 4291/4291 4292/4292 4290/4290
f 4293/4293 4294/4294 4295/4295 4296/4296
f 4294/4294 4297/4297 4298/4298 4295/4295
f 4297/4297 4299/4299 4300/4300 4298/4298
f 4299/4299 4301/4301 4302/4302 4300/4300
f 4303/4303 4304/4304 4305/4305 4306/4306
f 4307/4307 4308/4308 4309/4309 4310/4310
f 4308/4308 4311/4311 4312/4312 4309/4309
f 4311/4311 4313/4313 4314/4314 4312/4312
f 4313/4313 4315/4315 4316/4316 4314/4314
f 4317/4317 4318/4318 4319/4319 4320/4320
f 4318/4318 4321/4321 4322/4322 4319/4319
f 4321/4321 4323/4323 4324/4324 4322/4322
f 4323/4323 4325/4325 4326/4326 4324/4324
f 4325/4325 4327/4327 4328/4328 4326/4326
f 4327/4327 4329/4329 4330/4330 4328/4328
f 4331/4331 4332/4332 4333/4333 4334/4334
f 4332/4332 4335/4335 4336/4336 4333/4333
f 4335/4335 4337/4337 4338/4338 4336/4336
f 4337/4337 4339/4339 4340/4340 4338/4338
f 4339/4339 4341/4341 4342/4342 4340/4340
f 4341/4341 4343/4343 4344/4344 4342/4342
f 4304/4304 4307/4307 4310/4310 4305/4305
f 4345/4345 4346/4346 4347/4347 4348/4348
f 4346/4346 4349/4349 4350/4350 4347/4347
f 4349/4349 4351/4351 4352/4352 4350/4350
f 4351/4351 4353/4353 4354/4354 4352/4352
f 4353/4353 4355/4355 4356/4356 4354/4354
f 4355/4355 4357/4357 4358/4358 4356/4356
f 4359/4359 4360/4360 4361/4361 4362/4362
f 4360/4360 4363/4363 4364/4364 4361/4361
f 4363/4363 4365/4365 4366/4366 4364/4364
f 4365/4365 4367/4367 4368/4368 4366/4366
f 4367/4367 4369/4369 4370/4370 4368/4368
f 4369/4369 4371/4371 4372/4372 4370/4370
f 4371/4371 4373/4373 4374/4374 4372/4372
f 4375/4375 4376/4376 4377/4377 4378/4378
f 4376/4376 4379/4379 4380/4380 4377/4377
f 4379/4379 4381/4381 4382/4382 4380/4380
f 4381/4381 4383/4383 4384/4384 4382/4382
f 4383/4383 4385/4385 4386/4386 4384/4384
f 4385/4385 4387/4387 4388/4388 4386/4386
f 4389/4389 4390/4390 4391/4391 4392/4392
f 4390/4390 4393/4393 4394/4394 4391/4391
f 4393/4393 4395/4395 4396/4396 4394/4394
f 4395/4395 4397/4397 4398/4398 4396/4396
f 4397/4397 4399/4399 4400/4400 4398/4398
f 4399/4399 4401/4401 4402/4402 4400/4400
f 4401/4401 4403/4403 4404/4404 4402/4402
f 4405/4405 4406/4406 4407/4407 4408/4408
f 4406/4406 4409/4409 4410/4410 4407/4407
f 4409/4409 4411/4411 4412/4412 4410/4410
f 4411/4411 4413/4413 4414/4414 4412/4412
f 4413/4413 4415/4415 4416/4416 4414/4414
f 4415/4415 4417/4417 4418/4418 4416/4416
f 4419/4419 4420/4420 4421/4421 4422/4422
f 4420/4420 4423/4423 4424/4424 4421/4421
f 4423/4423 4425/4425 4426/4426 4424/4424
f 4427/4427 4428/4428 4429/4429 4430/4430
f 4428/4428 4431/4431 4432/4432 4429/4429
f 4431/4431 4433/4433 4434/4434 4432/4432
f 4433/4433 4435/4435 4436/4436 4434/4434
f 4435/4435 4437/4437 4438/4438 4436/4436
f 4439/4439 4440/4440 4441/4441 4442/4442
f 4440/4440 4443/4443 4444/4444 4441/4441
f 4443/4443 4445/4445 4446/4446 4444/4444
f 4447/4447 4448/4448 4449/4449 4450/4450
f 4448/4448 4451/4451 4452/4452 4449/4449
f 4451/4451 4453/4453 4454/4454 4452/4452
f 4453/4453 4455/4455 4456/4456 4454/4454
f 4455/4455 4457/4457 4458/4458 4456/4456
f 4459/4459 4460/4460 4461/4461 4462/4462
f 4460/4460 4463/4463 4464/4464 4461/4461
f 4463/4463 4465/4465 4466/4466 4464/4464
f 4465/4465 4467/4467 4468/4468 4466/4466
f 4469/4469 4470/4470 4471/4471 4472/4472
f 4470/4470 4473/4473 4474/4474 4471/4471
f 4473/4473 4475/4475 4476/4476 4474/4474
f 4475/4475 4477/4477 4478/4478 4476/4476
f 4477/4477 4479/4479 4480/4480 4478/4478
f 4479/4479 4481/4481 4482/4482 4480/4480
f 4483/4483 4484/4484 4485/4485 4486/4486
f 4484/4484 4487/4487 4488/4488 4485/4485
f 4487/4487 4489/4489 4490/4490 4488/4488
f 4489/4489 4491/4491 4492/4492 4490/4490
f 4491/4491 4493/4493 4494/4494 4492/4492
f 4493/4493 4495/4495 4496/4496 4494/4494
f 4497/4497 4498/4498 4499/4499 4500/4500
f 4498/4498 4501/4501 4502/4502 4499/4499
f 4501/4501 4503/4503 4504/4504 4502/4502
f 4503/4503 4505/4505 4506/4506 4504/4504
f 4505/4505 4507/4507 4508/4508 4506/4506
f 4507/4507 4509/4509 4510/4510 4508/4508
f 4509/4509 4511/4511 4512/4512 4510/4510
f 4511/4511 4513/4513 4514/4514 4512/4512
f 4515/4515 4516/4516 4517/4517 4518/4518
f 4516/4516 4519/4519 4520/4520 4517/4517
f 4519/4519 4521/4521 4522/4522 4520/4520
f 4521/4521 4523/4523 4524/4524 4522/4522
f 4523/4523 4525/4525 4526/4526 4524/4524
f 4525/4525 4527/4527 4528/4528 4526/4526
f 4527/4527 4529/4529 4530/4530 4528/4528
f 4529/4529 4531/4531 4532/4532 4530/4530
f 4531/4531 4533/4533 4534/4534 4532/4532
f 4535/4535 4536/4536 4537/4537 4538/4538
f 4536/4536 4539/4539 4540/4540 4537/4537
f 4539/4539 4541/4541 4542/4542 4540/4540
f 4541/4541 4543/4543 4544/4544 4542/4542
f 4543/4543 4545/4545 4546/4546 4544/4544
f 4545/4545 4547/4547 4548/4548 4546/4546
f 4547/4547 4549/4549 4550/4550 4548/4548
f 4549/4549 4551/4551 4552/4552 4550/4550
f 4553/4553 4554/4554 4555/4555 4556/4556
f 4557/4557 4558/4558 4559/4559 4560/4560
f 4558/4558 4561/4561 4562/4562 4559/4559
f 4561/4561 4563/4563 4564/4564 4562/4562
f 4563/4563 4565/4565 4566/4566 4564/4564
f 4554/4554 4567/4567 4568/4568 4555/4555
f 4567/4567 4557/4557 4560/4560 4568/4568
f 4569/4569 4570/4570 4571/4571 4572/4572
f 4570/4570 4573/4573 4574/4574 4571/4571
f 4575/4575 4576/4576 4577/4577 4578/4578
f 4576/4576 4579/4579 4580/4580 4577/4577
f 4579/4579 4581/4581 4582/4582 4580/4580
f 4581/4581 4583/4583 4584/4584 4582/4582
f 4583/4583 4585/4585 4586/4586 4584/4584
f 4585/4585 4587/4587 4588/4588 4586/4586
f 4589/4589 4590/4590 4591/4591 4592/4592
f 4590/4590 4593/4593 4594/4594 4591/4591
f 4593/4593 4595/4595 4596/4596 4594/4594
f 4595/4595 4597/4597 4598/4598 4596/4596
f 4597/4597 4599/4599 4600/4600 4598/4598
f 4599/4599 4601/4601 4602/4602 4600/4600
f 4603/4603 4604/4604 4605/4605 4606/4606
f 4604/4604 4607/4607 4608/4608 4605/4605
f 4607/4607 4609/4609 4610/4610 4608/4608
f 4609/4609 4611/4611 4612/4612 4610/4610
f 4611/4611 4613/4613 4614/4614 4612/4612
f 4613/4613 4615/4615 4616/4616 4614/4614
f 4615/4615 4617/4617 4618/4618 4616/4616
f 4619/4619 4620/4620 4621/4621 4622/4622
f 4620/4620 4623/4623 4624/4624 4621/4621
f 4623/4623 4625/4625 4626/4626 4624/4624
f 4625/4625 4627/4627 4628/4628 4626/4626
f 4627/4627 4629/4629 4630/4630 4628/4628
f 4629/4629 4631/4631 4632/4632 4630/4630
f 4633/4633 4634/4634 4635/4635 4636/4636
f 4634/4634 4637/4637 4638/4638 4635/4635
f 4637/4637 4639/4639 4640/4640 4638/4638
f 4639/4639 4641/4641 4642/4642 4640/4640
f 4641/4641 4643/4643 4644/4644 4642/4642
f 4643/4643 4645/4645 4646/4646 4644/4644
f 4647/4647 4648/4648 4649/4649 4650/4650
f 4648/4648 4651/4651 4652/4652 4649/4649
f 4651/4651 4653/4653 4654/4654 4652/4652
f 4653/4653 4655/4655 4656/4656 4654/4654
f 4655/4655 4657/4657 4658/4658 4656/4656
f 4657/4657 4659/4659 4660/4660 4658/4658
f 4661/4661 4662/4662 4663/4663 4664/4664
f 4662/4662 4665/4665 4666/4666 4663/4663
f 4665/4665 4667/4667 4668/4668 4666/4666
f 4667/4667 4669/4669 4670/4670 4668/4668
f 4669/4669 4671/4671 4672/4672 4670/4670
f 4671/4671 4673/4673 4674/4674 4672/4672
f 4675/4675 4676/4676 4677/4677 4678/4678
f 4676/4676 4679/4679 4680/4680 4677/4677
f 4679/4679 4681/4681 4682/4682 4680/4680
f 4681/4681 4683/4683 4684/4684 4682/4682
f 4683/4683 4685/4685 4686/4686 4684/4684
f 4687/4687 4688/4688 4689/4689 4690/4690
f 4691/4691 4692/4692 4693/4693 4694/4694
f 4692/4692 4695/4695 4696/4696 4693/4693
f 4695/4695 4697/4697 4698/4698 4696/4696
f 4697/4697 4699/4699 4700/4700 4698/4698
f 4699/4699 4701/4701 4702/4702 4700/4700
f 4701/4701 4703/4703 4704/4704 4702/4702
f 4703/4703 4705/4705 4706/4706 4704/4704
f 4705/4705 4707/4707 4708/4708 4706/4706
f 4709/4709 4710/4710 4711/4711 4712/4712
f 4710/4710 4713/4713 4714/4714 4711/4711
f 4713/4713 4715/4715 4716/4716 4714/4714
f 4715/4715 4717/4717 4718/4718 4716/4716
f 4717/4717 4719/4719 4720/4720 4718/4718
f 4719/4719 4721/4721 4722/4722 4720/4720
f 4721/4721 4723/4723 4724/4724 4722/4722
f 4685/4685 4687/4687 4690/4690 4686/4686
f 4725/4725 4726/4726 4727/4727 4728/4728
f 4726/4726 4729/4729 4730/4730 4727/4727
f 4729/4729 4731/4731 4732/4732 4730/4730
f 4731/4731 4733/4733 4734/4734 4732/4732
f 4733/4733 4735/4735 4736/4736 4734/4734
f 4737/4737 4738/4738 4739/4739 4740/4740
f 4738/4738 4741/4741 4742/4742 4739/4739
f 4741/4741 4743/4743 4744/4744 4742/4742
f 4743/4743 4745/4745 4746/4746 4744/4744
f 4745/4745 4747/4747 4748/4748 4746/4746
f 4747/4747 4749/4749 4750/4750 4748/4748
f 4749/4749 4751/4751 4752/4752 4750/4750
f 4753/4753 4754/4754 4755/4755 4756/4756
f 4754/4754 4757/4757 4758/4758 4755/4755
f 4757/4757 4759/4759 4760/4760 4758/4758
f 4759/4759 4761/4761 4762/4762 4760/4760
f 4761/4761 4763/4763 4764/4764 4762/4762
f 4763/4763 4765/4765 4766/4766 4764/4764
f 4765/4765 4767/4767 4768/4768 4766/4766
f 4769/4769 4770/4770 4771/4771 4772/4772
f 4770/4770 4773/4773 4774/4774 4771/4771
f 4773/4773 4775/4775 4776/4776 4774/4774
f 4775/4775 4777/4777 4778/4778 4776/4776
f 4777/4777 4779/4779 4780/4780 4778/4778
f 4781/4781 4782/4782 4783/4783 4784/4784
f 4782/4782 4785/4785 4786/4786 4783/4783
f 4785/4785 4787/4787 4788/4788 4786/4786
f 4787/4787 4789/4789 4790/4790 4788/4788
f 4789/4789 4791/4791 4792/4792 4790/4790
f 4791/4791 4793/4793 4794/4794 4792/4792
f 4793/4793 4795/4795 4796/4796 4794/4794
f 4797/4797 4798/4798 4799/4799 4800/4800
f 4798/4798 4801/4801 4802/4802 4799/4799
f 4801/4801 4803/4803 4804/4804 4802/4802
f 4803/4803 4805/4805 4806/4806 4804/4804
f 4805/4805 4807/4807 4808/4808 4806/4806
f 4807/4807 4809/4809 4810/4810 4808/4808
f 4809/4809 4811/4811 4812/4812 4810/4810
f 4813/4813 4814/4814 4815/4815 4816/4816
f 4814/4814 4817/4817 4818/4818 4815/4815
f 4817/4817 4819/4819 4820/4820 4818/4818
f 4819/4819 4821/4821 4822/4822 4820/4820
f 4821/4821 4823/4823 4824/4824 4822/4822
f 4823/4823 4825/4825 4826/4826 4824/4824
f 4827/4827 4828/4828 4829/4829 4830/4830
f 4828/4828 4831/4831 4832/4832 4829/4829
f 4831/4831 4833/4833 4834/4834 4832/4832
f 4833/4833 4835/4835 4836/4836 4834/4834
f 4835/4835 4837/4837 4838/4838 4836/4836
f 4837/4837 4839/4839 4840/4840 4838/4838
f 4841/4841 4842/4842 4843/4843 4844/4844
f 4842/4842 4845/4845 4846/4846 4843/4843
f 4839/4839 4841/4841 4844/4844 4840/4840
f 4847/4847 4848/4848 4849/4849 4850/4850
f 4848/4848 4851/4851 4852/4852 4849/4849
f 4851/4851 4853/4853 4854/4854 4852/4852
f 4853/4853 4855/4855 4856/4856 4854/4854
f 4855/4855 4857/4857 4858/4858 4856/4856
f 4859/4859 4860/4860 4861/4861 4862/4862
f 4860/4860 4863/4863 4864/4864 4861/4861
f 4863/4863 4865/4865 4866/4866 4864/4864
f 4865/4865 4867/4867 4868/4868 4866/4866
f 4867/4867 4869/4869 4870/4870 4868/4868
f 4869/4869 4871/4871 4872/4872 4870/4870
f 4871/4871 4873/4873 4874/4874 4872/4872
f 4875/4875 4876/4876 4877/4877 4878/4878
f 4876/4876 4879/4879 4880/4880 4877/4877
f 4879/4879 4881/4881 4882/4882 4880/4880
f 4881/4881 4883/4883 4884/4884 4882/4882
f 4883/4883 4885/4885 4886/4886 4884/4884
f 4885/4885 4887/4887 4888/4888 4886/4886
f 4889/4889 4890/4890 4891/4891 4892/4892
f 4890/4890 4893/4893 4894/4894 4891/4891
f 4893/4893 4895/4895 4896/4896 4894/4894
f 4895/4895 4897/4897 4898/4898 4896/4896
f 4897/4897 4899/4899 4900/4900 4898/4898
f 4899/4899 4901/4901 4902/4902 4900/4900
f 4901/4901 4903/4903 4904/4904 4902/4902
f 4905/4905 4906/4906 4907/4907 4908/4908
f 4906/4906 4909/4909 4910/4910 4907/4907
f 4909/4909 4911/4911 4912/4912 4910/4910
f 4911/4911 4913/4913 4914/4914 4912/4912
f 4913/4913 4915/4915 4916/4916 4914/4914
f 4917/4917 4918/4918 4919/4919 4920/4920
f 4918/4918 4921/4921 4922/4922 4919/4919
f 4921/4921 4923/4923 4924/4924 4922/4922
f 4923/4923 4925/4925 4926/4926 4924/4924
f 4925/4925 4927/4927 4928/4928 4926/4926
f 4927/4927 4929/4929 4930/4930 4928/4928
f 4931/4931 4932/4932 4933/4933 4934/4934
f 4932/4932 4935/4935 4936/4936 4933/4933
f 4935/4935 4937/4937 4938/4938 4936/4936
f 4937/4937 4939/4939 4940/4940 4938/4938
f 4939/4939 4941/4941 4942/4942 4940/4940
f 4941/4941 4943/4943 4944/4944 4942/4942
f 4943/4943 4945/4945 4946/4946 4944/4944
f 4947/4947 4948/4948 4949/4949 4950/4950
f 4948/4948 4951/4951 4952/4952 4949/4949
f 4951/4951 4953/4953 4954/4954 4952/4952
f 4953/4953 4955/4955 4956/4956 4954/4954
f 4955/4955 4957/4957 4958/4958 4956/4956
f 4957/4957 4959/4959 4960/4960 4958/4958
f 4961/4961 4962/4962 4963/4963 4964/4964
f 4962/4962 4965/4965 4966/4966 4963/4963
f 4965/4965 4967/4967 4968/4968 4966/4966
f 4967/4967 4969/4969 4970/4970 4968/4968
f 4969/4969 4971/4971 4972/4972 4970/4970
f 4971/4971 4973/4973 4974/4974 4972/4972
f 4975/4975 4976/4976 4977/4977 4978/4978
f 4976/4976 4979/4979 4980/4980 4977/4977
f 4979/4979 4981/4981 4982/4982 4980/4980
f 4981/4981 4983/4983 4984/4984 4982/4982
f 4983/4983 4985/4985 4986/4986 4984/4984
f 4987/4987 4988/4988 4989/4989 4990/4990
f 4988/4988 4991/4991 4992/4992 4989/4989
f 4991/4991 4993/4993 4994/4994 4992/4992
f 4995/4995 4996/4996 4997/4997 4998/4998
f 4996/4996 4999/4999 5000/5000 4997/4997
f 4999/4999 5001/5001 5002/5002 5000/5000
f 5001/5001 5003/5003 5004/5004 5002/5002
f 5003/5003 5005/5005 5006/5006 5004/5004
f 5005/5005 5007/5007 5008/5008 5006/5006
f 5009/5009 5010/5010 5011/5011 5012/5012
f 5010/5010 5013/5013 5014/5014 5011/5011
f 5013/5013 5015/5015 5016/5016 5014/5014
f 5015/5015 5017/5017 5018/5018 5016/5016
f 5017/5017 5019/5019 5020/5020 5018/5018
f 5019/5019 5021/5021 5022/5022 5020/5020
f 5021/5021 5023/5023 5024/5024 5022/5022
f 5023/5023 5025/5025 5026/5026 5024/5024
f 5025/5025 5027/5027 5028/5028 5026/5026
f 5027/5027 5029/5029 5030/5030 5028/5028
f 5029/5029 5031/5031 5032/5032 5030/5030
f 5033/5033 5034/5034 5035/5035 5036/5036
f 5034/5034 5037/5037 5038/5038 5035/5035
f 5037/5037 5039/5039 5040/5040 5038/5038
f 5039/5039 5041/5041 5042/5042 5040/5040
f 5041/5041 5043/5043 5044/5044 5042/5042
f 5043/5043 5045/5045 5046/5046 5044/5044
f 5045/5045 5047/5047 5048/5048 5046/5046
f 5047/5047 5049/5049 5050/5050 5048/5048
f 5049/5049 5051/5051 5052/5052 5050/5050
f 5051/5051 5053/5053 5054/5054 5052/5052
f 4993/4993 4995/4995 4998/4998 4994/4994
f 5055/5055 5056/5056 5057/5057 5058/5058
f 5056/5056 5059/5059 5060/5060 5057/5057
f 5059/5059 5061/5061 5062/5062 5060/5060
f 5061/5061 5063/5063 5064/5064 5062/5062
f 5063/5063 5065/5065 5066/5066 5064/5064
f 5065/5065 5067/5067 5068/5068 5066/5066
f 5069/5069 5070/5070 5071/5071 5072/5072
f 5070/5070 5073/5073 5074/5074 5071/5071
f 5073/5073 5075/5075 5076/5076 5074/5074
f 5075/5075 5077/5077 5078/5078 5076/5076
f 5077/5077 5079/5079 5080/5080 5078/5078
f 5081/5081 5082/5082 5083/5083 5084/5084
f 5082/5082 5085/5085 5086/5086 5083/5083
f 5085/5085 5087/5087 5088/5088 5086/5086
f 5087/5087 5089/5089 5090/5090 5088/5088
f 5089/5089 5091/5091 5092/5092 5090/5090
f 5091/5091 5093/5093 5094/5094 5092/5092
f 5095/5095 5096/5096 5097/5097 5098/5098
f 5096/5096 5099/5099 5100/5100 5097/5097
f 5101/5101 5102/5102 5103/5103 5104/5104
f 5102/5102 5105/5105 5106/5106 5103/5103
f 5105/5105 5107/5107 5108/5108 5106/5106
f 5099/5099 5101/5101 5104/5104 5100/5100
f 5109/5109 5110/5110 5111/5111 5112/5112
f 5110/5110 5113/5113 5114/5114 5111/5111
f 5113/5113 5115/5115 5116/5116 5114/5114
f 5115/5115 5117/5117 5118/5118 5116/5116
f 5117/5117 5119/5119 5120/5120 5118/5118
f 5119/5119 5121/5121 5122/5122 5120/5120
f 5123/5123 5124/5124 5125/5125 5126/5126
f 5124/5124 5127/5127 5128/5128 5125/5125
f 5127/5127 5129/5129 5130/5130 5128/5128
f 5129/5129 5131/5131 5132/5132 5130/5130
f 5131/5131 5133/5133 5134/5134 5132/5132
f 5133/5133 5135/5135 5136/5136 5134/5134
f 5137/5137 5138/5138 5139/5139 5140/5140
f 5138/5138 5141/5141 5142/5142 5139/5139
f 5141/5141 5143/5143 5144/5144 5142/5142
f 5143/5143 5145/5145 5146/5146 5144/5144
f 5147/5147 5148/5148 5149/5149 5150/5150
f 5148/5148 5151/5151 5152/5152 5149/5149
f 5135/5135 5153/5153 5154/5154 5136/5136
f 5145/5145 5147/5147 5150/5150 5146/5146
f 5155/5155 5156/5156 5157/5157 5158/5158
f 5156/5156 5159/5159 5160/5160 5157/5157
f 5159/5159 5161/5161 5162/5162 5160/5160
f 5161/5161 5163/5163 5164/5164 5162/5162
f 5163/5163 5165/5165 5166/5166 5164/5164
f 5167/5167 5168/5168 5169/5169 5170/5170
f 5168/5168 5171/5171 5172/5172 5169/5169
f 5171/5171 5173/5173 5174/5174 5172/5172
f 5173/5173 5175/5175 5176/5176 5174/5174
f 5175/5175 5177/5177 5178/5178 5176/5176
f 5177/5177 5179/5179 5180/5180 5178/5178
f 5181/5181 5182/5182 5183/5183 5184/5184
f 5182/5182 5185/5185 5186/5186 5183/5183
f 5185/5185 5187/5187 5188/5188 5186/5186
f 5187/5187 5189/5189 5190/5190 5188/5188
f 5189/5189 5191/5191 5192/5192 5190/5190
f 5191/5191 5193/5193 5194/5194 5192/5192
f 5193/5193 5195/5195 5196/5196 5194/5194
f 5197/5197 5198/5198 5199/5199 5200/5200
f 5198/5198 5201/5201 5202/5202 5199/5199
f 5201/5201 5203/5203 5204/5204 5202/5202
f 5203/5203 5205/5205 5206/5206 5204/5204
f 5205/5205 5207/5207 5208/5208 5206/5206
f 5209/5209 5210/5210 5211/5211 5212/5212
f 5210/5210 5213/5213 5214/5214 5211/5211
f 5213/5213 5215/5215 5216/5216 5214/5214
f 5215/5215 5217/5217 5218/5218 5216/5216
f 5217/5217 5219/5219 5220/5220 5218/5218
f 5219/5219 5221/5221 5222/5222 5220/5220
f 5223/5223 5224/5224 5225/5225 5226/5226
f 5224/5224 5227/5227 5228/5228 5225/5225
f 5227/5227 5229/5229 5230/5230 5228/5228
f 5229/5229 5231/5231 5232/5232 5230/5230
f 5231/5231 5233/5233 5234/5234 5232/5232
f 5233/5233 5235/5235 5236/5236 5234/5234
f 5235/5235 5237/5237 5238/5238 5236/5236
f 5239/5239 5240/5240 5241/5241 5242/5242
f 5240/5240 5243/5243 5244/5244 5241/5241
f 5243/5243 5245/5245 5246/5246 5244/5244
f 5245/5245 5247/5247 5248/5248 5246/5246
f 5247/5247 5249/5249 5250/5250 5248/5248
f 5249/5249 5251/5251 5252/5252 5250/5250
f 5251/5251 5253/5253 5254/5254 5252/5252
f 5255/5255 5256/5256 5257/5257 5258/5258
f 5256/5256 5259/5259 5260/5260 5257/5257
f 5259/5259 5261/5261 5262/5262 5260/5260
f 5261/5261 5263/5263 5264/5264 5262/5262
f 5263/5263 5265/5265 5266/5266 5264/5264
f 5267/5267 5268/5268 5269/5269 5270/5270
f 5268/5268 5271/5271 5272/5272 5269/5269
f 5271/5271 5273/5273 5274/5274 5272/5272
f 5273/5273 5275/5275 5276/5276 5274/5274
f 5277/5277 5278/5278 5279/5279 5280/5280
f 5278/5278 5281/5281 5282/5282 5279/5279
f 5281/5281 5283/5283 5284/5284 5282/5282
f 5283/5283 5285/5285 5286/5286 5284/5284
f 5285/5285 5287/5287 5288/5288 5286/5286
f 5289/5289 5290/5290 5291/5291 5292/5292
f 5290/5290 5293/5293 5294/5294 5291/5291
f 5293/5293 5295/5295 5296/5296 5294/5294
f 5295/5295 5297/5297 5298/5298 5296/5296
f 5297/5297 5299/5299 5300/5300 5298/5298
f 5299/5299 5301/5301 5302/5302 5300/5300
f 5303/5303 5304/5304 5305/5305 5306/5306
f 5304/5304 5307/5307 5308/5308 5305/5305
f 5307/5307 5309/5309 5310/5310 5308/5308
f 5309/5309 5311/5311 5312/5312 5310/5310
f 5311/5311 5313/5313 5314/5314 5312/5312
f 5315/5315 5316/5316 5317/5317 5318/5318
f 5316/5316 5319/5319 5320/5320 5317/5317
f 5319/5319 5321/5321 5322/5322 5320/5320
f 5321/5321 5323/5323 5324/5324 5322/5322
f 5323/5323 5325/5325 5326/5326 5324/5324
f 5327/5327 5328/5328 5329/5329 5330/5330
f 5328/5328 5331/5331 5332/5332 5329/5329
f 5331/5331 5333/5333 5334/5334 5332/5332
f 5333/5333 5335/5335 5336/5336 5334/5334
f 5337/5337 5338/5338 5339/5339 5340/5340
f 5338/5338 5341/5341 5342/5342 5339/5339
f 5343/5343 5344/5344 5345/5345 5346/5346
f 5341/5341 5343/5343 5346/5346 5342/5342
f 5347/5347 5348/5348 5349/5349 5350/5350
f 5348/5348 5351/5351 5352/5352 5349/5349
f 5351/5351 5353/5353 5354/5354 5352/5352
f 5353/5353 5355/5355 5356/5356 5354/5354
f 5355/5355 5357/5357 5358/5358 5356/5356
f 5359/5359 5360/5360 5361/5361 5362/5362
f 5360/5360 5363/5363 5364/5364 5361/5361
f 5363/5363 5365/5365 5366/5366 5364/5364
f 5365/5365 5367/5367 5368/5368 5366/5366
f 5367/5367 5369/5369 5370/5370 5368/5368
f 5371/5371 5372/5372 5373/5373 5374/5374
f 5372/5372 5375/5375 5376/5376 5373/5373
f 5375/5375 5377/5377 5378/5378 5376/5376
f 5377/5377 5379/5379 5380/5380 5378/5378
f 5379/5379 5381/5381 5382/5382 5380/5380
f 5383/5383 5384/5384 5385/5385 5386/5386
f 5384/5384 5387/5387 5388/5388 5385/5385
f 5387/5387 5389/5389 5390/5390 5388/5388
f 5389/5389 5391/5391 5392/5392 5390/5390
f 5391/5391 5393/5393 5394/5394 5392/5392
f 5393/5393 5395/5395 5396/5396 5394/5394
f 5397/5397 5398/5398 5399/5399 5400/5400
f 5398/5398 5401/5401 5402/5402 5399/5399
f 5401/5401 5403/5403 5404/5404 5402/5402
f 5403/5403 5405/5405 5406/5406 5404/5404
f 5405/5405 5407/5407 5408/5408 5406/5406
f 5409/5409 5410/5410 5411/5411 5412/5412
f 5410/5410 5413/5413 5414/5414 5411/5411
f 5413/5413 5415/5415 5416/5416 5414/5414
f 5415/5415 5417/5417 5418/5418 5416/5416
f 5417/5417 5419/5419 5420/5420 5418/5418
f 5421/5421 5422/5422 5423/5423 5424/5424
f 5422/5422 5425/5425 5426/5426 5423/5423
f 5425/5425 5427/5427 5428/5428 5426/5426
f 5427/5427 5429/5429 5430/5430 5428/5428
f 5429/5429 5431/5431 5432/5432 5430/5430
f 5433/5433 5434/5434 5435/5435 5436/5436
f 5434/5434 5437/5437 5438/5438 5435/5435
f 5437/5437 5439/5439 5440/5440 5438/5438
f 5439/5439 5441/5441 5442/5442 5440/5440
f 5441/5441 5443/5443 5444/5444 5442/5442
f 5445/5445 5446/5446 5447/5447 5448/5448
f 5446/5446 5449/5449 5450/5450 5447/5447
f 5449/5449 5451/5451 5452/5452 5450/5450
f 5451/5451 5453/5453 5454/5454 5452/5452
f 5453/5453 5455/5455 5456/5456 5454/5454
f 5455/5455 5457/5457 5458/5458 5456/5456
f 5459/5459 5460/5460 5461/5461 5462/5462
f 5460/5460 5463/5463 5464/5464 5461/5461
f 5463/5463 5465/5465 5466/5466 5464/5464
f 5465/5465 5467/5467 5468/5468 5466/5466
f 5467/5467 5469/5469 5470/5470 5468/5468
f 5471/5471 5472/5472 5473/5473 5474/5474
f 5472/5472 5475/5475 5476/5476 5473/5473
f 5475/5475 5477/5477 5478/5478 5476/5476
f 5477/5477 5479/5479 5480/5480 5478/5478
f 5479/5479 5481/5481 5482/5482 5480/5480
f 5483/5483 5484/5484 5485/5485 5486/5486
f 5484/5484 5487/5487 5488/5488 5485/5485
f 5487/5487 5489/5489 5490/5490 5488/5488
f 5489/5489 5491/5491 5492/5492 5490/5490
f 5491/5491 5493/5493 5494/5494 5492/5492
f 5493/5493 5495/5495 5496/5496 5494/5494
f 5495/5495 5497/5497 5498/5498 5496/5496
f 5499/5499 5500/5500 5501/5501 5502/5502
f 5500/5500 5503/5503 5504/5504 5501/5501
f 5503/5503 5505/5505 5506/5506 5504/5504
f 5505/5505 5507/5507 5508/5508 5506/5506
f 5507/5507 5509/5509 5510/5510 5508/5508
f 5509/5509 5511/5511 5512/5512 5510/5510
f 5511/5511 5513/5513 5514/5514 5512/5512
f 5515/5515 5516/5516 5517/5517 5518/5518
f 5516/5516 5519/5519 5520/5520 5517/5517
f 5519/5519 5521/5521 5522/5522 5520/5520
f 5521/5521 5523/5523 5524/5524 5522/5522
f 5523/5523 5525/5525 5526/5526 5524/5524
f 5525/5525 5527/5527 5528/5528 5526/5526
f 5527/5527 5529/5529 5530/5530 5528/5528
f 5531/5531 5532/5532 5533/5533 5534/5534
f 5532/5532 5535/5535 5536/5536 5533/5533
f 5535/5535 5537/5537 5538/5538 5536/5536
f 5537/5537 5539/5539 5540/5540 5538/5538
f 5541/5541 5542/5542 5543/5543 5544/5544
f 5542/5542 5545/5545 5546/5546 5543/5543
f 5545/5545 5547/5547 5548/5548 5546/5546
f 5547/5547 5549/5549 5550/5550 5548/5548
f 5549/5549 5551/5551 5552/5552 5550/5550
f 5551/5551 5553/5553 5554/5554 5552/5552
f 5553/5553 5555/5555 5556/5556 5554/5554
f 5557/5557 5558/5558 5559/5559 5560/5560
f 5558/5558 5531/5531 5534/5534 5559/5559
f 5561/5561 5562/5562 5563/5563 5564/5564
f 5562/5562 5565/5565 5566/5566 5563/5563
f 5565/5565 5567/5567 5568/5568 5566/5566
f 5567/5567 5569/5569 5570/5570 5568/5568
f 5571/5571 5572/5572 5573/5573 5574/5574
f 5572/5572 5575/5575 5576/5576 5573/5573
f 5575/5575 5577/5577 5578/5578 5576/5576
f 5577/5577 5579/5579 5580/5580 5578/5578
f 5581/5581 5582/5582 5583/5583 5584/5584
f 5582/5582 5585/5585 5586/5586 5583/5583
f 5585/5585 5587/5587 5588/5588 5586/5586
f 5589/5589 5590/5590 5591/5591 5592/5592
f 5590/5590 5593/5593 5594/5594 5591/5591
f 5593/5593 5595/5595 5596/5596 5594/5594
f 5595/5595 5597/5597 5598/5598 5596/5596
f 5597/5597 5599/5599 5600/5600 5598/5598
f 5599/5599 5601/5601 5602/5602 5600/5600
f 5603/5603 5604/5604 5605/5605 5606/5606
f 5604/5604 5607/5607 5608/5608 5605/5605
f 5607/5607 5609/5609 5610/5610 5608/5608
f 5609/5609 5611/5611 5612/5612 5610/5610
f 5611/5611 5613/5613 5614/5614 5612/5612
f 5613/5613 5615/5615 5616/5616 5614/5614
f 5615/5615 5617/5617 5618/5618 5616/5616
f 5619/5619 5620/5620 5621/5621 5622/5622
f 5620/5620 5623/5623 5624/5624 5621/5621
f 5623/5623 5625/5625 5626/5626 5624/5624
f 5625/5625 5627/5627 5628/5628 5626/5626
f 5627/5627 5629/5629 5630/5630 5628/5628
f 5629/5629 5631/5631 5632/5632 5630/5630
f 5631/5631 5633/5633 5634/5634 5632/5632
f 5635/5635 5636/5636 5637/5637 5638/5638
f 5639/5639 5640/5640 5641/5641 5642/5642
f 5640/5640 5643/5643 5644/5644 5641/5641
f 5643/5643 5645/5645 5646/5646 5644/5644
f 5645/5645 5647/5647 5648/5648 5646/5646
f 5633/5633 5635/5635 5638/5638 5634/5634
f 5649/5649 5650/5650 5651/5651 5652/5652
f 5650/5650 5653/5653 5654/5654 5651/5651
f 5653/5653 5639/5639 5642/5642 5654/5654
f 5655/5655 5656/5656 5657/5657 5658/5658
f 5656/5656 5659/5659 5660/5660 5657/5657
f 5659/5659 5661/5661 5662/5662 5660/5660
f 5661/5661 5663/5663 5664/5664 5662/5662
f 5663/5663 5665/5665 5666/5666 5664/5664
f 5665/5665 5667/5667 5668/5668 5666/5666
f 5667/5667 5669/5669 5670/5670 5668/5668
f 5669/5669 5671/5671 5672/5672 5670/5670
f 5671/5671 5673/5673 5674/5674 5672/5672
f 5675/5675 5676/5676 5677/5677 5678/5678
f 5676/5676 5679/5679 5680/5680 5677/5677
f 5679/5679 5681/5681 5682/5682 5680/5680
f 5681/5681 5683/5683 5684/5684 5682/5682
f 5683/5683 5685/5685 5686/5686 5684/5684
f 5685/5685 5687/5687 5688/5688 5686/5686
f 5687/5687 5689/5689 5690/5690 5688/5688
f 5689/5689 5691/5691 5692/5692 5690/5690
f 5693/5693 5694/5694 5695/5695 5696/5696
f 5694/5694 5697/5697 5698/5698 5695/5695
f 5697/5697 5699/5699 5700/5700 5698/5698
f 5699/5699 5701/5701 5702/5702 5700/5700
f 5701/5701 5703/5703 5704/5704 5702/5702
f 5703/5703 5705/5705 5706/5706 5704/5704
f 5705/5705 5707/5707 5708/5708 5706/5706
f 5707/5707 5709/5709 5710/5710 5708/5708
f 5711/5711 5712/5712 5713/5713 5714/5714
f 5712/5712 5715/5715 5716/5716 5713/5713
f 5715/5715 5717/5717 5718/5718 5716/5716
f 5717/5717 5719/5719 5720/5720 5718/5718
f 5719/5719 5721/5721 5722/5722 5720/5720
f 5723/5723 5724/5724 5725/5725 5726/5726
f 5724/5724 5727/5727 5728/5728 5725/5725
f 5727/5727 5729/5729 5730/5730 5728/5728
f 5729/5729 5731/5731 5732/5732 5730/5730
f 5731/5731 5733/5733 5734/5734 5732/5732
f 5735/5735 5736/5736 5737/5737 5738/5738
f 5736/5736 5739/5739 5740/5740 5737/5737
f 5739/5739 5741/5741 5742/5742 5740/5740
f 5741/5741 5743/5743 5744/5744 5742/5742
f 5743/5743 5745/5745 5746/5746 5744/5744
f 5747/5747 5748/5748 5749/5749 5750/5750
f 5748/5748 5751/5751 5752/5752 5749/5749
f 5751/5751 5753/5753 5754/5754 5752/5752
f 5753/5753 5755/5755 5756/5756 5754/5754
f 5755/5755 5757/5757 5758/5758 5756/5756
f 5759/5759 5760/5760 5761/5761 5762/5762
f 5763/5763 5764/5764 5765/5765 5766/5766
f 5764/5764 5767/5767 5768/5768 5765/5765
f 5769/5769 5770/5770 5771/5771 5772/5772
f 5773/5773 5774/5774 5775/5775 5776/5776
f 5774/5774 5777/5777 5778/5778 5775/5775
f 5777/5777 5779/5779 5780/5780 5778/5778
f 5779/5779 5781/5781 5782/5782 5780/5780
f 5781/5781 5783/5783 5784/5784 5782/5782
f 5760/5760 5763/5763 5766/5766 5761/5761
f 5767/5767 5769/5769 5772/5772 5768/5768
f 5785/5785 5786/5786 5787/5787 5788/5788
f 5786/5786 5789/5789 5790/5790 5787/5787
f 5789/5789 5791/5791 5792/5792 5790/5790
f 5791/5791 5793/5793 5794/5794 5792/5792
f 5793/5793 5795/5795 5796/5796 5794/5794
f 5795/5795 5797/5797 5798/5798 5796/5796
f 5797/5797 5799/5799 5800/5800 5798/5798
f 5799/5799 5801/5801 5802/5802 5800/5800
f 5801/5801 5803/5803 5804/5804 5802/5802
f 5803/5803 5805/5805 5806/5806 5804/5804
f 5805/5805 5807/5807 5808/5808 5806/5806
f 5809/5809 5810/5810 5811/5811 5812/5812
f 5810/5810 5813/5813 5814/5814 5811/5811
f 5813/5813 5815/5815 5816/5816 5814/5814
f 5815/5815 5817/5817 5818/5818 5816/5816
f 5817/5817 5819/5819 5820/5820 5818/5818
f 5819/5819 5821/5821 5822/5822 5820/5820
f 5821/5821 5823/5823 5824/5824 5822/5822
f 5823/5823 5825/5825 5826/5826 5824/5824
f 5827/5827 5828/5828 5829/5829 5830/5830
f 5828/5828 5831/5831 5832/5832 5829/5829
f 5831/5831 5833/5833 5834/5834 5832/5832
f 5833/5833 5835/5835 5836/5836 5834/5834
f 5835/5835 5837/5837 5838/5838 5836/5836
f 5839/5839 5840/5840 5841/5841 5842/5842
f 5840/5840 5843/5843 5844/5844 5841/5841
f 5843/5843 5845/5845 5846/5846 5844/5844
f 5845/5845 5847/5847 5848/5848 5846/5846
f 5847/5847 5849/5849 5850/5850 5848/5848
f 5849/5849 5851/5851 5852/5852 5850/5850
f 5851/5851 5853/5853 5854/5854 5852/5852
f 5853/5853 5855/5855 5856/5856 5854/5854
f 5855/5855 5857/5857 5858/5858 5856/5856
f 5857/5857 5859/5859 5860/5860 5858/5858
f 5861/5861 5862/5862 5863/5863 5864/5864
f 5862/5862 5865/5865 5866/5866 5863/5863
f 5865/5865 5867/5867 5868/5868 5866/5866
f 5867/5867 5869/5869 5870/5870 5868/5868
f 5869/5869 5871/5871 5872/5872 5870/5870
f 5871/5871 5873/5873 5874/5874 5872/5872
f 5873/5873 5875/5875 5876/5876 5874/5874
f 5877/5877 5878/5878 5879/5879 5880/5880
f 5878/5878 5881/5881 5882/5882 5879/5879
f 5881/5881 5883/5883 5884/5884 5882/5882
f 5883/5883 5885/5885 5886/5886 5884/5884
f 5885/5885 5887/5887 5888/5888 5886/5886
f 5887/5887 5889/5889 5890/5890 5888/5888
f 5889/5889 5891/5891 5892/5892 5890/5890
f 5891/5891 5893/5893 5894/5894 5892/5892
f 5895/5895 5896/5896 5897/5897 5898/5898
f 5896/5896 5899/5899 5900/5900 5897/5897
f 5899/5899 5901/5901 5902/5902 5900/5900
f 5901/5901 5903/5903 5904/5904 5902/5902
f 5903/5903 5905/5905 5906/5906 5904/5904
f 5905/5905 5907/5907 5908/5908 5906/5906
f 5909/5909 5910/5910 5911/5911 5912/5912
f 5910/5910 5913/5913 5914/5914 5911/5911
f 5913/5913 5915/5915 5916/5916 5914/5914
f 5915/5915 5917/5917 5918/5918 5916/5916
f 5917/5917 5919/5919 5920/5920 5918/5918
f 5919/5919 5921/5921 5922/5922 5920/5920
f 5921/5921 5923/5923 5924/5924 5922/5922
f 5925/5925 5926/5926 5927/5927 5928/5928
f 5926/5926 5929/5929 5930/5930 5927/5927
f 5929/5929 5931/5931 5932/5932 5930/5930
f 5931/5931 5933/5933 5934/5934 5932/5932
f 5933/5933 5935/5935 5936/5936 5934/5934
f 5935/5935 5937/5937 5938/5938 5936/5936
f 5939/5939 5940/5940 5941/5941 5942/5942
f 5940/5940 5943/5943 5944/5944 5941/5941
f 5943/5943 5945/5945 5946/5946 5944/5944
f 5945/5945 5947/5947 5948/5948 5946/5946
f 5947/5947 5949/5949 5950/5950 5948/5948
f 5949/5949 5951/5951 5952/5952 5950/5950
f 5951/5951 5953/5953 5954/5954 5952/5952
f 5955/5955 5956/5956 5957/5957 5958/5958
f 5956/5956 5959/5959 5960/5960 5957/5957
f 5959/5959 5961/5961 5962/5962 5960/5960
f 5961/5961 5963/5963 5964/5964 5962/5962
f 5963/5963 5965/5965 5966/5966 5964/5964
f 5965/5965 5967/5967 5968/5968 5966/5966
f 5969/5969 5970/5970 5971/5971 5972/5972
f 5970/5970 5973/5973 5974/5974 5971/5971
f 5973/5973 5975/5975 5976/5976 5974/5974
f 5975/5975 5977/5977 5978/5978 5976/5976
f 5977/5977 5979/5979 5980/5980 5978/5978
f 5979/5979 5981/5981 5982/5982 5980/5980
f 5983/5983 5984/5984 5985/5985 5986/5986
f 5984/5984 5987/5987 5988/5988 5985/5985
f 5987/5987 5989/5989 5990/5990 5988/5988
f 5989/5989 5991/5991 5992/5992 5990/5990
f 5991/5991 5993/5993 5994/5994 5992/5992
f 5995/5995 5996/5996 5997/5997 5998/5998
f 5996/5996 5999/5999 6000/6000 5997/5997
f 5999/5999 6001/6001 6002/6002 6000/6000
f 6001/6001 6003/6003 6004/6004 6002/6002
f 6003/6003 6005/6005 6006/6006 6004/6004
f 6005/6005 6007/6007 6008/6008 6006/6006
f 6007/6007 6009/6009 6010/6010 6008/6008
f 6011/6011 6012/6012 6013/6013 6014/6014
f 6012/6012 6015/6015 6016/6016 6013/6013
f 6015/6015 6017/6017 6018/6018 6016/6016
f 6017/6017 6019/6019 6020/6020 6018/6018
f 6021/6021 6022/6022 6023/6023 6024/6024
f 6025/6025 6026/6026 6027/6027 6028/6028
f 6026/6026 6029/6029 6030/6030 6027/6027
f 6029/6029 6031/6031 6032/6032 6030/6030
f 6031/6031 6033/6033 6034/6034 6032/6032
f 6033/6033 6035/6035 6036/6036 6034/6034
f 6035/6035 6037/6037 6038/6038 6036/6036
f 6037/6037 6039/6039 6040/6040 6038/6038
f 6039/6039 6041/6041 6042/6042 6040/6040
f 6041/6041 6043/6043 6044/6044 6042/6042
f 6043/6043 6045/6045 6046/6046 6044/6044
f 6045/6045 6047/6047 6048/6048 6046/6046
f 6047/6047 6049/6049 6050/6050 6048/6048
f 6049/6049 6051/6051 6052/6052 6050/6050
f 6053/6053 6054/6054 6055/6055 6056/6056
f 6054/6054 6057/6057 6058/6058 6055/6055
f 6057/6057 6059/6059 6060/6060 6058/6058
f 6059/6059 6061/6061 6062/6062 6060/6060
f 6061/6061 6063/6063 6064/6064 6062/6062
f 6063/6063 6065/6065 6066/6066 6064/6064
f 6065/6065 6067/6067 6068/6068 6066/6066
f 6067/6067 6069/6069 6070/6070 6068/6068
f 6069/6069 6071/6071 6072/6072 6070/6070
f 6019/6019 6073/6073 6074/6074 6020/6020
f 6073/6073 6021/6021 6024/6024 6074/6074
f 6075/6075 6076/6076 6077/6077 6078/6078
f 6076/6076 6079/6079 6080/6080 6077/6077
f 6079/6079 6081/6081 6082/6082 6080/6080
f 6081/6081 6083/6083 6084/6084 6082/6082
f 6085/6085 6086/6086 6087/6087 6088/6088
f 6086/6086 6089/6089 6090/6090 6087/6087
f 6089/6089 6091/6091 6092/6092 6090/6090
f 6091/6091 6093/6093 6094/6094 6092/6092
f 6093/6093 6095/6095 6096/6096 6094/6094
f 6095/6095 6097/6097 6098/6098 6096/6096
f 6099/6099 6100/6100 6101/6101 6102/6102
f 6100/6100 6103/6103 6104/6104 6101/6101
f 6103/6103 6105/6105 6106/6106 6104/6104
f 6105/6105 6107/6107 6108/6108 6106/6106
f 6109/6109 6110/6110 6111/6111 6112/6112
f 6110/6110 6113/6113 6114/6114 6111/6111
f 6113/6113 6115/6115 6116/6116 6114/6114
f 6115/6115 6117/6117 6118/6118 6116/6116
f 6119/6119 6120/6120 6121/6121 6122/6122
f 6120/6120 6123/6123 6124/6124 6121/6121
f 6123/6123 6125/6125 6126/6126 6124/6124
f 6125/6125 6127/6127 6128/6128 6126/6126
f 6129/6129 6130/6130 6131/6131 6132/6132
f 6130/6130 6133/6133 6134/6134 6131/6131
f 6133/6133 6135/6135 6136/6136 6134/6134
f 6135/6135 6137/6137 6138/6138 6136/6136
f 6139/6139 6140/6140 6141/6141 6142/6142
f 6140/6140 6143/6143 6144/6144 6141/6141
f 6143/6143 6145/6145 6146/6146 6144/6144
f 6145/6145 6147/6147 6148/6148 6146/6146
f 6147/6147 6149/6149 6150/6150 6148/6148
f 6149/6149 6151/6151 6152/6152 6150/6150
f 6153/6153 6154/6154 6155/6155 6156/6156
f 6154/6154 6157/6157 6158/6158 6155/6155
f 6157/6157 6159/6159 6160/6160 6158/6158
f 6159/6159 6161/6161 6162/6162 6160/6160
f 6163/6163 6164/6164 6165/6165 6166/6166
f 6164/6164 6167/6167 6168/6168 6165/6165
f 6167/6167 6169/6169 6170/6170 6168/6168
f 6169/6169 6171/6171 6172/6172 6170/6170
f 6171/6171 6173/6173 6174/6174 6172/6172
f 6173/6173 6175/6175 6176/6176 6174/6174
f 6177/6177 6153/6153 6156/6156 6178/6178
f 6179/6179 6180/6180 6181/6181 6182/6182
f 6180/6180 6183/6183 6184/6184 6181/6181
f 6183/6183 6185/6185 6186/6186 6184/6184
f 6185/6185 6187/6187 6188/6188 6186/6186
f 6187/6187 6189/6189 6190/6190 6188/6188
f 6191/6191 6192/6192 6193/6193 6194/6194
f 6192/6192 6195/6195 6196/6196 6193/6193
f 6195/6195 6197/6197 6198/6198 6196/6196
f 6197/6197 6199/6199 6200/6200 6198/6198
f 6199/6199 6201/6201 6202/6202 6200/6200
f 6203/6203 6204/6204 6205/6205 6206/6206
f 6204/6204 6207/6207 6208/6208 6205/6205
f 6207/6207 6209/6209 6210/6210 6208/6208
f 6209/6209 6211/6211 6212/6212 6210/6210
f 6211/6211 6213/6213 6214/6214 6212/6212
f 6213/6213 6215/6215 6216/6216 6214/6214
f 6217/6217 6218/6218 6219/6219 6220/6220
f 6218/6218 6221/6221 6222/6222 6219/6219
f 6223/6223 6224/6224 6225/6225 6226/6226
f 6224/6224 6227/6227 6228/6228 6225/6225
f 6229/6229 6230/6230 6231/6231 6232/6232
f 6230/6230 6233/6233 6234/6234 6231/6231
f 6233/6233 6235/6235 6236/6236 6234/6234
f 6235/6235 6237/6237 6238/6238 6236/6236
f 6237/6237 6239/6239 6240/6240 6238/6238
f 6241/6241 6242/6242 6243/6243 6244/6244
f 6242/6242 6245/6245 6246/6246 6243/6243
f 6245/6245 6247/6247 6248/6248 6246/6246
f 6247/6247 6249/6249 6250/6250 6248/6248
f 6249/6249 6251/6251 6252/6252 6250/6250
f 6251/6251 6253/6253 6254/6254 6252/6252
f 6221/6221 6223/6223 6226/6226 6222/6222
f 6255/6255 6256/6256 6257/6257 6258/6258
f 6256/6256 6259/6259 6260/6260 6257/6257
f 6259/6259 6261/6261 6262/6262 6260/6260
f 6261/6261 6263/6263 6264/6264 6262/6262
f 6263/6263 6265/6265 6266/6266 6264/6264
f 6265/6265 6267/6267 6268/6268 6266/6266
f 6269/6269 6270/6270 6271/6271 6272/6272
f 6270/6270 6273/6273 6274/6274 6271/6271
f 6273/6273 6275/6275 6276/6276 6274/6274
f 6275/6275 6277/6277 6278/6278 6276/6276
f 6277/6277 6279/6279 6280/6280 6278/6278
f 6281/6281 6282/6282 6283/6283 6284/6284
f 6282/6282 6285/6285 6286/6286 6283/6283
f 6287/6287 6288/6288 6289/6289 6290/6290
f 6285/6285 6287/6287 6290/6290 6286/6286
f 6291/6291 6292/6292 6293/6293 6294/6294
f 6292/6292 6295/6295 6296/6296 6293/6293
f 6295/6295 6297/6297 6298/6298 6296/6296
f 6297/6297 6299/6299 6300/6300 6298/6298
f 6299/6299 6301/6301 6302/6302 6300/6300
f 6301/6301 6303/6303 6304/6304 6302/6302
f 6303/6303 6305/6305 6306/6306 6304/6304
f 6305/6305 6307/6307 6308/6308 6306/6306
f 6309/6309 6310/6310 6311/6311 6312/6312
f 6310/6310 6313/6313 6314/6314 6311/6311
f 6313/6313 6315/6315 6316/6316 6314/6314
f 6315/6315 6317/6317 6318/6318 6316/6316
f 6317/6317 6319/6319 6320/6320 6318/6318
f 6319/6319 6321/6321 6322/6322 6320/6320
f 6321/6321 6323/6323 6324/6324 6322/6322
f 6325/6325 6326/6326 6327/6327 6328/6328
f 6326/6326 6329/6329 6330/6330 6327/6327
f 6329/6329 6331/6331 6332/6332 6330/6330
f 6331/6331 6333/6333 6334/6334 6332/6332
f 6333/6333 6335/6335 6336/6336 6334/6334
f 6335/6335 6337/6337 6338/6338 6336/6336
f 6337/6337 6339/6339 6340/6340 6338/6338
f 6341/6341 6342/6342 6343/6343 6344/6344
f 6342/6342 6345/6345 6346/6346 6343/6343
f 6345/6345 6347/6347 6348/6348 6346/6346
f 6347/6347 6349/6349 6350/6350 6348/6348
f 6349/6349 6351/6351 6352/6352 6350/6350
f 6351/6351 6353/6353 6354/6354 6352/6352
f 6353/6353 6355/6355 6356/6356 6354/6354
f 6355/6355 6357/6357 6358/6358 6356/6356
f 6359/6359 6360/6360 6361/6361 6362/6362
f 6360/6360 6363/6363 6364/6364 6361/6361
f 6363/6363 6365/6365 6366/6366 6364/6364
f 6365/6365 6367/6367 6368/6368 6366/6366
f 6367/6367 6369/6369 6370/6370 6368/6368
f 6371/6371 6372/6372 6373/6373 6374/6374
f 6372/6372 6375/6375 6376/6376 6373/6373
f 6375/6375 6377/6377 6378/6378 6376/6376
f 6377/6377 6379/6379 6380/6380 6378/6378
f 6379/6379 6381/6381 6382/6382 6380/6380
f 6383/6383 6384/6384 6385/6385 6386/6386
f 6384/6384 6387/6387 6388/6388 6385/6385
f 6387/6387 6389/6389 6390/6390 6388/6388
f 6389/6389 6391/6391 6392/6392 6390/6390
f 6391/6391 6393/6393 6394/6394 6392/6392
f 6393/6393 6395/6395 6396/6396 6394/6394
f 6395/6395 6397/6397 6398/6398 6396/6396
f 6397/6397 6399/6399 6400/6400 6398/6398
f 6399/6399 6401/6401 6402/6402 6400/6400
f 6401/6401 6403/6403 6404/6404 6402/6402
f 6405/6405 6406/6406 6407/6407 6408/6408
f 6406/6406 6409/6409 6410/6410 6407/6407
f 6409/6409 6411/6411 6412/6412 6410/6410
f 6411/6411 6413/6413 6414/6414 6412/6412
f 6413/6413 6415/6415 6416/6416 6414/6414
f 6415/6415 6417/6417 6418/6418 6416/6416
f 6417/6417 6419/6419 6420/6420 6418/6418
f 6419/6419 6421/6421 6422/6422 6420/6420
f 6421/6421 6423/6423 6424/6424 6422/6422
f 6423/6423 6425/6425 6426/6426 6424/6424
f 6427/6427 6428/6428 6429/6429 6430/6430
f 6428/6428 6431/6431 6432/6432 6429/6429
f 6431/6431 6433/6433 6434/6434 6432/6432
f 6433/6433 6435/6435 6436/6436 6434/6434
f 6435/6435 6437/6437 6438/6438 6436/6436
f 6439/6439 6440/6440 6441/6441 6442/6442
f 6440/6440 6443/6443 6444/6444 6441/6441
f 6443/6443 6445/6445 6446/6446 6444/6444
f 6445/6445 6447/6447 6448/6448 6446/6446
f 6447/6447 6449/6449 6450/6450 6448/6448
f 6451/6451 6452/6452 6453/6453 6454/6454
f 6452/6452 6455/6455 6456/6456 6453/6453
f 6455/6455 6457/6457 6458/6458 6456/6456
f 6459/6459 6460/6460 6461/6461 6462/6462
f 6460/6460 6463/6463 6464/6464 6461/6461
f 6463/6463 6465/6465 6466/6466 6464/6464
f 6465/6465 6467/6467 6468/6468 6466/6466
f 6467/6467 6469/6469 6470/6470 6468/6468
f 6469/6469 6471/6471 6472/6472 6470/6470
f 6471/6471 6473/6473 6474/6474 6472/6472
f 6473/6473 6475/6475 6476/6476 6474/6474
f 6475/6475 6477/6477 6478/6478 6476/6476
f 6479/6479 6480/6480 6481/6481 6482/6482
f 6480/6480 6483/6483 6484/6484 6481/6481
f 6483/6483 6485/6485 6486/6486 6484/6484
f 6485/6485 6487/6487 6488/6488 6486/6486
f 6487/6487 6489/6489 6490/6490 6488/6488
f 6489/6489 6491/6491 6492/6492 6490/6490
f 6491/6491 6493/6493 6494/6494 6492/6492
f 6493/6493 6495/6495 6496/6496 6494/6494
f 6495/6495 6497/6497 6498/6498 6496/6496
f 6497/6497 6499/6499 6500/6500 6498/6498
f 6499/6499 6501/6501 6502/6502 6500/6500
f 6501/6501 6503/6503 6504/6504 6502/6502
f 6503/6503 6505/6505 6506/6506 6504/6504
f 6505/6505 6507/6507 6508/6508 6506/6506
f 6509/6509 6510/6510 6511/6511 6512/6512
f 6510/6510 6513/6513 6514/6514 6511/6511
f 6513/6513 6515/6515 6516/6516 6514/6514
f 6515/6515 6517/6517 6518/6518 6516/6516
f 6517/6517 6519/6519 6520/6520 6518/6518
f 6519/6519 6521/6521 6522/6522 6520/6520
f 6521/6521 6523/6523 6524/6524 6522/6522
f 6523/6523 6525/6525 6526/6526 6524/6524
f 6525/6525 6527/6527 6528/6528 6526/6526
f 6527/6527 6529/6529 6530/6530 6528/6528
f 6531/6531 6532/6532 6533/6533 6534/6534
f 6532/6532 6535/6535 6536/6536 6533/6533
f 6535/6535 6537/6537 6538/6538 6536/6536
f 6537/6537 6539/6539 6540/6540 6538/6538
f 6539/6539 6541/6541 6542/6542 6540/6540
f 6541/6541 6543/6543 6544/6544 6542/6542
f 6543/6543 6545/6545 6546/6546 6544/6544
f 6545/6545 6547/6547 6548/6548 6546/6546
f 6549/6549 6550/6550 6551/6551 6552/6552
f 6550/6550 6553/6553 6554/6554 6551/6551
f 6553/6553 6555/6555 6556/6556 6554/6554
f 6555/6555 6557/6557 6558/6558 6556/6556
f 6557/6557 6559/6559 6560/6560 6558/6558
f 6559/6559 6561/6561 6562/6562 6560/6560
f 6561/6561 6563/6563 6564/6564 6562/6562
f 6563/6563 6565/6565 6566/6566 6564/6564
f 6565/6565 6567/6567 6568/6568 6566/6566
f 6569/6569 6570/6570 6571/6571 6572/6572
f 6570/6570 6573/6573 6574/6574 6571/6571
f 6573/6573 6575/6575 6576/6576 6574/6574
f 6575/6575 6577/6577 6578/6578 6576/6576
f 6577/6577 6579/6579 6580/6580 6578/6578
f 6579/6579 6581/6581 6582/6582 6580/6580
f 6581/6581 6583/6583 6584/6584 6582/6582
f 6585/6585 6586/6586 6587/6587 6588/6588
f 6586/6586 6589/6589 6590/6590 6587/6587
f 6589/6589 6591/6591 6592/6592 6590/6590
f 6591/6591 6593/6593 6594/6594 6592/6592
f 6593/6593 6595/6595 6596/6596 6594/6594
f 6595/6595 6597/6597 6598/6598 6596/6596
f 6597/6597 6599/6599 6600/6600 6598/6598
f 6599/6599 6601/6601 6602/6602 6600/6600
f 6601/6601 6603/6603 6604/6604 6602/6602
f 6603/6603 6605/6605 6606/6606 6604/6604
f 6607/6607 6608/6608 6609/6609 6610/6610
f 6608/6608 6611/6611 6612/6612 6609/6609
f 6611/6611 6613/6613 6614/6614 6612/6612
f 6613/6613 6615/6615 6616/6616 6614/6614
f 6615/6615 6617/6617 6618/6618 6616/6616
f 6617/6617 6619/6619 6620/6620 6618/6618
f 6619/6619 6621/6621 6622/6622 6620/6620
f 6621/6621 6623/6623 6624/6624 6622/6622
f 6623/6623 6625/6625 6626/6626 6624/6624
f 6625/6625 6627/6627 6628/6628 6626/6626
f 6629/6629 6630/6630 6631/6631 6632/6632
f 6630/6630 6633/6633 6634/6634 6631/6631
f 6633/6633 6635/6635 6636/6636 6634/6634
f 6635/6635 6637/6637 6638/6638 6636/6636
f 6637/6637 6639/6639 6640/6640 6638/6638
f 6641/6641 6642/6642 6643/6643 6644/6644
f 6642/6642 6645/6645 6646/6646 6643/6643
f 6647/6647 6648/6648 6649/6649 6650/6650
f 6648/6648 6651/6651 6652/6652 6649/6649
f 6653/6653 6654/6654 6655/6655 6656/6656
f 6654/6654 6657/6657 6658/6658 6655/6655
f 6657/6657 6659/6659 6660/6660 6658/6658
f 6659/6659 6661/6661 6662/6662 6660/6660
f 6661/6661 6663/6663 6664/6664 6662/6662
f 6663/6663 6665/6665 6666/6666 6664/6664
f 6667/6667 6668/6668 6669/6669 6670/6670
f 6668/6668 6671/6671 6672/6672 6669/6669
f 6671/6671 6673/6673 6674/6674 6672/6672
f 6673/6673 6675/6675 6676/6676 6674/6674
f 6675/6675 6677/6677 6678/6678 6676/6676
f 6677/6677 6679/6679 6680/6680 6678/6678
f 6679/6679 6681/6681 6682/6682 6680/6680
f 6681/6681 6683/6683 6684/6684 6682/6682
f 6683/6683 6685/6685 6686/6686 6684/6684
f 6687/6687 6688/6688 6689/6689 6690/6690
f 6688/6688 6691/6691 6692/6692 6689/6689
f 6691/6691 6693/6693 6694/6694 6692/6692
f 6693/6693 6695/6695 6696/6696 6694/6694
f 6695/6695 6697/6697 6698/6698 6696/6696
f 6697/6697 6699/6699 6700/6700 6698/6698
f 6699/6699 6701/6701 6702/6702 6700/6700
f 6701/6701 6703/6703 6704/6704 6702/6702
f 6703/6703 6705/6705 6706/6706 6704/6704
f 6705/6705 6707/6707 6708/6708 6706/6706
f 6651/6651 6653/6653 6656/6656 6652/6652
f 6709/6709 6710/6710 6711/6711 6712/6712
f 6710/6710 6713/6713 6714/6714 6711/6711
f 6713/6713 6715/6715 6716/6716 6714/6714
f 6715/6715 6717/6717 6718/6718 6716/6716
f 6717/6717 6719/6719 6720/6720 6718/6718
f 6721/6721 6722/6722 6723/6723 6724/6724
f 6722/6722 6725/6725 6726/6726 6723/6723
f 6725/6725 6727/6727 6728/6728 6726/6726
f 6727/6727 6729/6729 6730/6730 6728/6728
f 6729/6729 6731/6731 6732/6732 6730/6730
f 6731/6731 6733/6733 6734/6734 6732/6732
f 6733/6733 6735/6735 6736/6736 6734/6734
f 6737/6737 6738/6738 6739/6739 6740/6740
f 6738/6738 6741/6741 6742/6742 6739/6739
f 6741/6741 6743/6743 6744/6744 6742/6742
f 6743/6743 6745/6745 6746/6746 6744/6744
f 6745/6745 6747/6747 6748/6748 6746/6746
f 6747/6747 6749/6749 6750/6750 6748/6748
f 6749/6749 6751/6751 6752/6752 6750/6750
f 6753/6753 6754/6754 6755/6755 6756/6756
f 6754/6754 6757/6757 6758/6758 6755/6755
f 6757/6757 6759/6759 6760/6760 6758/6758
f 6759/6759 6761/6761 6762/6762 6760/6760
f 6761/6761 6763/6763 6764/6764 6762/6762
f 6763/6763 6765/6765 6766/6766 6764/6764
f 6765/6765 6767/6767 6768/6768 6766/6766
f 6767/6767 6769/6769 6770/6770 6768/6768
f 6771/6771 6772/6772 6773/6773 6774/6774
f 6772/6772 6775/6775 6776/6776 6773/6773
f 6775/6775 6777/6777 6778/6778 6776/6776
f 6777/6777 6779/6779 6780/6780 6778/6778
f 6779/6779 6781/6781 6782/6782 6780/6780
f 6783/6783 6784/6784 6785/6785 6786/6786
f 6784/6784 6787/6787 6788/6788 6785/6785
f 6787/6787 6789/6789 6790/6790 6788/6788
f 6789/6789 6791/6791 6792/6792 6790/6790
f 6791/6791 6793/6793 6794/6794 6792/6792
f 6793/6793 6795/6795 6796/6796 6794/6794
f 6797/6797 6798/6798 6799/6799 6800/6800
f 6798/6798 6801/6801 6802/6802 6799/6799
f 6801/6801 6803/6803 6804/6804 6802/6802
f 6803/6803 6805/6805 6806/6806 6804/6804
f 6805/6805 6807/6807 6808/6808 6806/6806
f 6807/6807 6809/6809 6810/6810 6808/6808
f 6811/6811 6812/6812 6813/6813 6814/6814
f 6812/6812 6815/6815 6816/6816 6813/6813
f 6815/6815 6817/6817 6818/6818 6816/6816
f 6817/6817 6819/6819 6820/6820 6818/6818
f 6821/6821 6822/6822 6823/6823 6824/6824
f 6822/6822 6825/6825 6826/6826 6823/6823
f 6827/6827 6828/6828 6829/6829 6830/6830
f 6828/6828 6831/6831 6832/6832 6829/6829
f 6831/6831 6833/6833 6834/6834 6832/6832
f 6833/6833 6835/6835 6836/6836 6834/6834
f 6835/6835 6837/6837 6838/6838 6836/6836
f 6837/6837 6839/6839 6840/6840 6838/6838
f 6839/6839 6841/6841 6842/6842 6840/6840
f 6843/6843 6844/6844 6845/6845 6846/6846
f 6844/6844 6847/6847 6848/6848 6845/6845
f 6847/6847 6849/6849 6850/6850 6848/6848
f 6849/6849 6851/6851 6852/6852 6850/6850
f 6851/6851 6853/6853 6854/6854 6852/6852
f 6853/6853 6855/6855 6856/6856 6854/6854
f 6855/6855 6857/6857 6858/6858 6856/6856
f 6819/6819 6821/6821 6824/6824 6820/6820
f 6859/6859 6860/6860 6861/6861 6862/6862
f 6860/6860 6863/6863 6864/6864 6861/6861
f 6863/6863 6865/6865 6866/6866 6864/6864
f 6865/6865 6867/6867 6868/6868 6866/6866
f 6867/6867 6869/6869 6870/6870 6868/6868
f 6869/6869 6871/6871 6872/6872 6870/6870
f 6873/6873 6874/6874 6875/6875 6876/6876
f 6874/6874 6877/6877 6878/6878 6875/6875
f 6877/6877 6879/6879 6880/6880 6878/6878
f 6879/6879 6881/6881 6882/6882 6880/6880
f 6881/6881 6883/6883 6884/6884 6882/6882
f 6883/6883 6885/6885 6886/6886 6884/6884
f 6885/6885 6887/6887 6888/6888 6886/6886
f 6887/6887 6889/6889 6890/6890 6888/6888
f 6891/6891 6892/6892 6893/6893 6894/6894
f 6892/6892 6895/6895 6896/6896 6893/6893
f 6895/6895 6897/6897 6898/6898 6896/6896
f 6897/6897 6899/6899 6900/6900 6898/6898
f 6899/6899 6901/6901 6902/6902 6900/6900
f 6901/6901 6903/6903 6904/6904 6902/6902
f 6903/6903 6905/6905 6906/6906 6904/6904
f 6907/6907 6908/6908 6909/6909 6910/6910
f 6908/6908 6911/6911 6912/6912 6909/6909
f 6911/6911 6913/6913 6914/6914 6912/6912
f 6913/6913 6915/6915 6916/6916 6914/6914
f 6915/6915 6917/6917 6918/6918 6916/6916
f 6917/6917 6919/6919 6920/6920 6918/6918
f 6919/6919 6921/6921 6922/6922 6920/6920
f 6921/6921 6923/6923 6924/6924 6922/6922
f 6923/6923 6925/6925 6926/6926 6924/6924
f 6925/6925 6927/6927 6928/6928 6926/6926
f 6929/6929 6930/6930 6931/6931 6932/6932
f 6930/6930 6933/6933 6934/6934 6931/6931
f 6933/6933 6935/6935 6936/6936 6934/6934
f 6935/6935 6937/6937 6938/6938 6936/6936
f 6937/6937 6939/6939 6940/6940 6938/6938
f 6939/6939 6941/6941 6942/6942 6940/6940
f 6941/6941 6943/6943 6944/6944 6942/6942
f 6943/6943 6945/6945 6946/6946 6944/6944
f 6945/6945 6947/6947 6948/6948 6946/6946
f 6947/6947 6949/6949 6950/6950 6948/6948
f 6951/6951 6952/6952 6953/6953 6954/6954
f 6952/6952 6955/6955 6956/6956 6953/6953
f 6955/6955 6957/6957 6958/6958 6956/6956
f 6957/6957 6959/6959 6960/6960 6958/6958
f 6959/6959 6961/6961 6962/6962 6960/6960
f 6961/6961 6963/6963 6964/6964 6962/6962
f 6963/6963 6965/6965 6966/6966 6964/6964
f 6965/6965 6967/6967 6968/6968 6966/6966
f 6967/6967 6969/6969 6970/6970 6968/6968
f 6971/6971 6972/6972 6973/6973 6974/6974
f 6972/6972 6975/6975 6976/6976 6973/6973
f 6975/6975 6977/6977 6978/6978 6976/6976
f 6979/6979 6980/6980 6981/6981 6982/6982
f 6980/6980 6983/6983 6984/6984 6981/6981
f 6983/6983 6985/6985 6986/6986 6984/6984
f 6985/6985 6987/6987 6988/6988 6986/6986
f 6987/6987 6989/6989 6990/6990 6988/6988
f 6989/6989 6991/6991 6992/6992 6990/6990
f 6991/6991 6993/6993 6994/6994 6992/6992
f 6995/6995 6996/6996 6997/6997 6998/6998
f 6996/6996 6999/6999 7000/7000 6997/6997
f 6999/6999 7001/7001 7002/7002 7000/7000
f 7001/7001 7003/7003 7004/7004 7002/7002
f 7003/7003 7005/7005 7006/7006 7004/7004
f 7005/7005 7007/7007 7008/7008 7006/7006
f 7007/7007 7009/7009 7010/7010 7008/7008
f 7009/7009 7011/7011 7012/7012 7010/7010
f 7011/7011 7013/7013 7014/7014 7012/7012
f 7013/7013 7015/7015 7016/7016 7014/7014
f 7017/7017 7018/7018 7019/7019 7020/7020
f 7018/7018 7021/7021 7022/7022 7019/7019
f 7021/7021 7023/7023 7024/7024 7022/7022
f 7023/7023 7025/7025 7026/7026 7024/7024
f 7025/7025 7027/7027 7028/7028 7026/7026
f 7027/7027 7029/7029 7030/7030 7028/7028
f 7029/7029 7031/7031 7032/7032 7030/7030
f 7031/7031 7033/7033 7034/7034 7032/7032
f 7033/7033 7035/7035 7036/7036 7034/7034
f 7035/7035 7037/7037 7038/7038 7036/7036
f 7037/7037 7039/7039 7040/7040 7038/7038
f 6977/6977 6979/6979 6982/6982 6978/6978
f 7041/7041 7042/7042 7043/7043 7044/7044
f 7042/7042 7045/7045 7046/7046 7043/7043
f 7045/7045 7047/7047 7048/7048 7046/7046
f 7047/7047 7049/7049 7050/7050 7048/7048
f 7049/7049 7051/7051 7052/7052 7050/7050
f 7051/7051 7053/7053 7054/7054 7052/7052
f 7053/7053 7055/7055 7056/7056 7054/7054
f 7055/7055 7057/7057 7058/7058 7056/7056
f 7057/7057 7059/7059 7060/7060 7058/7058
f 7059/7059 7061/7061 7062/7062 7060/7060
f 7061/7061 7063/7063 7064/7064 7062/7062
f 7065/7065 7066/7066 7067/7067 7068/7068
f 7066/7066 7069/7069 7070/7070 7067/7067
f 7069/7069 7071/7071 7072/7072 7070/7070
f 7071/7071 7073/7073 7074/7074 7072/7072
f 7073/7073 7075/7075 7076/7076 7074/7074
f 7075/7075 7077/7077 7078/7078 7076/7076
f 7077/7077 7079/7079 7080/7080 7078/7078
f 7079/7079 7081/7081 7082/7082 7080/7080
f 7081/7081 7083/7083 7084/7084 7082/7082
f 7083/7083 7085/7085 7086/7086 7084/7084
f 7085/7085 7087/7087 7088/7088 7086/7086
f 7087/7087 7089/7089 7090/7090 7088/7088
f 7091/7091 7092/7092 7093/7093 7094/7094
f 7092/7092 7095/7095 7096/7096 7093/7093
f 7095/7095 7097/7097 7098/7098 7096/7096
f 7097/7097 7099/7099 7100/7100 7098/7098
f 7099/7099 7101/7101 7102/7102 7100/7100
f 7101/7101 7103/7103 7104/7104 7102/7102
f 7103/7103 7105/7105 7106/7106 7104/7104
f 7105/7105 7107/7107 7108/7108 7106/7106
f 7107/7107 7109/7109 7110/7110 7108/7108
f 7109/7109 7111/7111 7112/7112 7110/7110
f 7111/7111 7113/7113 7114/7114 7112/7112
f 7115/7115 7116/7116 7117/7117 7118/7118
f 7116/7116 7119/7119 7120/7120 7117/7117
f 7119/7119 7121/7121 7122/7122 7120/7120
f 7121/7121 7123/7123 7124/7124 7122/7122
f 7125/7125 7126/7126 7127/7127 7128/7128
f 7126/7126 7129/7129 7130/7130 7127/7127
f 7129/7129 7131/7131 7132/7132 7130/7130
f 7133/7133 7134/7134 7135/7135 7136/7136
f 7137/7137 7138/7138 7139/7139 7140/7140
f 7138/7138 7141/7141 7142/7142 7139/7139
f 7141/7141 7143/7143 7144/7144 7142/7142
f 7143/7143 7145/7145 7146/7146 7144/7144
f 7145/7145 7147/7147 7148/7148 7146/7146
f 7147/7147 7149/7149 7150/7150 7148/7148
f 7149/7149 7151/7151 7152/7152 7150/7150
f 7151/7151 7153/7153 7154/7154 7152/7152
f 7153/7153 7155/7155 7156/7156 7154/7154
f 7155/7155 7157/7157 7158/7158 7156/7156
f 7159/7159 7160/7160 7161/7161 7162/7162
f 7160/7160 7163/7163 7164/7164 7161/7161
f 7163/7163 7165/7165 7166/7166 7164/7164
f 7165/7165 7167/7167 7168/7168 7166/7166
f 7167/7167 7169/7169 7170/7170 7168/7168
f 7169/7169 7171/7171 7172/7172 7170/7170
f 7171/7171 7173/7173 7174/7174 7172/7172
f 7173/7173 7175/7175 7176/7176 7174/7174
f 7175/7175 7177/7177 7178/7178 7176/7176
f 7177/7177 7179/7179 7180/7180 7178/7178
f 7181/7181 7182/7182 7183/7183 7184/7184
f 7182/7182 7185/7185 7186/7186 7183/7183
f 7185/7185 7187/7187 7188/7188 7186/7186
f 7187/7187 7189/7189 7190/7190 7188/7188
f 7189/7189 7191/7191 7192/7192 7190/7190
f 7191/7191 7193/7193 7194/7194 7192/7192
f 7193/7193 7195/7195 7196/7196 7194/7194
f 7195/7195 7197/7197 7198/7198 7196/7196
f 7197/7197 7199/7199 7200/7200 7198/7198
f 7199/7199 7201/7201 7202/7202 7200/7200
f 7201/7201 7203/7203 7204/7204 7202/7202
f 7205/7205 7206/7206 7207/7207 7208/7208
f 7206/7206 7209/7209 7210/7210 7207/7207
f 7209/7209 7211/7211 7212/7212 7210/7210
f 7211/7211 7213/7213 7214/7214 7212/7212
f 7213/7213 7215/7215 7216/7216 7214/7214
f 7215/7215 7217/7217 7218/7218 7216/7216
f 7217/7217 7219/7219 7220/7220 7218/7218
f 7219/7219 7221/7221 7222/7222 7220/7220
f 7221/7221 7223/7223 7224/7224 7222/7222
f 7223/7223 7225/7225 7226/7226 7224/7224
f 7227/7227 7228/7228 7229/7229 7230/7230
f 7228/7228 7231/7231 7232/7232 7229/7229
f 7231/7231 7233/7233 7234/7234 7232/7232
f 7233/7233 7235/7235 7236/7236 7234/7234
f 7235/7235 7237/7237 7238/7238 7236/7236
f 7239/7239 7240/7240 7241/7241 7242/7242
f 7240/7240 7243/7243 7244/7244 7241/7241
f 7245/7245 7246/7246 7247/7247 7248/7248
f 7246/7246 7249/7249 7250/7250 7247/7247
f 7249/7249 7251/7251 7252/7252 7250/7250
f 7251/7251 7253/7253 7254/7254 7252/7252
f 7255/7255 7256/7256 7257/7257 7258/7258
f 7256/7256 7259/7259 7260/7260 7257/7257
f 7259/7259 7261/7261 7262/7262 7260/7260
f 7261/7261 7263/7263 7264/7264 7262/7262
f 7263/7263 7265/7265 7266/7266 7264/7264
f 7265/7265 7267/7267 7268/7268 7266/7266
f 7267/7267 7269/7269 7270/7270 7268/7268
f 7271/7271 7272/7272 7273/7273 7274/7274
f 7272/7272 7275/7275 7276/7276 7273/7273
f 7275/7275 7277/7277 7278/7278 7276/7276
f 7277/7277 7279/7279 7280/7280 7278/7278
f 7279/7279 7281/7281 7282/7282 7280/7280
f 7283/7283 7284/7284 7285/7285 7286/7286
f 7284/7284 7287/7287 7288/7288 7285/7285
f 7287/7287 7289/7289 7290/7290 7288/7288
f 7269/7269 7291/7291 7292/7292 7270/7270
f 7293/7293 7271/7271 7274/7274 7294/7294
f 7281/7281 7283/7283 7286/7286 7282/7282
f 7243/7243 7245/7245 7248/7248 7244/7244
f 7295/7295 7296/7296 7297/7297 7298/7298
f 7296/7296 7299/7299 7300/7300 7297/7297
f 7299/7299 7301/7301 7302/7302 7300/7300
f 7301/7301 7303/7303 7304/7304 7302/7302
f 7303/7303 7305/7305 7306/7306 7304/7304
f 7305/7305 7307/7307 7308/7308 7306/7306
f 7307/7307 7309/7309 7310/7310 7308/7308
f 7309/7309 7311/7311 7312/7312 7310/7310
f 7311/7311 7313/7313 7314/7314 7312/7312
f 7313/7313 7315/7315 7316/7316 7314/7314
f 7315/7315 7317/7317 7318/7318 7316/7316
f 7317/7317 7319/7319 7320/7320 7318/7318
f 7319/7319 7321/7321 7322/7322 7320/7320
f 7323/7323 7324/7324 7325/7325 7326/7326
f 7324/7324 7327/7327 7328/7328 7325/7325
f 7327/7327 7329/7329 7330/7330 7328/7328
f 7329/7329 7331/7331 7332/7332 7330/7330
f 7331/7331 7333/7333 7334/7334 7332/7332
f 7333/7333 7335/7335 7336/7336 7334/7334
f 7335/7335 7337/7337 7338/7338 7336/7336
f 7337/7337 7339/7339 7340/7340 7338/7338
f 7339/7339 7341/7341 7342/7342 7340/7340
f 7341/7341 7343/7343 7344/7344 7342/7342
f 7343/7343 7345/7345 7346/7346 7344/7344
f 7347/7347 7348/7348 7349/7349 7350/7350
f 7348/7348 7351/7351 7352/7352 7349/7349
f 7353/7353 7354/7354 7355/7355 7356/7356
f 7354/7354 7357/7357 7358/7358 7355/7355
f 7357/7357 7359/7359 7360/7360 7358/7358
f 7359/7359 7361/7361 7362/7362 7360/7360
f 7363/7363 7364/7364 7365/7365 7366/7366
f 7364/7364 7367/7367 7368/7368 7365/7365
f 7367/7367 7369/7369 7370/7370 7368/7368
f 7369/7369 7371/7371 7372/7372 7370/7370
f 7371/7371 7373/7373 7374/7374 7372/7372
f 7373/7373 7375/7375 7376/7376 7374/7374
f 7377/7377 7378/7378 7379/7379 7380/7380
f 7378/7378 7381/7381 7382/7382 7379/7379
f 7383/7383 7384/7384 7385/7385 7386/7386
f 7384/7384 7387/7387 7388/7388 7385/7385
f 7387/7387 7389/7389 7390/7390 7388/7388
f 7381/7381 7383/7383 7386/7386 7382/7382
f 7351/7351 7353/7353 7356/7356 7352/7352
f 7391/7391 7392/7392 7393/7393 7394/7394
f 7392/7392 7395/7395 7396/7396 7393/7393
f 7395/7395 7397/7397 7398/7398 7396/7396
f 7399/7399 7400/7400 7401/7401 7402/7402
f 7400/7400 7403/7403 7404/7404 7401/7401
f 7403/7403 7405/7405 7406/7406 7404/7404
f 7405/7405 7407/7407 7408/7408 7406/7406
f 7407/7407 7409/7409 7410/7410 7408/7408
f 7409/7409 7411/7411 7412/7412 7410/7410
f 7411/7411 7413/7413 7414/7414 7412/7412
f 7413/7413 7415/7415 7416/7416 7414/7414
f 7417/7417 7418/7418 7419/7419 7420/7420
f 7418/7418 7421/7421 7422/7422 7419/7419
f 7421/7421 7423/7423 7424/7424 7422/7422
f 7423/7423 7425/7425 7426/7426 7424/7424
f 7425/7425 7427/7427 7428/7428 7426/7426
f 7427/7427 7429/7429 7430/7430 7428/7428
f 7429/7429 7431/7431 7432/7432 7430/7430
f 7431/7431 7433/7433 7434/7434 7432/7432
f 7433/7433 7435/7435 7436/7436 7434/7434
f 7437/7437 7438/7438 7439/7439 7440/7440
f 7438/7438 7441/7441 7442/7442 7439/7439
f 7441/7441 7443/7443 7444/7444 7442/7442
f 7443/7443 7445/7445 7446/7446 7444/7444
f 7445/7445 7447/7447 7448/7448 7446/7446
f 7447/7447 7449/7449 7450/7450 7448/7448
f 7449/7449 7451/7451 7452/7452 7450/7450
f 7451/7451 7453/7453 7454/7454 7452/7452
f 7455/7455 7456/7456 7457/7457 7458/7458
f 7456/7456 7459/7459 7460/7460 7457/7457
f 7459/7459 7461/7461 7462/7462 7460/7460
f 7461/7461 7463/7463 7464/7464 7462/7462
f 7463/7463 7465/7465 7466/7466 7464/7464
f 7465/7465 7467/7467 7468/7468 7466/7466
f 7469/7469 7470/7470 7471/7471 7472/7472
f 7470/7470 7473/7473 7474/7474 7471/7471
f 7473/7473 7475/7475 7476/7476 7474/7474
f 7475/7475 7477/7477 7478/7478 7476/7476
f 7477/7477 7479/7479 7480/7480 7478/7478
f 7479/7479 7481/7481 7482/7482 7480/7480
f 7483/7483 7484/7484 7485/7485 7486/7486
f 7484/7484 7487/7487 7488/7488 7485/7485
f 7487/7487 7489/7489 7490/7490 7488/7488
f 7489/7489 7491/7491 7492/7492 7490/7490
f 7491/7491 7493/7493 7494/7494 7492/7492
f 7493/7493 7495/7495 7496/7496 7494/7494
f 7497/7497 7498/7498 7499/7499 7500/7500
f 7498/7498 7501/7501 7502/7502 7499/7499
f 7501/7501 7503/7503 7504/7504 7502/7502
f 7503/7503 7505/7505 7506/7506 7504/7504
f 7505/7505 7507/7507 7508/7508 7506/7506
f 7507/7507 7509/7509 7510/7510 7508/7508
f 7511/7511 7512/7512 7513/7513 7514/7514
f 7512/7512 7515/7515 7516/7516 7513/7513
f 7515/7515 7517/7517 7518/7518 7516/7516
f 7517/7517 7519/7519 7520/7520 7518/7518
f 7519/7519 7521/7521 7522/7522 7520/7520
f 7521/7521 7523/7523 7524/7524 7522/7522
f 7523/7523 7525/7525 7526/7526 7524/7524
f 7525/7525 7527/7527 7528/7528 7526/7526
f 7529/7529 7530/7530 7531/7531 7532/7532
f 7530/7530 7533/7533 7534/7534 7531/7531
f 7533/7533 7535/7535 7536/7536 7534/7534
f 7535/7535 7537/7537 7538/7538 7536/7536
f 7537/7537 7539/7539 7540/7540 7538/7538
f 7539/7539 7541/7541 7542/7542 7540/7540
f 7543/7543 7544/7544 7545/7545 7546/7546
f 7544/7544 7547/7547 7548/7548 7545/7545
f 7547/7547 7549/7549 7550/7550 7548/7548
f 7549/7549 7551/7551 7552/7552 7550/7550
f 7551/7551 7553/7553 7554/7554 7552/7552
f 7553/7553 7555/7555 7556/7556 7554/7554
f 7555/7555 7557/7557 7558/7558 7556/7556
f 7559/7559 7560/7560 7561/7561 7562/7562
f 7560/7560 7563/7563 7564/7564 7561/7561
f 7563/7563 7565/7565 7566/7566 7564/7564
f 7565/7565 7567/7567 7568/7568 7566/7566
f 7567/7567 7569/7569 7570/7570 7568/7568
f 7569/7569 7571/7571 7572/7572 7570/7570
f 7573/7573 7574/7574 7575/7575 7576/7576
f 7574/7574 7577/7577 7578/7578 7575/7575
f 7577/7577 7579/7579 7580/7580 7578/7578
f 7579/7579 7581/7581 7582/7582 7580/7580
f 7581/7581 7583/7583 7584/7584 7582/7582
f 7583/7583 7585/7585 7586/7586 7584/7584
f 7585/7585 7587/7587 7588/7588 7586/7586
f 7589/7589 7590/7590 7591/7591 7592/7592
f 7590/7590 7593/7593 7594/7594 7591/7591
f 7593/7593 7595/7595 7596/7596 7594/7594
f 7595/7595 7597/7597 7598/7598 7596/7596
f 7597/7597 7599/7599 7600/7600 7598/7598
f 7599/7599 7601/7601 7602/7602 7600/7600
f 7601/7601 7603/7603 7604/7604 7602/7602
f 7605/7605 7606/7606 7607/7607 7608/7608
f 7606/7606 7609/7609 7610/7610 7607/7607
f 7609/7609 7611/7611 7612/7612 7610/7610
f 7611/7611 7613/7613 7614/7614 7612/7612
f 7613/7613 7615/7615 7616/7616 7614/7614
f 7615/7615 7617/7617 7618/7618 7616/7616
f 7617/7617 7619/7619 7620/7620 7618/7618
f 7621/7621 7622/7622 7623/7623 7624/7624
f 7622/7622 7625/7625 7626/7626 7623/7623
f 7625/7625 7627/7627 7628/7628 7626/7626
f 7627/7627 7629/7629 7630/7630 7628/7628
f 7629/7629 7631/7631 7632/7632 7630/7630
f 7631/7631 7633/7633 7634/7634 7632/7632
f 7633/7633 7635/7635 7636/7636 7634/7634
f 7635/7635 7637/7637 7638/7638 7636/7636
f 7639/7639 7640/7640 7641/7641 7642/7642
f 7640/7640 7643/7643 7644/7644 7641/7641
f 7643/7643 7645/7645 7646/7646 7644/7644
f 7645/7645 7647/7647 7648/7648 7646/7646
f 7647/7647 7649/7649 7650/7650 7648/7648
f 7649/7649 7651/7651 7652/7652 7650/7650
f 7651/7651 7653/7653 7654/7654 7652/7652
f 7653/7653 7655/7655 7656/7656 7654/7654
f 7657/7657 7658/7658 7659/7659 7660/7660
f 7658/7658 7661/7661 7662/7662 7659/7659
f 7661/7661 7663/7663 7664/7664 7662/7662
f 7663/7663 7665/7665 7666/7666 7664/7664
f 7665/7665 7667/7667 7668/7668 7666/7666
f 7667/7667 7669/7669 7670/7670 7668/7668
f 7671/7671 7672/7672 7673/7673 7674/7674
f 7672/7672 7675/7675 7676/7676 7673/7673
f 7675/7675 7677/7677 7678/7678 7676/7676
f 7677/7677 7679/7679 7680/7680 7678/7678
f 7679/7679 7681/7681 7682/7682 7680/7680
f 7681/7681 7683/7683 7684/7684 7682/7682
f 7685/7685 7686/7686 7687/7687 7688/7688
f 7686/7686 7689/7689 7690/7690 7687/7687
f 7689/7689 7691/7691 7692/7692 7690/7690
f 7691/7691 7693/7693 7694/7694 7692/7692
f 7693/7693 7695/7695 7696/7696 7694/7694
f 7695/7695 7697/7697 7698/7698 7696/7696
f 7699/7699 7700/7700 7701/7701 7702/7702
f 7700/7700 7703/7703 7704/7704 7701/7701
f 7703/7703 7705/7705 7706/7706 7704/7704
f 7705/7705 7707/7707 7708/7708 7706/7706
f 7707/7707 7709/7709 7710/7710 7708/7708
f 7709/7709 7711/7711 7712/7712 7710/7710
f 7713/7713 7714/7714 7715/7715 7716/7716
f 7714/7714 7717/7717 7718/7718 7715/7715
f 7717/7717 7719/7719 7720/7720 7718/7718
f 7719/7719 7721/7721 7722/7722 7720/7720
f 7721/7721 7723/7723 7724/7724 7722/7722
f 7723/7723 7725/7725 7726/7726 7724/7724
f 7725/7725 7727/7727 7728/7728 7726/7726
f 7727/7727 7729/7729 7730/7730 7728/7728
f 7729/7729 7731/7731 7732/7732 7730/7730
f 7731/7731 7733/7733 7734/7734 7732/7732
f 7733/7733 7735/7735 7736/7736 7734/7734
f 7735/7735 7737/7737 7738/7738 7736/7736
f 7737/7737 7739/7739 7740/7740 7738/7738
f 7741/7741 7742/7742 7743/7743 7744/7744
f 7742/7742 7745/7745 7746/7746 7743/7743
f 7745/7745 7747/7747 7748/7748 7746/7746
f 7747/7747 7749/7749 7750/7750 7748/7748
f 7749/7749 7751/7751 7752/7752 7750/7750
f 7751/7751 7753/7753 7754/7754 7752/7752
f 7753/7753 7755/7755 7756/7756 7754/7754
f 7755/7755 7757/7757 7758/7758 7756/7756
f 7757/7757 7759/7759 7760/7760 7758/7758
f 7759/7759 7761/7761 7762/7762 7760/7760
f 7761/7761 7763/7763 7764/7764 7762/7762
f 7765/7765 7766/7766 7767/7767 7768/7768
f 7766/7766 7769/7769 7770/7770 7767/7767
f 7769/7769 7771/7771 7772/7772 7770/7770
f 7771/7771 7773/7773 7774/7774 7772/7772
f 7773/7773 7775/7775 7776/7776 7774/7774
f 7775/7775 7777/7777 7778/7778 7776/7776
f 7777/7777 7779/7779 7780/7780 7778/7778
f 7779/7779 7781/7781 7782/7782 7780/7780
f 7781/7781 7783/7783 7784/7784 7782/7782
f 7783/7783 7785/7785 7786/7786 7784/7784
f 7787/7787 7788/7788 7789/7789 7790/7790
f 7788/7788 7791/7791 7792/7792 7789/7789
f 7791/7791 7793/7793 7794/7794 7792/7792
f 7795/7795 7796/7796 7797/7797 7798/7798
f 7796/7796 7799/7799 7800/7800 7797/7797
f 7799/7799 7801/7801 7802/7802 7800/7800
f 7801/7801 7803/7803 7804/7804 7802/7802
f 7803/7803 7805/7805 7806/7806 7804/7804
f 7807/7807 7808/7808 7809/7809 7810/7810
f 7808/7808 7811/7811 7812/7812 7809/7809
f 7811/7811 7813/7813 7814/7814 7812/7812
f 7813/7813 7815/7815 7816/7816 7814/7814
f 7815/7815 7817/7817 7818/7818 7816/7816
f 7819/7819 7787/7787 7790/7790 7820/7820
f 7821/7821 7822/7822 7823/7823 7824/7824
f 7822/7822 7825/7825 7826/7826 7823/7823
f 7825/7825 7827/7827 7828/7828 7826/7826
f 7827/7827 7829/7829 7830/7830 7828/7828
f 7829/7829 7831/7831 7832/7832 7830/7830
f 7831/7831 7833/7833 7834/7834 7832/7832
f 7833/7833 7835/7835 7836/7836 7834/7834
f 7837/7837 7838/7838 7839/7839 7840/7840
f 7838/7838 7841/7841 7842/7842 7839/7839
f 7841/7841 7843/7843 7844/7844 7842/7842
f 7843/7843 7845/7845 7846/7846 7844/7844
f 7845/7845 7847/7847 7848/7848 7846/7846
f 7847/7847 7849/7849 7850/7850 7848/7848
f 7849/7849 7851/7851 7852/7852 7850/7850
f 7853/7853 7854/7854 7855/7855 7856/7856
f 7857/7857 7858/7858 7859/7859 7860/7860
f 7858/7858 7861/7861 7862/7862 7859/7859
f 7861/7861 7863/7863 7864/7864 7862/7862
f 7863/7863 7865/7865 7866/7866 7864/7864
f 7865/7865 7867/7867 7868/7868 7866/7866
f 7869/7869 7870/7870 7871/7871 7872/7872
f 7870/7870 7873/7873 7874/7874 7871/7871
f 7873/7873 7875/7875 7876/7876 7874/7874
f 7875/7875 7877/7877 7878/7878 7876/7876
f 7877/7877 7879/7879 7880/7880 7878/7878
f 7879/7879 7881/7881 7882/7882 7880/7880
f 7854/7854 7857/7857 7860/7860 7855/7855
f 7881/7881 7883/7883 7884/7884 7882/7882
f 7885/7885 7886/7886 7887/7887 7888/7888
f 7886/7886 7889/7889 7890/7890 7887/7887
f 7889/7889 7891/7891 7892/7892 7890/7890
f 7891/7891 7893/7893 7894/7894 7892/7892
f 7895/7895 7896/7896 7897/7897 7898/7898
f 7896/7896 7899/7899 7900/7900 7897/7897
f 7899/7899 7901/7901 7902/7902 7900/7900
f 7901/7901 7903/7903 7904/7904 7902/7902
f 7903/7903 7905/7905 7906/7906 7904/7904
f 7905/7905 7907/7907 7908/7908 7906/7906
f 7909/7909 7910/7910 7911/7911 7912/7912
f 7910/7910 7913/7913 7914/7914 7911/7911
f 7913/7913 7915/7915 7916/7916 7914/7914
f 7915/7915 7917/7917 7918/7918 7916/7916
f 7917/7917 7919/7919 7920/7920 7918/7918
f 7921/7921 7922/7922 7923/7923 7924/7924
f 7922/7922 7925/7925 7926/7926 7923/7923
f 7925/7925 7927/7927 7928/7928 7926/7926
f 7927/7927 7929/7929 7930/7930 7928/7928
f 7929/7929 7931/7931 7932/7932 7930/7930
f 7931/7931 7933/7933 7934/7934 7932/7932
f 7935/7935 7936/7936 7937/7937 7938/7938
f 7936/7936 7939/7939 7940/7940 7937/7937
f 7939/7939 7941/7941 7942/7942 7940/7940
f 7941/7941 7943/7943 7944/7944 7942/7942
f 7943/7943 7945/7945 7946/7946 7944/7944
f 7947/7947 7948/7948 7949/7949 7950/7950
f 7948/7948 7951/7951 7952/7952 7949/7949
f 7951/7951 7953/7953 7954/7954 7952/7952
f 7953/7953 7955/7955 7956/7956 7954/7954
f 7955/7955 7957/7957 7958/7958 7956/7956
f 7959/7959 7960/7960 7961/7961 7962/7962
f 7960/7960 7963/7963 7964/7964 7961/7961
f 7963/7963 7965/7965 7966/7966 7964/7964
f 7965/7965 7967/7967 7968/7968 7966/7966
f 7967/7967 7969/7969 7970/7970 7968/7968
f 7971/7971 7972/7972 7973/7973 7974/7974
f 7972/7972 7975/7975 7976/7976 7973/7973
f 7975/7975 7977/7977 7978/7978 7976/7976
f 7977/7977 7979/7979 7980/7980 7978/7978
f 7981/7981 7982/7982 7983/7983 7984/7984
f 7982/7982 7985/7985 7986/7986 7983/7983
f 7987/7987 7988/7988 7989/7989 7990/7990
f 7988/7988 7991/7991 7992/7992 7989/7989
f 7991/7991 7993/7993 7994/7994 7992/7992
f 7995/7995 7996/7996 7997/7997 7998/7998
f 7996/7996 7999/7999 8000/8000 7997/7997
f 7999/7999 8001/8001 8002/8002 8000/8000
f 8001/8001 8003/8003 8004/8004 8002/8002
f 8003/8003 8005/8005 8006/8006 8004/8004
f 8005/8005 8007/8007 8008/8008 8006/8006
f 7985/7985 7987/7987 7990/7990 7986/7986
f 8009/8009 8010/8010 8011/8011 8012/8012
f 8010/8010 8013/8013 8014/8014 8011/8011
f 8013/8013 8015/8015 8016/8016 8014/8014
f 8015/8015 8017/8017 8018/8018 8016/8016
f 8017/8017 8019/8019 8020/8020 8018/8018
f 8019/8019 8021/8021 8022/8022 8020/8020
f 8021/8021 8023/8023 8024/8024 8022/8022
f 8025/8025 8026/8026 8027/8027 8028/8028
f 8026/8026 8029/8029 8030/8030 8027/8027
f 8029/8029 8031/8031 8032/8032 8030/8030
f 8031/8031 8033/8033 8034/8034 8032/8032
f 8033/8033 8035/8035 8036/8036 8034/8034
f 8035/8035 8037/8037 8038/8038 8036/8036
f 8039/8039 8040/8040 8041/8041 8042/8042
f 8040/8040 8043/8043 8044/8044 8041/8041
f 8043/8043 8045/8045 8046/8046 8044/8044
f 8045/8045 8047/8047 8048/8048 8046/8046
f 8047/8047 8049/8049 8050/8050 8048/8048
f 8049/8049 8051/8051 8052/8052 8050/8050
f 8051/8051 8053/8053 8054/8054 8052/8052
f 8055/8055 8056/8056 8057/8057 8058/8058
f 8056/8056 8059/8059 8060/8060 8057/8057
f 8059/8059 8061/8061 8062/8062 8060/8060
f 8061/8061 8063/8063 8064/8064 8062/8062
f 8065/8065 8066/8066 8067/8067 8068/8068
f 8066/8066 8069/8069 8070/8070 8067/8067
f 8069/8069 8071/8071 8072/8072 8070/8070
f 8071/8071 8073/8073 8074/8074 8072/8072
f 8075/8075 8076/8076 8077/8077 8078/8078
f 8076/8076 8079/8079 8080/8080 8077/8077
f 8079/8079 8081/8081 8082/8082 8080/8080
f 8081/8081 8083/8083 8084/8084 8082/8082
f 8083/8083 8085/8085 8086/8086 8084/8084
f 8087/8087 8088/8088 8089/8089 8090/8090
f 8088/8088 8091/8091 8092/8092 8089/8089
f 8091/8091 8093/8093 8094/8094 8092/8092
f 8093/8093 8095/8095 8096/8096 8094/8094
f 8095/8095 8097/8097 8098/8098 8096/8096
f 8097/8097 8099/8099 8100/8100 8098/8098
f 8101/8101 8102/8102 8103/8103 8104/8104
f 8105/8105 8106/8106 8107/8107 8108/8108
f 8102/8102 8109/8109 8110/8110 8103/8103
f 8109/8109 8111/8111 8112/8112 8110/8110
f 8111/8111 8105/8105 8108/8108 8112/8112
f 8113/8113 8114/8114 8115/8115 8116/8116
f 8114/8114 8117/8117 8118/8118 8115/8115
f 8117/8117 8119/8119 8120/8120 8118/8118
f 8119/8119 8121/8121 8122/8122 8120/8120
f 8121/8121 8123/8123 8124/8124 8122/8122
f 8123/8123 8125/8125 8126/8126 8124/8124
f 8125/8125 8127/8127 8128/8128 8126/8126
f 8127/8127 8129/8129 8130/8130 8128/8128
f 8129/8129 8131/8131 8132/8132 8130/8130
f 8133/8133 8134/8134 8135/8135 8136/8136
f 8134/8134 8137/8137 8138/8138 8135/8135
f 8137/8137 8139/8139 8140/8140 8138/8138
f 8139/8139 8141/8141 8142/8142 8140/8140
f 8141/8141 8143/8143 8144/8144 8142/8142
f 8143/8143 8145/8145 8146/8146 8144/8144
f 8145/8145 8147/8147 8148/8148 8146/8146
f 8149/8149 8150/8150 8151/8151 8152/8152
f 8150/8150 8153/8153 8154/8154 8151/8151
f 8153/8153 8155/8155 8156/8156 8154/8154
f 8155/8155 8157/8157 8158/8158 8156/8156
f 8157/8157 8159/8159 8160/8160 8158/8158
f 8159/8159 8161/8161 8162/8162 8160/8160
f 8161/8161 8163/8163 8164/8164 8162/8162
f 8163/8163 8165/8165 8166/8166 8164/8164
f 8167/8167 8168/8168 8169/8169 8170/8170
f 8168/8168 8171/8171 8172/8172 8169/8169
f 8171/8171 8173/8173 8174/8174 8172/8172
f 8173/8173 8175/8175 8176/8176 8174/8174
f 8175/8175 8177/8177 8178/8178 8176/8176
f 8177/8177 8179/8179 8180/8180 8178/8178
f 8179/8179 8181/8181 8182/8182 8180/8180
f 8181/8181 8183/8183 8184/8184 8182/8182
f 8185/8185 8186/8186 8187/8187 8188/8188
f 8186/8186 8189/8189 8190/8190 8187/8187
f 8189/8189 8191/8191 8192/8192 8190/8190
f 8191/8191 8193/8193 8194/8194 8192/8192
f 8193/8193 8195/8195 8196/8196 8194/8194
f 8195/8195 8197/8197 8198/8198 8196/8196
f 8197/8197 8199/8199 8200/8200 8198/8198
f 8199/8199 8201/8201 8202/8202 8200/8200
f 8201/8201 8203/8203 8204/8204 8202/8202
f 8205/8205 8206/8206 8207/8207 8208/8208
f 8206/8206 8209/8209 8210/8210 8207/8207
f 8209/8209 8211/8211 8212/8212 8210/8210
f 8211/8211 8213/8213 8214/8214 8212/8212
f 8213/8213 8215/8215 8216/8216 8214/8214
f 8217/8217 8218/8218 8219/8219 8220/8220
f 8218/8218 8205/8205 8208/8208 8219/8219
f 8221/8221 8222/8222 8223/8223 8224/8224
f 8222/8222 8225/8225 8226/8226 8223/8223
f 8225/8225 8227/8227 8228/8228 8226/8226
f 8227/8227 8229/8229 8230/8230 8228/8228
f 8229/8229 8231/8231 8232/8232 8230/8230
f 8231/8231 8233/8233 8234/8234 8232/8232
f 8233/8233 8235/8235 8236/8236 8234/8234
f 8235/8235 8237/8237 8238/8238 8236/8236
f 8239/8239 8240/8240 8241/8241 8242/8242
f 8240/8240 8243/8243 8244/8244 8241/8241
f 8243/8243 8245/8245 8246/8246 8244/8244
f 8245/8245 8247/8247 8248/8248 8246/8246
f 8247/8247 8249/8249 8250/8250 8248/8248
f 8249/8249 8251/8251 8252/8252 8250/8250
f 8251/8251 8253/8253 8254/8254 8252/8252
f 8253/8253 8255/8255 8256/8256 8254/8254
f 8255/8255 8257/8257 8258/8258 8256/8256
f 8259/8259 8260/8260 8261/8261 8262/8262
f 8260/8260 8263/8263 8264/8264 8261/8261
f 8263/8263 8265/8265 8266/8266 8264/8264
f 8265/8265 8267/8267 8268/8268 8266/8266
f 8267/8267 8269/8269 8270/8270 8268/8268
f 8269/8269 8271/8271 8272/8272 8270/8270
f 8271/8271 8273/8273 8274/8274 8272/8272
f 8273/8273 8275/8275 8276/8276 8274/8274
f 8275/8275 8277/8277 8278/8278 8276/8276
f 8279/8279 8280/8280 8281/8281 8282/8282
f 8280/8280 8283/8283 8284/8284 8281/8281
f 8283/8283 8285/8285 8286/8286 8284/8284
f 8285/8285 8287/8287 8288/8288 8286/8286
f 8287/8287 8289/8289 8290/8290 8288/8288
f 8289/8289 8291/8291 8292/8292 8290/8290
f 8291/8291 8293/8293 8294/8294 8292/8292
f 8293/8293 8295/8295 8296/8296 8294/8294
f 8297/8297 8298/8298 8299/8299 8300/8300
f 8298/8298 8301/8301 8302/8302 8299/8299
f 8301/8301 8303/8303 8304/8304 8302/8302
f 8303/8303 8305/8305 8306/8306 8304/8304
f 8305/8305 8307/8307 8308/8308 8306/8306
f 8309/8309 8310/8310 8311/8311 8312/8312
f 8310/8310 8313/8313 8314/8314 8311/8311
f 8313/8313 8315/8315 8316/8316 8314/8314
f 8315/8315 8317/8317 8318/8318 8316/8316
f 8319/8319 8320/8320 8321/8321 8322/8322
f 8320/8320 8323/8323 8324/8324 8321/8321
f 8323/8323 8325/8325 8326/8326 8324/8324
f 8307/8307 8327/8327 8328/8328 8308/8308
f 8317/8317 8319/8319 8322/8322 8318/8318
f 8329/8329 8330/8330 8331/8331 8332/8332
f 8330/8330 8333/8333 8334/8334 8331/8331
f 8333/8333 8335/8335 8336/8336 8334/8334
f 8335/8335 8337/8337 8338/8338 8336/8336
f 8339/8339 8340/8340 8341/8341 8342/8342
f 8340/8340 8343/8343 8344/8344 8341/8341
f 8343/8343 8345/8345 8346/8346 8344/8344
f 8345/8345 8347/8347 8348/8348 8346/8346
f 8349/8349 8350/8350 8351/8351 8352/8352
f 8350/8350 8353/8353 8354/8354 8351/8351
f 8353/8353 8355/8355 8356/8356 8354/8354
f 8355/8355 8357/8357 8358/8358 8356/8356
f 8357/8357 8359/8359 8360/8360 8358/8358
f 8359/8359 8361/8361 8362/8362 8360/8360
f 8361/8361 8363/8363 8364/8364 8362/8362
f 8363/8363 8365/8365 8366/8366 8364/8364
f 8367/8367 8368/8368 8369/8369 8370/8370
f 8368/8368 8371/8371 8372/8372 8369/8369
f 8371/8371 8373/8373 8374/8374 8372/8372
f 8373/8373 8375/8375 8376/8376 8374/8374
f 8375/8375 8377/8377 8378/8378 8376/8376
f 8377/8377 8379/8379 8380/8380 8378/8378
f 8379/8379 8381/8381 8382/8382 8380/8380
f 8337/8337 8339/8339 8342/8342 8338/8338
f 8383/8383 8384/8384 8385/8385 8386/8386
f 8384/8384 8387/8387 8388/8388 8385/8385
f 8387/8387 8389/8389 8390/8390 8388/8388
f 8389/8389 8391/8391 8392/8392 8390/8390
f 8391/8391 8393/8393 8394/8394 8392/8392
f 8393/8393 8395/8395 8396/8396 8394/8394
f 8395/8395 8397/8397 8398/8398 8396/8396
f 8397/8397 8399/8399 8400/8400 8398/8398
f 8399/8399 8401/8401 8402/8402 8400/8400
f 8401/8401 8403/8403 8404/8404 8402/8402
f 8403/8403 8405/8405 8406/8406 8404/8404
f 8407/8407 8408/8408 8409/8409 8410/8410
f 8408/8408 8411/8411 8412/8412 8409/8409
f 8411/8411 8413/8413 8414/8414 8412/8412
f 8413/8413 8415/8415 8416/8416 8414/8414
f 8415/8415 8417/8417 8418/8418 8416/8416
f 8417/8417 8419/8419 8420/8420 8418/8418
f 8419/8419 8421/8421 8422/8422 8420/8420
f 8421/8421 8423/8423 8424/8424 8422/8422
f 8423/8423 8425/8425 8426/8426 8424/8424
f 8425/8425 8427/8427 8428/8428 8426/8426
f 8427/8427 8429/8429 8430/8430 8428/8428
f 8429/8429 8431/8431 8432/8432 8430/8430
f 8433/8433 8434/8434 8435/8435 8436/8436
f 8434/8434 8437/8437 8438/8438 8435/8435
f 8437/8437 8439/8439 8440/8440 8438/8438
f 8439/8439 8441/8441 8442/8442 8440/8440
f 8441/8441 8443/8443 8444/8444 8442/8442
f 8443/8443 8445/8445 8446/8446 8444/8444
f 8445/8445 8447/8447 8448/8448 8446/8446
f 8447/8447 8449/8449 8450/8450 8448/8448
f 8449/8449 8451/8451 8452/8452 8450/8450
f 8451/8451 8453/8453 8454/8454 8452/8452
f 8453/8453 8455/8455 8456/8456 8454/8454
f 8457/8457 8458/8458 8459/8459 8460/8460
f 8458/8458 8461/8461 8462/8462 8459/8459
f 8461/8461 8463/8463 8464/8464 8462/8462
f 8463/8463 8465/8465 8466/8466 8464/8464
f 8465/8465 8467/8467 8468/8468 8466/8466
f 8469/8469 8470/8470 8471/8471 8472/8472
f 8470/8470 8473/8473 8474/8474 8471/8471
f 8473/8473 8475/8475 8476/8476 8474/8474
f 8475/8475 8477/8477 8478/8478 8476/8476
f 8477/8477 8479/8479 8480/8480 8478/8478
f 8479/8479 8481/8481 8482/8482 8480/8480
f 8481/8481 8483/8483 8484/8484 8482/8482
f 8483/8483 8485/8485 8486/8486 8484/8484
f 8487/8487 8488/8488 8489/8489 8490/8490
f 8488/8488 8491/8491 8492/8492 8489/8489
f 8491/8491 8493/8493 8494/8494 8492/8492
f 8493/8493 8495/8495 8496/8496 8494/8494
f 8495/8495 8497/8497 8498/8498 8496/8496
f 8497/8497 8499/8499 8500/8500 8498/8498
f 8499/8499 8501/8501 8502/8502 8500/8500
f 8501/8501 8503/8503 8504/8504 8502/8502
f 8503/8503 8505/8505 8506/8506 8504/8504
f 8505/8505 8507/8507 8508/8508 8506/8506
f 8509/8509 8510/8510 8511/8511 8512/8512
f 8510/8510 8513/8513 8514/8514 8511/8511
f 8515/8515 8516/8516 8517/8517 8518/8518
f 8516/8516 8519/8519 8520/8520 8517/8517
f 8519/8519 8521/8521 8522/8522 8520/8520
f 8521/8521 8523/8523 8524/8524 8522/8522
f 8523/8523 8525/8525 8526/8526 8524/8524
f 8527/8527 8528/8528 8529/8529 8530/8530
f 8528/8528 8531/8531 8532/8532 8529/8529
f 8531/8531 8533/8533 8534/8534 8532/8532
f 8533/8533 8535/8535 8536/8536 8534/8534
f 8535/8535 8537/8537 8538/8538 8536/8536
f 8537/8537 8539/8539 8540/8540 8538/8538
f 8467/8467 8469/8469 8472/8472 8468/8468
f 8507/8507 8509/8509 8512/8512 8508/8508
f 8525/8525 8527/8527 8530/8530 8526/8526
f 8541/8541 8542/8542 8543/8543 8544/8544
f 8542/8542 8545/8545 8546/8546 8543/8543
f 8545/8545 8547/8547 8548/8548 8546/8546
f 8547/8547 8549/8549 8550/8550 8548/8548
f 8549/8549 8551/8551 8552/8552 8550/8550
f 8551/8551 8553/8553 8554/8554 8552/8552
f 8553/8553 8555/8555 8556/8556 8554/8554
f 8555/8555 8557/8557 8558/8558 8556/8556
f 8557/8557 8559/8559 8560/8560 8558/8558
f 8559/8559 8561/8561 8562/8562 8560/8560
f 8561/8561 8563/8563 8564/8564 8562/8562
f 8563/8563 8565/8565 8566/8566 8564/8564
f 8567/8567 8568/8568 8569/8569 8570/8570
f 8571/8571 8572/8572 8573/8573 8574/8574
f 8572/8572 8575/8575 8576/8576 8573/8573
f 8575/8575 8577/8577 8578/8578 8576/8576
f 8577/8577 8579/8579 8580/8580 8578/8578
f 8581/8581 8582/8582 8583/8583 8584/8584
f 8582/8582 8585/8585 8586/8586 8583/8583
f 8585/8585 8587/8587 8588/8588 8586/8586
f 8587/8587 8589/8589 8590/8590 8588/8588
f 8589/8589 8591/8591 8592/8592 8590/8590
f 8568/8568 8593/8593 8594/8594 8569/8569
f 8593/8593 8571/8571 8574/8574 8594/8594
f 8579/8579 8581/8581 8584/8584 8580/8580
f 8591/8591 8595/8595 8596/8596 8592/8592
f 8597/8597 8598/8598 8599/8599 8600/8600
f 8598/8598 8601/8601 8602/8602 8599/8599
f 8601/8601 8603/8603 8604/8604 8602/8602
f 8603/8603 8605/8605 8606/8606 8604/8604
f 8605/8605 8607/8607 8608/8608 8606/8606
f 8607/8607 8609/8609 8610/8610 8608/8608
f 8611/8611 8612/8612 8613/8613 8614/8614
f 8612/8612 8615/8615 8616/8616 8613/8613
f 8615/8615 8617/8617 8618/8618 8616/8616
f 8617/8617 8619/8619 8620/8620 8618/8618
f 8619/8619 8621/8621 8622/8622 8620/8620
f 8621/8621 8623/8623 8624/8624 8622/8622
f 8625/8625 8626/8626 8627/8627 8628/8628
f 8626/8626 8629/8629 8630/8630 8627/8627
f 8629/8629 8631/8631 8632/8632 8630/8630
f 8631/8631 8633/8633 8634/8634 8632/8632
f 8633/8633 8635/8635 8636/8636 8634/8634
f 8635/8635 8637/8637 8638/8638 8636/8636
f 8639/8639 8640/8640 8641/8641 8642/8642
f 8640/8640 8643/8643 8644/8644 8641/8641
f 8643/8643 8645/8645 8646/8646 8644/8644
f 8645/8645 8647/8647 8648/8648 8646/8646
f 8647/8647 8649/8649 8650/8650 8648/8648
f 8649/8649 8651/8651 8652/8652 8650/8650
f 8653/8653 8654/8654 8655/8655 8656/8656
f 8654/8654 8657/8657 8658/8658 8655/8655
f 8657/8657 8659/8659 8660/8660 8658/8658
f 8659/8659 8661/8661 8662/8662 8660/8660
f 8661/8661 8663/8663 8664/8664 8662/8662
f 8665/8665 8666/8666 8667/8667 8668/8668
f 8666/8666 8669/8669 8670/8670 8667/8667
f 8669/8669 8671/8671 8672/8672 8670/8670
f 8671/8671 8673/8673 8674/8674 8672/8672
f 8673/8673 8675/8675 8676/8676 8674/8674
f 8677/8677 8678/8678 8679/8679 8680/8680
f 8678/8678 8681/8681 8682/8682 8679/8679
f 8681/8681 8683/8683 8684/8684 8682/8682
f 8683/8683 8685/8685 8686/8686 8684/8684
f 8687/8687 8688/8688 8689/8689 8690/8690
f 8688/8688 8691/8691 8692/8692 8689/8689
f 8691/8691 8693/8693 8694/8694 8692/8692
f 8693/8693 8695/8695 8696/8696 8694/8694
f 8695/8695 8697/8697 8698/8698 8696/8696
f 8699/8699 8700/8700 8701/8701 8702/8702
f 8700/8700 8703/8703 8704/8704 8701/8701
f 8703/8703 8705/8705 8706/8706 8704/8704
f 8705/8705 8707/8707 8708/8708 8706/8706
f 8707/8707 8709/8709 8710/8710 8708/8708
f 8711/8711 8712/8712 8713/8713 8714/8714
f 8715/8715 8716/8716 8717/8717 8718/8718
f 8716/8716 8719/8719 8720/8720 8717/8717
f 8721/8721 8722/8722 8723/8723 8724/8724
f 8722/8722 8725/8725 8726/8726 8723/8723
f 8725/8725 8727/8727 8728/8728 8726/8726
f 8729/8729 8730/8730 8731/8731 8732/8732
f 8730/8730 8733/8733 8734/8734 8731/8731
f 8733/8733 8735/8735 8736/8736 8734/8734
f 8735/8735 8737/8737 8738/8738 8736/8736
f 8712/8712 8715/8715 8718/8718 8713/8713
f 8727/8727 8739/8739 8740/8740 8728/8728
f 8741/8741 8742/8742 8743/8743 8744/8744
f 8742/8742 8745/8745 8746/8746 8743/8743
f 8745/8745 8747/8747 8748/8748 8746/8746
f 8749/8749 8750/8750 8751/8751 8752/8752
f 8750/8750 8753/8753 8754/8754 8751/8751
f 8753/8753 8755/8755 8756/8756 8754/8754
f 8757/8757 8758/8758 8759/8759 8760/8760
f 8758/8758 8761/8761 8762/8762 8759/8759
f 8761/8761 8763/8763 8764/8764 8762/8762
f 8765/8765 8766/8766 8767/8767 8768/8768
f 8766/8766 8769/8769 8770/8770 8767/8767
f 8769/8769 8771/8771 8772/8772 8770/8770
f 8771/8771 8773/8773 8774/8774 8772/8772
f 8773/8773 8775/8775 8776/8776 8774/8774
f 8775/8775 8777/8777 8778/8778 8776/8776
f 8779/8779 8780/8780 8781/8781 8782/8782
f 8780/8780 8783/8783 8784/8784 8781/8781
f 8783/8783 8785/8785 8786/8786 8784/8784
f 8785/8785 8787/8787 8788/8788 8786/8786
f 8787/8787 8789/8789 8790/8790 8788/8788
f 8789/8789 8791/8791 8792/8792 8790/8790
f 8791/8791 8793/8793 8794/8794 8792/8792
f 8795/8795 8796/8796 8797/8797 8798/8798
f 8796/8796 8799/8799 8800/8800 8797/8797
f 8799/8799 8801/8801 8802/8802 8800/8800
f 8801/8801 8803/8803 8804/8804 8802/8802
f 8803/8803 8805/8805 8806/8806 8804/8804
f 8805/8805 8807/8807 8808/8808 8806/8806
f 8809/8809 8810/8810 8811/8811 8812/8812
f 8810/8810 8813/8813 8814/8814 8811/8811
f 8813/8813 8815/8815 8816/8816 8814/8814
f 8815/8815 8817/8817 8818/8818 8816/8816
f 8817/8817 8819/8819 8820/8820 8818/8818
f 8819/8819 8821/8821 8822/8822 8820/8820
f 8821/8821 8823/8823 8824/8824 8822/8822
f 8825/8825 8826/8826 8827/8827 8828/8828
f 8826/8826 8829/8829 8830/8830 8827/8827
f 8829/8829 8831/8831 8832/8832 8830/8830
f 8831/8831 8833/8833 8834/8834 8832/8832
f 8833/8833 8835/8835 8836/8836 8834/8834
f 8835/8835 8837/8837 8838/8838 8836/8836
f 8837/8837 8839/8839 8840/8840 8838/8838
f 8841/8841 8842/8842 8843/8843 8844/8844
f 8842/8842 8845/8845 8846/8846 8843/8843
f 8845/8845 8847/8847 8848/8848 8846/8846
f 8847/8847 8849/8849 8850/8850 8848/8848
f 8849/8849 8851/8851 8852/8852 8850/8850
f 8851/8851 8853/8853 8854/8854 8852/8852
f 8853/8853 8855/8855 8856/8856 8854/8854
f 8855/8855 8857/8857 8858/8858 8856/8856
f 8859/8859 8860/8860 8861/8861 8862/8862
f 8860/8860 8863/8863 8864/8864 8861/8861
f 8863/8863 8865/8865 8866/8866 8864/8864
f 8865/8865 8867/8867 8868/8868 8866/8866
f 8867/8867 8869/8869 8870/8870 8868/8868
f 8869/8869 8871/8871 8872/8872 8870/8870
f 8871/8871 8873/8873 8874/8874 8872/8872
f 8873/8873 8875/8875 8876/8876 8874/8874
f 8877/8877 8878/8878 8879/8879 8880/8880
f 8878/8878 8881/8881 8882/8882 8879/8879
f 8881/8881 8883/8883 8884/8884 8882/8882
f 8883/8883 8885/8885 8886/8886 8884/8884
f 8885/8885 8887/8887 8888/8888 8886/8886
f 8889/8889 8890/8890 8891/8891 8892/8892
f 8890/8890 8893/8893 8894/8894 8891/8891
f 8893/8893 8895/8895 8896/8896 8894/8894
f 8895/8895 8897/8897 8898/8898 8896/8896
f 8897/8897 8899/8899 8900/8900 8898/8898
f 8899/8899 8901/8901 8902/8902 8900/8900
f 8901/8901 8903/8903 8904/8904 8902/8902
f 8903/8903 8905/8905 8906/8906 8904/8904
f 8907/8907 8908/8908 8909/8909 8910/8910
f 8908/8908 8911/8911 8912/8912 8909/8909
f 8911/8911 8913/8913 8914/8914 8912/8912
f 8915/8915 8916/8916 8917/8917 8918/8918
f 8916/8916 8919/8919 8920/8920 8917/8917
f 8919/8919 8921/8921 8922/8922 8920/8920
f 8923/8923 8924/8924 8925/8925 8926/8926
f 8924/8924 8927/8927 8928/8928 8925/8925
f 8927/8927 8929/8929 8930/8930 8928/8928
f 8929/8929 8931/8931 8932/8932 8930/8930
f 8931/8931 8933/8933 8934/8934 8932/8932
f 8935/8935 8936/8936 8937/8937 8938/8938
f 8936/8936 8939/8939 8940/8940 8937/8937
f 8939/8939 8941/8941 8942/8942 8940/8940
f 8941/8941 8943/8943 8944/8944 8942/8942
f 8943/8943 8945/8945 8946/8946 8944/8944
f 8945/8945 8947/8947 8948/8948 8946/8946
f 8947/8947 8949/8949 8950/8950 8948/8948
f 8949/8949 8951/8951 8952/8952 8950/8950
f 8953/8953 8954/8954 8955/8955 8956/8956
f 8954/8954 8957/8957 8958/8958 8955/8955
f 8957/8957 8959/8959 8960/8960 8958/8958
f 8959/8959 8961/8961 8962/8962 8960/8960
f 8961/8961 8963/8963 8964/8964 8962/8962
f 8963/8963 8965/8965 8966/8966 8964/8964
f 8965/8965 8967/8967 8968/8968 8966/8966
f 8967/8967 8969/8969 8970/8970 8968/8968
f 8971/8971 8972/8972 8973/8973 8974/8974
f 8972/8972 8975/8975 8976/8976 8973/8973
f 8975/8975 8977/8977 8978/8978 8976/8976
f 8979/8979 8980/8980 8981/8981 8982/8982
f 8980/8980 8983/8983 8984/8984 8981/8981
f 8983/8983 8985/8985 8986/8986 8984/8984
f 8987/8987 8988/8988 8989/8989 8990/8990
f 8988/8988 8991/8991 8992/8992 8989/8989
f 8991/8991 8993/8993 8994/8994 8992/8992
f 8995/8995 8996/8996 8997/8997 8998/8998
f 8996/8996 8999/8999 9000/9000 8997/8997
f 8999/8999 9001/9001 9002/9002 9000/9000
f 9001/9001 9003/9003 9004/9004 9002/9002
f 9003/9003 9005/9005 9006/9006 9004/9004
f 9005/9005 9007/9007 9008/9008 9006/9006
f 9007/9007 9009/9009 9010/9010 9008/9008
f 9009/9009 9011/9011 9012/9012 9010/9010
f 9011/9011 9013/9013 9014/9014 9012/9012
f 9015/9015 9016/9016 9017/9017 9018/9018
f 9016/9016 9019/9019 9020/9020 9017/9017
f 9019/9019 9021/9021 9022/9022 9020/9020
f 9021/9021 9023/9023 9024/9024 9022/9022
f 9023/9023 9025/9025 9026/9026 9024/9024
f 9025/9025 9027/9027 9028/9028 9026/9026
f 9027/9027 9029/9029 9030/9030 9028/9028
f 9029/9029 9031/9031 9032/9032 9030/9030
f 9031/9031 9033/9033 9034/9034 9032/9032
f 9035/9035 9036/9036 9037/9037 9038/9038
f 9036/9036 9039/9039 9040/9040 9037/9037
f 9039/9039 9041/9041 9042/9042 9040/9040
f 9041/9041 9043/9043 9044/9044 9042/9042
f 9043/9043 9045/9045 9046/9046 9044/9044
f 9045/9045 9047/9047 9048/9048 9046/9046
f 9047/9047 9049/9049 9050/9050 9048/9048
f 9049/9049 9051/9051 9052/9052 9050/9050
f 9051/9051 9053/9053 9054/9054 9052/9052
f 9055/9055 9056/9056 9057/9057 9058/9058
f 9056/9056 9059/9059 9060/9060 9057/9057
f 9059/9059 9061/9061 9062/9062 9060/9060
f 9061/9061 9063/9063 9064/9064 9062/9062
f 9063/9063 9065/9065 9066/9066 9064/9064
f 9065/9065 9067/9067 9068/9068 9066/9066
f 9067/9067 9069/9069 9070/9070 9068/9068
f 9069/9069 9071/9071 9072/9072 9070/9070
f 9071/9071 9073/9073 9074/9074 9072/9072
f 9075/9075 9076/9076 9077/9077 9078/9078
f 9076/9076 9079/9079 9080/9080 9077/9077
f 9079/9079 9081/9081 9082/9082 9080/9080
f 9081/9081 9083/9083 9084/9084 9082/9082
f 9083/9083 9085/9085 9086/9086 9084/9084
f 9085/9085 9087/9087 9088/9088 9086/9086
f 9087/9087 9089/9089 9090/9090 9088/9088
f 9089/9089 9091/9091 9092/9092 9090/9090
f 9091/9091 9093/9093 9094/9094 9092/9092
f 9095/9095 9096/9096 9097/9097 9098/9098
f 9096/9096 9099/9099 9100/9100 9097/9097
f 9099/9099 9101/9101 9102/9102 9100/9100
f 9101/9101 9103/9103 9104/9104 9102/9102
f 9103/9103 9105/9105 9106/9106 9104/9104
f 9105/9105 9107/9107 9108/9108 9106/9106
f 9107/9107 9109/9109 9110/9110 9108/9108
f 9109/9109 9111/9111 9112/9112 9110/9110
f 9111/9111 9113/9113 9114/9114 9112/9112
f 9115/9115 9116/9116 9117/9117 9118/9118
f 9116/9116 9119/9119 9120/9120 9117/9117
f 9119/9119 9121/9121 9122/9122 9120/9120
f 9121/9121 9123/9123 9124/9124 9122/9122
f 9123/9123 9125/9125 9126/9126 9124/9124
f 9125/9125 9127/9127 9128/9128 9126/9126
f 9129/9129 9130/9130 9131/9131 9132/9132
f 9130/9130 9133/9133 9134/9134 9131/9131
f 9133/9133 9135/9135 9136/9136 9134/9134
f 9135/9135 9137/9137 9138/9138 9136/9136
f 9137/9137 9139/9139 9140/9140 9138/9138
f 9139/9139 9141/9141 9142/9142 9140/9140
f 9143/9143 9144/9144 9145/9145 9146/9146
f 9144/9144 9147/9147 9148/9148 9145/9145
f 9147/9147 9149/9149 9150/9150 9148/9148
f 9149/9149 9151/9151 9152/9152 9150/9150
f 9151/9151 9153/9153 9154/9154 9152/9152
f 9153/9153 9155/9155 9156/9156 9154/9154
f 9155/9155 9157/9157 9158/9158 9156/9156
f 9159/9159 9160/9160 9161/9161 9162/9162
f 9160/9160 9163/9163 9164/9164 9161/9161
f 9163/9163 9165/9165 9166/9166 9164/9164
f 9165/9165 9167/9167 9168/9168 9166/9166
f 9167/9167 9169/9169 9170/9170 9168/9168
f 9169/9169 9171/9171 9172/9172 9170/9170
f 9173/9173 9174/9174 9175/9175 9176/9176
f 9174/9174 9177/9177 9178/9178 9175/9175
f 9177/9177 9179/9179 9180/9180 9178/9178
f 9179/9179 9181/9181 9182/9182 9180/9180
f 9181/9181 9183/9183 9184/9184 9182/9182
f 9183/9183 9185/9185 9186/9186 9184/9184
f 9185/9185 9187/9187 9188/9188 9186/9186
f 9189/9189 9190/9190 9191/9191 9192/9192
f 9190/9190 9193/9193 9194/9194 9191/9191
f 9193/9193 9195/9195 9196/9196 9194/9194
f 9195/9195 9197/9197 9198/9198 9196/9196
f 9197/9197 9199/9199 9200/9200 9198/9198
f 9199/9199 9201/9201 9202/9202 9200/9200
f 9201/9201 9203/9203 9204/9204 9202/9202
f 9203/9203 9205/9205 9206/9206 9204/9204
f 9207/9207 9208/9208 9209/9209 9210/9210
f 9208/9208 9211/9211 9212/9212 9209/9209
f 9211/9211 9213/9213 9214/9214 9212/9212
f 9213/9213 9215/9215 9216/9216 9214/9214
f 9215/9215 9217/9217 9218/9218 9216/9216
f 9217/9217 9219/9219 9220/9220 9218/9218
f 9219/9219 9221/9221 9222/9222 9220/9220
f 9221/9221 9223/9223 9224/9224 9222/9222
f 9225/9225 9226/9226 9227/9227 9228/9228
f 9226/9226 9229/9229 9230/9230 9227/9227
f 9229/9229 9231/9231 9232/9232 9230/9230
f 9231/9231 9233/9233 9234/9234 9232/9232
f 9233/9233 9235/9235 9236/9236 9234/9234
f 9235/9235 9237/9237 9238/9238 9236/9236
f 9239/9239 9240/9240 9241/9241 9242/9242
f 9240/9240 9243/9243 9244/9244 9241/9241
f 9243/9243 9245/9245 9246/9246 9244/9244
f 9245/9245 9247/9247 9248/9248 9246/9246
f 9247/9247 9249/9249 9250/9250 9248/9248
f 9249/9249 9251/9251 9252/9252 9250/9250
f 9253/9253 9254/9254 9255/9255 9256/9256
f 9254/9254 9257/9257 9258/9258 9255/9255
f 9257/9257 9259/9259 9260/9260 9258/9258
f 9259/9259 9261/9261 9262/9262 9260/9260
f 9261/9261 9263/9263 9264/9264 9262/9262
f 9263/9263 9265/9265 9266/9266 9264/9264
f 9265/9265 9267/9267 9268/9268 9266/9266
f 9269/9269 9270/9270 9271/9271 9272/9272
f 9273/9273 9274/9274 9275/9275 9276/9276
f 9274/9274 9277/9277 9278/9278 9275/9275
f 9277/9277 9279/9279 9280/9280 9278/9278
f 9279/9279 9281/9281 9282/9282 9280/9280
f 9283/9283 9284/9284 9285/9285 9286/9286
f 9284/9284 9287/9287 9288/9288 9285/9285
f 9287/9287 9289/9289 9290/9290 9288/9288
f 9289/9289 9291/9291 9292/9292 9290/9290
f 9291/9291 9293/9293 9294/9294 9292/9292
f 9293/9293 9295/9295 9296/9296 9294/9294
f 9295/9295 9297/9297 9298/9298 9296/9296
f 9299/9299 9300/9300 9301/9301 9302/9302
f 9300/9300 9303/9303 9304/9304 9301/9301
f 9303/9303 9305/9305 9306/9306 9304/9304
f 9305/9305 9307/9307 9308/9308 9306/9306
f 9307/9307 9309/9309 9310/9310 9308/9308
f 9309/9309 9311/9311 9312/9312 9310/9310
f 9311/9311 9313/9313 9314/9314 9312/9312
f 9270/9270 9273/9273 9276/9276 9271/9271
f 9315/9315 9316/9316 9317/9317 9318/9318
f 9316/9316 9319/9319 9320/9320 9317/9317
f 9319/9319 9321/9321 9322/9322 9320/9320
f 9321/9321 9323/9323 9324/9324 9322/9322
f 9323/9323 9325/9325 9326/9326 9324/9324
f 9325/9325 9327/9327 9328/9328 9326/9326
f 9327/9327 9329/9329 9330/9330 9328/9328
f 9329/9329 9331/9331 9332/9332 9330/9330
f 9333/9333 9334/9334 9335/9335 9336/9336
f 9334/9334 9337/9337 9338/9338 9335/9335
f 9337/9337 9339/9339 9340/9340 9338/9338
f 9339/9339 9341/9341 9342/9342 9340/9340
f 9341/9341 9343/9343 9344/9344 9342/9342
f 9343/9343 9345/9345 9346/9346 9344/9344
f 9345/9345 9347/9347 9348/9348 9346/9346
f 9347/9347 9349/9349 9350/9350 9348/9348
f 9351/9351 9352/9352 9353/9353 9354/9354
f 9352/9352 9355/9355 9356/9356 9353/9353
f 9355/9355 9357/9357 9358/9358 9356/9356
f 9357/9357 9359/9359 9360/9360 9358/9358
f 9359/9359 9361/9361 9362/9362 9360/9360
f 9361/9361 9363/9363 9364/9364 9362/9362
f 9365/9365 9366/9366 9367/9367 9368/9368
f 9366/9366 9369/9369 9370/9370 9367/9367
f 9369/9369 9371/9371 9372/9372 9370/9370
f 9371/9371 9373/9373 9374/9374 9372/9372
f 9373/9373 9375/9375 9376/9376 9374/9374
f 9375/9375 9377/9377 9378/9378 9376/9376
f 9377/9377 9379/9379 9380/9380 9378/9378
f 9381/9381 9382/9382 9383/9383 9384/9384
f 9382/9382 9385/9385 9386/9386 9383/9383
f 9385/9385 9387/9387 9388/9388 9386/9386
f 9387/9387 9389/9389 9390/9390 9388/9388
f 9389/9389 9391/9391 9392/9392 9390/9390
f 9393/9393 9394/9394 9395/9395 9396/9396
f 9394/9394 9397/9397 9398/9398 9395/9395
f 9397/9397 9399/9399 9400/9400 9398/9398
f 9399/9399 9401/9401 9402/9402 9400/9400
f 9401/9401 9403/9403 9404/9404 9402/9402
f 9405/9405 9406/9406 9407/9407 9408/9408
f 9406/9406 9409/9409 9410/9410 9407/9407
f 9409/9409 9411/9411 9412/9412 9410/9410
f 9411/9411 9413/9413 9414/9414 9412/9412
f 9413/9413 9415/9415 9416/9416 9414/9414
f 9417/9417 9418/9418 9419/9419 9420/9420
f 9418/9418 9421/9421 9422/9422 9419/9419
f 9421/9421 9423/9423 9424/9424 9422/9422
f 9423/9423 9425/9425 9426/9426 9424/9424
f 9425/9425 9427/9427 9428/9428 9426/9426
f 9429/9429 9430/9430 9431/9431 9432/9432
f 9430/9430 9433/9433 9434/9434 9431/9431
f 9433/9433 9435/9435 9436/9436 9434/9434
f 9435/9435 9437/9437 9438/9438 9436/9436
f 9437/9437 9439/9439 9440/9440 9438/9438
f 9441/9441 9442/9442 9443/9443 9444/9444
f 9442/9442 9445/9445 9446/9446 9443/9443
f 9445/9445 9447/9447 9448/9448 9446/9446
f 9447/9447 9449/9449 9450/9450 9448/9448
f 9449/9449 9451/9451 9452/9452 9450/9450
f 9451/9451 9453/9453 9454/9454 9452/9452
f 9453/9453 9455/9455 9456/9456 9454/9454
f 9455/9455 9457/9457 9458/9458 9456/9456
f 9459/9459 9460/9460 9461/9461 9462/9462
f 9460/9460 9463/9463 9464/9464 9461/9461
f 9463/9463 9465/9465 9466/9466 9464/9464
f 9465/9465 9467/9467 9468/9468 9466/9466
f 9467/9467 9469/9469 9470/9470 9468/9468
f 9469/9469 9471/9471 9472/9472 9470/9470
f 9471/9471 9473/9473 9474/9474 9472/9472
f 9473/9473 9475/9475 9476/9476 9474/9474
f 9475/9475 9477/9477 9478/9478 9476/9476
f 9479/9479 9480/9480 9481/9481 9482/9482
f 9480/9480 9483/9483 9484/9484 9481/9481
f 9483/9483 9485/9485 9486/9486 9484/9484
f 9485/9485 9487/9487 9488/9488 9486/9486
f 9487/9487 9489/9489 9490/9490 9488/9488
f 9489/9489 9491/9491 9492/9492 9490/9490
f 9491/9491 9493/9493 9494/9494 9492/9492
f 9495/9495 9496/9496 9497/9497 9498/9498
f 9496/9496 9499/9499 9500/9500 9497/9497
f 9499/9499 9501/9501 9502/9502 9500/9500
f 9501/9501 9503/9503 9504/9504 9502/9502
f 9503/9503 9505/9505 9506/9506 9504/9504
f 9507/9507 9508/9508 9509/9509 9510/9510
f 9508/9508 9511/9511 9512/9512 9509/9509
f 9511/9511 9513/9513 9514/9514 9512/9512
f 9513/9513 9515/9515 9516/9516 9514/9514
f 9515/9515 9517/9517 9518/9518 9516/9516
f 9519/9519 9520/9520 9521/9521 9522/9522
f 9520/9520 9523/9523 9524/9524 9521/9521
f 9523/9523 9525/9525 9526/9526 9524/9524
f 9527/9527 9528/9528 9529/9529 9530/9530
f 9528/9528 9531/9531 9532/9532 9529/9529
f 9531/9531 9533/9533 9534/9534 9532/9532
f 9533/9533 9535/9535 9536/9536 9534/9534
f 9535/9535 9537/9537 9538/9538 9536/9536
f 9539/9539 9540/9540 9541/9541 9542/9542
f 9540/9540 9543/9543 9544/9544 9541/9541
f 9545/9545 9519/9519 9522/9522 9546/9546
f 9547/9547 9548/9548 9549/9549 9550/9550
f 9548/9548 9539/9539 9542/9542 9549/9549
f 9551/9551 9552/9552 9553/9553 9554/9554
f 9552/9552 9555/9555 9556/9556 9553/9553
f 9555/9555 9557/9557 9558/9558 9556/9556
f 9559/9559 9560/9560 9561/9561 9562/9562
f 9560/9560 9563/9563 9564/9564 9561/9561
f 9563/9563 9565/9565 9566/9566 9564/9564
f 9567/9567 9568/9568 9569/9569 9570/9570
f 9568/9568 9571/9571 9572/9572 9569/9569
f 9571/9571 9573/9573 9574/9574 9572/9572
f 9575/9575 9576/9576 9577/9577 9578/9578
f 9576/9576 9579/9579 9580/9580 9577/9577
f 9581/9581 9582/9582 9583/9583 9584/9584
f 9582/9582 9585/9585 9586/9586 9583/9583
f 9585/9585 9587/9587 9588/9588 9586/9586
f 9589/9589 9590/9590 9591/9591 9592/9592
f 9590/9590 9593/9593 9594/9594 9591/9591
f 9593/9593 9595/9595 9596/9596 9594/9594
f 9595/9595 9597/9597 9598/9598 9596/9596
f 9597/9597 9599/9599 9600/9600 9598/9598
f 9599/9599 9601/9601 9602/9602 9600/9600
f 9601/9601 9603/9603 9604/9604 9602/9602
f 9603/9603 9605/9605 9606/9606 9604/9604
f 9605/9605 9607/9607 9608/9608 9606/9606
f 9607/9607 9609/9609 9610/9610 9608/9608
f 9579/9579 9611/9611 9612/9612 9580/9580
f 9613/9613 9614/9614 9615/9615 9616/9616
f 9614/9614 9617/9617 9618/9618 9615/9615
f 9617/9617 9619/9619 9620/9620 9618/9618
f 9619/9619 9621/9621 9622/9622 9620/9620
f 9621/9621 9623/9623 9624/9624 9622/9622
f 9623/9623 9625/9625 9626/9626 9624/9624
f 9625/9625 9627/9627 9628/9628 9626/9626
f 9627/9627 9629/9629 9630/9630 9628/9628
f 9631/9631 9632/9632 9633/9633 9634/9634
f 9632/9632 9635/9635 9636/9636 9633/9633
f 9635/9635 9637/9637 9638/9638 9636/9636
f 9639/9639 9640/9640 9641/9641 9642/9642
f 9640/9640 9643/9643 9644/9644 9641/9641
f 9643/9643 9645/9645 9646/9646 9644/9644
f 9645/9645 9647/9647 9648/9648 9646/9646
f 9649/9649 9650/9650 9651/9651 9652/9652
f 9650/9650 9653/9653 9654/9654 9651/9651
f 9653/9653 9655/9655 9656/9656 9654/9654
f 9655/9655 9657/9657 9658/9658 9656/9656
f 9659/9659 9660/9660 9661/9661 9662/9662
f 9660/9660 9663/9663 9664/9664 9661/9661
f 9663/9663 9665/9665 9666/9666 9664/9664
f 9665/9665 9667/9667 9668/9668 9666/9666
f 9667/9667 9669/9669 9670/9670 9668/9668
f 9671/9671 9672/9672 9673/9673 9674/9674
f 9672/9672 9675/9675 9676/9676 9673/9673
f 9675/9675 9677/9677 9678/9678 9676/9676
f 9677/9677 9679/9679 9680/9680 9678/9678
f 9681/9681 9682/9682 9683/9683 9684/9684
f 9682/9682 9685/9685 9686/9686 9683/9683
f 9685/9685 9687/9687 9688/9688 9686/9686
f 9687/9687 9689/9689 9690/9690 9688/9688
f 9689/9689 9691/9691 9692/9692 9690/9690
f 9691/9691 9693/9693 9694/9694 9692/9692
f 9693/9693 9695/9695 9696/9696 9694/9694
f 9695/9695 9697/9697 9698/9698 9696/9696
f 9697/9697 9699/9699 9700/9700 9698/9698
f 9701/9701 9702/9702 9703/9703 9704/9704
f 9702/9702 9705/9705 9706/9706 9703/9703
f 9705/9705 9707/9707 9708/9708 9706/9706
f 9707/9707 9709/9709 9710/9710 9708/9708
f 9709/9709 9711/9711 9712/9712 9710/9710
f 9711/9711 9713/9713 9714/9714 9712/9712
f 9713/9713 9715/9715 9716/9716 9714/9714
f 9715/9715 9717/9717 9718/9718 9716/9716
f 9719/9719 9720/9720 9721/9721 9722/9722
f 9720/9720 9723/9723 9724/9724 9721/9721
f 9723/9723 9725/9725 9726/9726 9724/9724
f 9725/9725 9727/9727 9728/9728 9726/9726
f 9729/9729 9730/9730 9731/9731 9732/9732
f 9730/9730 9733/9733 9734/9734 9731/9731
f 9733/9733 9735/9735 9736/9736 9734/9734
f 9735/9735 9737/9737 9738/9738 9736/9736
f 9737/9737 9739/9739 9740/9740 9738/9738
f 9741/9741 9742/9742 9743/9743 9744/9744
f 9742/9742 9745/9745 9746/9746 9743/9743
f 9745/9745 9747/9747 9748/9748 9746/9746
f 9747/9747 9749/9749 9750/9750 9748/9748
f 9749/9749 9751/9751 9752/9752 9750/9750
f 9751/9751 9753/9753 9754/9754 9752/9752
f 9753/9753 9755/9755 9756/9756 9754/9754
f 9755/9755 9757/9757 9758/9758 9756/9756
f 9757/9757 9759/9759 9760/9760 9758/9758
f 9759/9759 9761/9761 9762/9762 9760/9760
f 9763/9763 9764/9764 9765/9765 9766/9766
f 9764/9764 9767/9767 9768/9768 9765/9765
f 9767/9767 9769/9769 9770/9770 9768/9768
f 9769/9769 9771/9771 9772/9772 9770/9770
f 9771/9771 9773/9773 9774/9774 9772/9772
f 9775/9775 9776/9776 9777/9777 9778/9778
f 9776/9776 9779/9779 9780/9780 9777/9777
f 9779/9779 9781/9781 9782/9782 9780/9780
f 9781/9781 9783/9783 9784/9784 9782/9782
f 9783/9783 9785/9785 9786/9786 9784/9784
f 9785/9785 9787/9787 9788/9788 9786/9786
f 9787/9787 9789/9789 9790/9790 9788/9788
f 9789/9789 9791/9791 9792/9792 9790/9790
f 9791/9791 9793/9793 9794/9794 9792/9792
f 9793/9793 9795/9795 9796/9796 9794/9794
f 9797/9797 9798/9798 9799/9799 9800/9800
f 9798/9798 9801/9801 9802/9802 9799/9799
f 9801/9801 9803/9803 9804/9804 9802/9802
f 9803/9803 9805/9805 9806/9806 9804/9804
f 9805/9805 9807/9807 9808/9808 9806/9806
f 9807/9807 9809/9809 9810/9810 9808/9808
f 9809/9809 9811/9811 9812/9812 9810/9810
f 9811/9811 9813/9813 9814/9814 9812/9812
f 9813/9813 9815/9815 9816/9816 9814/9814
f 9815/9815 9817/9817 9818/9818 9816/9816
f 9819/9819 9820/9820 9821/9821 9822/9822
f 9820/9820 9823/9823 9824/9824 9821/9821
f 9823/9823 9825/9825 9826/9826 9824/9824
f 9825/9825 9827/9827 9828/9828 9826/9826
f 9827/9827 9829/9829 9830/9830 9828/9828
f 9829/9829 9831/9831 9832/9832 9830/9830
f 9831/9831 9833/9833 9834/9834 9832/9832
f 9833/9833 9835/9835 9836/9836 9834/9834
f 9835/9835 9837/9837 9838/9838 9836/9836
f 9837/9837 9839/9839 9840/9840 9838/9838
f 9841/9841 9842/9842 9843/9843 9844/9844
f 9842/9842 9845/9845 9846/9846 9843/9843
f 9845/9845 9847/9847 9848/9848 9846/9846
f 9847/9847 9849/9849 9850/9850 9848/9848
f 9849/9849 9851/9851 9852/9852 9850/9850
f 9851/9851 9853/9853 9854/9854 9852/9852
f 9853/9853 9855/9855 9856/9856 9854/9854
f 9855/9855 9857/9857 9858/9858 9856/9856
f 9859/9859 9860/9860 9861/9861 9862/9862
f 9860/9860 9863/9863 9864/9864 9861/9861
f 9863/9863 9865/9865 9866/9866 9864/9864
f 9865/9865 9867/9867 9868/9868 9866/9866
f 9867/9867 9869/9869 9870/9870 9868/9868
f 9869/9869 9871/9871 9872/9872 9870/9870
f 9873/9873 9874/9874 9875/9875 9876/9876
f 9874/9874 9877/9877 9878/9878 9875/9875
f 9877/9877 9879/9879 9880/9880 9878/9878
f 9879/9879 9881/9881 9882/9882 9880/9880
f 9881/9881 9883/9883 9884/9884 9882/9882
f 9883/9883 9885/9885 9886/9886 9884/9884
f 9887/9887 9888/9888 9889/9889 9890/9890
f 9888/9888 9891/9891 9892/9892 9889/9889
f 9891/9891 9893/9893 9894/9894 9892/9892
f 9893/9893 9895/9895 9896/9896 9894/9894
f 9895/9895 9897/9897 9898/9898 9896/9896
f 9899/9899 9900/9900 9901/9901 9902/9902
f 9900/9900 9903/9903 9904/9904 9901/9901
f 9903/9903 9905/9905 9906/9906 9904/9904
f 9905/9905 9907/9907 9908/9908 9906/9906
f 9907/9907 9909/9909 9910/9910 9908/9908
f 9909/9909 9911/9911 9912/9912 9910/9910
f 9913/9913 9914/9914 9915/9915 9916/9916
f 9914/9914 9917/9917 9918/9918 9915/9915
f 9917/9917 9919/9919 9920/9920 9918/9918
f 9919/9919 9921/9921 9922/9922 9920/9920
f 9921/9921 9923/9923 9924/9924 9922/9922
f 9923/9923 9925/9925 9926/9926 9924/9924
f 9927/9927 9928/9928 9929/9929 9930/9930
f 9928/9928 9931/9931 9932/9932 9929/9929
f 9931/9931 9933/9933 9934/9934 9932/9932
f 9933/9933 9935/9935 9936/9936 9934/9934
f 9935/9935 9937/9937 9938/9938 9936/9936
f 9937/9937 9939/9939 9940/9940 9938/9938
f 9939/9939 9941/9941 9942/9942 9940/9940
f 9943/9943 9944/9944 9945/9945 9946/9946
f 9944/9944 9947/9947 9948/9948 9945/9945
f 9947/9947 9949/9949 9950/9950 9948/9948
f 9949/9949 9951/9951 9952/9952 9950/9950
f 9951/9951 9953/9953 9954/9954 9952/9952
f 9955/9955 9956/9956 9957/9957 9958/9958
f 9956/9956 9959/9959 9960/9960 9957/9957
f 9959/9959 9961/9961 9962/9962 9960/9960
f 9961/9961 9963/9963 9964/9964 9962/9962
f 9965/9965 9966/9966 9967/9967 9968/9968
f 9966/9966 9969/9969 9970/9970 9967/9967
f 9969/9969 9971/9971 9972/9972 9970/9970
f 9971/9971 9973/9973 9974/9974 9972/9972
f 9973/9973 9975/9975 9976/9976 9974/9974
f 9977/9977 9978/9978 9979/9979 9980/9980
f 9978/9978 9981/9981 9982/9982 9979/9979
f 9981/9981 9983/9983 9984/9984 9982/9982
f 9983/9983 9985/9985 9986/9986 9984/9984
f 9985/9985 9987/9987 9988/9988 9986/9986
f 9987/9987 9989/9989 9990/9990 9988/9988
f 9989/9989 9991/9991 9992/9992 9990/9990
f 9991/9991 9993/9993 9994/9994 9992/9992
f 9995/9995 9996/9996 9997/9997 9998/9998
f 9996/9996 9999/9999 10000/10000 9997/9997
f 9999/9999 10001/10001 10002/10002 10000/10000
f 10001/10001 10003/10003 10004/10004 10002/10002
f 10003/10003 10005/10005 10006/10006 10004/10004
f 10005/10005 10007/10007 10008/10008 10006/10006
f 10007/10007 10009/10009 10010/10010 10008/10008
f 10009/10009 10011/10011 10012/10012 10010/10010
f 10013/10013 10014/10014 10015/10015 10016/10016
f 10014/10014 10017/10017 10018/10018 10015/10015
f 10017/10017 10019/10019 10020/10020 10018/10018
f 10019/10019 10021/10021 10022/10022 10020/10020
f 10021/10021 10023/10023 10024/10024 10022/10022
f 10023/10023 10025/10025 10026/10026 10024/10024
f 10025/10025 10027/10027 10028/10028 10026/10026
f 10027/10027 10029/10029 10030/10030 10028/10028
f 10031/10031 10032/10032 10033/10033 10034/10034
f 10032/10032 10035/10035 10036/10036 10033/10033
f 10035/10035 10037/10037 10038/10038 10036/10036
f 10037/10037 10039/10039 10040/10040 10038/10038
f 10039/10039 10041/10041 10042/10042 10040/10040
f 10043/10043 10044/10044 10045/10045 10046/10046
f 10044/10044 10047/10047 10048/10048 10045/10045
f 10047/10047 10049/10049 10050/10050 10048/10048
f 10049/10049 10051/10051 10052/10052 10050/10050
f 10051/10051 10053/10053 10054/10054 10052/10052
f 10053/10053 10055/10055 10056/10056 10054/10054
f 10057/10057 10058/10058 10059/10059 10060/10060
f 10058/10058 10061/10061 10062/10062 10059/10059
f 10061/10061 10063/10063 10064/10064 10062/10062
f 10063/10063 10065/10065 10066/10066 10064/10064
f 10065/10065 10067/10067 10068/10068 10066/10066
f 10069/10069 10070/10070 10071/10071 10072/10072
f 10070/10070 10073/10073 10074/10074 10071/10071
f 10073/10073 10075/10075 10076/10076 10074/10074
f 10075/10075 10077/10077 10078/10078 10076/10076
f 10077/10077 10079/10079 10080/10080 10078/10078
f 10079/10079 10081/10081 10082/10082 10080/10080
f 10081/10081 10083/10083 10084/10084 10082/10082
f 10083/10083 10085/10085 10086/10086 10084/10084
f 10087/10087 10088/10088 10089/10089 10090/10090
f 10088/10088 10091/10091 10092/10092 10089/10089
f 10091/10091 10093/10093 10094/10094 10092/10092
f 10093/10093 10095/10095 10096/10096 10094/10094
f 10095/10095 10097/10097 10098/10098 10096/10096
f 10097/10097 10099/10099 10100/10100 10098/10098
f 10099/10099 10101/10101 10102/10102 10100/10100
f 10101/10101 10103/10103 10104/10104 10102/10102
f 10105/10105 10106/10106 10107/10107 10108/10108
f 10106/10106 10109/10109 10110/10110 10107/10107
f 10109/10109 10111/10111 10112/10112 10110/10110
f 10113/10113 10114/10114 10115/10115 10116/10116
f 10114/10114 10117/10117 10118/10118 10115/10115
f 10117/10117 10119/10119 10120/10120 10118/10118
f 10121/10121 10122/10122 10123/10123 10124/10124
f 10122/10122 10125/10125 10126/10126 10123/10123
f 10125/10125 10127/10127 10128/10128 10126/10126
f 10127/10127 10129/10129 10130/10130 10128/10128
f 10129/10129 10131/10131 10132/10132 10130/10130
f 10133/10133 10134/10134 10135/10135 10136/10136
f 10134/10134 10137/10137 10138/10138 10135/10135
f 10137/10137 10139/10139 10140/10140 10138/10138
f 10141/10141 10142/10142 10143/10143 10144/10144
f 10142/10142 10145/10145 10146/10146 10143/10143
f 10145/10145 10147/10147 10148/10148 10146/10146
f 10147/10147 10149/10149 10150/10150 10148/10148
f 10151/10151 10152/10152 10153/10153 10154/10154
f 10152/10152 10155/10155 10156/10156 10153/10153
f 10155/10155 10157/10157 10158/10158 10156/10156
f 10157/10157 10159/10159 10160/10160 10158/10158
f 10159/10159 10161/10161 10162/10162 10160/10160
f 10163/10163 10141/10141 10144/10144 10164/10164
f 10165/10165 10166/10166 10167/10167 10168/10168
f 10166/10166 10169/10169 10170/10170 10167/10167
f 10169/10169 10171/10171 10172/10172 10170/10170
f 10171/10171 10173/10173 10174/10174 10172/10172
f 10175/10175 10176/10176 10177/10177 10178/10178
f 10176/10176 10179/10179 10180/10180 10177/10177
f 10179/10179 10181/10181 10182/10182 10180/10180
f 10181/10181 10183/10183 10184/10184 10182/10182
f 10185/10185 10186/10186 10187/10187 10188/10188
f 10186/10186 10189/10189 10190/10190 10187/10187
f 10189/10189 10191/10191 10192/10192 10190/10190
f 10193/10193 10194/10194 10195/10195 10196/10196
f 10194/10194 10197/10197 10198/10198 10195/10195
f 10197/10197 10199/10199 10200/10200 10198/10198
f 10199/10199 10201/10201 10202/10202 10200/10200
f 10201/10201 10203/10203 10204/10204 10202/10202
f 10205/10205 10206/10206 10207/10207 10208/10208
f 10206/10206 10209/10209 10210/10210 10207/10207
f 10209/10209 10211/10211 10212/10212 10210/10210
f 10211/10211 10213/10213 10214/10214 10212/10212
f 10215/10215 10216/10216 10217/10217 10218/10218
f 10216/10216 10219/10219 10220/10220 10217/10217
f 10219/10219 10221/10221 10222/10222 10220/10220
f 10221/10221 10223/10223 10224/10224 10222/10222
f 10223/10223 10225/10225 10226/10226 10224/10224
f 10227/10227 10228/10228 10229/10229 10230/10230
f 10228/10228 10231/10231 10232/10232 10229/10229
f 10231/10231 10233/10233 10234/10234 10232/10232
f 10233/10233 10235/10235 10236/10236 10234/10234
f 10237/10237 10238/10238 10239/10239 10240/10240
f 10238/10238 10241/10241 10242/10242 10239/10239
f 10241/10241 10243/10243 10244/10244 10242/10242
f 10243/10243 10245/10245 10246/10246 10244/10244
f 10245/10245 10247/10247 10248/10248 10246/10246
f 10247/10247 10249/10249 10250/10250 10248/10248
f 10251/10251 10252/10252 10253/10253 10254/10254
f 10252/10252 10255/10255 10256/10256 10253/10253
f 10257/10257 10258/10258 10259/10259 10260/10260
f 10261/10261 10262/10262 10263/10263 10264/10264
f 10262/10262 10265/10265 10266/10266 10263/10263
f 10265/10265 10267/10267 10268/10268 10266/10266
f 10267/10267 10269/10269 10270/10270 10268/10268
f 10269/10269 10271/10271 10272/10272 10270/10270
f 10273/10273 10274/10274 10275/10275 10276/10276
f 10274/10274 10277/10277 10278/10278 10275/10275
f 10277/10277 10279/10279 10280/10280 10278/10278
f 10279/10279 10281/10281 10282/10282 10280/10280
f 10281/10281 10283/10283 10284/10284 10282/10282
f 10255/10255 10257/10257 10260/10260 10256/10256
f 10285/10285 10286/10286 10287/10287 10288/10288
f 10286/10286 10289/10289 10290/10290 10287/10287
f 10289/10289 10291/10291 10292/10292 10290/10290
f 10291/10291 10293/10293 10294/10294 10292/10292
f 10293/10293 10295/10295 10296/10296 10294/10294
f 10295/10295 10297/10297 10298/10298 10296/10296
f 10297/10297 10299/10299 10300/10300 10298/10298
f 10301/10301 10302/10302 10303/10303 10304/10304
f 10302/10302 10305/10305 10306/10306 10303/10303
f 10305/10305 10307/10307 10308/10308 10306/10306
f 10307/10307 10309/10309 10310/10310 10308/10308
f 10309/10309 10311/10311 10312/10312 10310/10310
f 10311/10311 10313/10313 10314/10314 10312/10312
f 10313/10313 10315/10315 10316/10316 10314/10314
f 10315/10315 10317/10317 10318/10318 10316/10316
f 10319/10319 10320/10320 10321/10321 10322/10322
f 10320/10320 10323/10323 10324/10324 10321/10321
f 10323/10323 10325/10325 10326/10326 10324/10324
f 10325/10325 10327/10327 10328/10328 10326/10326
f 10327/10327 10329/10329 10330/10330 10328/10328
f 10331/10331 10332/10332 10333/10333 10334/10334
f 10332/10332 10335/10335 10336/10336 10333/10333
f 10335/10335 10337/10337 10338/10338 10336/10336
f 10337/10337 10339/10339 10340/10340 10338/10338
f 10339/10339 10341/10341 10342/10342 10340/10340
f 10341/10341 10343/10343 10344/10344 10342/10342
f 10345/10345 10346/10346 10347/10347 10348/10348
f 10346/10346 10349/10349 10350/10350 10347/10347
f 10349/10349 10351/10351 10352/10352 10350/10350
f 10351/10351 10353/10353 10354/10354 10352/10352
f 10353/10353 10355/10355 10356/10356 10354/10354
f 10355/10355 10357/10357 10358/10358 10356/10356
f 10357/10357 10359/10359 10360/10360 10358/10358
f 10361/10361 10362/10362 10363/10363 10364/10364
f 10362/10362 10365/10365 10366/10366 10363/10363
f 10365/10365 10367/10367 10368/10368 10366/10366
f 10367/10367 10369/10369 10370/10370 10368/10368
f 10369/10369 10371/10371 10372/10372 10370/10370
f 10371/10371 10373/10373 10374/10374 10372/10372
f 10373/10373 10375/10375 10376/10376 10374/10374
f 10377/10377 10378/10378 10379/10379 10380/10380
f 10378/10378 10381/10381 10382/10382 10379/10379
f 10381/10381 10383/10383 10384/10384 10382/10382
f 10383/10383 10385/10385 10386/10386 10384/10384
f 10385/10385 10387/10387 10388/10388 10386/10386
f 10387/10387 10389/10389 10390/10390 10388/10388
f 10391/10391 10392/10392 10393/10393 10394/10394
f 10392/10392 10395/10395 10396/10396 10393/10393
f 10395/10395 10397/10397 10398/10398 10396/10396
f 10397/10397 10399/10399 10400/10400 10398/10398
f 10399/10399 10401/10401 10402/10402 10400/10400
f 10401/10401 10403/10403 10404/10404 10402/10402
f 10405/10405 10406/10406 10407/10407 10408/10408
f 10406/10406 10409/10409 10410/10410 10407/10407
f 10409/10409 10411/10411 10412/10412 10410/10410
f 10411/10411 10413/10413 10414/10414 10412/10412
f 10413/10413 10415/10415 10416/10416 10414/10414
f 10415/10415 10417/10417 10418/10418 10416/10416
f 10419/10419 10420/10420 10421/10421 10422/10422
f 10420/10420 10423/10423 10424/10424 10421/10421
f 10423/10423 10425/10425 10426/10426 10424/10424
f 10425/10425 10427/10427 10428/10428 10426/10426
f 10427/10427 10429/10429 10430/10430 10428/10428
f 10429/10429 10431/10431 10432/10432 10430/10430
f 10433/10433 10434/10434 10435/10435 10436/10436
f 10434/10434 10437/10437 10438/10438 10435/10435
f 10437/10437 10439/10439 10440/10440 10438/10438
f 10439/10439 10441/10441 10442/10442 10440/10440
f 10441/10441 10443/10443 10444/10444 10442/10442
f 10445/10445 10446/10446 10447/10447 10448/10448
f 10446/10446 10449/10449 10450/10450 10447/10447
f 10449/10449 10451/10451 10452/10452 10450/10450
f 10451/10451 10453/10453 10454/10454 10452/10452
f 10453/10453 10455/10455 10456/10456 10454/10454
f 10455/10455 10457/10457 10458/10458 10456/10456
f 10459/10459 10460/10460 10461/10461 10462/10462
f 10460/10460 10463/10463 10464/10464 10461/10461
f 10463/10463 10465/10465 10466/10466 10464/10464
f 10465/10465 10467/10467 10468/10468 10466/10466
f 10467/10467 10469/10469 10470/10470 10468/10468
f 10469/10469 10471/10471 10472/10472 10470/10470
f 10473/10473 10474/10474 10475/10475 10476/10476
f 10474/10474 10477/10477 10478/10478 10475/10475
f 10477/10477 10479/10479 10480/10480 10478/10478
f 10479/10479 10481/10481 10482/10482 10480/10480
f 10481/10481 10483/10483 10484/10484 10482/10482
f 10483/10483 10485/10485 10486/10486 10484/10484
f 10485/10485 10487/10487 10488/10488 10486/10486
f 10487/10487 10489/10489 10490/10490 10488/10488
f 10491/10491 10492/10492 10493/10493 10494/10494
f 10492/10492 10495/10495 10496/10496 10493/10493
f 10495/10495 10497/10497 10498/10498 10496/10496
f 10497/10497 10499/10499 10500/10500 10498/10498
f 10499/10499 10501/10501 10502/10502 10500/10500
f 10501/10501 10503/10503 10504/10504 10502/10502
f 10503/10503 10505/10505 10506/10506 10504/10504
f 10507/10507 10508/10508 10509/10509 10510/10510
f 10508/10508 10511/10511 10512/10512 10509/10509
f 10511/10511 10513/10513 10514/10514 10512/10512
f 10513/10513 10515/10515 10516/10516 10514/10514
f 10515/10515 10517/10517 10518/10518 10516/10516
f 10517/10517 10519/10519 10520/10520 10518/10518
f 10519/10519 10521/10521 10522/10522 10520/10520
f 10521/10521 10523/10523 10524/10524 10522/10522
f 10525/10525 10526/10526 10527/10527 10528/10528
f 10526/10526 10529/10529 10530/10530 10527/10527
f 10529/10529 10531/10531 10532/10532 10530/10530
f 10531/10531 10533/10533 10534/10534 10532/10532
f 10533/10533 10535/10535 10536/10536 10534/10534
f 10537/10537 10538/10538 10539/10539 10540/10540
f 10538/10538 10541/10541 10542/10542 10539/10539
f 10541/10541 10543/10543 10544/10544 10542/10542
f 10543/10543 10545/10545 10546/10546 10544/10544
f 10547/10547 10548/10548 10549/10549 10550/10550
f 10548/10548 10551/10551 10552/10552 10549/10549
f 10551/10551 10553/10553 10554/10554 10552/10552
f 10553/10553 10555/10555 10556/10556 10554/10554
f 10555/10555 10557/10557 10558/10558 10556/10556
f 10559/10559 10560/10560 10561/10561 10562/10562
f 10560/10560 10563/10563 10564/10564 10561/10561
f 10563/10563 10565/10565 10566/10566 10564/10564
f 10565/10565 10567/10567 10568/10568 10566/10566
f 10567/10567 10569/10569 10570/10570 10568/10568
f 10571/10571 10572/10572 10573/10573 10574/10574
f 10572/10572 10575/10575 10576/10576 10573/10573
f 10575/10575 10577/10577 10578/10578 10576/10576
f 10577/10577 10579/10579 10580/10580 10578/10578
f 10579/10579 10581/10581 10582/10582 10580/10580
f 10583/10583 10584/10584 10585/10585 10586/10586
f 10584/10584 10587/10587 10588/10588 10585/10585
f 10587/10587 10589/10589 10590/10590 10588/10588
f 10589/10589 10591/10591 10592/10592 10590/10590
f 10591/10591 10593/10593 10594/10594 10592/10592
f 10593/10593 10595/10595 10596/10596 10594/10594
f 10597/10597 10598/10598 10599/10599 10600/10600
f 10598/10598 10601/10601 10602/10602 10599/10599
f 10601/10601 10603/10603 10604/10604 10602/10602
f 10603/10603 10605/10605 10606/10606 10604/10604
f 10605/10605 10607/10607 10608/10608 10606/10606
f 10607/10607 10609/10609 10610/10610 10608/10608
f 10611/10611 10612/10612 10613/10613 10614/10614
f 10612/10612 10615/10615 10616/10616 10613/10613
f 10615/10615 10617/10617 10618/10618 10616/10616
f 10617/10617 10619/10619 10620/10620 10618/10618
f 10619/10619 10621/10621 10622/10622 10620/10620
f 10623/10623 10624/10624 10625/10625 10626/10626
f 10624/10624 10627/10627 10628/10628 10625/10625
f 10627/10627 10629/10629 10630/10630 10628/10628
f 10629/10629 10631/10631 10632/10632 10630/10630
f 10631/10631 10633/10633 10634/10634 10632/10632
f 10635/10635 10636/10636 10637/10637 10638/10638
f 10636/10636 10639/10639 10640/10640 10637/10637
f 10639/10639 10641/10641 10642/10642 10640/10640
f 10643/10643 10635/10635 10638/10638 10644/10644
f 10645/10645 10646/10646 10647/10647 10648/10648
f 10646/10646 10649/10649 10650/10650 10647/10647
f 10649/10649 10651/10651 10652/10652 10650/10650
f 10651/10651 10653/10653 10654/10654 10652/10652
f 10653/10653 10655/10655 10656/10656 10654/10654
f 10655/10655 10657/10657 10658/10658 10656/10656
f 10659/10659 10660/10660 10661/10661 10662/10662
f 10660/10660 10663/10663 10664/10664 10661/10661
f 10663/10663 10665/10665 10666/10666 10664/10664
f 10665/10665 10667/10667 10668/10668 10666/10666
f 10667/10667 10669/10669 10670/10670 10668/10668
f 10671/10671 10672/10672 10673/10673 10674/10674
f 10672/10672 10675/10675 10676/10676 10673/10673
f 10675/10675 10677/10677 10678/10678 10676/10676
f 10677/10677 10679/10679 10680/10680 10678/10678
f 10679/10679 10681/10681 10682/10682 10680/10680
f 10681/10681 10683/10683 10684/10684 10682/10682
f 10685/10685 10686/10686 10687/10687 10688/10688
f 10686/10686 10689/10689 10690/10690 10687/10687
f 10689/10689 10691/10691 10692/10692 10690/10690
f 10691/10691 10693/10693 10694/10694 10692/10692
f 10693/10693 10695/10695 10696/10696 10694/10694
f 10695/10695 10697/10697 10698/10698 10696/10696
f 10699/10699 10700/10700 10701/10701 10702/10702
f 10700/10700 10703/10703 10704/10704 10701/10701
f 10703/10703 10705/10705 10706/10706 10704/10704
f 10705/10705 10707/10707 10708/10708 10706/10706
f 10707/10707 10709/10709 10710/10710 10708/10708
f 10709/10709 10711/10711 10712/10712 10710/10710
f 10711/10711 10713/10713 10714/10714 10712/10712
f 10715/10715 10716/10716 10717/10717 10718/10718
f 10716/10716 10719/10719 10720/10720 10717/10717
f 10719/10719 10721/10721 10722/10722 10720/10720
f 10721/10721 10723/10723 10724/10724 10722/10722
f 10723/10723 10725/10725 10726/10726 10724/10724
f 10727/10727 10728/10728 10729/10729 10730/10730
f 10728/10728 10731/10731 10732/10732 10729/10729
f 10731/10731 10733/10733 10734/10734 10732/10732
f 10733/10733 10735/10735 10736/10736 10734/10734
f 10735/10735 10737/10737 10738/10738 10736/10736
f 10739/10739 10740/10740 10741/10741 10742/10742
f 10740/10740 10743/10743 10744/10744 10741/10741
f 10743/10743 10745/10745 10746/10746 10744/10744
f 10745/10745 10747/10747 10748/10748 10746/10746
f 10747/10747 10749/10749 10750/10750 10748/10748
f 10749/10749 10751/10751 10752/10752 10750/10750
f 10751/10751 10753/10753 10754/10754 10752/10752
f 10755/10755 10756/10756 10757/10757 10758/10758
f 10756/10756 10759/10759 10760/10760 10757/10757
f 10759/10759 10761/10761 10762/10762 10760/10760
f 10761/10761 10763/10763 10764/10764 10762/10762
f 10763/10763 10765/10765 10766/10766 10764/10764
f 10765/10765 10767/10767 10768/10768 10766/10766
f 10767/10767 10769/10769 10770/10770 10768/10768
f 10771/10771 10772/10772 10773/10773 10774/10774
f 10772/10772 10775/10775 10776/10776 10773/10773
f 10775/10775 10777/10777 10778/10778 10776/10776
f 10777/10777 10779/10779 10780/10780 10778/10778
f 10779/10779 10781/10781 10782/10782 10780/10780
f 10783/10783 10784/10784 10785/10785 10786/10786
f 10784/10784 10787/10787 10788/10788 10785/10785
f 10787/10787 10789/10789 10790/10790 10788/10788
f 10789/10789 10791/10791 10792/10792 10790/10790
f 10791/10791 10793/10793 10794/10794 10792/10792
f 10795/10795 10796/10796 10797/10797 10798/10798
f 10796/10796 10799/10799 10800/10800 10797/10797
f 10799/10799 10801/10801 10802/10802 10800/10800
f 10801/10801 10803/10803 10804/10804 10802/10802
f 10805/10805 10806/10806 10807/10807 10808/10808
f 10806/10806 10809/10809 10810/10810 10807/10807
f 10809/10809 10811/10811 10812/10812 10810/10810
f 10811/10811 10813/10813 10814/10814 10812/10812
f 10815/10815 10816/10816 10817/10817 10818/10818
f 10816/10816 10819/10819 10820/10820 10817/10817
f 10819/10819 10821/10821 10822/10822 10820/10820
f 10821/10821 10823/10823 10824/10824 10822/10822
f 10823/10823 10825/10825 10826/10826 10824/10824
f 10827/10827 10828/10828 10829/10829 10830/10830
f 10828/10828 10831/10831 10832/10832 10829/10829
f 10831/10831 10833/10833 10834/10834 10832/10832
f 10833/10833 10835/10835 10836/10836 10834/10834
f 10837/10837 10838/10838 10839/10839 10840/10840
f 10838/10838 10841/10841 10842/10842 10839/10839
f 10841/10841 10843/10843 10844/10844 10842/10842
f 10843/10843 10845/10845 10846/10846 10844/10844
f 10847/10847 10848/10848 10849/10849 10850/10850
f 10848/10848 10851/10851 10852/10852 10849/10849
f 10851/10851 10853/10853 10854/10854 10852/10852
f 10853/10853 10855/10855 10856/10856 10854/10854
f 10855/10855 10857/10857 10858/10858 10856/10856
f 10857/10857 10859/10859 10860/10860 10858/10858
f 10861/10861 10862/10862 10863/10863 10864/10864
f 10862/10862 10865/10865 10866/10866 10863/10863
f 10865/10865 10867/10867 10868/10868 10866/10866
f 10867/10867 10869/10869 10870/10870 10868/10868
f 10869/10869 10871/10871 10872/10872 10870/10870
f 10871/10871 10873/10873 10874/10874 10872/10872
f 10873/10873 10875/10875 10876/10876 10874/10874
f 10877/10877 10878/10878 10879/10879 10880/10880
f 10878/10878 10881/10881 10882/10882 10879/10879
f 10881/10881 10883/10883 10884/10884 10882/10882
f 10883/10883 10885/10885 10886/10886 10884/10884
f 10885/10885 10887/10887 10888/10888 10886/10886
f 10889/10889 10890/10890 10891/10891 10892/10892
f 10890/10890 10893/10893 10894/10894 10891/10891
f 10895/10895 10896/10896 10897/10897 10898/10898
f 10896/10896 10899/10899 10900/10900 10897/10897
f 10899/10899 10901/10901 10902/10902 10900/10900
f 10901/10901 10903/10903 10904/10904 10902/10902
f 10905/10905 10906/10906 10907/10907 10908/10908
f 10906/10906 10909/10909 10910/10910 10907/10907
f 10909/10909 10911/10911 10912/10912 10910/10910
f 10911/10911 10913/10913 10914/10914 10912/10912
f 10893/10893 10915/10915 10916/10916 10894/10894
f 10915/10915 10917/10917 10918/10918 10916/10916
f 10917/10917 10919/10919 10920/10920 10918/10918
f 10921/10921 10922/10922 10923/10923 10924/10924
f 10922/10922 10925/10925 10926/10926 10923/10923
f 10925/10925 10927/10927 10928/10928 10926/10926
f 10927/10927 10929/10929 10930/10930 10928/10928
f 10931/10931 10932/10932 10933/10933 10934/10934
f 10932/10932 10935/10935 10936/10936 10933/10933
f 10937/10937 10938/10938 10939/10939 10940/10940
f 10938/10938 10941/10941 10942/10942 10939/10939
f 10941/10941 10943/10943 10944/10944 10942/10942
f 10935/10935 10945/10945 10946/10946 10936/10936
f 10945/10945 10947/10947 10948/10948 10946/10946
f 10947/10947 10949/10949 10950/10950 10948/10948
f 10951/10951 10952/10952 10953/10953 10954/10954
f 10952/10952 10955/10955 10956/10956 10953/10953
f 10955/10955 10957/10957 10958/10958 10956/10956
f 10959/10959 10960/10960 10961/10961 10962/10962
f 10960/10960 10963/10963 10964/10964 10961/10961
f 10963/10963 10965/10965 10966/10966 10964/10964
f 10965/10965 10967/10967 10968/10968 10966/10966
f 10969/10969 10970/10970 10971/10971 10972/10972
f 10970/10970 10973/10973 10974/10974 10971/10971
f 10973/10973 10975/10975 10976/10976 10974/10974
f 10975/10975 10977/10977 10978/10978 10976/10976
f 10979/10979 10980/10980 10981/10981 10982/10982
f 10980/10980 10983/10983 10984/10984 10981/10981
f 10983/10983 10985/10985 10986/10986 10984/10984
f 10985/10985 10987/10987 10988/10988 10986/10986
f 10987/10987 10989/10989 10990/10990 10988/10988
f 10991/10991 10992/10992 10993/10993 10994/10994
f 10992/10992 10995/10995 10996/10996 10993/10993
f 10995/10995 10997/10997 10998/10998 10996/10996
f 10999/10999 11000/11000 11001/11001 11002/11002
f 11000/11000 11003/11003 11004/11004 11001/11001
f 11003/11003 11005/11005 11006/11006 11004/11004
f 11007/11007 11008/11008 11009/11009 11010/11010
f 11008/11008 11011/11011 11012/11012 11009/11009
f 11011/11011 11013/11013 11014/11014 11012/11012
f 11013/11013 11015/11015 11016/11016 11014/11014
f 11017/11017 11018/11018 11019/11019 11020/11020
f 11018/11018 11021/11021 11022/11022 11019/11019
f 11021/11021 11023/11023 11024/11024 11022/11022
f 11025/11025 11026/11026 11027/11027 11028/11028
f 11026/11026 11029/11029 11030/11030 11027/11027
f 11029/11029 11031/11031 11032/11032 11030/11030
f 11033/11033 11034/11034 11035/11035 11036/11036
f 11034/11034 11037/11037 11038/11038 11035/11035
f 11037/11037 11039/11039 11040/11040 11038/11038
f 11041/11041 11042/11042 11043/11043 11044/11044
f 11042/11042 11045/11045 11046/11046 11043/11043
f 11045/11045 11047/11047 11048/11048 11046/11046
f 11049/11049 11050/11050 11051/11051 11052/11052
f 11050/11050 11053/11053 11054/11054 11051/11051
f 11053/11053 11055/11055 11056/11056 11054/11054
f 11055/11055 11057/11057 11058/11058 11056/11056
f 11057/11057 11059/11059 11060/11060 11058/11058
f 11059/11059 11061/11061 11062/11062 11060/11060
f 11061/11061 11063/11063 11064/11064 11062/11062
f 11063/11063 11065/11065 11066/11066 11064/11064
f 11065/11065 11067/11067 11068/11068 11066/11066
f 11067/11067 11069/11069 11070/11070 11068/11068
f 11069/11069 11071/11071 11072/11072 11070/11070
f 11071/11071 11073/11073 11074/11074 11072/11072
f 11075/11075 11076/11076 11077/11077 11078/11078
f 11076/11076 11079/11079 11080/11080 11077/11077
f 11079/11079 11081/11081 11082/11082 11080/11080
f 11081/11081 11083/11083 11084/11084 11082/11082
f 11083/11083 11085/11085 11086/11086 11084/11084
f 11085/11085 11087/11087 11088/11088 11086/11086
f 11087/11087 11089/11089 11090/11090 11088/11088
f 11091/11091 11092/11092 11093/11093 11094/11094
f 11092/11092 11095/11095 11096/11096 11093/11093
f 11095/11095 11097/11097 11098/11098 11096/11096
f 11097/11097 11099/11099 11100/11100 11098/11098
f 11099/11099 11101/11101 11102/11102 11100/11100
f 11103/11103 11104/11104 11105/11105 11106/11106
f 11104/11104 11107/11107 11108/11108 11105/11105
f 11107/11107 11109/11109 11110/11110 11108/11108
f 11109/11109 11111/11111 11112/11112 11110/11110
f 11111/11111 11113/11113 11114/11114 11112/11112
f 11115/11115 11116/11116 11117/11117 11118/11118
f 11116/11116 11119/11119 11120/11120 11117/11117
f 11119/11119 11121/11121 11122/11122 11120/11120
f 11121/11121 11123/11123 11124/11124 11122/11122
f 11123/11123 11125/11125 11126/11126 11124/11124
f 11125/11125 11127/11127 11128/11128 11126/11126
f 11129/11129 11130/11130 11131/11131 11132/11132
f 11130/11130 11133/11133 11134/11134 11131/11131
f 11133/11133 11135/11135 11136/11136 11134/11134
f 11135/11135 11137/11137 11138/11138 11136/11136
f 11137/11137 11139/11139 11140/11140 11138/11138
f 11139/11139 11141/11141 11142/11142 11140/11140
f 11143/11143 11144/11144 11145/11145 11146/11146
f 11144/11144 11147/11147 11148/11148 11145/11145
f 11147/11147 11149/11149 11150/11150 11148/11148
f 11149/11149 11151/11151 11152/11152 11150/11150
f 11151/11151 11153/11153 11154/11154 11152/11152
f 11153/11153 11155/11155 11156/11156 11154/11154
f 11155/11155 11157/11157 11158/11158 11156/11156
f 11157/11157 11159/11159 11160/11160 11158/11158
f 11159/11159 11161/11161 11162/11162 11160/11160
f 11163/11163 11164/11164 11165/11165 11166/11166
f 11164/11164 11167/11167 11168/11168 11165/11165
f 11167/11167 11169/11169 11170/11170 11168/11168
f 11169/11169 11171/11171 11172/11172 11170/11170
f 11171/11171 11173/11173 11174/11174 11172/11172
f 11173/11173 11175/11175 11176/11176 11174/11174
f 11175/11175 11177/11177 11178/11178 11176/11176
f 11177/11177 11179/11179 11180/11180 11178/11178
f 11181/11181 11182/11182 11183/11183 11184/11184
f 11182/11182 11185/11185 11186/11186 11183/11183
f 11185/11185 11187/11187 11188/11188 11186/11186
f 11187/11187 11189/11189 11190/11190 11188/11188
f 11189/11189 11191/11191 11192/11192 11190/11190
f 11191/11191 11193/11193 11194/11194 11192/11192
f 11193/11193 11195/11195 11196/11196 11194/11194
f 11195/11195 11197/11197 11198/11198 11196/11196
f 11199/11199 11200/11200 11201/11201 11202/11202
f 11200/11200 11203/11203 11204/11204 11201/11201
f 11203/11203 11205/11205 11206/11206 11204/11204
f 11205/11205 11207/11207 11208/11208 11206/11206
f 11207/11207 11209/11209 11210/11210 11208/11208
f 11209/11209 11211/11211 11212/11212 11210/11210
f 11211/11211 11213/11213 11214/11214 11212/11212
f 11213/11213 11215/11215 11216/11216 11214/11214
f 11215/11215 11217/11217 11218/11218 11216/11216
f 11217/11217 11219/11219 11220/11220 11218/11218
f 11219/11219 11221/11221 11222/11222 11220/11220
f 11221/11221 11223/11223 11224/11224 11222/11222
f 11223/11223 11225/11225 11226/11226 11224/11224
f 11227/11227 11228/11228 11229/11229 11230/11230
f 11228/11228 11231/11231 11232/11232 11229/11229
f 11231/11231 11233/11233 11234/11234 11232/11232
f 11233/11233 11235/11235 11236/11236 11234/11234
f 11235/11235 11237/11237 11238/11238 11236/11236
f 11239/11239 11240/11240 11241/11241 11242/11242
f 11240/11240 11243/11243 11244/11244 11241/11241
f 11243/11243 11245/11245 11246/11246 11244/11244
f 11245/11245 11247/11247 11248/11248 11246/11246
f 11247/11247 11249/11249 11250/11250 11248/11248
f 11249/11249 11251/11251 11252/11252 11250/11250
f 11251/11251 11253/11253 11254/11254 11252/11252
f 11253/11253 11255/11255 11256/11256 11254/11254
f 11257/11257 11258/11258 11259/11259 11260/11260
f 11258/11258 11261/11261 11262/11262 11259/11259
f 11261/11261 11263/11263 11264/11264 11262/11262
f 11263/11263 11265/11265 11266/11266 11264/11264
f 11265/11265 11267/11267 11268/11268 11266/11266
f 11267/11267 11269/11269 11270/11270 11268/11268
f 11269/11269 11271/11271 11272/11272 11270/11270
f 11273/11273 11274/11274 11275/11275 11276/11276
f 11274/11274 11277/11277 11278/11278 11275/11275
f 11277/11277 11279/11279 11280/11280 11278/11278
f 11279/11279 11281/11281 11282/11282 11280/11280
f 11281/11281 11283/11283 11284/11284 11282/11282
f 11283/11283 11285/11285 11286/11286 11284/11284
f 11285/11285 11287/11287 11288/11288 11286/11286
f 11287/11287 11289/11289 11290/11290 11288/11288
f 11289/11289 11291/11291 11292/11292 11290/11290
f 11291/11291 11293/11293 11294/11294 11292/11292
f 11293/11293 11295/11295 11296/11296 11294/11294
f 11295/11295 11297/11297 11298/11298 11296/11296
f 11297/11297 11299/11299 11300/11300 11298/11298
f 11301/11301 11302/11302 11303/11303 11304/11304
f 11302/11302 11305/11305 11306/11306 11303/11303
f 11305/11305 11307/11307 11308/11308 11306/11306
f 11307/11307 11309/11309 11310/11310 11308/11308
f 11309/11309 11311/11311 11312/11312 11310/11310
f 11313/11313 11314/11314 11315/11315 11316/11316
f 11314/11314 11317/11317 11318/11318 11315/11315
f 11317/11317 11319/11319 11320/11320 11318/11318
f 11319/11319 11321/11321 11322/11322 11320/11320
f 11321/11321 11323/11323 11324/11324 11322/11322
f 11323/11323 11325/11325 11326/11326 11324/11324
f 11327/11327 11328/11328 11329/11329 11330/11330
f 11328/11328 11331/11331 11332/11332 11329/11329
f 11331/11331 11333/11333 11334/11334 11332/11332
f 11333/11333 11335/11335 11336/11336 11334/11334
f 11335/11335 11337/11337 11338/11338 11336/11336
f 11339/11339 11340/11340 11341/11341 11342/11342
f 11340/11340 11343/11343 11344/11344 11341/11341
f 11343/11343 11345/11345 11346/11346 11344/11344
f 11345/11345 11347/11347 11348/11348 11346/11346
f 11347/11347 11349/11349 11350/11350 11348/11348
f 11351/11351 11352/11352 11353/11353 11354/11354
f 11352/11352 11355/11355 11356/11356 11353/11353
f 11355/11355 11357/11357 11358/11358 11356/11356
f 11357/11357 11359/11359 11360/11360 11358/11358
f 11359/11359 11361/11361 11362/11362 11360/11360
f 11361/11361 11363/11363 11364/11364 11362/11362
f 11363/11363 11365/11365 11366/11366 11364/11364
f 11365/11365 11367/11367 11368/11368 11366/11366
f 11367/11367 11369/11369 11370/11370 11368/11368
f 11369/11369 11371/11371 11372/11372 11370/11370
f 11373/11373 11374/11374 11375/11375 11376/11376
f 11374/11374 11377/11377 11378/11378 11375/11375
f 11377/11377 11379/11379 11380/11380 11378/11378
f 11379/11379 11381/11381 11382/11382 11380/11380
f 11381/11381 11383/11383 11384/11384 11382/11382
f 11383/11383 11385/11385 11386/11386 11384/11384
f 11385/11385 11387/11387 11388/11388 11386/11386
f 11387/11387 11389/11389 11390/11390 11388/11388
f 11389/11389 11391/11391 11392/11392 11390/11390
f 11393/11393 11394/11394 11395/11395 11396/11396
f 11394/11394 11397/11397 11398/11398 11395/11395
f 11397/11397 11399/11399 11400/11400 11398/11398
f 11399/11399 11401/11401 11402/11402 11400/11400
f 11401/11401 11403/11403 11404/11404 11402/11402
f 11403/11403 11405/11405 11406/11406 11404/11404
f 11405/11405 11407/11407 11408/11408 11406/11406
f 11407/11407 11409/11409 11410/11410 11408/11408
f 11409/11409 11411/11411 11412/11412 11410/11410
f 11413/11413 11414/11414 11415/11415 11416/11416
f 11414/11414 11417/11417 11418/11418 11415/11415
f 11417/11417 11419/11419 11420/11420 11418/11418
f 11419/11419 11421/11421 11422/11422 11420/11420
f 11421/11421 11423/11423 11424/11424 11422/11422
f 11423/11423 11425/11425 11426/11426 11424/11424
f 11425/11425 11427/11427 11428/11428 11426/11426
f 11427/11427 11429/11429 11430/11430 11428/11428
f 11431/11431 11432/11432 11433/11433 11434/11434
f 11432/11432 11435/11435 11436/11436 11433/11433
f 11435/11435 11437/11437 11438/11438 11436/11436
f 11437/11437 11439/11439 11440/11440 11438/11438
f 11439/11439 11441/11441 11442/11442 11440/11440
f 11441/11441 11443/11443 11444/11444 11442/11442
f 11445/11445 11446/11446 11447/11447 11448/11448
f 11446/11446 11449/11449 11450/11450 11447/11447
f 11449/11449 11451/11451 11452/11452 11450/11450
f 11451/11451 11453/11453 11454/11454 11452/11452
f 11453/11453 11455/11455 11456/11456 11454/11454
f 11455/11455 11457/11457 11458/11458 11456/11456
f 11457/11457 11459/11459 11460/11460 11458/11458
f 11461/11461 11462/11462 11463/11463 11464/11464
f 11462/11462 11465/11465 11466/11466 11463/11463
f 11465/11465 11467/11467 11468/11468 11466/11466
f 11467/11467 11469/11469 11470/11470 11468/11468
f 11469/11469 11471/11471 11472/11472 11470/11470
f 11471/11471 11473/11473 11474/11474 11472/11472
f 11473/11473 11475/11475 11476/11476 11474/11474
f 11475/11475 11477/11477 11478/11478 11476/11476
f 11477/11477 11479/11479 11480/11480 11478/11478
f 11481/11481 11482/11482 11483/11483 11484/11484
f 11482/11482 11485/11485 11486/11486 11483/11483
f 11485/11485 11487/11487 11488/11488 11486/11486
f 11487/11487 11489/11489 11490/11490 11488/11488
f 11491/11491 11492/11492 11493/11493 11494/11494
f 11492/11492 11495/11495 11496/11496 11493/11493
f 11497/11497 11498/11498 11499/11499 11500/11500
f 11498/11498 11501/11501 11502/11502 11499/11499
f 11501/11501 11503/11503 11504/11504 11502/11502
f 11503/11503 11505/11505 11506/11506 11504/11504
f 11505/11505 11507/11507 11508/11508 11506/11506
f 11507/11507 11509/11509 11510/11510 11508/11508
f 11509/11509 11511/11511 11512/11512 11510/11510
f 11511/11511 11513/11513 11514/11514 11512/11512
f 11489/11489 11491/11491 11494/11494 11490/11490
f 11515/11515 11516/11516 11517/11517 11518/11518
f 11516/11516 11519/11519 11520/11520 11517/11517
f 11519/11519 11521/11521 11522/11522 11520/11520
f 11521/11521 11523/11523 11524/11524 11522/11522
f 11523/11523 11525/11525 11526/11526 11524/11524
f 11525/11525 11527/11527 11528/11528 11526/11526
f 11527/11527 11529/11529 11530/11530 11528/11528
f 11529/11529 11531/11531 11532/11532 11530/11530
f 11531/11531 11533/11533 11534/11534 11532/11532
f 11533/11533 11535/11535 11536/11536 11534/11534
f 11535/11535 11537/11537 11538/11538 11536/11536
f 11539/11539 11540/11540 11541/11541 11542/11542
f 11540/11540 11543/11543 11544/11544 11541/11541
f 11543/11543 11545/11545 11546/11546 11544/11544
f 11547/11547 11548/11548 11549/11549 11550/11550
f 11548/11548 11551/11551 11552/11552 11549/11549
f 11551/11551 11553/11553 11554/11554 11552/11552
f 11553/11553 11555/11555 11556/11556 11554/11554
f 11555/11555 11557/11557 11558/11558 11556/11556
f 11557/11557 11559/11559 11560/11560 11558/11558
f 11559/11559 11561/11561 11562/11562 11560/11560
f 11561/11561 11563/11563 11564/11564 11562/11562
f 11563/11563 11565/11565 11566/11566 11564/11564
f 11567/11567 11568/11568 11569/11569 11570/11570
f 11568/11568 11571/11571 11572/11572 11569/11569
f 11571/11571 11573/11573 11574/11574 11572/11572
f 11573/11573 11575/11575 11576/11576 11574/11574
f 11575/11575 11577/11577 11578/11578 11576/11576
f 11577/11577 11579/11579 11580/11580 11578/11578
f 11579/11579 11581/11581 11582/11582 11580/11580
f 11581/11581 11583/11583 11584/11584 11582/11582
f 11583/11583 11585/11585 11586/11586 11584/11584
f 11585/11585 11587/11587 11588/11588 11586/11586
f 11587/11587 11589/11589 11590/11590 11588/11588
f 11545/11545 11547/11547 11550/11550 11546/11546
f 11591/11591 11592/11592 11593/11593 11594/11594
f 11592/11592 11595/11595 11596/11596 11593/11593
f 11595/11595 11597/11597 11598/11598 11596/11596
f 11597/11597 11599/11599 11600/11600 11598/11598
f 11599/11599 11601/11601 11602/11602 11600/11600
f 11601/11601 11603/11603 11604/11604 11602/11602
f 11603/11603 11605/11605 11606/11606 11604/11604
f 11605/11605 11607/11607 11608/11608 11606/11606
f 11609/11609 11610/11610 11611/11611 11612/11612
f 11610/11610 11613/11613 11614/11614 11611/11611
f 11613/11613 11615/11615 11616/11616 11614/11614
f 11615/11615 11617/11617 11618/11618 11616/11616
f 11617/11617 11619/11619 11620/11620 11618/11618
f 11621/11621 11622/11622 11623/11623 11624/11624
f 11622/11622 11625/11625 11626/11626 11623/11623
f 11619/11619 11621/11621 11624/11624 11620/11620
f 11627/11627 11591/11591 11594/11594 11628/11628
f 11629/11629 11630/11630 11631/11631 11632/11632
f 11630/11630 11633/11633 11634/11634 11631/11631
f 11633/11633 11635/11635 11636/11636 11634/11634
f 11635/11635 11637/11637 11638/11638 11636/11636
f 11637/11637 11639/11639 11640/11640 11638/11638
f 11639/11639 11641/11641 11642/11642 11640/11640
f 11643/11643 11644/11644 11645/11645 11646/11646
f 11644/11644 11647/11647 11648/11648 11645/11645
f 11647/11647 11649/11649 11650/11650 11648/11648
f 11649/11649 11651/11651 11652/11652 11650/11650
f 11651/11651 11653/11653 11654/11654 11652/11652
f 11653/11653 11655/11655 11656/11656 11654/11654
f 11657/11657 11658/11658 11659/11659 11660/11660
f 11658/11658 11661/11661 11662/11662 11659/11659
f 11661/11661 11663/11663 11664/11664 11662/11662
f 11663/11663 11665/11665 11666/11666 11664/11664
f 11665/11665 11667/11667 11668/11668 11666/11666
f 11667/11667 11669/11669 11670/11670 11668/11668
f 11669/11669 11671/11671 11672/11672 11670/11670
f 11673/11673 11674/11674 11675/11675 11676/11676
f 11674/11674 11677/11677 11678/11678 11675/11675
f 11677/11677 11679/11679 11680/11680 11678/11678
f 11679/11679 11681/11681 11682/11682 11680/11680
f 11681/11681 11683/11683 11684/11684 11682/11682
f 11683/11683 11685/11685 11686/11686 11684/11684
f 11685/11685 11687/11687 11688/11688 11686/11686
f 11687/11687 11689/11689 11690/11690 11688/11688
f 11689/11689 11691/11691 11692/11692 11690/11690
f 11691/11691 11693/11693 11694/11694 11692/11692
f 11693/11693 11695/11695 11696/11696 11694/11694
f 11697/11697 11698/11698 11699/11699 11700/11700
f 11698/11698 11701/11701 11702/11702 11699/11699
f 11701/11701 11703/11703 11704/11704 11702/11702
f 11703/11703 11705/11705 11706/11706 11704/11704
f 11705/11705 11707/11707 11708/11708 11706/11706
f 11707/11707 11709/11709 11710/11710 11708/11708
f 11709/11709 11711/11711 11712/11712 11710/11710
f 11713/11713 11657/11657 11660/11660 11714/11714
f 11715/11715 11716/11716 11717/11717 11718/11718
f 11716/11716 11719/11719 11720/11720 11717/11717
f 11719/11719 11721/11721 11722/11722 11720/11720
f 11723/11723 11724/11724 11725/11725 11726/11726
f 11724/11724 11727/11727 11728/11728 11725/11725
f 11727/11727 11729/11729 11730/11730 11728/11728
f 11729/11729 11731/11731 11732/11732 11730/11730
f 11731/11731 11733/11733 11734/11734 11732/11732
f 11733/11733 11735/11735 11736/11736 11734/11734
f 11737/11737 11738/11738 11739/11739 11740/11740
f 11738/11738 11741/11741 11742/11742 11739/11739
f 11741/11741 11743/11743 11744/11744 11742/11742
f 11743/11743 11745/11745 11746/11746 11744/11744
f 11745/11745 11747/11747 11748/11748 11746/11746
f 11749/11749 11750/11750 11751/11751 11752/11752
f 11750/11750 11753/11753 11754/11754 11751/11751
f 11753/11753 11755/11755 11756/11756 11754/11754
f 11755/11755 11757/11757 11758/11758 11756/11756
f 11757/11757 11759/11759 11760/11760 11758/11758
f 11759/11759 11761/11761 11762/11762 11760/11760
f 11761/11761 11763/11763 11764/11764 11762/11762
f 11765/11765 11766/11766 11767/11767 11768/11768
f 11766/11766 11769/11769 11770/11770 11767/11767
f 11769/11769 11771/11771 11772/11772 11770/11770
f 11771/11771 11773/11773 11774/11774 11772/11772
f 11773/11773 11775/11775 11776/11776 11774/11774
f 11775/11775 11777/11777 11778/11778 11776/11776
f 11777/11777 11779/11779 11780/11780 11778/11778
f 11781/11781 11782/11782 11783/11783 11784/11784
f 11782/11782 11785/11785 11786/11786 11783/11783
f 11785/11785 11787/11787 11788/11788 11786/11786
f 11787/11787 11789/11789 11790/11790 11788/11788
f 11789/11789 11791/11791 11792/11792 11790/11790
f 11791/11791 11793/11793 11794/11794 11792/11792
f 11793/11793 11795/11795 11796/11796 11794/11794
f 11797/11797 11798/11798 11799/11799 11800/11800
f 11798/11798 11801/11801 11802/11802 11799/11799
f 11801/11801 11803/11803 11804/11804 11802/11802
f 11803/11803 11805/11805 11806/11806 11804/11804
f 11805/11805 11807/11807 11808/11808 11806/11806
f 11807/11807 11809/11809 11810/11810 11808/11808
f 11811/11811 11812/11812 11813/11813 11814/11814
f 11812/11812 11815/11815 11816/11816 11813/11813
f 11815/11815 11817/11817 11818/11818 11816/11816
f 11817/11817 11819/11819 11820/11820 11818/11818
f 11821/11821 11822/11822 11823/11823 11824/11824
f 11822/11822 11825/11825 11826/11826 11823/11823
f 11825/11825 11811/11811 11814/11814 11826/11826
f 11827/11827 11828/11828 11829/11829 11830/11830
f 11828/11828 11831/11831 11832/11832 11829/11829
f 11831/11831 11833/11833 11834/11834 11832/11832
f 11833/11833 11835/11835 11836/11836 11834/11834
f 11835/11835 11837/11837 11838/11838 11836/11836
f 11837/11837 11839/11839 11840/11840 11838/11838
f 11839/11839 11841/11841 11842/11842 11840/11840
f 11841/11841 11843/11843 11844/11844 11842/11842
f 11845/11845 11846/11846 11847/11847 11848/11848
f 11846/11846 11849/11849 11850/11850 11847/11847
f 11849/11849 11851/11851 11852/11852 11850/11850
f 11851/11851 11853/11853 11854/11854 11852/11852
f 11853/11853 11855/11855 11856/11856 11854/11854
f 11855/11855 11857/11857 11858/11858 11856/11856
f 11857/11857 11859/11859 11860/11860 11858/11858
f 11859/11859 11861/11861 11862/11862 11860/11860
f 11863/11863 11864/11864 11865/11865 11866/11866
f 11864/11864 11867/11867 11868/11868 11865/11865
f 11867/11867 11869/11869 11870/11870 11868/11868
f 11869/11869 11871/11871 11872/11872 11870/11870
f 11871/11871 11873/11873 11874/11874 11872/11872
f 11873/11873 11875/11875 11876/11876 11874/11874
f 11875/11875 11877/11877 11878/11878 11876/11876
f 11877/11877 11879/11879 11880/11880 11878/11878
f 11881/11881 11882/11882 11883/11883 11884/11884
f 11882/11882 11885/11885 11886/11886 11883/11883
f 11885/11885 11887/11887 11888/11888 11886/11886
f 11887/11887 11889/11889 11890/11890 11888/11888
f 11889/11889 11891/11891 11892/11892 11890/11890
f 11891/11891 11893/11893 11894/11894 11892/11892
f 11893/11893 11895/11895 11896/11896 11894/11894
f 11895/11895 11897/11897 11898/11898 11896/11896
f 11897/11897 11899/11899 11900/11900 11898/11898
f 11901/11901 11902/11902 11903/11903 11904/11904
f 11902/11902 11905/11905 11906/11906 11903/11903
f 11905/11905 11907/11907 11908/11908 11906/11906
f 11907/11907 11909/11909 11910/11910 11908/11908
f 11909/11909 11911/11911 11912/11912 11910/11910
f 11911/11911 11913/11913 11914/11914 11912/11912
f 11913/11913 11915/11915 11916/11916 11914/11914
f 11915/11915 11917/11917 11918/11918 11916/11916
f 11917/11917 11919/11919 11920/11920 11918/11918
f 11919/11919 11921/11921 11922/11922 11920/11920
f 11923/11923 11924/11924 11925/11925 11926/11926
f 11924/11924 11927/11927 11928/11928 11925/11925
f 11927/11927 11929/11929 11930/11930 11928/11928
f 11929/11929 11931/11931 11932/11932 11930/11930
f 11931/11931 11933/11933 11934/11934 11932/11932
f 11935/11935 11936/11936 11937/11937 11938/11938
f 11936/11936 11939/11939 11940/11940 11937/11937
f 11939/11939 11941/11941 11942/11942 11940/11940
f 11941/11941 11943/11943 11944/11944 11942/11942
f 11943/11943 11945/11945 11946/11946 11944/11944
f 11945/11945 11947/11947 11948/11948 11946/11946
f 11947/11947 11949/11949 11950/11950 11948/11948
f 11949/11949 11951/11951 11952/11952 11950/11950
f 11953/11953 11954/11954 11955/11955 11956/11956
f 11954/11954 11957/11957 11958/11958 11955/11955
f 11957/11957 11959/11959 11960/11960 11958/11958
f 11959/11959 11961/11961 11962/11962 11960/11960
f 11961/11961 11963/11963 11964/11964 11962/11962
f 11963/11963 11965/11965 11966/11966 11964/11964
f 11967/11967 11968/11968 11969/11969 11970/11970
f 11968/11968 11971/11971 11972/11972 11969/11969
f 11971/11971 11973/11973 11974/11974 11972/11972
f 11973/11973 11975/11975 11976/11976 11974/11974
f 11975/11975 11977/11977 11978/11978 11976/11976
f 11977/11977 11979/11979 11980/11980 11978/11978
f 11979/11979 11981/11981 11982/11982 11980/11980
f 11981/11981 11983/11983 11984/11984 11982/11982
f 11985/11985 11986/11986 11987/11987 11988/11988
f 11986/11986 11989/11989 11990/11990 11987/11987
f 11989/11989 11991/11991 11992/11992 11990/11990
f 11991/11991 11993/11993 11994/11994 11992/11992
f 11993/11993 11995/11995 11996/11996 11994/11994
f 11997/11997 11998/11998 11999/11999 12000/12000
f 11998/11998 12001/12001 12002/12002 11999/11999
f 12001/12001 12003/12003 12004/12004 12002/12002
f 12003/12003 12005/12005 12006/12006 12004/12004
f 12005/12005 12007/12007 12008/12008 12006/12006
f 12007/12007 12009/12009 12010/12010 12008/12008
f 12011/12011 12012/12012 12013/12013 12014/12014
f 12012/12012 12015/12015 12016/12016 12013/12013
f 12015/12015 12017/12017 12018/12018 12016/12016
f 12017/12017 12019/12019 12020/12020 12018/12018
f 12019/12019 12021/12021 12022/12022 12020/12020
f 12021/12021 12023/12023 12024/12024 12022/12022
f 12023/12023 12025/12025 12026/12026 12024/12024
f 12027/12027 12028/12028 12029/12029 12030/12030
f 12028/12028 12031/12031 12032/12032 12029/12029
f 12031/12031 12033/12033 12034/12034 12032/12032
f 12033/12033 12035/12035 12036/12036 12034/12034
f 12035/12035 12037/12037 12038/12038 12036/12036
f 12037/12037 12039/12039 12040/12040 12038/12038
f 12039/12039 12041/12041 12042/12042 12040/12040
f 12041/12041 12043/12043 12044/12044 12042/12042
f 12043/12043 12045/12045 12046/12046 12044/12044
f 12047/12047 12048/12048 12049/12049 12050/12050
f 12048/12048 12051/12051 12052/12052 12049/12049
f 12051/12051 12053/12053 12054/12054 12052/12052
f 12053/12053 12055/12055 12056/12056 12054/12054
f 12055/12055 12057/12057 12058/12058 12056/12056
f 12059/12059 12060/12060 12061/12061 12062/12062
f 12060/12060 12063/12063 12064/12064 12061/12061
f 12063/12063 12065/12065 12066/12066 12064/12064
f 12065/12065 12067/12067 12068/12068 12066/12066
f 12067/12067 12069/12069 12070/12070 12068/12068
f 12069/12069 12071/12071 12072/12072 12070/12070
f 12073/12073 12074/12074 12075/12075 12076/12076
f 12074/12074 12077/12077 12078/12078 12075/12075
f 12077/12077 12079/12079 12080/12080 12078/12078
f 12079/12079 12081/12081 12082/12082 12080/12080
f 12083/12083 12084/12084 12085/12085 12086/12086
f 12084/12084 12087/12087 12088/12088 12085/12085
f 12087/12087 12089/12089 12090/12090 12088/12088
f 12089/12089 12091/12091 12092/12092 12090/12090
f 12091/12091 12093/12093 12094/12094 12092/12092
f 12095/12095 12096/12096 12097/12097 12098/12098
f 12096/12096 12099/12099 12100/12100 12097/12097
f 12099/12099 12101/12101 12102/12102 12100/12100
f 12101/12101 12103/12103 12104/12104 12102/12102
f 12103/12103 12105/12105 12106/12106 12104/12104
f 12105/12105 12107/12107 12108/12108 12106/12106
f 12107/12107 12109/12109 12110/12110 12108/12108
f 12109/12109 12111/12111 12112/12112 12110/12110
f 12113/12113 12114/12114 12115/12115 12116/12116
f 12114/12114 12117/12117 12118/12118 12115/12115
f 12117/12117 12119/12119 12120/12120 12118/12118
f 12119/12119 12121/12121 12122/12122 12120/12120
f 12123/12123 12124/12124 12125/12125 12126/12126
f 12124/12124 12127/12127 12128/12128 12125/12125
f 12127/12127 12129/12129 12130/12130 12128/12128
f 12129/12129 12131/12131 12132/12132 12130/12130
f 12131/12131 12133/12133 12134/12134 12132/12132
f 12135/12135 12136/12136 12137/12137 12138/12138
f 12136/12136 12139/12139 12140/12140 12137/12137
f 12139/12139 12141/12141 12142/12142 12140/12140
f 12141/12141 12143/12143 12144/12144 12142/12142
f 12143/12143 12145/12145 12146/12146 12144/12144
f 12147/12147 12148/12148 12149/12149 12150/12150
f 12148/12148 12151/12151 12152/12152 12149/12149
f 12151/12151 12153/12153 12154/12154 12152/12152
f 12153/12153 12155/12155 12156/12156 12154/12154
f 12155/12155 12157/12157 12158/12158 12156/12156
f 12157/12157 12159/12159 12160/12160 12158/12158
f 12159/12159 12161/12161 12162/12162 12160/12160
f 12161/12161 12163/12163 12164/12164 12162/12162
f 12163/12163 12165/12165 12166/12166 12164/12164
f 12165/12165 12167/12167 12168/12168 12166/12166
f 12167/12167 12169/12169 12170/12170 12168/12168
f 12169/12169 12171/12171 12172/12172 12170/12170
f 12173/12173 12174/12174 12175/12175 12176/12176
f 12174/12174 12177/12177 12178/12178 12175/12175
f 12177/12177 12179/12179 12180/12180 12178/12178
f 12179/12179 12181/12181 12182/12182 12180/12180
f 12181/12181 12183/12183 12184/12184 12182/12182
f 12183/12183 12185/12185 12186/12186 12184/12184
f 12185/12185 12187/12187 12188/12188 12186/12186
f 12187/12187 12189/12189 12190/12190 12188/12188
f 12189/12189 12191/12191 12192/12192 12190/12190
f 12191/12191 12193/12193 12194/12194 12192/12192
f 12193/12193 12195/12195 12196/12196 12194/12194
f 12195/12195 12197/12197 12198/12198 12196/12196
f 12197/12197 12199/12199 12200/12200 12198/12198
f 12201/12201 12202/12202 12203/12203 12204/12204
f 12202/12202 12205/12205 12206/12206 12203/12203
f 12205/12205 12207/12207 12208/12208 12206/12206
f 12207/12207 12209/12209 12210/12210 12208/12208
f 12209/12209 12211/12211 12212/12212 12210/12210
f 12211/12211 12213/12213 12214/12214 12212/12212
f 12215/12215 12216/12216 12217/12217 12218/12218
f 12216/12216 12219/12219 12220/12220 12217/12217
f 12219/12219 12221/12221 12222/12222 12220/12220
f 12221/12221 12223/12223 12224/12224 12222/12222
f 12223/12223 12225/12225 12226/12226 12224/12224
f 12225/12225 12227/12227 12228/12228 12226/12226
f 12227/12227 12229/12229 12230/12230 12228/12228
f 12231/12231 12232/12232 12233/12233 12234/12234
f 12232/12232 12235/12235 12236/12236 12233/12233
f 12235/12235 12237/12237 12238/12238 12236/12236
f 12237/12237 12239/12239 12240/12240 12238/12238
f 12239/12239 12241/12241 12242/12242 12240/12240
f 12241/12241 12243/12243 12244/12244 12242/12242
f 12243/12243 12245/12245 12246/12246 12244/12244
f 12245/12245 12247/12247 12248/12248 12246/12246
f 12249/12249 12250/12250 12251/12251 12252/12252
f 12250/12250 12253/12253 12254/12254 12251/12251
f 12253/12253 12255/12255 12256/12256 12254/12254
f 12255/12255 12257/12257 12258/12258 12256/12256
f 12257/12257 12259/12259 12260/12260 12258/12258
f 12261/12261 12262/12262 12263/12263 12264/12264
f 12262/12262 12265/12265 12266/12266 12263/12263
f 12265/12265 12267/12267 12268/12268 12266/12266
f 12267/12267 12269/12269 12270/12270 12268/12268
f 12269/12269 12271/12271 12272/12272 12270/12270
f 12273/12273 12274/12274 12275/12275 12276/12276
f 12274/12274 12277/12277 12278/12278 12275/12275
f 12277/12277 12279/12279 12280/12280 12278/12278
f 12279/12279 12281/12281 12282/12282 12280/12280
f 12281/12281 12283/12283 12284/12284 12282/12282
f 12283/12283 12285/12285 12286/12286 12284/12284
f 12287/12287 12288/12288 12289/12289 12290/12290
f 12288/12288 12291/12291 12292/12292 12289/12289
f 12291/12291 12293/12293 12294/12294 12292/12292
f 12293/12293 12295/12295 12296/12296 12294/12294
f 12295/12295 12297/12297 12298/12298 12296/12296
f 12297/12297 12299/12299 12300/12300 12298/12298
f 12299/12299 12301/12301 12302/12302 12300/12300
f 12301/12301 12303/12303 12304/12304 12302/12302
f 12305/12305 12306/12306 12307/12307 12308/12308
f 12306/12306 12309/12309 12310/12310 12307/12307
f 12309/12309 12311/12311 12312/12312 12310/12310
f 12311/12311 12313/12313 12314/12314 12312/12312
f 12313/12313 12315/12315 12316/12316 12314/12314
f 12315/12315 12317/12317 12318/12318 12316/12316
f 12317/12317 12319/12319 12320/12320 12318/12318
f 12319/12319 12321/12321 12322/12322 12320/12320
f 12321/12321 12323/12323 12324/12324 12322/12322
f 12325/12325 12273/12273 12276/12276 12326/12326
f 12327/12327 12328/12328 12329/12329 12330/12330
f 12328/12328 12331/12331 12332/12332 12329/12329
f 12331/12331 12333/12333 12334/12334 12332/12332
f 12333/12333 12335/12335 12336/12336 12334/12334
f 12335/12335 12337/12337 12338/12338 12336/12336
f 12337/12337 12339/12339 12340/12340 12338/12338
f 12341/12341 12342/12342 12343/12343 12344/12344
f 12342/12342 12345/12345 12346/12346 12343/12343
f 12345/12345 12347/12347 12348/12348 12346/12346
f 12347/12347 12349/12349 12350/12350 12348/12348
f 12349/12349 12351/12351 12352/12352 12350/12350
f 12351/12351 12353/12353 12354/12354 12352/12352
f 12353/12353 12355/12355 12356/12356 12354/12354
f 12357/12357 12358/12358 12359/12359 12360/12360
f 12358/12358 12361/12361 12362/12362 12359/12359
f 12361/12361 12363/12363 12364/12364 12362/12362
f 12363/12363 12365/12365 12366/12366 12364/12364
f 12365/12365 12367/12367 12368/12368 12366/12366
f 12369/12369 12370/12370 12371/12371 12372/12372
f 12370/12370 12373/12373 12374/12374 12371/12371
f 12373/12373 12375/12375 12376/12376 12374/12374
f 12375/12375 12377/12377 12378/12378 12376/12376
f 12377/12377 12379/12379 12380/12380 12378/12378
f 12379/12379 12381/12381 12382/12382 12380/12380
f 12381/12381 12383/12383 12384/12384 12382/12382
f 12383/12383 12385/12385 12386/12386 12384/12384
f 12387/12387 12388/12388 12389/12389 12390/12390
f 12388/12388 12391/12391 12392/12392 12389/12389
f 12391/12391 12393/12393 12394/12394 12392/12392
f 12393/12393 12395/12395 12396/12396 12394/12394
f 12395/12395 12397/12397 12398/12398 12396/12396
f 12397/12397 12399/12399 12400/12400 12398/12398
f 12399/12399 12401/12401 12402/12402 12400/12400
f 12403/12403 12404/12404 12405/12405 12406/12406
f 12404/12404 12407/12407 12408/12408 12405/12405
f 12407/12407 12409/12409 12410/12410 12408/12408
f 12409/12409 12411/12411 12412/12412 12410/12410
f 12411/12411 12413/12413 12414/12414 12412/12412
f 12413/12413 12415/12415 12416/12416 12414/12414
f 12415/12415 12417/12417 12418/12418 12416/12416
f 12417/12417 12419/12419 12420/12420 12418/12418
f 12421/12421 12422/12422 12423/12423 12424/12424
f 12422/12422 12425/12425 12426/12426 12423/12423
f 12425/12425 12427/12427 12428/12428 12426/12426
f 12427/12427 12429/12429 12430/12430 12428/12428
f 12429/12429 12431/12431 12432/12432 12430/12430
f 12431/12431 12433/12433 12434/12434 12432/12432
f 12433/12433 12435/12435 12436/12436 12434/12434
f 12435/12435 12437/12437 12438/12438 12436/12436
f 12437/12437 12439/12439 12440/12440 12438/12438
f 12441/12441 12442/12442 12443/12443 12444/12444
f 12442/12442 12445/12445 12446/12446 12443/12443
f 12445/12445 12447/12447 12448/12448 12446/12446
f 12447/12447 12449/12449 12450/12450 12448/12448
f 12449/12449 12451/12451 12452/12452 12450/12450
f 12453/12453 12454/12454 12455/12455 12456/12456
f 12454/12454 12457/12457 12458/12458 12455/12455
f 12459/12459 12460/12460 12461/12461 12462/12462
f 12460/12460 12463/12463 12464/12464 12461/12461
f 12463/12463 12465/12465 12466/12466 12464/12464
f 12465/12465 12467/12467 12468/12468 12466/12466
f 12467/12467 12469/12469 12470/12470 12468/12468
f 12469/12469 12471/12471 12472/12472 12470/12470
f 12471/12471 12473/12473 12474/12474 12472/12472
f 12473/12473 12475/12475 12476/12476 12474/12474
f 12475/12475 12477/12477 12478/12478 12476/12476
f 12477/12477 12479/12479 12480/12480 12478/12478
f 12451/12451 12453/12453 12456/12456 12452/12452
f 12481/12481 12482/12482 12483/12483 12484/12484
f 12482/12482 12485/12485 12486/12486 12483/12483
f 12485/12485 12487/12487 12488/12488 12486/12486
f 12487/12487 12489/12489 12490/12490 12488/12488
f 12489/12489 12491/12491 12492/12492 12490/12490
f 12491/12491 12493/12493 12494/12494 12492/12492
f 12493/12493 12495/12495 12496/12496 12494/12494
f 12495/12495 12497/12497 12498/12498 12496/12496
f 12497/12497 12499/12499 12500/12500 12498/12498
f 12501/12501 12502/12502 12503/12503 12504/12504
f 12502/12502 12505/12505 12506/12506 12503/12503
f 12505/12505 12507/12507 12508/12508 12506/12506
f 12507/12507 12509/12509 12510/12510 12508/12508
f 12511/12511 12512/12512 12513/12513 12514/12514
f 12512/12512 12515/12515 12516/12516 12513/12513
f 12515/12515 12517/12517 12518/12518 12516/12516
f 12517/12517 12519/12519 12520/12520 12518/12518
f 12509/12509 12511/12511 12514/12514 12510/12510
f 12521/12521 12522/12522 12523/12523 12524/12524
f 12522/12522 12525/12525 12526/12526 12523/12523
f 12525/12525 12527/12527 12528/12528 12526/12526
f 12527/12527 12529/12529 12530/12530 12528/12528
f 12529/12529 12531/12531 12532/12532 12530/12530
f 12531/12531 12533/12533 12534/12534 12532/12532
f 12535/12535 12536/12536 12537/12537 12538/12538
f 12536/12536 12539/12539 12540/12540 12537/12537
f 12539/12539 12541/12541 12542/12542 12540/12540
f 12541/12541 12543/12543 12544/12544 12542/12542
f 12545/12545 12546/12546 12547/12547 12548/12548
f 12546/12546 12549/12549 12550/12550 12547/12547
f 12549/12549 12551/12551 12552/12552 12550/12550
f 12551/12551 12553/12553 12554/12554 12552/12552
f 12555/12555 12556/12556 12557/12557 12558/12558
f 12556/12556 12559/12559 12560/12560 12557/12557
f 12559/12559 12561/12561 12562/12562 12560/12560
f 12561/12561 12563/12563 12564/12564 12562/12562
f 12563/12563 12565/12565 12566/12566 12564/12564
f 12565/12565 12567/12567 12568/12568 12566/12566
f 12567/12567 12569/12569 12570/12570 12568/12568
f 12571/12571 12572/12572 12573/12573 12574/12574
f 12572/12572 12575/12575 12576/12576 12573/12573
f 12575/12575 12577/12577 12578/12578 12576/12576
f 12577/12577 12579/12579 12580/12580 12578/12578
f 12579/12579 12581/12581 12582/12582 12580/12580
f 12581/12581 12583/12583 12584/12584 12582/12582
f 12583/12583 12585/12585 12586/12586 12584/12584
f 12585/12585 12587/12587 12588/12588 12586/12586
f 12589/12589 12590/12590 12591/12591 12592/12592
f 12590/12590 12593/12593 12594/12594 12591/12591
f 12593/12593 12595/12595 12596/12596 12594/12594
f 12595/12595 12597/12597 12598/12598 12596/12596
f 12597/12597 12599/12599 12600/12600 12598/12598
f 12599/12599 12601/12601 12602/12602 12600/12600
f 12601/12601 12603/12603 12604/12604 12602/12602
f 12603/12603 12605/12605 12606/12606 12604/12604
f 12607/12607 12608/12608 12609/12609 12610/12610
f 12608/12608 12611/12611 12612/12612 12609/12609
f 12611/12611 12613/12613 12614/12614 12612/12612
f 12613/12613 12615/12615 12616/12616 12614/12614
f 12615/12615 12617/12617 12618/12618 12616/12616
f 12617/12617 12619/12619 12620/12620 12618/12618
f 12619/12619 12621/12621 12622/12622 12620/12620
f 12621/12621 12623/12623 12624/12624 12622/12622
f 12623/12623 12625/12625 12626/12626 12624/12624
f 12625/12625 12627/12627 12628/12628 12626/12626
f 12629/12629 12630/12630 12631/12631 12632/12632
f 12630/12630 12633/12633 12634/12634 12631/12631
f 12633/12633 12635/12635 12636/12636 12634/12634
f 12635/12635 12637/12637 12638/12638 12636/12636
f 12637/12637 12639/12639 12640/12640 12638/12638
f 12639/12639 12641/12641 12642/12642 12640/12640
f 12641/12641 12643/12643 12644/12644 12642/12642
f 12643/12643 12645/12645 12646/12646 12644/12644
f 12647/12647 12648/12648 12649/12649 12650/12650
f 12648/12648 12651/12651 12652/12652 12649/12649
f 12651/12651 12653/12653 12654/12654 12652/12652
f 12653/12653 12655/12655 12656/12656 12654/12654
f 12655/12655 12657/12657 12658/12658 12656/12656
f 12657/12657 12659/12659 12660/12660 12658/12658
f 12659/12659 12661/12661 12662/12662 12660/12660
f 12661/12661 12663/12663 12664/12664 12662/12662
f 12663/12663 12665/12665 12666/12666 12664/12664
f 12667/12667 12668/12668 12669/12669 12670/12670
f 12668/12668 12671/12671 12672/12672 12669/12669
f 12671/12671 12673/12673 12674/12674 12672/12672
f 12673/12673 12675/12675 12676/12676 12674/12674
f 12675/12675 12677/12677 12678/12678 12676/12676
f 12677/12677 12679/12679 12680/12680 12678/12678
f 12679/12679 12681/12681 12682/12682 12680/12680
f 12683/12683 12684/12684 12685/12685 12686/12686
f 12684/12684 12687/12687 12688/12688 12685/12685
f 12687/12687 12689/12689 12690/12690 12688/12688
f 12689/12689 12691/12691 12692/12692 12690/12690
f 12691/12691 12693/12693 12694/12694 12692/12692
f 12695/12695 12696/12696 12697/12697 12698/12698
f 12693/12693 12695/12695 12698/12698 12694/12694
f 12699/12699 12700/12700 12701/12701 12702/12702
f 12700/12700 12703/12703 12704/12704 12701/12701
f 12703/12703 12705/12705 12706/12706 12704/12704
f 12705/12705 12707/12707 12708/12708 12706/12706
f 12707/12707 12709/12709 12710/12710 12708/12708
f 12709/12709 12711/12711 12712/12712 12710/12710
f 12711/12711 12713/12713 12714/12714 12712/12712
f 12715/12715 12716/12716 12717/12717 12718/12718
f 12716/12716 12719/12719 12720/12720 12717/12717
f 12719/12719 12721/12721 12722/12722 12720/12720
f 12721/12721 12723/12723 12724/12724 12722/12722
f 12723/12723 12725/12725 12726/12726 12724/12724
f 12725/12725 12727/12727 12728/12728 12726/12726
f 12727/12727 12729/12729 12730/12730 12728/12728
f 12729/12729 12731/12731 12732/12732 12730/12730
f 12733/12733 12734/12734 12735/12735 12736/12736
f 12734/12734 12737/12737 12738/12738 12735/12735
f 12737/12737 12739/12739 12740/12740 12738/12738
f 12739/12739 12741/12741 12742/12742 12740/12740
f 12741/12741 12743/12743 12744/12744 12742/12742
f 12743/12743 12745/12745 12746/12746 12744/12744
f 12745/12745 12747/12747 12748/12748 12746/12746
f 12749/12749 12750/12750 12751/12751 12752/12752
f 12750/12750 12753/12753 12754/12754 12751/12751
f 12753/12753 12755/12755 12756/12756 12754/12754
f 12755/12755 12757/12757 12758/12758 12756/12756
f 12757/12757 12759/12759 12760/12760 12758/12758
f 12759/12759 12761/12761 12762/12762 12760/12760
f 12761/12761 12763/12763 12764/12764 12762/12762
f 12763/12763 12765/12765 12766/12766 12764/12764
f 12765/12765 12767/12767 12768/12768 12766/12766
f 12769/12769 12770/12770 12771/12771 12772/12772
f 12770/12770 12773/12773 12774/12774 12771/12771
f 12773/12773 12775/12775 12776/12776 12774/12774
f 12775/12775 12777/12777 12778/12778 12776/12776
f 12777/12777 12779/12779 12780/12780 12778/12778
f 12779/12779 12781/12781 12782/12782 12780/12780
f 12781/12781 12783/12783 12784/12784 12782/12782
f 12783/12783 12785/12785 12786/12786 12784/12784
f 12787/12787 12788/12788 12789/12789 12790/12790
f 12788/12788 12791/12791 12792/12792 12789/12789
f 12791/12791 12793/12793 12794/12794 12792/12792
f 12793/12793 12795/12795 12796/12796 12794/12794
f 12795/12795 12797/12797 12798/12798 12796/12796
f 12797/12797 12799/12799 12800/12800 12798/12798
f 12799/12799 12801/12801 12802/12802 12800/12800
f 12801/12801 12803/12803 12804/12804 12802/12802
f 12805/12805 12806/12806 12807/12807 12808/12808
f 12806/12806 12809/12809 12810/12810 12807/12807
f 12809/12809 12811/12811 12812/12812 12810/12810
f 12811/12811 12813/12813 12814/12814 12812/12812
f 12813/12813 12815/12815 12816/12816 12814/12814
f 12817/12817 12818/12818 12819/12819 12820/12820
f 12818/12818 12821/12821 12822/12822 12819/12819
f 12821/12821 12823/12823 12824/12824 12822/12822
f 12823/12823 12825/12825 12826/12826 12824/12824
f 12825/12825 12827/12827 12828/12828 12826/12826
f 12827/12827 12829/12829 12830/12830 12828/12828
f 12831/12831 12832/12832 12833/12833 12834/12834
f 12832/12832 12835/12835 12836/12836 12833/12833
f 12835/12835 12837/12837 12838/12838 12836/12836
f 12837/12837 12839/12839 12840/12840 12838/12838
f 12841/12841 12842/12842 12843/12843 12844/12844
f 12842/12842 12845/12845 12846/12846 12843/12843
f 12845/12845 12847/12847 12848/12848 12846/12846
f 12847/12847 12849/12849 12850/12850 12848/12848
f 12849/12849 12851/12851 12852/12852 12850/12850
f 12851/12851 12853/12853 12854/12854 12852/12852
f 12853/12853 12855/12855 12856/12856 12854/12854
f 12855/12855 12857/12857 12858/12858 12856/12856
f 12859/12859 12860/12860 12861/12861 12862/12862
f 12860/12860 12863/12863 12864/12864 12861/12861
f 12865/12865 12866/12866 12867/12867 12868/12868
f 12866/12866 12869/12869 12870/12870 12867/12867
f 12869/12869 12871/12871 12872/12872 12870/12870
f 12871/12871 12873/12873 12874/12874 12872/12872
f 12875/12875 12876/12876 12877/12877 12878/12878
f 12876/12876 12831/12831 12834/12834 12877/12877
f 12863/12863 12879/12879 12880/12880 12864/12864
f 12879/12879 12865/12865 12868/12868 12880/12880
f 12881/12881 12882/12882 12883/12883 12884/12884
f 12882/12882 12885/12885 12886/12886 12883/12883
f 12885/12885 12887/12887 12888/12888 12886/12886
f 12887/12887 12889/12889 12890/12890 12888/12888
f 12889/12889 12891/12891 12892/12892 12890/12890
f 12891/12891 12893/12893 12894/12894 12892/12892
f 12895/12895 12896/12896 12897/12897 12898/12898
f 12896/12896 12899/12899 12900/12900 12897/12897
f 12899/12899 12901/12901 12902/12902 12900/12900
f 12901/12901 12903/12903 12904/12904 12902/12902
f 12903/12903 12905/12905 12906/12906 12904/12904
f 12905/12905 12907/12907 12908/12908 12906/12906
f 12907/12907 12909/12909 12910/12910 12908/12908
f 12911/12911 12912/12912 12913/12913 12914/12914
f 12912/12912 12915/12915 12916/12916 12913/12913
f 12915/12915 12917/12917 12918/12918 12916/12916
f 12917/12917 12919/12919 12920/12920 12918/12918
f 12919/12919 12921/12921 12922/12922 12920/12920
f 12921/12921 12923/12923 12924/12924 12922/12922
f 12923/12923 12925/12925 12926/12926 12924/12924
f 12927/12927 12928/12928 12929/12929 12930/12930
f 12928/12928 12931/12931 12932/12932 12929/12929
f 12931/12931 12933/12933 12934/12934 12932/12932
f 12933/12933 12935/12935 12936/12936 12934/12934
f 12935/12935 12937/12937 12938/12938 12936/12936
f 12937/12937 12939/12939 12940/12940 12938/12938
f 12939/12939 12941/12941 12942/12942 12940/12940
f 12941/12941 12943/12943 12944/12944 12942/12942
f 12945/12945 12946/12946 12947/12947 12948/12948
f 12946/12946 12949/12949 12950/12950 12947/12947
f 12949/12949 12951/12951 12952/12952 12950/12950
f 12951/12951 12953/12953 12954/12954 12952/12952
f 12953/12953 12955/12955 12956/12956 12954/12954
f 12955/12955 12957/12957 12958/12958 12956/12956
f 12959/12959 12960/12960 12961/12961 12962/12962
f 12960/12960 12963/12963 12964/12964 12961/12961
f 12963/12963 12965/12965 12966/12966 12964/12964
f 12965/12965 12967/12967 12968/12968 12966/12966
f 12967/12967 12969/12969 12970/12970 12968/12968
f 12969/12969 12971/12971 12972/12972 12970/12970
f 12971/12971 12973/12973 12974/12974 12972/12972
f 12975/12975 12976/12976 12977/12977 12978/12978
f 12976/12976 12979/12979 12980/12980 12977/12977
f 12979/12979 12981/12981 12982/12982 12980/12980
f 12981/12981 12983/12983 12984/12984 12982/12982
f 12983/12983 12985/12985 12986/12986 12984/12984
f 12985/12985 12987/12987 12988/12988 12986/12986
f 12987/12987 12989/12989 12990/12990 12988/12988
f 12989/12989 12991/12991 12992/12992 12990/12990
f 12993/12993 12994/12994 12995/12995 12996/12996
f 12994/12994 12945/12945 12948/12948 12995/12995
f 12997/12997 12998/12998 12999/12999 13000/13000
f 12998/12998 13001/13001 13002/13002 12999/12999
f 13001/13001 13003/13003 13004/13004 13002/13002
f 13003/13003 13005/13005 13006/13006 13004/13004
f 13005/13005 13007/13007 13008/13008 13006/13006
f 13007/13007 13009/13009 13010/13010 13008/13008
f 13011/13011 13012/13012 13013/13013 13014/13014
f 13012/13012 13015/13015 13016/13016 13013/13013
f 13015/13015 13017/13017 13018/13018 13016/13016
f 13017/13017 13019/13019 13020/13020 13018/13018
f 13019/13019 13021/13021 13022/13022 13020/13020
f 13023/13023 13024/13024 13025/13025 13026/13026
f 13024/13024 13027/13027 13028/13028 13025/13025
f 13027/13027 13029/13029 13030/13030 13028/13028
f 13029/13029 13031/13031 13032/13032 13030/13030
f 13031/13031 13033/13033 13034/13034 13032/13032
f 13035/13035 13036/13036 13037/13037 13038/13038
f 13036/13036 13039/13039 13040/13040 13037/13037
f 13039/13039 13041/13041 13042/13042 13040/13040
f 13041/13041 13043/13043 13044/13044 13042/13042
f 13043/13043 13045/13045 13046/13046 13044/13044
f 13045/13045 13047/13047 13048/13048 13046/13046
f 13049/13049 13050/13050 13051/13051 13052/13052
f 13050/13050 13053/13053 13054/13054 13051/13051
f 13053/13053 13055/13055 13056/13056 13054/13054
f 13055/13055 13057/13057 13058/13058 13056/13056
f 13057/13057 13059/13059 13060/13060 13058/13058
f 13059/13059 13061/13061 13062/13062 13060/13060
f 13061/13061 13063/13063 13064/13064 13062/13062
f 13065/13065 13066/13066 13067/13067 13068/13068
f 13066/13066 13069/13069 13070/13070 13067/13067
f 13069/13069 13071/13071 13072/13072 13070/13070
f 13071/13071 13073/13073 13074/13074 13072/13072
f 13073/13073 13075/13075 13076/13076 13074/13074
f 13075/13075 13077/13077 13078/13078 13076/13076
f 13079/13079 13080/13080 13081/13081 13082/13082
f 13080/13080 13083/13083 13084/13084 13081/13081
f 13083/13083 13085/13085 13086/13086 13084/13084
f 13085/13085 13087/13087 13088/13088 13086/13086
f 13087/13087 13089/13089 13090/13090 13088/13088
f 13089/13089 13091/13091 13092/13092 13090/13090
f 13093/13093 13094/13094 13095/13095 13096/13096
f 13094/13094 13097/13097 13098/13098 13095/13095
f 13097/13097 13099/13099 13100/13100 13098/13098
f 13099/13099 13101/13101 13102/13102 13100/13100
f 13101/13101 13103/13103 13104/13104 13102/13102
f 13103/13103 13105/13105 13106/13106 13104/13104
f 13105/13105 13107/13107 13108/13108 13106/13106
f 13107/13107 13109/13109 13110/13110 13108/13108
f 13111/13111 13112/13112 13113/13113 13114/13114
f 13112/13112 13115/13115 13116/13116 13113/13113
f 13115/13115 13117/13117 13118/13118 13116/13116
f 13117/13117 13119/13119 13120/13120 13118/13118
f 13119/13119 13121/13121 13122/13122 13120/13120
f 13123/13123 13124/13124 13125/13125 13126/13126
f 13124/13124 13127/13127 13128/13128 13125/13125
f 13127/13127 13129/13129 13130/13130 13128/13128
f 13129/13129 13131/13131 13132/13132 13130/13130
f 13131/13131 13133/13133 13134/13134 13132/13132
f 13133/13133 13135/13135 13136/13136 13134/13134
f 13137/13137 13138/13138 13139/13139 13140/13140
f 13138/13138 13141/13141 13142/13142 13139/13139
f 13141/13141 13143/13143 13144/13144 13142/13142
f 13143/13143 13145/13145 13146/13146 13144/13144
f 13145/13145 13147/13147 13148/13148 13146/13146
f 13149/13149 13150/13150 13151/13151 13152/13152
f 13150/13150 13153/13153 13154/13154 13151/13151
f 13153/13153 13155/13155 13156/13156 13154/13154
f 13155/13155 13157/13157 13158/13158 13156/13156
f 13157/13157 13159/13159 13160/13160 13158/13158
f 13159/13159 13161/13161 13162/13162 13160/13160
f 13163/13163 13164/13164 13165/13165 13166/13166
f 13164/13164 13167/13167 13168/13168 13165/13165
f 13167/13167 13169/13169 13170/13170 13168/13168
f 13169/13169 13171/13171 13172/13172 13170/13170
f 13171/13171 13173/13173 13174/13174 13172/13172
f 13173/13173 13175/13175 13176/13176 13174/13174
f 13177/13177 13178/13178 13179/13179 13180/13180
f 13178/13178 13181/13181 13182/13182 13179/13179
f 13181/13181 13183/13183 13184/13184 13182/13182
f 13183/13183 13185/13185 13186/13186 13184/13184
f 13185/13185 13187/13187 13188/13188 13186/13186
f 13187/13187 13189/13189 13190/13190 13188/13188
f 13191/13191 13192/13192 13193/13193 13194/13194
f 13192/13192 13195/13195 13196/13196 13193/13193
f 13195/13195 13197/13197 13198/13198 13196/13196
f 13197/13197 13199/13199 13200/13200 13198/13198
f 13199/13199 13201/13201 13202/13202 13200/13200
f 13201/13201 13203/13203 13204/13204 13202/13202
f 13205/13205 13206/13206 13207/13207 13208/13208
f 13206/13206 13209/13209 13210/13210 13207/13207
f 13209/13209 13211/13211 13212/13212 13210/13210
f 13211/13211 13213/13213 13214/13214 13212/13212
f 13213/13213 13215/13215 13216/13216 13214/13214
f 13217/13217 13218/13218 13219/13219 13220/13220
f 13218/13218 13221/13221 13222/13222 13219/13219
f 13221/13221 13223/13223 13224/13224 13222/13222
f 13223/13223 13225/13225 13226/13226 13224/13224
f 13225/13225 13227/13227 13228/13228 13226/13226
f 13227/13227 13229/13229 13230/13230 13228/13228
f 13231/13231 13232/13232 13233/13233 13234/13234
f 13232/13232 13235/13235 13236/13236 13233/13233
f 13235/13235 13237/13237 13238/13238 13236/13236
f 13237/13237 13239/13239 13240/13240 13238/13238
f 13239/13239 13241/13241 13242/13242 13240/13240
f 13241/13241 13243/13243 13244/13244 13242/13242
f 13245/13245 13246/13246 13247/13247 13248/13248
f 13246/13246 13249/13249 13250/13250 13247/13247
f 13249/13249 13251/13251 13252/13252 13250/13250
f 13251/13251 13253/13253 13254/13254 13252/13252
f 13253/13253 13255/13255 13256/13256 13254/13254
f 13257/13257 13258/13258 13259/13259 13260/13260
f 13258/13258 13261/13261 13262/13262 13259/13259
f 13261/13261 13263/13263 13264/13264 13262/13262
f 13263/13263 13265/13265 13266/13266 13264/13264
f 13265/13265 13267/13267 13268/13268 13266/13266
f 13267/13267 13269/13269 13270/13270 13268/13268
f 13269/13269 13271/13271 13272/13272 13270/13270
f 13271/13271 13273/13273 13274/13274 13272/13272
f 13273/13273 13275/13275 13276/13276 13274/13274
f 13277/13277 13278/13278 13279/13279 13280/13280
f 13278/13278 13281/13281 13282/13282 13279/13279
f 13281/13281 13283/13283 13284/13284 13282/13282
f 13283/13283 13285/13285 13286/13286 13284/13284
f 13285/13285 13287/13287 13288/13288 13286/13286
f 13287/13287 13289/13289 13290/13290 13288/13288
f 13291/13291 13292/13292 13293/13293 13294/13294
f 13292/13292 13295/13295 13296/13296 13293/13293
f 13295/13295 13297/13297 13298/13298 13296/13296
f 13297/13297 13299/13299 13300/13300 13298/13298
f 13299/13299 13301/13301 13302/13302 13300/13300
f 13301/13301 13303/13303 13304/13304 13302/13302
f 13305/13305 13306/13306 13307/13307 13308/13308
f 13309/13309 13310/13310 13311/13311 13312/13312
f 13310/13310 13313/13313 13314/13314 13311/13311
f 13313/13313 13315/13315 13316/13316 13314/13314
f 13317/13317 13318/13318 13319/13319 13320/13320
f 13303/13303 13305/13305 13308/13308 13304/13304
f 13315/13315 13317/13317 13320/13320 13316/13316
f 13321/13321 13322/13322 13323/13323 13324/13324
f 13322/13322 13325/13325 13326/13326 13323/13323
f 13325/13325 13327/13327 13328/13328 13326/13326
f 13327/13327 13329/13329 13330/13330 13328/13328
f 13329/13329 13331/13331 13332/13332 13330/13330
f 13331/13331 13333/13333 13334/13334 13332/13332
f 13333/13333 13335/13335 13336/13336 13334/13334
f 13335/13335 13337/13337 13338/13338 13336/13336
f 13339/13339 13340/13340 13341/13341 13342/13342
f 13340/13340 13343/13343 13344/13344 13341/13341
f 13343/13343 13345/13345 13346/13346 13344/13344
f 13345/13345 13347/13347 13348/13348 13346/13346
f 13347/13347 13349/13349 13350/13350 13348/13348
f 13349/13349 13351/13351 13352/13352 13350/13350
f 13351/13351 13353/13353 13354/13354 13352/13352
f 13355/13355 13356/13356 13357/13357 13358/13358
f 13356/13356 13359/13359 13360/13360 13357/13357
f 13359/13359 13361/13361 13362/13362 13360/13360
f 13361/13361 13363/13363 13364/13364 13362/13362
f 13363/13363 13365/13365 13366/13366 13364/13364
f 13365/13365 13367/13367 13368/13368 13366/13366
f 13367/13367 13369/13369 13370/13370 13368/13368
f 13369/13369 13371/13371 13372/13372 13370/13370
f 13371/13371 13373/13373 13374/13374 13372/13372
f 13373/13373 13375/13375 13376/13376 13374/13374
f 13377/13377 13378/13378 13379/13379 13380/13380
f 13378/13378 13381/13381 13382/13382 13379/13379
f 13381/13381 13383/13383 13384/13384 13382/13382
f 13385/13385 13386/13386 13387/13387 13388/13388
f 13386/13386 13389/13389 13390/13390 13387/13387
f 13389/13389 13391/13391 13392/13392 13390/13390
f 13393/13393 13394/13394 13395/13395 13396/13396
f 13394/13394 13397/13397 13398/13398 13395/13395
f 13397/13397 13399/13399 13400/13400 13398/13398
f 13401/13401 13402/13402 13403/13403 13404/13404
f 13402/13402 13405/13405 13406/13406 13403/13403
f 13405/13405 13407/13407 13408/13408 13406/13406
f 13407/13407 13409/13409 13410/13410 13408/13408
f 13409/13409 13411/13411 13412/13412 13410/13410
f 13413/13413 13414/13414 13415/13415 13416/13416
f 13414/13414 13417/13417 13418/13418 13415/13415
f 13417/13417 13419/13419 13420/13420 13418/13418
f 13419/13419 13421/13421 13422/13422 13420/13420
f 13421/13421 13423/13423 13424/13424 13422/13422
f 13425/13425 13426/13426 13427/13427 13428/13428
f 13426/13426 13429/13429 13430/13430 13427/13427
f 13429/13429 13431/13431 13432/13432 13430/13430
f 13431/13431 13433/13433 13434/13434 13432/13432
f 13433/13433 13435/13435 13436/13436 13434/13434
f 13435/13435 13437/13437 13438/13438 13436/13436
f 13439/13439 13440/13440 13441/13441 13442/13442
f 13440/13440 13443/13443 13444/13444 13441/13441
f 13443/13443 13445/13445 13446/13446 13444/13444
f 13445/13445 13447/13447 13448/13448 13446/13446
f 13447/13447 13449/13449 13450/13450 13448/13448
f 13449/13449 13451/13451 13452/13452 13450/13450
f 13451/13451 13453/13453 13454/13454 13452/13452
f 13453/13453 13455/13455 13456/13456 13454/13454
f 13457/13457 13458/13458 13459/13459 13460/13460
f 13458/13458 13461/13461 13462/13462 13459/13459
f 13461/13461 13463/13463 13464/13464 13462/13462
f 13463/13463 13465/13465 13466/13466 13464/13464
f 13465/13465 13467/13467 13468/13468 13466/13466
f 13467/13467 13469/13469 13470/13470 13468/13468
f 13469/13469 13471/13471 13472/13472 13470/13470
f 13473/13473 13474/13474 13475/13475 13476/13476
f 13474/13474 13477/13477 13478/13478 13475/13475
f 13477/13477 13479/13479 13480/13480 13478/13478
f 13479/13479 13481/13481 13482/13482 13480/13480
f 13483/13483 13484/13484 13485/13485 13486/13486
f 13487/13487 13488/13488 13489/13489 13490/13490
f 13488/13488 13491/13491 13492/13492 13489/13489
f 13491/13491 13493/13493 13494/13494 13492/13492
f 13493/13493 13495/13495 13496/13496 13494/13494
f 13495/13495 13497/13497 13498/13498 13496/13496
f 13497/13497 13499/13499 13500/13500 13498/13498
f 13499/13499 13501/13501 13502/13502 13500/13500
f 13501/13501 13503/13503 13504/13504 13502/13502
f 13481/13481 13483/13483 13486/13486 13482/13482
f 13505/13505 13506/13506 13507/13507 13508/13508
f 13506/13506 13509/13509 13510/13510 13507/13507
f 13509/13509 13511/13511 13512/13512 13510/13510
f 13511/13511 13513/13513 13514/13514 13512/13512
f 13513/13513 13515/13515 13516/13516 13514/13514
f 13515/13515 13517/13517 13518/13518 13516/13516
f 13519/13519 13520/13520 13521/13521 13522/13522
f 13520/13520 13523/13523 13524/13524 13521/13521
f 13523/13523 13525/13525 13526/13526 13524/13524
f 13525/13525 13527/13527 13528/13528 13526/13526
f 13527/13527 13529/13529 13530/13530 13528/13528
f 13529/13529 13531/13531 13532/13532 13530/13530
f 13533/13533 13534/13534 13535/13535 13536/13536
f 13534/13534 13537/13537 13538/13538 13535/13535
f 13537/13537 13539/13539 13540/13540 13538/13538
f 13539/13539 13541/13541 13542/13542 13540/13540
f 13541/13541 13543/13543 13544/13544 13542/13542
f 13545/13545 13546/13546 13547/13547 13548/13548
f 13546/13546 13549/13549 13550/13550 13547/13547
f 13549/13549 13551/13551 13552/13552 13550/13550
f 13551/13551 13553/13553 13554/13554 13552/13552
f 13553/13553 13555/13555 13556/13556 13554/13554
f 13555/13555 13557/13557 13558/13558 13556/13556
f 13557/13557 13559/13559 13560/13560 13558/13558
f 13561/13561 13562/13562 13563/13563 13564/13564
f 13562/13562 13565/13565 13566/13566 13563/13563
f 13565/13565 13567/13567 13568/13568 13566/13566
f 13567/13567 13569/13569 13570/13570 13568/13568
f 13569/13569 13571/13571 13572/13572 13570/13570
f 13571/13571 13573/13573 13574/13574 13572/13572
f 13573/13573 13575/13575 13576/13576 13574/13574
f 13577/13577 13578/13578 13579/13579 13580/13580
f 13581/13581 13582/13582 13583/13583 13584/13584
f 13582/13582 13585/13585 13586/13586 13583/13583
f 13585/13585 13587/13587 13588/13588 13586/13586
f 13587/13587 13589/13589 13590/13590 13588/13588
f 13589/13589 13591/13591 13592/13592 13590/13590
f 13593/13593 13594/13594 13595/13595 13596/13596
f 13594/13594 13597/13597 13598/13598 13595/13595
f 13597/13597 13599/13599 13600/13600 13598/13598
f 13599/13599 13601/13601 13602/13602 13600/13600
f 13601/13601 13603/13603 13604/13604 13602/13602
f 13603/13603 13605/13605 13606/13606 13604/13604
f 13605/13605 13607/13607 13608/13608 13606/13606
f 13607/13607 13609/13609 13610/13610 13608/13608
f 13611/13611 13612/13612 13613/13613 13614/13614
f 13612/13612 13615/13615 13616/13616 13613/13613
f 13615/13615 13617/13617 13618/13618 13616/13616
f 13617/13617 13619/13619 13620/13620 13618/13618
f 13619/13619 13621/13621 13622/13622 13620/13620
f 13621/13621 13623/13623 13624/13624 13622/13622
f 13623/13623 13625/13625 13626/13626 13624/13624
f 13578/13578 13581/13581 13584/13584 13579/13579
f 13627/13627 13628/13628 13629/13629 13630/13630
f 13628/13628 13631/13631 13632/13632 13629/13629
f 13631/13631 13633/13633 13634/13634 13632/13632
f 13633/13633 13635/13635 13636/13636 13634/13634
f 13635/13635 13637/13637 13638/13638 13636/13636
f 13637/13637 13639/13639 13640/13640 13638/13638
f 13641/13641 13642/13642 13643/13643 13644/13644
f 13642/13642 13645/13645 13646/13646 13643/13643
f 13645/13645 13647/13647 13648/13648 13646/13646
f 13647/13647 13649/13649 13650/13650 13648/13648
f 13649/13649 13651/13651 13652/13652 13650/13650
f 13651/13651 13653/13653 13654/13654 13652/13652
f 13655/13655 13656/13656 13657/13657 13658/13658
f 13656/13656 13659/13659 13660/13660 13657/13657
f 13659/13659 13661/13661 13662/13662 13660/13660
f 13661/13661 13663/13663 13664/13664 13662/13662
f 13663/13663 13665/13665 13666/13666 13664/13664
f 13665/13665 13667/13667 13668/13668 13666/13666
f 13667/13667 13669/13669 13670/13670 13668/13668
f 13669/13669 13671/13671 13672/13672 13670/13670
f 13671/13671 13673/13673 13674/13674 13672/13672
f 13673/13673 13675/13675 13676/13676 13674/13674
f 13677/13677 13678/13678 13679/13679 13680/13680
f 13678/13678 13681/13681 13682/13682 13679/13679
f 13681/13681 13683/13683 13684/13684 13682/13682
f 13683/13683 13685/13685 13686/13686 13684/13684
f 13685/13685 13687/13687 13688/13688 13686/13686
f 13687/13687 13689/13689 13690/13690 13688/13688
f 13691/13691 13692/13692 13693/13693 13694/13694
f 13692/13692 13695/13695 13696/13696 13693/13693
f 13695/13695 13697/13697 13698/13698 13696/13696
f 13697/13697 13699/13699 13700/13700 13698/13698
f 13699/13699 13701/13701 13702/13702 13700/13700
f 13701/13701 13703/13703 13704/13704 13702/13702
f 13703/13703 13705/13705 13706/13706 13704/13704
f 13705/13705 13707/13707 13708/13708 13706/13706
f 13707/13707 13709/13709 13710/13710 13708/13708
f 13709/13709 13711/13711 13712/13712 13710/13710
f 13711/13711 13713/13713 13714/13714 13712/13712
f 13713/13713 13715/13715 13716/13716 13714/13714
f 13717/13717 13718/13718 13719/13719 13720/13720
f 13718/13718 13721/13721 13722/13722 13719/13719
f 13721/13721 13723/13723 13724/13724 13722/13722
f 13723/13723 13725/13725 13726/13726 13724/13724
f 13725/13725 13727/13727 13728/13728 13726/13726
f 13727/13727 13729/13729 13730/13730 13728/13728
f 13729/13729 13731/13731 13732/13732 13730/13730
f 13731/13731 13733/13733 13734/13734 13732/13732
f 13733/13733 13735/13735 13736/13736 13734/13734
f 13737/13737 13738/13738 13739/13739 13740/13740
f 13738/13738 13741/13741 13742/13742 13739/13739
f 13741/13741 13743/13743 13744/13744 13742/13742
f 13743/13743 13745/13745 13746/13746 13744/13744
f 13745/13745 13747/13747 13748/13748 13746/13746
f 13747/13747 13749/13749 13750/13750 13748/13748
f 13749/13749 13751/13751 13752/13752 13750/13750
f 13753/13753 13754/13754 13755/13755 13756/13756
f 13754/13754 13757/13757 13758/13758 13755/13755
f 13757/13757 13759/13759 13760/13760 13758/13758
f 13759/13759 13761/13761 13762/13762 13760/13760
f 13761/13761 13763/13763 13764/13764 13762/13762
f 13763/13763 13765/13765 13766/13766 13764/13764
f 13765/13765 13767/13767 13768/13768 13766/13766
f 13769/13769 13770/13770 13771/13771 13772/13772
f 13770/13770 13773/13773 13774/13774 13771/13771
f 13773/13773 13775/13775 13776/13776 13774/13774
f 13775/13775 13777/13777 13778/13778 13776/13776
f 13777/13777 13779/13779 13780/13780 13778/13778
f 13781/13781 13782/13782 13783/13783 13784/13784
f 13782/13782 13785/13785 13786/13786 13783/13783
f 13785/13785 13787/13787 13788/13788 13786/13786
f 13789/13789 13790/13790 13791/13791 13792/13792
f 13787/13787 13789/13789 13792/13792 13788/13788
f 13793/13793 13794/13794 13795/13795 13796/13796
f 13794/13794 13797/13797 13798/13798 13795/13795
f 13797/13797 13799/13799 13800/13800 13798/13798
f 13799/13799 13801/13801 13802/13802 13800/13800
f 13801/13801 13803/13803 13804/13804 13802/13802
f 13803/13803 13805/13805 13806/13806 13804/13804
f 13807/13807 13808/13808 13809/13809 13810/13810
f 13808/13808 13811/13811 13812/13812 13809/13809
f 13811/13811 13813/13813 13814/13814 13812/13812
f 13813/13813 13815/13815 13816/13816 13814/13814
f 13817/13817 13818/13818 13819/13819 13820/13820
f 13818/13818 13821/13821 13822/13822 13819/13819
f 13821/13821 13823/13823 13824/13824 13822/13822
f 13823/13823 13825/13825 13826/13826 13824/13824
f 13825/13825 13827/13827 13828/13828 13826/13826
f 13827/13827 13829/13829 13830/13830 13828/13828
f 13831/13831 13832/13832 13833/13833 13834/13834
f 13832/13832 13835/13835 13836/13836 13833/13833
f 13835/13835 13837/13837 13838/13838 13836/13836
f 13837/13837 13839/13839 13840/13840 13838/13838
f 13839/13839 13841/13841 13842/13842 13840/13840
f 13841/13841 13843/13843 13844/13844 13842/13842
f 13843/13843 13845/13845 13846/13846 13844/13844
f 13845/13845 13847/13847 13848/13848 13846/13846
f 13847/13847 13849/13849 13850/13850 13848/13848
f 13851/13851 13852/13852 13853/13853 13854/13854
f 13852/13852 13855/13855 13856/13856 13853/13853
f 13855/13855 13857/13857 13858/13858 13856/13856
f 13857/13857 13859/13859 13860/13860 13858/13858
f 13859/13859 13861/13861 13862/13862 13860/13860
f 13861/13861 13863/13863 13864/13864 13862/13862
f 13865/13865 13866/13866 13867/13867 13868/13868
f 13866/13866 13869/13869 13870/13870 13867/13867
f 13869/13869 13871/13871 13872/13872 13870/13870
f 13871/13871 13873/13873 13874/13874 13872/13872
f 13873/13873 13875/13875 13876/13876 13874/13874
f 13877/13877 13878/13878 13879/13879 13880/13880
f 13878/13878 13881/13881 13882/13882 13879/13879
f 13881/13881 13883/13883 13884/13884 13882/13882
f 13883/13883 13885/13885 13886/13886 13884/13884
f 13885/13885 13887/13887 13888/13888 13886/13886
f 13889/13889 13890/13890 13891/13891 13892/13892
f 13890/13890 13893/13893 13894/13894 13891/13891
f 13893/13893 13895/13895 13896/13896 13894/13894
f 13895/13895 13897/13897 13898/13898 13896/13896
f 13897/13897 13899/13899 13900/13900 13898/13898
f 13899/13899 13901/13901 13902/13902 13900/13900
f 13901/13901 13903/13903 13904/13904 13902/13902
f 13903/13903 13905/13905 13906/13906 13904/13904
f 13905/13905 13907/13907 13908/13908 13906/13906
f 13909/13909 13910/13910 13911/13911 13912/13912
f 13910/13910 13913/13913 13914/13914 13911/13911
f 13913/13913 13915/13915 13916/13916 13914/13914
f 13915/13915 13917/13917 13918/13918 13916/13916
f 13917/13917 13919/13919 13920/13920 13918/13918
f 13919/13919 13921/13921 13922/13922 13920/13920
f 13923/13923 13924/13924 13925/13925 13926/13926
f 13924/13924 13927/13927 13928/13928 13925/13925
f 13927/13927 13929/13929 13930/13930 13928/13928
f 13929/13929 13931/13931 13932/13932 13930/13930
f 13931/13931 13933/13933 13934/13934 13932/13932
f 13933/13933 13935/13935 13936/13936 13934/13934
f 13935/13935 13937/13937 13938/13938 13936/13936
f 13937/13937 13939/13939 13940/13940 13938/13938
f 13941/13941 13942/13942 13943/13943 13944/13944
f 13942/13942 13945/13945 13946/13946 13943/13943
f 13945/13945 13947/13947 13948/13948 13946/13946
f 13947/13947 13949/13949 13950/13950 13948/13948
f 13949/13949 13951/13951 13952/13952 13950/13950
f 13951/13951 13953/13953 13954/13954 13952/13952
f 13953/13953 13955/13955 13956/13956 13954/13954
f 13955/13955 13957/13957 13958/13958 13956/13956
f 13957/13957 13959/13959 13960/13960 13958/13958
f 13959/13959 13961/13961 13962/13962 13960/13960
f 13963/13963 13964/13964 13965/13965 13966/13966
f 13964/13964 13967/13967 13968/13968 13965/13965
f 13967/13967 13969/13969 13970/13970 13968/13968
f 13969/13969 13971/13971 13972/13972 13970/13970
f 13971/13971 13973/13973 13974/13974 13972/13972
f 13973/13973 13975/13975 13976/13976 13974/13974
f 13975/13975 13977/13977 13978/13978 13976/13976
f 13979/13979 13980/13980 13981/13981 13982/13982
f 13980/13980 13983/13983 13984/13984 13981/13981
f 13983/13983 13985/13985 13986/13986 13984/13984
f 13985/13985 13987/13987 13988/13988 13986/13986
f 13987/13987 13989/13989 13990/13990 13988/13988
f 13989/13989 13991/13991 13992/13992 13990/13990
f 13991/13991 13993/13993 13994/13994 13992/13992
f 13993/13993 13995/13995 13996/13996 13994/13994
f 13995/13995 13997/13997 13998/13998 13996/13996
f 13999/13999 14000/14000 14001/14001 14002/14002
f 14000/14000 14003/14003 14004/14004 14001/14001
f 14003/14003 14005/14005 14006/14006 14004/14004
f 14005/14005 14007/14007 14008/14008 14006/14006
f 14007/14007 14009/14009 14010/14010 14008/14008
f 14009/14009 14011/14011 14012/14012 14010/14010
f 14011/14011 14013/14013 14014/14014 14012/14012
f 14013/14013 14015/14015 14016/14016 14014/14014
f 14015/14015 14017/14017 14018/14018 14016/14016
f 14017/14017 14019/14019 14020/14020 14018/14018
f 14019/14019 14021/14021 14022/14022 14020/14020
f 14023/14023 14024/14024 14025/14025 14026/14026
f 14024/14024 14027/14027 14028/14028 14025/14025
f 14027/14027 14029/14029 14030/14030 14028/14028
f 14029/14029 14031/14031 14032/14032 14030/14030
f 14031/14031 14033/14033 14034/14034 14032/14032
f 14033/14033 14035/14035 14036/14036 14034/14034
f 14035/14035 14037/14037 14038/14038 14036/14036
f 14037/14037 14039/14039 14040/14040 14038/14038
f 14041/14041 14042/14042 14043/14043 14044/14044
f 14042/14042 14045/14045 14046/14046 14043/14043
f 14045/14045 14047/14047 14048/14048 14046/14046
f 14049/14049 14050/14050 14051/14051 14052/14052
f 14050/14050 14053/14053 14054/14054 14051/14051
f 14053/14053 14055/14055 14056/14056 14054/14054
f 14047/14047 14049/14049 14052/14052 14048/14048
f 14057/14057 14058/14058 14059/14059 14060/14060
f 14058/14058 14061/14061 14062/14062 14059/14059
f 14061/14061 14063/14063 14064/14064 14062/14062
f 14063/14063 14065/14065 14066/14066 14064/14064
f 14065/14065 14067/14067 14068/14068 14066/14066
f 14067/14067 14069/14069 14070/14070 14068/14068
f 14071/14071 14072/14072 14073/14073 14074/14074
f 14072/14072 14075/14075 14076/14076 14073/14073
f 14075/14075 14077/14077 14078/14078 14076/14076
f 14077/14077 14079/14079 14080/14080 14078/14078
f 14079/14079 14081/14081 14082/14082 14080/14080
f 14081/14081 14083/14083 14084/14084 14082/14082
f 14085/14085 14086/14086 14087/14087 14088/14088
f 14086/14086 14089/14089 14090/14090 14087/14087
f 14089/14089 14091/14091 14092/14092 14090/14090
f 14091/14091 14093/14093 14094/14094 14092/14092
f 14093/14093 14095/14095 14096/14096 14094/14094
f 14095/14095 14097/14097 14098/14098 14096/14096
f 14099/14099 14100/14100 14101/14101 14102/14102
f 14103/14103 14104/14104 14105/14105 14106/14106
f 14104/14104 14107/14107 14108/14108 14105/14105
f 14107/14107 14109/14109 14110/14110 14108/14108
f 14109/14109 14111/14111 14112/14112 14110/14110
f 14111/14111 14113/14113 14114/14114 14112/14112
f 14113/14113 14115/14115 14116/14116 14114/14114
f 14117/14117 14118/14118 14119/14119 14120/14120
f 14118/14118 14121/14121 14122/14122 14119/14119
f 14121/14121 14123/14123 14124/14124 14122/14122
f 14123/14123 14125/14125 14126/14126 14124/14124
f 14125/14125 14127/14127 14128/14128 14126/14126
f 14127/14127 14129/14129 14130/14130 14128/14128
f 14129/14129 14131/14131 14132/14132 14130/14130
f 14133/14133 14134/14134 14135/14135 14136/14136
f 14134/14134 14137/14137 14138/14138 14135/14135
f 14137/14137 14139/14139 14140/14140 14138/14138
f 14139/14139 14141/14141 14142/14142 14140/14140
f 14141/14141 14143/14143 14144/14144 14142/14142
f 14143/14143 14145/14145 14146/14146 14144/14144
f 14100/14100 14103/14103 14106/14106 14101/14101
f 14147/14147 14148/14148 14149/14149 14150/14150
f 14148/14148 14151/14151 14152/14152 14149/14149
f 14151/14151 14153/14153 14154/14154 14152/14152
f 14153/14153 14155/14155 14156/14156 14154/14154
f 14157/14157 14158/14158 14159/14159 14160/14160
f 14158/14158 14161/14161 14162/14162 14159/14159
f 14161/14161 14163/14163 14164/14164 14162/14162
f 14163/14163 14165/14165 14166/14166 14164/14164
f 14165/14165 14167/14167 14168/14168 14166/14166
f 14167/14167 14169/14169 14170/14170 14168/14168
f 14169/14169 14171/14171 14172/14172 14170/14170
f 14171/14171 14173/14173 14174/14174 14172/14172
f 14173/14173 14175/14175 14176/14176 14174/14174
f 14175/14175 14177/14177 14178/14178 14176/14176
f 14179/14179 14180/14180 14181/14181 14182/14182
f 14180/14180 14183/14183 14184/14184 14181/14181
f 14183/14183 14185/14185 14186/14186 14184/14184
f 14185/14185 14187/14187 14188/14188 14186/14186
f 14187/14187 14189/14189 14190/14190 14188/14188
f 14189/14189 14191/14191 14192/14192 14190/14190
f 14191/14191 14193/14193 14194/14194 14192/14192
f 14193/14193 14195/14195 14196/14196 14194/14194
f 14195/14195 14197/14197 14198/14198 14196/14196
f 14199/14199 14179/14179 14182/14182 14200/14200
f 14197/14197 14201/14201 14202/14202 14198/14198
f 14201/14201 14203/14203 14204/14204 14202/14202
f 14203/14203 14205/14205 14206/14206 14204/14204
f 14207/14207 14208/14208 14209/14209 14210/14210
f 14208/14208 14211/14211 14212/14212 14209/14209
f 14211/14211 14213/14213 14214/14214 14212/14212
f 14213/14213 14215/14215 14216/14216 14214/14214
f 14215/14215 14217/14217 14218/14218 14216/14216
f 14217/14217 14219/14219 14220/14220 14218/14218
f 14221/14221 14222/14222 14223/14223 14224/14224
f 14222/14222 14225/14225 14226/14226 14223/14223
f 14225/14225 14227/14227 14228/14228 14226/14226
f 14227/14227 14229/14229 14230/14230 14228/14228
f 14229/14229 14231/14231 14232/14232 14230/14230
f 14233/14233 14234/14234 14235/14235 14236/14236
f 14234/14234 14237/14237 14238/14238 14235/14235
f 14237/14237 14239/14239 14240/14240 14238/14238
f 14239/14239 14241/14241 14242/14242 14240/14240
f 14241/14241 14243/14243 14244/14244 14242/14242
f 14243/14243 14245/14245 14246/14246 14244/14244
f 14247/14247 14248/14248 14249/14249 14250/14250
f 14248/14248 14251/14251 14252/14252 14249/14249
f 14251/14251 14253/14253 14254/14254 14252/14252
f 14253/14253 14255/14255 14256/14256 14254/14254
f 14255/14255 14257/14257 14258/14258 14256/14256
f 14257/14257 14259/14259 14260/14260 14258/14258
f 14261/14261 14262/14262 14263/14263 14264/14264
f 14262/14262 14265/14265 14266/14266 14263/14263
f 14267/14267 14268/14268 14269/14269 14270/14270
f 14268/14268 14271/14271 14272/14272 14269/14269
f 14271/14271 14273/14273 14274/14274 14272/14272
f 14273/14273 14275/14275 14276/14276 14274/14274
f 14277/14277 14278/14278 14279/14279 14280/14280
f 14278/14278 14281/14281 14282/14282 14279/14279
f 14281/14281 14283/14283 14284/14284 14282/14282
f 14283/14283 14285/14285 14286/14286 14284/14284
f 14265/14265 14287/14287 14288/14288 14266/14266
f 14289/14289 14267/14267 14270/14270 14290/14290
f 14291/14291 14292/14292 14293/14293 14294/14294
f 14292/14292 14295/14295 14296/14296 14293/14293
f 14297/14297 14298/14298 14299/14299 14300/14300
f 14298/14298 14301/14301 14302/14302 14299/14299
f 14303/14303 14304/14304 14305/14305 14306/14306
f 14304/14304 14307/14307 14308/14308 14305/14305
f 14307/14307 14309/14309 14310/14310 14308/14308
f 14309/14309 14311/14311 14312/14312 14310/14310
f 14311/14311 14313/14313 14314/14314 14312/14312
f 14315/14315 14316/14316 14317/14317 14318/14318
f 14316/14316 14319/14319 14320/14320 14317/14317
f 14319/14319 14321/14321 14322/14322 14320/14320
f 14321/14321 14323/14323 14324/14324 14322/14322
f 14323/14323 14325/14325 14326/14326 14324/14324
f 14295/14295 14297/14297 14300/14300 14296/14296
f 14327/14327 14328/14328 14329/14329 14330/14330
f 14328/14328 14331/14331 14332/14332 14329/14329
f 14331/14331 14333/14333 14334/14334 14332/14332
f 14333/14333 14335/14335 14336/14336 14334/14334
f 14335/14335 14337/14337 14338/14338 14336/14336
f 14337/14337 14339/14339 14340/14340 14338/14338
f 14339/14339 14341/14341 14342/14342 14340/14340
f 14343/14343 14344/14344 14345/14345 14346/14346
f 14344/14344 14347/14347 14348/14348 14345/14345
f 14347/14347 14349/14349 14350/14350 14348/14348
f 14349/14349 14351/14351 14352/14352 14350/14350
f 14351/14351 14353/14353 14354/14354 14352/14352
f 14353/14353 14355/14355 14356/14356 14354/14354
f 14355/14355 14357/14357 14358/14358 14356/14356
f 14359/14359 14360/14360 14361/14361 14362/14362
f 14360/14360 14363/14363 14364/14364 14361/14361
f 14363/14363 14365/14365 14366/14366 14364/14364
f 14365/14365 14367/14367 14368/14368 14366/14366
f 14367/14367 14369/14369 14370/14370 14368/14368
f 14369/14369 14371/14371 14372/14372 14370/14370
f 14373/14373 14374/14374 14375/14375 14376/14376
f 14374/14374 14377/14377 14378/14378 14375/14375
f 14377/14377 14379/14379 14380/14380 14378/14378
f 14379/14379 14381/14381 14382/14382 14380/14380
f 14381/14381 14383/14383 14384/14384 14382/14382
f 14385/14385 14386/14386 14387/14387 14388/14388
f 14386/14386 14389/14389 14390/14390 14387/14387
f 14389/14389 14391/14391 14392/14392 14390/14390
f 14391/14391 14393/14393 14394/14394 14392/14392
f 14393/14393 14395/14395 14396/14396 14394/14394
f 14397/14397 14398/14398 14399/14399 14400/14400
f 14398/14398 14401/14401 14402/14402 14399/14399
f 14401/14401 14403/14403 14404/14404 14402/14402
f 14403/14403 14405/14405 14406/14406 14404/14404
f 14405/14405 14407/14407 14408/14408 14406/14406
f 14407/14407 14409/14409 14410/14410 14408/14408
f 14411/14411 14412/14412 14413/14413 14414/14414
f 14412/14412 14415/14415 14416/14416 14413/14413
f 14415/14415 14417/14417 14418/14418 14416/14416
f 14417/14417 14419/14419 14420/14420 14418/14418
f 14419/14419 14421/14421 14422/14422 14420/14420
f 14423/14423 14424/14424 14425/14425 14426/14426
f 14424/14424 14427/14427 14428/14428 14425/14425
f 14427/14427 14429/14429 14430/14430 14428/14428
f 14429/14429 14431/14431 14432/14432 14430/14430
f 14431/14431 14433/14433 14434/14434 14432/14432
f 14433/14433 14435/14435 14436/14436 14434/14434
f 14435/14435 14437/14437 14438/14438 14436/14436
f 14437/14437 14439/14439 14440/14440 14438/14438
f 14441/14441 14442/14442 14443/14443 14444/14444
f 14442/14442 14445/14445 14446/14446 14443/14443
f 14445/14445 14447/14447 14448/14448 14446/14446
f 14447/14447 14449/14449 14450/14450 14448/14448
f 14449/14449 14451/14451 14452/14452 14450/14450
f 14451/14451 14453/14453 14454/14454 14452/14452
f 14453/14453 14455/14455 14456/14456 14454/14454
f 14455/14455 14457/14457 14458/14458 14456/14456
f 14457/14457 14459/14459 14460/14460 14458/14458
f 14459/14459 14461/14461 14462/14462 14460/14460
f 14461/14461 14463/14463 14464/14464 14462/14462
f 815/815 817/817 820/820 816/816
f 913/913 915/915 918/918 914/914
f 14465/14465 1145/1145 1148/1148 14466/14466
f 14467/14467 14468/14468 14469/14469 14470/14470
f 14468/14468 14471/14471 14472/14472 14469/14469
f 14471/14471 14473/14473 14474/14474 14472/14472
f 14473/14473 14475/14475 14476/14476 14474/14474
f 14475/14475 14477/14477 14478/14478 14476/14476
f 14477/14477 14479/14479 14480/14480 14478/14478
f 14481/14481 14482/14482 14483/14483 14484/14484
f 14482/14482 14485/14485 14486/14486 14483/14483
f 14485/14485 14487/14487 14488/14488 14486/14486
f 14487/14487 14489/14489 14490/14490 14488/14488
f 14489/14489 14491/14491 14492/14492 14490/14490
f 14493/14493 14494/14494 14495/14495 14496/14496
f 14494/14494 14497/14497 14498/14498 14495/14495
f 14497/14497 14499/14499 14500/14500 14498/14498
f 14499/14499 14501/14501 14502/14502 14500/14500
f 14501/14501 14503/14503 14504/14504 14502/14502
f 14503/14503 14505/14505 14506/14506 14504/14504
f 14507/14507 14508/14508 14509/14509 14510/14510
f 14508/14508 14511/14511 14512/14512 14509/14509
f 14511/14511 14513/14513 14514/14514 14512/14512
f 14513/14513 14515/14515 14516/14516 14514/14514
f 14515/14515 14517/14517 14518/14518 14516/14516
f 14519/14519 14520/14520 14521/14521 14522/14522
f 14520/14520 14523/14523 14524/14524 14521/14521
f 14523/14523 14525/14525 14526/14526 14524/14524
f 14525/14525 14527/14527 14528/14528 14526/14526
f 14527/14527 14529/14529 14530/14530 14528/14528
f 14531/14531 14532/14532 14533/14533 14534/14534
f 14532/14532 14535/14535 14536/14536 14533/14533
f 14535/14535 14537/14537 14538/14538 14536/14536
f 14537/14537 14539/14539 14540/14540 14538/14538
f 14539/14539 14541/14541 14542/14542 14540/14540
f 14543/14543 14544/14544 14545/14545 14546/14546
f 14544/14544 14547/14547 14548/14548 14545/14545
f 14547/14547 14549/14549 14550/14550 14548/14548
f 14549/14549 14551/14551 14552/14552 14550/14550
f 14551/14551 14553/14553 14554/14554 14552/14552
f 14553/14553 14555/14555 14556/14556 14554/14554
f 14557/14557 14558/14558 14559/14559 14560/14560
f 14558/14558 14561/14561 14562/14562 14559/14559
f 14561/14561 14563/14563 14564/14564 14562/14562
f 14563/14563 14565/14565 14566/14566 14564/14564
f 14565/14565 14567/14567 14568/14568 14566/14566
f 14569/14569 14570/14570 14571/14571 14572/14572
f 14570/14570 14573/14573 14574/14574 14571/14571
f 14573/14573 14575/14575 14576/14576 14574/14574
f 14575/14575 14577/14577 14578/14578 14576/14576
f 14577/14577 14579/14579 14580/14580 14578/14578
f 14581/14581 14582/14582 14583/14583 14584/14584
f 14582/14582 14585/14585 14586/14586 14583/14583
f 14585/14585 14587/14587 14588/14588 14586/14586
f 14587/14587 14589/14589 14590/14590 14588/14588
f 14589/14589 14591/14591 14592/14592 14590/14590
f 14591/14591 14593/14593 14594/14594 14592/14592
f 14595/14595 14596/14596 14597/14597 14598/14598
f 14596/14596 14599/14599 14600/14600 14597/14597
f 14599/14599 14601/14601 14602/14602 14600/14600
f 14601/14601 14603/14603 14604/14604 14602/14602
f 14603/14603 14605/14605 14606/14606 14604/14604
f 14607/14607 14608/14608 14609/14609 14610/14610
f 14608/14608 14611/14611 14612/14612 14609/14609
f 14611/14611 14613/14613 14614/14614 14612/14612
f 14613/14613 14615/14615 14616/14616 14614/14614
f 14615/14615 14617/14617 14618/14618 14616/14616
f 14617/14617 14619/14619 14620/14620 14618/14618
f 14621/14621 14622/14622 14623/14623 14624/14624
f 14622/14622 14625/14625 14626/14626 14623/14623
f 14625/14625 14627/14627 14628/14628 14626/14626
f 14627/14627 14629/14629 14630/14630 14628/14628
f 14629/14629 14631/14631 14632/14632 14630/14630
f 14656/14633 14696/14634 14695/14635 14654/14636
f 14693/14637 14643/14638 14765/14639 14742/14640
f 14742/14640 14765/14639 14764/14641 14729/14642
f 14691/14643 14761/14644 14642/14645 14692/14646
f 14718/14647 14763/14648 14644/14649 14689/14650
f 14692/14646 14642/14645 14643/14638 14693/14637
f 14689/14650 14644/14649 14645/14651 14690/14652
f 14700/14653 14702/14654 14703/14655 14712/14656
f 14661/14657 14668/14658 14669/14659 14662/14660
f 14653/14661 14699/14662 14696/14634 14656/14633
f 14702/14654 14700/14653 14699/14662 14653/14661
f 14669/14659 14670/14663 14663/14664 14662/14660
f 14688/14665 14641/14666 14763/14648 14718/14647
f 14649/14667 14646/14668 14641/14666 14688/14665
f 14729/14642 14764/14641 14762/14669 14694/14670
f 14690/14652 14645/14651 14761/14644 14691/14643
f 14684/14671 14771/14672 14768/14673 14685/14674
f 14803/14675 14738/14676 14735/14677 14802/14678
f 14804/14679 14665/14680 14738/14676 14803/14675
f 14669/14659 14676/14681 14677/14682 14670/14663
f 14734/14683 14733/14684 14680/14685 14673/14686
f 14668/14658 14675/14687 14676/14681 14669/14659
f 14671/14688 14678/14689 14679/14690 14672/14691
f 14715/14692 14716/14693 14675/14687 14668/14658
f 14670/14663 14677/14682 14678/14689 14671/14688
f 14785/14694 14717/14695 14682/14696 14778/14697
f 14781/14698 14684/14671 14685/14674 14780/14699
f 14782/14700 14683/14701 14684/14671 14781/14698
f 14786/14702 14730/14703 14687/14704 14783/14705
f 14778/14697 14682/14696 14683/14701 14782/14700
f 14780/14699 14685/14674 14686/14706 14784/14707
f 14768/14708 14692/14646 14693/14637 14767/14709
f 14774/14710 14718/14647 14689/14650 14769/14711
f 14771/14672 14691/14643 14692/14646 14768/14673
f 14772/14712 14690/14652 14691/14643 14771/14672
f 14775/14713 14729/14642 14694/14670 14773/14714
f 14769/14711 14689/14650 14690/14652 14772/14712
f 14736/14715 14658/14716 14657/14717 14731/14718
f 14697/14719 14659/14720 14695/14635 14696/14634
f 14636/14721 14634/14722 14705/14723 14701/14724
f 14698/14725 14640/14726 14639/14727 14637/14728
f 14698/14725 14637/14728 14636/14721 14701/14724
f 14744/14729 14743/14730 14654/14636 14695/14635
f 14670/14663 14671/14688 14664/14731 14663/14664
f 14671/14688 14672/14691 14665/14732 14664/14731
f 14705/14723 14634/14722 14635/14733 14706/14734
f 14808/14735 14698/14725 14701/14724 14805/14736
f 14808/14735 14809/14737 14640/14726 14698/14725
f 14665/14680 14672/14691 14741/14738 14738/14676
f 14713/14739 14710/14740 14700/14653 14712/14656
f 14710/14740 14711/14741 14699/14662 14700/14653
f 14805/14736 14701/14724 14705/14723 14806/14742
f 14738/14676 14741/14738 14734/14743 14735/14677
f 14667/14744 14674/14745 14716/14693 14715/14692
f 14779/14746 14681/14747 14717/14695 14785/14694
f 14770/14748 14688/14665 14718/14647 14774/14710
f 14710/14740 14721/14749 14720/14750 14711/14741
f 14710/14740 14713/14739 14722/14751 14721/14749
f 14735/14677 14734/14743 14673/14686 14666/14752
f 14711/14741 14720/14750 14723/14753 14697/14754
f 14813/14755 14725/14756 14726/14757 14811/14758
f 14657/14717 14655/14759 14732/14760 14731/14718
f 14737/14761 14659/14762 14727/14763 14745/14764
f 14725/14756 14709/14765 14708/14766 14726/14757
f 14741/14738 14740/14767 14733/14684 14734/14743
f 14659/14720 14697/14719 14723/14753 14727/14763
f 14776/14768 14742/14640 14729/14642 14775/14713
f 14711/14741 14697/14754 14696/14634 14699/14662
f 14728/14769 14724/14770 14658/14716 14736/14715
f 14787/14771 14739/14772 14730/14703 14786/14702
f 14737/14773 14736/14715 14731/14718 14744/14774
f 14806/14775 14812/14776 14727/14763 14723/14753
f 14674/14745 14667/14744 14651/14777 14652/14778
f 14777/14779 14650/14780 14681/14747 14779/14746
f 14717/14695 14774/14710 14769/14711 14682/14696
f 14709/14765 14725/14756 14633/14781 14707/14782
f 14707/14782 14633/14781 14706/14734 14635/14733
f 14731/14718 14732/14760 14743/14730 14744/14774
f 14736/14715 14737/14773 14745/14764 14728/14769
f 14672/14691 14679/14690 14740/14767 14741/14738
f 14767/14709 14693/14637 14742/14640 14776/14768
f 14784/14707 14686/14706 14739/14772 14787/14771
f 14659/14720 14737/14761 14744/14774 14695/14635
f 14813/14783 14728/14769 14745/14764 14816/14784
f 14816/14784 14745/14764 14727/14763 14812/14776
f 14802/14785 14801/14786 14746/14787 14747/14788
f 14758/14789 14748/14790 14747/14791 14759/14792
f 14757/14793 14749/14794 14748/14790 14758/14789
f 14807/14795 14804/14796 14749/14797 14750/14798
f 14810/14799 14807/14795 14750/14798 14751/14800
f 14814/14801 14810/14799 14751/14800 14752/14802
f 14817/14803 14814/14801 14752/14802 14753/14804
f 14750/14798 14749/14797 14757/14793 14756/14805
f 14747/14788 14746/14787 14760/14806 14759/14792
f 14751/14800 14750/14798 14756/14805 14755/14807
f 14752/14802 14751/14800 14755/14807 14754/14808
f 14685/14674 14768/14673 14767/14709 14686/14706
f 14683/14701 14772/14712 14771/14672 14684/14671
f 14730/14703 14775/14713 14773/14714 14687/14704
f 14682/14696 14769/14711 14772/14712 14683/14701
f 14681/14747 14770/14748 14774/14710 14717/14695
f 14739/14772 14776/14768 14775/14713 14730/14703
f 14686/14706 14767/14709 14776/14768 14739/14772
f 14649/14667 14688/14665 14770/14748 14766/14809
f 14770/14748 14681/14747 14650/14780 14766/14809
f 14714/14810 14715/14692 14668/14658 14661/14657
f 14660/14811 14667/14744 14715/14692 14714/14810
f 14809/14737 14818/14812 14788/14813 14640/14726
f 14791/14814 14722/14751 14713/14739 14790/14815
f 14712/14656 14789/14816 14790/14815 14713/14739
f 14789/14816 14793/14817 14794/14818 14790/14815
f 14818/14812 14819/14819 14792/14820 14788/14813
f 14795/14821 14791/14814 14790/14815 14794/14818
f 14793/14817 14797/14822 14798/14823 14794/14818
f 14819/14819 14820/14824 14796/14825 14792/14820
f 14799/14826 14795/14821 14794/14818 14798/14823
f 14651/14777 14667/14744 14660/14811 14800/14827
f 14788/14813 14792/14820 14647/14828 14638/14829
f 14797/14822 14793/14817 14704/14830 14648/14831
f 14712/14656 14703/14655 14719/14832 14789/14816
f 14719/14832 14704/14830 14793/14817 14789/14816
f 14638/14829 14639/14727 14640/14726 14788/14813
f 14825/14833 14646/14668 14649/14667 14821/14834
f 14827/14835 14799/14826 14798/14823 14823/14836
f 14821/14834 14649/14667 14766/14809 14826/14837
f 14748/14790 14803/14675 14802/14678 14747/14791
f 14749/14794 14804/14796 14803/14675 14748/14790
f 14721/14749 14808/14735 14805/14736 14720/14750
f 14721/14749 14722/14751 14809/14737 14808/14735
f 14720/14750 14805/14736 14806/14742 14723/14753
f 14728/14769 14813/14783 14811/14758 14724/14770
f 14705/14723 14706/14734 14812/14776 14806/14742
f 14725/14756 14813/14755 14816/14784 14633/14781
f 14633/14781 14816/14784 14812/14776 14706/14734
f 14735/14677 14666/14752 14801/14786 14802/14678
f 14664/14731 14665/14732 14804/14679 14807/14795
f 14663/14664 14664/14731 14807/14795 14810/14799
f 14662/14660 14663/14664 14810/14799 14814/14801
f 14661/14657 14662/14660 14814/14801 14817/14803
f 14714/14810 14661/14657 14817/14803 14815/14838
f 14722/14751 14791/14814 14818/14812 14809/14737
f 14791/14814 14795/14821 14819/14819 14818/14812
f 14795/14821 14799/14826 14820/14824 14819/14819
f 14650/14780 14822/14839 14826/14837 14766/14809
f 14648/14831 14824/14840 14828/14841 14797/14822
f 14797/14822 14828/14841 14823/14836 14798/14823
f 14799/14826 14827/14835 14829/14842 14820/14824
f 14777/14779 14779/14746 14674/14745 14652/14778
f 14716/14693 14674/14745 14779/14746 14785/14694
f 14785/14694 14778/14697 14675/14687 14716/14693
f 14778/14697 14782/14700 14676/14681 14675/14687
f 14824/14840 14648/14831 14646/14668 14825/14833
f 14641/14666 14646/14668 14648/14831 14704/14830
f 14763/14648 14641/14666 14704/14830 14719/14832
f 14644/14649 14763/14648 14719/14832 14703/14655
f 14645/14651 14644/14649 14703/14655 14702/14654
f 14761/14644 14645/14651 14702/14654 14653/14661
f 14642/14645 14761/14644 14653/14661 14656/14633
f 14643/14638 14642/14645 14656/14633 14654/14636
f 14765/14639 14643/14638 14654/14636 14743/14730
f 14764/14641 14765/14639 14743/14730 14732/14760
f 14762/14669 14764/14641 14732/14760 14655/14759
f 14782/14700 14781/14698 14677/14682 14676/14681
f 14781/14698 14780/14699 14678/14689 14677/14682
f 14780/14699 14784/14707 14679/14690 14678/14689
f 14740/14767 14679/14690 14784/14707 14787/14771
f 14787/14771 14786/14702 14733/14684 14740/14767
f 14786/14702 14783/14705 14680/14685 14733/14684
f 14852/14843 14851/14844 14884/14845 14885/14846
f 14883/14847 14928/14848 14948/14849 14840/14850
f 14928/14848 14915/14851 14947/14852 14948/14849
f 14881/14853 14882/14854 14839/14855 14945/14856
f 14906/14857 14879/14858 14841/14859 14946/14860
f 14882/14854 14883/14847 14840/14850 14839/14855
f 14879/14858 14880/14861 14842/14862 14841/14859
f 14889/14863 14900/14864 14892/14865 14891/14866
f 14855/14867 14856/14868 14862/14869 14861/14870
f 14850/14871 14852/14843 14885/14846 14888/14872
f 14891/14866 14850/14871 14888/14872 14889/14863
f 14862/14869 14856/14868 14857/14873 14863/14874
f 14878/14875 14906/14857 14946/14860 14838/14876
f 14846/14877 14878/14875 14838/14876 14843/14878
f 14915/14851 14694/14670 14762/14669 14947/14852
f 14880/14861 14881/14853 14945/14856 14842/14862
f 14875/14879 14876/14880 14951/14881 14954/14882
f 14983/14883 14982/14884 14921/14885 14924/14886
f 14984/14887 14983/14883 14924/14886 14859/14888
f 14862/14869 14863/14874 14869/14889 14868/14890
f 14920/14891 14673/14686 14680/14685 14919/14892
f 14861/14870 14862/14869 14868/14890 14867/14893
f 14864/14894 14865/14895 14871/14896 14870/14897
f 14903/14898 14861/14870 14867/14893 14904/14899
f 14863/14874 14864/14894 14870/14897 14869/14889
f 14966/14900 14960/14901 14873/14902 14905/14903
f 14963/14904 14962/14905 14876/14880 14875/14879
f 14964/14906 14963/14904 14875/14879 14874/14907
f 14967/14908 14783/14705 14687/14704 14916/14909
f 14960/14901 14964/14906 14874/14907 14873/14902
f 14962/14905 14965/14910 14877/14911 14876/14880
f 14951/14912 14950/14913 14883/14847 14882/14854
f 14956/14914 14952/14915 14879/14858 14906/14857
f 14954/14882 14951/14881 14882/14854 14881/14853
f 14955/14916 14954/14882 14881/14853 14880/14861
f 14957/14917 14773/14714 14694/14670 14915/14851
f 14952/14915 14955/14916 14880/14861 14879/14858
f 14922/14918 14917/14919 14657/14717 14658/14716
f 14886/14920 14885/14846 14884/14845 14853/14921
f 14833/14922 14890/14923 14894/14924 14831/14925
f 14887/14926 14834/14927 14836/14928 14837/14929
f 14887/14926 14890/14923 14833/14922 14834/14927
f 14930/14930 14884/14845 14851/14844 14929/14931
f 14863/14874 14857/14873 14858/14932 14864/14894
f 14864/14894 14858/14932 14859/14933 14865/14895
f 14894/14924 14895/14934 14832/14935 14831/14925
f 14988/14936 14985/14937 14890/14923 14887/14926
f 14988/14936 14887/14926 14837/14929 14989/14938
f 14859/14933 14924/14886 14927/14939 14865/14895
f 14901/14940 14900/14864 14889/14863 14898/14941
f 14898/14941 14889/14863 14888/14872 14899/14942
f 14985/14937 14986/14943 14894/14924 14890/14923
f 14924/14886 14921/14885 14920/14944 14927/14939
f 14860/14945 14903/14898 14904/14899 14866/14946
f 14961/14947 14966/14900 14905/14903 14872/14948
f 14953/14949 14956/14914 14906/14857 14878/14875
f 14898/14941 14899/14942 14908/14950 14909/14951
f 14898/14941 14909/14951 14910/14952 14901/14940
f 14921/14885 14666/14752 14673/14686 14920/14944
f 14899/14942 14886/14953 14911/14954 14908/14950
f 14992/14955 14811/14758 14726/14757 14912/14956
f 14657/14717 14917/14919 14918/14957 14655/14759
f 14923/14958 14931/14959 14913/14960 14853/14961
f 14912/14956 14726/14757 14708/14766 14897/14962
f 14927/14939 14920/14944 14919/14892 14926/14963
f 14853/14961 14913/14960 14911/14954 14886/14920
f 14958/14964 14957/14917 14915/14851 14928/14848
f 14899/14942 14888/14872 14885/14846 14886/14953
f 14914/14965 14922/14918 14658/14716 14724/14770
f 14968/14966 14967/14908 14916/14909 14925/14967
f 14923/14968 14930/14969 14917/14919 14922/14918
f 14986/14970 14911/14954 14913/14960 14991/14971
f 14866/14946 14849/14972 14848/14973 14860/14945
f 14959/14974 14961/14947 14872/14948 14847/14975
f 14905/14903 14873/14902 14952/14915 14956/14914
f 14897/14962 14896/14976 14830/14977 14912/14956
f 14896/14976 14832/14935 14895/14934 14830/14977
f 14917/14919 14930/14969 14929/14931 14918/14957
f 14922/14918 14914/14965 14931/14959 14923/14968
f 14865/14895 14927/14939 14926/14963 14871/14896
f 14950/14913 14958/14964 14928/14848 14883/14847
f 14965/14910 14968/14966 14925/14967 14877/14911
f 14853/14921 14884/14845 14930/14930 14923/14958
f 14992/14978 14995/14979 14931/14959 14914/14965
f 14995/14979 14991/14971 14913/14960 14931/14959
f 14982/14980 14932/14981 14746/14787 14801/14786
f 14943/14982 14944/14983 14932/14984 14933/14985
f 14942/14986 14943/14982 14933/14985 14934/14987
f 14987/14988 14935/14989 14934/14990 14984/14991
f 14990/14992 14936/14993 14935/14989 14987/14988
f 14993/14994 14937/14995 14936/14993 14990/14992
f 14996/14996 14938/14997 14937/14995 14993/14994
f 14935/14989 14941/14998 14942/14986 14934/14990
f 14932/14984 14944/14983 14760/14806 14746/14787
f 14936/14993 14940/14999 14941/14998 14935/14989
f 14937/14995 14939/15000 14940/14999 14936/14993
f 14876/14880 14877/14911 14950/14913 14951/14881
f 14874/14907 14875/14879 14954/14882 14955/14916
f 14916/14909 14687/14704 14773/14714 14957/14917
f 14873/14902 14874/14907 14955/14916 14952/14915
f 14872/14948 14905/14903 14956/14914 14953/14949
f 14925/14967 14916/14909 14957/14917 14958/14964
f 14877/14911 14925/14967 14958/14964 14950/14913
f 14846/14877 14949/15001 14953/14949 14878/14875
f 14953/14949 14949/15001 14847/14975 14872/14948
f 14902/15002 14855/14867 14861/14870 14903/14898
f 14854/15003 14902/15002 14903/14898 14860/14945
f 14989/14938 14837/14929 14969/15004 14997/15005
f 14972/15006 14971/15007 14901/14940 14910/14952
f 14900/14864 14901/14940 14971/15007 14970/15008
f 14970/15008 14971/15007 14975/15009 14974/15010
f 14997/15005 14969/15004 14973/15011 14998/15012
f 14976/15013 14975/15009 14971/15007 14972/15006
f 14974/15010 14975/15009 14979/15014 14978/15015
f 14998/15012 14973/15011 14977/15016 14999/15017
f 14980/15018 14979/15014 14975/15009 14976/15013
f 14848/14973 14981/15019 14854/15003 14860/14945
f 14969/15004 14835/15020 14844/15021 14973/15011
f 14978/15015 14845/15022 14893/15023 14974/15010
f 14900/14864 14970/15008 14907/15024 14892/14865
f 14907/15024 14970/15008 14974/15010 14893/15023
f 14835/15020 14969/15004 14837/14929 14836/14928
f 15003/15025 15000/15026 14846/14877 14843/14878
f 15005/15027 15001/15028 14979/15014 14980/15018
f 15000/15026 15004/15029 14949/15001 14846/14877
f 14933/14985 14932/14984 14982/14980 14983/14883
f 14934/14987 14933/14985 14983/14883 14984/14991
f 14909/14951 14908/14950 14985/14937 14988/14936
f 14909/14951 14988/14936 14989/14938 14910/14952
f 14908/14950 14911/14954 14986/14970 14985/14937
f 14914/14965 14724/14770 14811/14758 14992/14978
f 14894/14924 14986/14943 14991/14971 14895/14934
f 14912/14956 14830/14977 14995/14979 14992/14955
f 14830/14977 14895/14934 14991/14971 14995/14979
f 14921/14885 14982/14884 14801/14786 14666/14752
f 14858/14932 14987/14988 14984/14991 14859/14933
f 14857/14873 14990/14992 14987/14988 14858/14932
f 14856/14868 14993/14994 14990/14992 14857/14873
f 14855/14867 14996/14996 14993/14994 14856/14868
f 14902/15002 14994/15030 14996/14996 14855/14867
f 14910/14952 14989/14938 14997/15005 14972/15006
f 14972/15006 14997/15005 14998/15012 14976/15013
f 14976/15013 14998/15012 14999/15017 14980/15018
f 14845/15022 14978/15015 15006/15031 15002/15032
f 14978/15015 14979/15014 15001/15028 15006/15031
f 14980/15018 14999/15017 15007/15033 15005/15027
f 14959/14974 14849/14972 14866/14946 14961/14947
f 14904/14899 14966/14900 14961/14947 14866/14946
f 14966/14900 14904/14899 14867/14893 14960/14901
f 14960/14901 14867/14893 14868/14890 14964/14906
f 15002/15032 15003/15025 14843/14878 14845/15022
f 14838/14876 14893/15023 14845/15022 14843/14878
f 14946/14860 14907/15024 14893/15023 14838/14876
f 14841/14859 14892/14865 14907/15024 14946/14860
f 14842/14862 14891/14866 14892/14865 14841/14859
f 14945/14856 14850/14871 14891/14866 14842/14862
f 14839/14855 14852/14843 14850/14871 14945/14856
f 14840/14850 14851/14844 14852/14843 14839/14855
f 14948/14849 14929/14931 14851/14844 14840/14850
f 14947/14852 14918/14957 14929/14931 14948/14849
f 14762/14669 14655/14759 14918/14957 14947/14852
f 14964/14906 14868/14890 14869/14889 14963/14904
f 14963/14904 14869/14889 14870/14897 14962/14905
f 14962/14905 14870/14897 14871/14896 14965/14910
f 14926/14963 14968/14966 14965/14910 14871/14896
f 14968/14966 14926/14963 14919/14892 14967/14908
f 14967/14908 14919/14892 14680/14685 14783/14705
