# Mirrorly browser-ready derivative; original source and license metadata remain in this folder.
# Rebuild with scripts/Build-Mirrorly3DAssets.ps1. Shape: U
mtllib mirrorly.mtl
# This is a mesh file for MakeHuman
#
# This asset was explicitly released as CC0 in september 2020. The license
# text for CC0 can be found in the root of this repository.
#
# The copyright holders at the point of the release to CC0 were:
#
# Copyright (C) 2020 Data Collection AB, https://www.datacollection.se
# Copyright (C) 2020 Joel Palmius
# Copyright (C) 2020 Jonas Hauquier
#
# The primary legal contact for MakeHuman is Data Collection AB.
#
# For more information, see homepage at http://www.makehumancommunity.org
#
# basemesh hm08
v 0.191800 7.399500 1.239100
v 0.378700 7.363300 1.272700
v 0.467400 7.291400 1.268600
v 0.538800 7.175500 1.237100
v 0.626000 6.996800 1.160300
v 0.655800 6.797200 1.104100
v 0.704300 6.601800 1.066800
v 0.736700 6.347700 1.011200
v 0.724500 6.133800 0.926100
v 0.686300 5.958800 0.839200
v 0.646200 5.826000 0.747300
v 0.598900 5.684400 0.580600
v 0.603100 5.603900 0.323100
v 0.617700 5.463600 -0.028600
v 0.603300 5.325100 -0.194300
v 0.594300 5.194500 -0.289300
v 0.623800 5.076000 -0.351500
v 0.692600 4.899400 -0.431900
v 0.754200 4.697500 -0.492800
v 0.801300 4.519700 -0.525500
v 0.829200 4.288000 -0.537800
v 0.864400 4.120400 -0.531900
v 0.857500 3.885800 -0.494900
v 0.844300 3.612600 -0.457300
v 0.822300 3.405500 -0.434200
v 0.811800 3.074700 -0.405800
v 0.790300 2.844200 -0.399700
v 0.769600 2.607200 -0.395500
v 0.746700 2.334300 -0.381600
v 0.720700 2.070700 -0.381400
v 0.706500 1.798800 -0.392400
v 0.690200 1.516000 -0.404100
v 0.664800 1.271816 -0.440800
v 0.666000 1.272726 -0.478400
v 0.673700 1.278604 -0.531500
v 0.275700 7.404000 1.253700
v 0.241900 7.359600 1.212500
v 0.376100 7.293700 1.213800
v 0.429300 7.228400 1.198400
v 0.481500 7.148300 1.184300
v 0.540100 6.975800 1.128300
v 0.588900 6.776000 1.066700
v 0.620400 6.563100 1.024800
v 0.600700 6.285500 0.998800
v 0.540900 6.075400 0.936900
v 0.501400 5.925400 0.837400
v 0.470700 5.811600 0.728900
v 0.471100 5.690300 0.550500
v 0.508400 5.602200 0.308500
v 0.532900 5.453500 -0.038300
v 0.515800 5.310200 -0.208200
v 0.504800 5.176800 -0.318700
v 0.533400 5.057700 -0.403100
v 0.601200 4.880300 -0.508500
v 0.662300 4.677400 -0.568400
v 0.708500 4.500400 -0.600100
v 0.736900 4.270400 -0.612300
v 0.771400 4.104100 -0.607200
v 0.764800 3.870500 -0.569900
v 0.751400 3.597200 -0.532500
v 0.730100 3.389700 -0.509000
v 0.720000 3.059100 -0.478700
v 0.698800 2.828800 -0.471400
v 0.678100 2.591500 -0.467000
v 0.655400 2.318500 -0.453300
v 0.629500 2.055700 -0.453400
v 0.615000 1.784200 -0.465600
v 0.599000 1.501600 -0.476700
v 0.574800 1.255400 -0.513000
v 0.576100 1.209103 -0.551200
v 0.584000 1.214324 -0.604600
v 0.319400 7.344500 1.213700
v -0.256500 7.350300 1.202900
v -0.332000 7.355800 1.224500
v -0.441700 7.277600 1.227300
v -0.510400 7.176700 1.223400
v -0.591100 6.999000 1.186100
v -0.645800 6.794700 1.120600
v -0.692900 6.585300 1.073900
v -0.697200 6.324700 1.005900
v -0.682200 6.108500 0.908500
v -0.623600 5.937300 0.790200
v -0.578600 5.806900 0.647100
v -0.555600 5.660500 0.424200
v -0.600000 5.546900 0.175000
v -0.615500 5.434200 -0.108900
v -0.602600 5.310500 -0.244100
v -0.595300 5.174800 -0.342200
v -0.624600 5.053200 -0.414600
v -0.692900 4.873400 -0.489400
v -0.754200 4.673500 -0.520100
v -0.801300 4.502500 -0.538100
v -0.829200 4.281200 -0.538200
v -0.864400 4.119100 -0.531700
v -0.857500 3.885800 -0.494900
v -0.844300 3.612600 -0.457300
v -0.822300 3.405500 -0.434200
v -0.811800 3.074700 -0.405800
v -0.790300 2.844200 -0.399700
v -0.769600 2.607200 -0.395500
v -0.746700 2.334300 -0.381600
v -0.720700 2.070700 -0.381400
v -0.706500 1.798800 -0.392400
v -0.690200 1.516000 -0.404100
v -0.664800 1.271816 -0.440800
v -0.666000 1.272726 -0.478400
v -0.673700 1.278604 -0.531500
v -0.282500 7.364300 1.199400
v -0.233500 7.359300 1.206800
v -0.356000 7.343800 1.226300
v -0.413000 7.267700 1.219800
v -0.477000 7.118900 1.225900
v -0.521100 6.946700 1.188000
v -0.575200 6.741900 1.069000
v -0.605300 6.537200 1.015900
v -0.585500 6.300600 0.933900
v -0.553300 6.117300 0.805100
v -0.499800 5.951300 0.662100
v -0.450400 5.827000 0.523000
v -0.464400 5.662900 0.318700
v -0.493900 5.534600 0.107200
v -0.510100 5.421700 -0.145300
v -0.503700 5.296500 -0.278900
v -0.501600 5.160500 -0.383800
v -0.532800 5.039600 -0.466600
v -0.601400 4.858700 -0.548000
v -0.662300 4.658300 -0.585900
v -0.708500 4.487400 -0.606900
v -0.736900 4.266200 -0.611800
v -0.771400 4.103800 -0.607100
v -0.764800 3.870500 -0.569900
v -0.751400 3.597200 -0.532500
v -0.730100 3.389700 -0.509000
v -0.720000 3.059100 -0.478700
v -0.698800 2.828800 -0.471400
v -0.678100 2.591500 -0.467000
v -0.655400 2.318500 -0.453300
v -0.629500 2.055700 -0.453400
v -0.615000 1.784200 -0.465600
v -0.599000 1.501600 -0.476700
v -0.574800 1.255400 -0.513000
v -0.576100 1.209103 -0.551200
v -0.584000 1.214324 -0.604600
v -0.288200 7.374800 1.225900
v 0.404600 7.446800 1.201300
v 0.386200 7.409900 1.253300
v 0.501400 7.355200 1.158200
v 0.475800 7.328000 1.211600
v 0.569500 7.223400 1.108900
v 0.545300 7.203900 1.168000
v 0.664400 7.032000 1.049700
v 0.639200 7.018300 1.106700
v 0.704500 6.820300 1.001900
v 0.676700 6.810700 1.061200
v 0.730100 6.614700 0.986800
v 0.717800 6.610100 1.024000
v 0.741500 6.360400 0.932000
v 0.738800 6.359100 0.957900
v 0.721600 6.153700 0.865200
v 0.722000 6.150500 0.884800
v 0.692200 5.976100 0.786500
v 0.696200 5.972300 0.799000
v 0.668900 5.839400 0.687200
v 0.668000 5.833200 0.705000
v 0.639300 5.700500 0.511600
v 0.636400 5.695400 0.531600
v 0.652900 5.601200 0.268900
v 0.641100 5.600300 0.290800
v 0.676500 5.455600 -0.066500
v 0.649300 5.459400 -0.048600
v 0.667600 5.330500 -0.220400
v 0.637400 5.327700 -0.208600
v 0.663100 5.210100 -0.304600
v 0.630700 5.202500 -0.297600
v 0.689100 5.088700 -0.363900
v 0.658500 5.082700 -0.357800
v 0.743400 4.908900 -0.436400
v 0.720300 4.904600 -0.433500
v 0.798800 4.706900 -0.496800
v 0.779000 4.702900 -0.494100
v 0.843500 4.523800 -0.534400
v 0.825200 4.522300 -0.529300
v 0.872100 4.296100 -0.544600
v 0.853500 4.292600 -0.540600
v 0.911300 4.118100 -0.541000
v 0.890900 4.119600 -0.535800
v 0.912900 3.885600 -0.512600
v 0.888700 3.885600 -0.503200
v 0.901300 3.615500 -0.485500
v 0.876400 3.613800 -0.470900
v 0.883000 3.408800 -0.454700
v 0.856100 3.407000 -0.443900
v 0.874900 3.079500 -0.424600
v 0.846600 3.076900 -0.414600
v 0.854000 2.846400 -0.417400
v 0.825300 2.845100 -0.408000
v 0.832300 2.609200 -0.411600
v 0.804100 2.608000 -0.402900
v 0.808800 2.338000 -0.396400
v 0.780700 2.335900 -0.388400
v 0.782400 2.075000 -0.391600
v 0.754500 2.072600 -0.385900
v 0.766200 1.802200 -0.408900
v 0.739500 1.800300 -0.400100
v 0.751700 1.527600 -0.418400
v 0.723900 1.521400 -0.410600
v 0.729300 1.323050 -0.445900
v 0.699600 1.298870 -0.442700
v 0.725000 1.319487 -0.480400
v 0.697800 1.297437 -0.478800
v 0.730500 1.324048 -0.535100
v 0.704300 1.302629 -0.532600
v 0.316800 7.524200 1.228000
v 0.308000 7.480700 1.275400
v 0.181800 7.543700 1.291800
v 0.187000 7.596800 1.251400
v 0.006800 7.504500 1.263700
v 0.000000 7.584200 1.243100
v -0.404100 7.440700 1.197400
v -0.387400 7.400900 1.250000
v -0.502500 7.350200 1.155900
v -0.478700 7.319600 1.210200
v -0.572500 7.226200 1.110600
v -0.545000 7.204400 1.167000
v -0.667900 7.037900 1.047500
v -0.641200 7.025200 1.104400
v -0.714100 6.823000 0.990800
v -0.684400 6.814900 1.050000
v -0.760900 6.608100 0.947100
v -0.731200 6.603000 1.004800
v -0.753000 6.330600 0.914800
v -0.736600 6.326400 0.940300
v -0.723000 6.109700 0.849900
v -0.713600 6.100000 0.868800
v -0.683900 5.925100 0.738300
v -0.684200 5.913800 0.755700
v -0.645900 5.790000 0.583600
v -0.654400 5.779000 0.617600
v -0.629200 5.658200 0.352900
v -0.628800 5.645900 0.383300
v -0.650600 5.540000 0.110100
v -0.641700 5.538800 0.137500
v -0.676000 5.431400 -0.141700
v -0.647900 5.432800 -0.126300
v -0.668000 5.312000 -0.269300
v -0.637300 5.311100 -0.257500
v -0.664400 5.186300 -0.358900
v -0.631900 5.180500 -0.351100
v -0.689900 5.061900 -0.431700
v -0.659300 5.057700 -0.423300
v -0.743700 4.880300 -0.499200
v -0.720600 4.877200 -0.494100
v -0.798800 4.681000 -0.527600
v -0.779000 4.677700 -0.523400
v -0.843500 4.505400 -0.548600
v -0.825200 4.504400 -0.542800
v -0.872100 4.288400 -0.545500
v -0.853500 4.285300 -0.541200
v -0.911300 4.116600 -0.540700
v -0.890900 4.118100 -0.535600
v -0.912900 3.885600 -0.512600
v -0.888700 3.885600 -0.503200
v -0.901300 3.615500 -0.485500
v -0.876400 3.613800 -0.470900
v -0.883000 3.408800 -0.454700
v -0.856100 3.407000 -0.443900
v -0.874900 3.079500 -0.424600
v -0.846600 3.076900 -0.414600
v -0.854000 2.846400 -0.417400
v -0.825300 2.845100 -0.408000
v -0.832300 2.609200 -0.411600
v -0.804100 2.608000 -0.402900
v -0.808800 2.338000 -0.396400
v -0.780700 2.335900 -0.388400
v -0.782400 2.075000 -0.391600
v -0.754500 2.072600 -0.385900
v -0.766200 1.802200 -0.408900
v -0.739500 1.800300 -0.400100
v -0.751700 1.527600 -0.418400
v -0.723900 1.521400 -0.410600
v -0.729300 1.323050 -0.445900
v -0.699600 1.298870 -0.442700
v -0.725000 1.319487 -0.480400
v -0.697800 1.297437 -0.478800
v -0.730500 1.324048 -0.535100
v -0.704300 1.302629 -0.532600
v -0.316500 7.523100 1.227200
v -0.306600 7.477800 1.272800
v -0.183500 7.544100 1.291800
v -0.187000 7.596800 1.251400
v 0.802400 4.109500 -0.582100
v 0.833400 4.115000 -0.557000
v 0.798400 4.282100 -0.562700
v 0.767700 4.276300 -0.587500
v 0.567600 6.981400 1.147800
v 0.594600 6.991700 1.140000
v 0.506000 7.171000 1.216500
v 0.511500 7.153600 1.205500
v 0.659900 2.060700 -0.429400
v 0.690300 2.065700 -0.405400
v 0.716200 2.329000 -0.405500
v 0.685800 2.323800 -0.429400
v 0.535000 5.600900 0.335700
v 0.573400 5.607000 0.294000
v 0.565800 5.689500 0.549700
v 0.500900 5.687500 0.578200
v 0.425100 7.278500 1.237400
v 0.457700 7.234400 1.222600
v 0.770300 4.513300 -0.550400
v 0.739400 4.506800 -0.575200
v 0.252300 7.368500 1.210900
v 0.189400 7.390500 1.223900
v 0.600500 5.813100 0.736100
v 0.501100 5.810500 0.753100
v 0.739100 2.602000 -0.419300
v 0.708600 2.596800 -0.443200
v 0.723600 4.690900 -0.518000
v 0.692900 4.684200 -0.543200
v 0.328100 7.337700 1.239100
v 0.389500 7.311000 1.213600
v 0.759800 2.839100 -0.423600
v 0.729300 2.833900 -0.447500
v 0.637900 5.944000 0.830500
v 0.517700 5.922400 0.859400
v 0.265400 7.376300 1.232100
v 0.330800 7.358300 1.207800
v 0.662100 4.893200 -0.457100
v 0.631700 4.886700 -0.482400
v 0.781200 3.069500 -0.430100
v 0.750600 3.064300 -0.454400
v 0.677700 6.122700 0.918400
v 0.560800 6.080000 0.956800
v 0.613900 1.234732 -0.580200
v 0.643800 1.256159 -0.555800
v 0.636000 1.250471 -0.502700
v 0.606000 1.229241 -0.526900
v 0.593600 5.070000 -0.369200
v 0.563500 5.063800 -0.382900
v 0.791600 3.400200 -0.459100
v 0.760900 3.395000 -0.484100
v 0.705700 6.342000 0.991000
v 0.626400 6.295300 1.017700
v 0.634800 1.264400 -0.464800
v 0.604800 1.260000 -0.488900
v 0.564200 5.188700 -0.302000
v 0.535100 5.182900 -0.304800
v 0.813300 3.607500 -0.482400
v 0.782300 3.602300 -0.507400
v 0.673300 6.596300 1.047000
v 0.639700 6.566200 1.043500
v 0.659800 1.511200 -0.428300
v 0.629400 1.506500 -0.452500
v 0.572800 5.320300 -0.206000
v 0.546800 5.315400 -0.197200
v 0.826600 3.880700 -0.519900
v 0.795700 3.875600 -0.544900
v 0.625600 6.792100 1.084100
v 0.605400 6.782400 1.085600
v 0.586700 5.459200 -0.046100
v 0.564500 5.459300 -0.022300
v 0.676000 1.793900 -0.416800
v 0.645500 1.789100 -0.441200
v -0.802400 4.108900 -0.582000
v -0.833400 4.114000 -0.556900
v -0.798400 4.276200 -0.562600
v -0.767700 4.271200 -0.587100
v -0.542700 6.958700 1.207200
v -0.559600 6.993800 1.165600
v -0.478100 7.170400 1.200000
v -0.498200 7.127400 1.234200
v -0.659900 2.060700 -0.429400
v -0.690300 2.065700 -0.405400
v -0.716200 2.329000 -0.405500
v -0.685800 2.323800 -0.429400
v -0.522800 5.537400 0.124600
v -0.571800 5.545000 0.151600
v -0.527800 5.659500 0.395100
v -0.491100 5.667100 0.341500
v -0.413800 7.265000 1.202500
v -0.429200 7.277500 1.248700
v -0.770300 4.497500 -0.561000
v -0.739400 4.492400 -0.583900
v -0.232500 7.364800 1.206800
v -0.260000 7.342300 1.202500
v -0.533000 5.793500 0.631000
v -0.483600 5.829500 0.549200
v -0.739100 2.602000 -0.419300
v -0.708600 2.596800 -0.443200
v -0.723600 4.668400 -0.541800
v -0.692900 4.663400 -0.563700
v -0.326500 7.343300 1.204500
v -0.366000 7.349300 1.232900
v -0.759800 2.839100 -0.423600
v -0.729300 2.833900 -0.447500
v -0.575100 5.924800 0.774200
v -0.536800 5.952800 0.688500
v -0.282000 7.353300 1.199300
v -0.290000 7.384300 1.213300
v -0.662300 4.868600 -0.508900
v -0.631900 4.863600 -0.528500
v -0.781200 3.069500 -0.430100
v -0.750600 3.064300 -0.454400
v -0.629200 6.103600 0.901600
v -0.588100 6.119300 0.831300
v -0.613900 1.234732 -0.580200
v -0.643800 1.256159 -0.555800
v -0.636000 1.250471 -0.502700
v -0.606000 1.229241 -0.526900
v -0.594300 5.048900 -0.431700
v -0.563000 5.043900 -0.449200
v -0.791600 3.400200 -0.459100
v -0.760900 3.395000 -0.484100
v -0.665800 6.319100 0.986000
v -0.621700 6.305000 0.955800
v -0.634800 1.264400 -0.464800
v -0.604800 1.260000 -0.488900
v -0.565200 5.170500 -0.356100
v -0.531500 5.164700 -0.370200
v -0.813300 3.607500 -0.482400
v -0.782300 3.602300 -0.507400
v -0.663200 6.580200 1.053700
v -0.625000 6.543700 1.037000
v -0.659800 1.511200 -0.428300
v -0.629400 1.506500 -0.452500
v -0.572000 5.307000 -0.256100
v -0.534000 5.300200 -0.268500
v -0.826600 3.880700 -0.519900
v -0.795700 3.875600 -0.544900
v -0.616100 6.789300 1.099900
v -0.592300 6.749300 1.089800
v -0.584300 5.432000 -0.121700
v -0.541100 5.424200 -0.135500
v -0.676000 1.793900 -0.416800
v -0.645500 1.789100 -0.441200
v 0.185800 7.796000 1.012400
v 0.479300 7.606000 0.903700
v 0.173100 7.482700 1.326500
v 0.367100 7.368900 1.304300
v 0.587900 7.469400 0.854400
v 0.449200 7.297500 1.264700
v 0.667600 7.307400 0.805400
v 0.515900 7.182300 1.223500
v 0.760800 7.098500 0.747700
v 0.606600 7.005700 1.153200
v 0.803300 6.877400 0.670200
v 0.636400 6.807700 1.096800
v 0.836800 6.671800 0.618700
v 0.670900 6.613900 1.043300
v 0.852200 6.412900 0.527000
v 0.685300 6.373100 0.958800
v 0.834700 6.230900 0.465500
v 0.663200 6.173000 0.862300
v 0.813800 6.048400 0.401400
v 0.634200 6.005300 0.762400
v 0.800300 5.888800 0.306900
v 0.607100 5.872200 0.669800
v 0.791200 5.736800 0.170100
v 0.584000 5.730600 0.509900
v 0.801500 5.602000 0.019700
v 0.599500 5.622400 0.291600
v 0.807700 5.452900 -0.137100
v 0.618300 5.470100 -0.036200
v 0.816200 5.351300 -0.259400
v 0.606000 5.330300 -0.198900
v 0.819900 5.253200 -0.329700
v 0.597400 5.199400 -0.294000
v 0.834700 5.120000 -0.394500
v 0.627000 5.080800 -0.356200
v 0.850100 4.928600 -0.460800
v 0.696100 4.903300 -0.436700
v 0.886100 4.724600 -0.520400
v 0.758100 4.700300 -0.497900
v 0.921700 4.528300 -0.568500
v 0.805300 4.521400 -0.530800
v 0.951100 4.310600 -0.573500
v 0.833400 4.288900 -0.543200
v 0.999300 4.108000 -0.576100
v 0.868700 4.120300 -0.537200
v 1.018000 3.885000 -0.569300
v 0.861900 3.884900 -0.500100
v 1.008500 3.623600 -0.567100
v 0.848600 3.611600 -0.462500
v 1.003100 3.417600 -0.520400
v 0.826600 3.404700 -0.439400
v 1.006600 3.090200 -0.487200
v 0.815800 3.072200 -0.409700
v 0.988200 2.844000 -0.471600
v 0.793100 2.834200 -0.398000
v 0.962700 2.593900 -0.453700
v 0.770600 2.585800 -0.385400
v 0.937100 2.313300 -0.425700
v 0.745900 2.301200 -0.363000
v 0.907600 2.041700 -0.401000
v 0.718600 2.029700 -0.356700
v 0.884000 1.761700 -0.428000
v 0.703400 1.751300 -0.362800
v 0.875900 1.512300 -0.434900
v 0.688300 1.476400 -0.380200
v 0.868300 1.449577 -0.449200
v 0.664300 1.271438 -0.423800
v 0.856000 1.437493 -0.482100
v 0.666500 1.273106 -0.466900
v 0.858100 1.439544 -0.547600
v 0.675600 1.280064 -0.526500
v 0.350100 7.718500 0.966200
v 0.295600 7.433100 1.318600
v 0.158400 7.918300 0.630100
v 0.511600 7.684300 0.492100
v 0.638500 7.526200 0.441600
v 0.734600 7.359300 0.395400
v 0.820500 7.156500 0.336400
v 0.878400 6.931200 0.261900
v 0.904700 6.720000 0.197400
v 0.925600 6.482500 0.138800
v 0.946700 6.282500 0.072000
v 0.956500 6.096400 0.017600
v 0.966800 5.932500 -0.042700
v 0.975300 5.770500 -0.113900
v 0.999100 5.652900 -0.180600
v 1.029800 5.511000 -0.254900
v 1.043200 5.402800 -0.329200
v 1.070500 5.287600 -0.378900
v 1.083100 5.131700 -0.445800
v 1.114700 4.955400 -0.503400
v 1.134600 4.759400 -0.567900
v 1.159300 4.538100 -0.613300
v 1.169400 4.340100 -0.629500
v 1.179100 4.109200 -0.641600
v 1.178100 3.870200 -0.641000
v 1.146200 3.617800 -0.628400
v 1.139900 3.401400 -0.603400
v 1.102800 3.085200 -0.583500
v 1.075000 2.814000 -0.555300
v 1.049700 2.559700 -0.532100
v 1.028600 2.302500 -0.510800
v 1.006400 2.078400 -0.494600
v 0.975900 1.756800 -0.488900
v 0.967600 1.633450 -0.500900
v 0.959900 1.544993 -0.501800
v 0.951400 1.535737 -0.536100
v 0.952300 1.536713 -0.593800
v 0.375500 7.820100 0.561300
v 0.108200 7.920600 0.262200
v 0.532100 7.717900 0.132100
v 0.667600 7.558100 0.085800
v 0.757700 7.380200 0.039400
v 0.831200 7.173100 -0.011300
v 0.881400 6.919600 -0.090300
v 0.900900 6.749900 -0.108800
v 0.931700 6.515300 -0.177400
v 0.963100 6.261700 -0.243300
v 0.999300 6.085700 -0.294800
v 1.035700 5.931300 -0.332400
v 1.069000 5.787100 -0.377900
v 1.103100 5.695000 -0.417600
v 1.134100 5.555600 -0.463000
v 1.154600 5.428400 -0.530000
v 1.168300 5.296300 -0.576200
v 1.181200 5.154800 -0.615000
v 1.205200 4.953700 -0.675600
v 1.227300 4.777200 -0.724700
v 1.251000 4.553900 -0.767500
v 1.254400 4.337700 -0.790900
v 1.251100 4.097400 -0.793900
v 1.241700 3.850900 -0.786000
v 1.245900 3.634600 -0.762200
v 1.227200 3.454200 -0.746200
v 1.201100 3.123700 -0.722200
v 1.167800 2.832000 -0.676200
v 1.153500 2.576900 -0.668700
v 1.114400 2.347900 -0.652200
v 1.078100 2.078600 -0.645700
v 1.055700 1.755500 -0.619000
v 1.047600 1.725306 -0.610700
v 1.025800 1.699552 -0.604800
v 1.001100 1.591027 -0.634900
v 1.001300 1.591255 -0.681800
v 0.384400 7.831400 0.188600
v 0.533700 2.055900 -0.727000
v 0.520800 1.744400 -0.704500
v 0.551700 5.597400 -0.603600
v 0.566000 5.437600 -0.632100
v 0.367500 7.526000 -0.255800
v 0.415600 7.364100 -0.325000
v 0.621000 4.467600 -0.854900
v 0.622800 4.273900 -0.874000
v 0.504200 6.073600 -0.522200
v 0.519000 5.878000 -0.556800
v 0.577500 2.778200 -0.744600
v 0.571500 2.515800 -0.742900
v 0.587300 5.042300 -0.719600
v 0.598600 4.863200 -0.773200
v 0.492000 1.157922 -0.719600
v 0.491100 1.157417 -0.749600
v 0.474600 6.698800 -0.427500
v 0.487400 6.489800 -0.460200
v 0.616600 3.577600 -0.830000
v 0.607700 3.381800 -0.792000
v 0.575900 5.313200 -0.654700
v 0.516200 1.490800 -0.701800
v 0.444300 7.162200 -0.374200
v 0.620300 4.042900 -0.870700
v 0.551400 2.306800 -0.732600
v 0.535400 5.737500 -0.576300
v 0.068600 7.853800 -0.013500
v 0.222100 7.777200 -0.077100
v 0.296600 7.660400 -0.168700
v 0.609400 4.682400 -0.812000
v 0.499100 6.273600 -0.491900
v 0.594800 3.071600 -0.773900
v 0.582200 5.167300 -0.696200
v 0.505600 1.318600 -0.696300
v 0.461100 6.910200 -0.411500
v 0.615000 3.805500 -0.862300
v 0.802700 2.063700 -0.715600
v 0.831100 5.658600 -0.510400
v 0.536300 7.554500 -0.109800
v 0.933800 4.515900 -0.825800
v 0.765800 6.086300 -0.435700
v 0.868400 2.806300 -0.743100
v 0.883300 5.107500 -0.686300
v 0.740100 1.332092 -0.708200
v 0.722900 6.741500 -0.323500
v 0.927000 3.606600 -0.812100
v 0.085300 7.895900 0.090500
v 0.784100 1.747500 -0.692600
v 0.851900 5.516500 -0.552500
v 0.607200 7.379800 -0.169600
v 0.936400 4.308600 -0.846400
v 0.786300 5.913100 -0.463500
v 0.859600 2.548000 -0.738500
v 0.900200 4.916100 -0.744800
v 0.738500 1.330744 -0.746500
v 0.742100 6.515200 -0.346900
v 0.913700 3.419500 -0.800700
v 0.866400 5.385600 -0.605800
v 0.776900 1.502900 -0.687000
v 0.660700 7.172300 -0.216500
v 0.932800 4.071300 -0.846300
v 0.830000 2.328400 -0.724700
v 0.808400 5.771800 -0.484900
v 0.312200 7.817600 0.032800
v 0.427400 7.703600 -0.039300
v 0.916400 4.735300 -0.790300
v 0.758900 6.280700 -0.395300
v 0.894600 3.098000 -0.780100
v 0.875900 5.250700 -0.645200
v 0.761200 1.350141 -0.683400
v 0.703300 6.929700 -0.275800
v 0.924700 3.828700 -0.838600
v 0.277800 1.746500 -0.772600
v 0.300200 5.404200 -0.685700
v 0.215100 7.359800 -0.435400
v 0.328500 4.250900 -0.891000
v 0.276600 5.867000 -0.619700
v 0.303200 2.489000 -0.802600
v 0.316600 4.816500 -0.830800
v 0.263500 1.059561 -0.807500
v 0.261100 6.471400 -0.528800
v 0.321000 3.350200 -0.838700
v 0.305100 5.252300 -0.717100
v 0.275800 1.482400 -0.771700
v 0.231300 7.159500 -0.489100
v 0.327300 4.021700 -0.885600
v 0.293500 2.295400 -0.799700
v 0.284800 5.718800 -0.631700
v 0.098500 7.745000 -0.185400
v 0.155700 7.635600 -0.293700
v 0.321900 4.636300 -0.859800
v 0.267200 6.250800 -0.545000
v 0.314600 3.050800 -0.823600
v 0.308300 5.120200 -0.749300
v 0.270500 1.311300 -0.765900
v 0.247800 6.908700 -0.530600
v 0.324700 3.788800 -0.878100
v 0.284500 2.052300 -0.793300
v 0.293000 5.552700 -0.654400
v 0.191000 7.509300 -0.374800
v 0.327700 4.432600 -0.874700
v 0.269400 6.053900 -0.583800
v 0.306100 2.754000 -0.800800
v 0.310900 4.982700 -0.784500
v 0.263600 1.107800 -0.784900
v 0.254600 6.700000 -0.530600
v 0.325500 3.554600 -0.842600
v 0.041900 7.819100 -0.118700
v 0.000000 7.745500 1.033800
v 0.000000 7.894400 0.637500
v 0.000000 7.882900 0.213800
v 0.000000 7.840800 -0.011800
v 0.148300 7.363900 1.301800
v 0.269300 7.306400 1.278300
v 0.342700 7.250100 1.250300
v 0.436900 7.166500 1.188000
v 0.514700 6.991100 1.092100
v 0.547100 6.793000 1.035500
v 0.582100 6.599500 0.982100
v 0.592000 6.359900 0.896000
v 0.564600 6.163500 0.796500
v 0.533800 5.998300 0.694900
v 0.509000 5.865500 0.602900
v 0.492400 5.734900 0.435600
v 0.512600 5.618600 0.222500
v 0.526900 5.453300 -0.080200
v 0.515000 5.314900 -0.230800
v 0.507200 5.181500 -0.332500
v 0.536600 5.062200 -0.412100
v 0.604900 4.884000 -0.513500
v 0.666200 4.680000 -0.573500
v 0.712600 4.502000 -0.605400
v 0.741100 4.271300 -0.617700
v 0.775700 4.104000 -0.612500
v 0.769100 3.869500 -0.575100
v 0.755700 3.596300 -0.537700
v 0.734500 3.388900 -0.514200
v 0.723900 3.056400 -0.482500
v 0.701800 2.820600 -0.471100
v 0.680000 2.575500 -0.460900
v 0.655600 2.291600 -0.439100
v 0.628300 2.020200 -0.432700
v 0.612500 1.740800 -0.439000
v 0.598000 1.467700 -0.456900
v 0.575200 1.232000 -0.500500
v 0.577500 1.210023 -0.544000
v 0.586500 1.215992 -0.602500
v 0.204600 7.352100 1.289100
v 0.187500 7.660600 1.182800
v 0.423100 7.498300 1.115700
v 0.529200 7.393100 1.070100
v 0.602100 7.251100 1.017200
v 0.695300 7.055300 0.953100
v 0.734300 6.843000 0.887000
v 0.771400 6.642500 0.836200
v 0.783400 6.391800 0.747600
v 0.759700 6.202100 0.667000
v 0.731900 6.028100 0.583800
v 0.709500 5.880700 0.495100
v 0.694100 5.741100 0.336600
v 0.708300 5.611600 0.149400
v 0.714600 5.456700 -0.097000
v 0.711800 5.339500 -0.238500
v 0.710700 5.226100 -0.316900
v 0.733800 5.101000 -0.376900
v 0.777000 4.917300 -0.446900
v 0.827100 4.714200 -0.507400
v 0.869500 4.526300 -0.548600
v 0.898400 4.301100 -0.557300
v 0.939900 4.115100 -0.555200
v 0.946700 3.885000 -0.533100
v 0.935500 3.617400 -0.513500
v 0.920500 3.410900 -0.477200
v 0.914700 3.081000 -0.444400
v 0.893300 2.838600 -0.430800
v 0.869400 2.589500 -0.415300
v 0.843500 2.305800 -0.389100
v 0.815600 2.034200 -0.374000
v 0.796700 1.755600 -0.392000
v 0.784700 1.493100 -0.404200
v 0.767300 1.355453 -0.432000
v 0.761500 1.350401 -0.471700
v 0.767000 1.355191 -0.534600
v 0.325700 7.585200 1.152500
v 0.368800 7.781500 0.765600
v 0.173200 7.873400 0.827200
v 0.503800 7.653100 0.697300
v 1.075600 3.620800 -0.594200
v 1.095300 3.877200 -0.600900
v 0.881900 6.696400 0.410000
v 0.855100 6.905800 0.469200
v 0.922800 1.512700 -0.466000
v 0.931000 1.758800 -0.456800
v 0.930400 5.375600 -0.297800
v 0.922700 5.480800 -0.198900
v 1.085700 4.108500 -0.604900
v 0.807600 7.131000 0.546400
v 0.958700 2.059500 -0.446200
v 0.908500 5.618800 -0.087300
v 1.056300 4.325600 -0.598000
v 0.716100 7.338500 0.604200
v 0.984900 2.307800 -0.467300
v 0.897100 5.742300 0.022400
v 1.036200 4.533500 -0.587400
v 0.624200 7.503600 0.648900
v 1.008500 2.576500 -0.492400
v 0.899000 5.904000 0.131300
v 1.006200 4.742200 -0.540800
v 0.900000 6.068600 0.214300
v 1.034300 2.828600 -0.513100
v 0.978400 4.942000 -0.478200
v 1.056500 3.087600 -0.534400
v 0.904700 6.254000 0.272700
v 0.906100 1.487793 -0.568600
v 0.904900 1.486555 -0.506600
v 0.955300 5.124700 -0.418300
v 1.071500 3.410000 -0.559300
v 0.900200 6.447100 0.335200
v 0.915200 1.497237 -0.473500
v 0.943600 5.269000 -0.357500
v 0.000000 7.839300 0.844300
v 1.128400 5.290400 -0.472600
v 1.108500 5.413900 -0.420600
v 0.994300 1.583296 -0.545600
v 1.008800 1.679845 -0.548000
v 0.902100 6.931900 0.087300
v 0.837900 7.168500 0.164200
v 1.213900 3.860300 -0.708700
v 1.219900 4.103000 -0.714200
v 1.061500 5.674800 -0.282400
v 1.032800 5.779400 -0.233400
v 1.045100 2.077800 -0.562500
v 1.073900 2.323700 -0.573100
v 0.663800 7.548100 0.268200
v 0.531100 7.707800 0.316600
v 1.210300 4.546200 -0.686600
v 1.186200 4.768900 -0.642100
v 1.122500 2.823000 -0.607500
v 1.154300 3.104400 -0.645000
v 0.988700 6.090800 -0.134900
v 0.971200 6.273900 -0.082600
v 1.139000 5.144000 -0.525500
v 0.977800 1.564756 -0.579000
v 0.922600 6.736600 0.045600
v 1.199200 3.625900 -0.689200
v 1.091700 5.532600 -0.345800
v 1.017900 1.756000 -0.546200
v 0.758000 7.374400 0.220400
v 1.217300 4.338800 -0.706800
v 1.011800 5.932100 -0.180100
v 1.103600 2.567700 -0.592000
v 1.165500 4.955400 -0.585300
v 0.978300 1.565313 -0.631700
v 1.186300 3.427500 -0.667800
v 0.947000 6.500800 -0.016700
v 0.386400 7.832400 0.378300
v 0.134300 7.929400 0.451600
v 0.000000 7.897500 0.414900
v -0.185800 7.796000 1.012400
v -0.479300 7.606000 0.903700
v -0.175600 7.479000 1.324900
v -0.369100 7.358900 1.300900
v -0.590300 7.469600 0.855500
v -0.452900 7.287700 1.263200
v -0.673900 7.308300 0.808300
v -0.511700 7.178200 1.218900
v -0.768300 7.099700 0.751200
v -0.609400 7.011900 1.158500
v -0.808400 6.877900 0.672400
v -0.643200 6.812800 1.102800
v -0.836900 6.671800 0.618700
v -0.680900 6.616200 1.048500
v -0.843300 6.412800 0.522000
v -0.680000 6.372600 0.955400
v -0.818500 6.227800 0.444900
v -0.651900 6.166500 0.851800
v -0.796400 6.041800 0.337400
v -0.619400 5.990100 0.723100
v -0.787200 5.880900 0.196300
v -0.590500 5.852100 0.593200
v -0.782500 5.718300 0.039500
v -0.571100 5.698100 0.381500
v -0.795000 5.585900 -0.092500
v -0.592800 5.566600 0.156300
v -0.806000 5.438900 -0.212300
v -0.611800 5.445000 -0.114600
v -0.817200 5.327100 -0.319300
v -0.604400 5.316400 -0.248900
v -0.821400 5.223200 -0.393700
v -0.598400 5.179500 -0.347100
v -0.835400 5.086200 -0.477600
v -0.627800 5.057700 -0.419600
v -0.850300 4.895000 -0.532000
v -0.696400 4.877000 -0.494700
v -0.886100 4.695500 -0.556800
v -0.758100 4.676000 -0.525500
v -0.921700 4.508600 -0.584800
v -0.805300 4.504000 -0.543500
v -0.951100 4.301600 -0.575500
v -0.833400 4.282000 -0.543600
v -0.999300 4.106600 -0.575900
v -0.868700 4.119000 -0.537000
v -1.018000 3.885000 -0.569300
v -0.861900 3.884900 -0.500100
v -1.008500 3.623600 -0.567100
v -0.848600 3.611600 -0.462500
v -1.003100 3.417600 -0.520400
v -0.826600 3.404700 -0.439400
v -1.006900 3.092200 -0.488700
v -0.816100 3.074100 -0.411100
v -0.989800 2.854000 -0.478900
v -0.794500 2.843700 -0.405000
v -0.966000 2.615500 -0.469600
v -0.773800 2.606700 -0.400800
v -0.942600 2.348800 -0.451800
v -0.750900 2.333700 -0.386900
v -0.914800 2.088100 -0.435200
v -0.724900 2.070500 -0.386700
v -0.891900 1.813000 -0.465800
v -0.710800 1.798800 -0.397700
v -0.883200 1.559600 -0.469700
v -0.694500 1.516100 -0.409400
v -0.873900 1.455136 -0.475700
v -0.669000 1.275008 -0.446100
v -0.859900 1.441306 -0.500900
v -0.670100 1.275847 -0.483700
v -0.860500 1.441894 -0.559000
v -0.677700 1.281684 -0.536700
v -0.350100 7.718500 0.966200
v -0.293500 7.428600 1.314200
v -0.158400 7.918300 0.631500
v -0.511600 7.684600 0.491500
v -0.638500 7.526400 0.441000
v -0.734600 7.359300 0.395300
v -0.820500 7.156500 0.336400
v -0.878400 6.931200 0.261900
v -0.904700 6.720000 0.197400
v -0.925300 6.482500 0.138600
v -0.942200 6.283200 0.069100
v -0.949000 6.101400 -0.016700
v -0.961900 5.939400 -0.121900
v -0.973900 5.771600 -0.220200
v -0.999400 5.645100 -0.291200
v -1.031200 5.493700 -0.356700
v -1.044400 5.382500 -0.411300
v -1.071400 5.264400 -0.451700
v -1.083600 5.097500 -0.533000
v -1.114800 4.915700 -0.579400
v -1.134600 4.726900 -0.612900
v -1.159300 4.517600 -0.632700
v -1.169400 4.329900 -0.633200
v -1.179100 4.108000 -0.641500
v -1.178100 3.870200 -0.641000
v -1.146200 3.617800 -0.628400
v -1.139900 3.401400 -0.603400
v -1.103100 3.087200 -0.584900
v -1.076700 2.825000 -0.563400
v -1.053300 2.582600 -0.549000
v -1.034200 2.338200 -0.537100
v -1.013400 2.123500 -0.527800
v -0.983800 1.808100 -0.526700
v -0.974900 1.641529 -0.535800
v -0.965800 1.551467 -0.529900
v -0.955800 1.540518 -0.556700
v -0.954800 1.539429 -0.605900
v -0.375500 7.820100 0.561300
v -0.108200 7.921400 0.259700
v -0.532100 7.722100 0.119300
v -0.667600 7.562500 0.072500
v -0.757700 7.383900 0.028200
v -0.831200 7.174800 -0.016400
v -0.881400 6.919600 -0.090300
v -0.900900 6.749900 -0.108800
v -0.931700 6.515300 -0.177400
v -0.963100 6.261900 -0.244300
v -0.999500 6.087500 -0.316400
v -1.036000 5.931000 -0.385900
v -1.069500 5.780900 -0.461600
v -1.103600 5.683300 -0.514000
v -1.134600 5.535900 -0.567900
v -1.155000 5.403200 -0.625000
v -1.168500 5.264800 -0.664300
v -1.181300 5.117200 -0.698100
v -1.205200 4.918600 -0.735000
v -1.227300 4.749400 -0.762800
v -1.251000 4.537200 -0.782000
v -1.254400 4.331000 -0.792000
v -1.251100 4.097200 -0.793900
v -1.241700 3.850900 -0.786000
v -1.245900 3.634600 -0.762200
v -1.227200 3.454200 -0.746200
v -1.201200 3.124300 -0.722700
v -1.169200 2.840700 -0.682700
v -1.156600 2.596900 -0.683400
v -1.119000 2.377500 -0.674000
v -1.084200 2.118200 -0.674900
v -1.063200 1.804200 -0.654900
v -1.054300 1.733330 -0.642400
v -1.031600 1.706351 -0.632500
v -1.005400 1.595943 -0.655200
v -1.004000 1.594340 -0.694400
v -0.384400 7.834500 0.179200
v 0.000000 7.792100 -0.155400
v 0.000000 7.608400 -0.358900
v 0.000000 7.489000 -0.433100
v 0.000000 7.356400 -0.478600
v 0.000000 7.152100 -0.540400
v 0.000000 6.892300 -0.553400
v 0.000000 6.689600 -0.543500
v 0.000000 6.452300 -0.556500
v 0.000100 6.231300 -0.579700
v 0.000000 6.053500 -0.616800
v 0.000000 5.876300 -0.630800
v 0.000000 5.719800 -0.658500
v 0.000100 5.520400 -0.694800
v 0.000000 5.342000 -0.728200
v 0.000000 5.188200 -0.756200
v 0.000000 5.056400 -0.761700
v 0.000000 4.922500 -0.787500
v 0.000000 4.769400 -0.829200
v 0.000000 4.588700 -0.851700
v 0.000000 4.388600 -0.857800
v 0.000000 4.214700 -0.870500
v 0.000000 3.987400 -0.860700
v 0.000000 3.759500 -0.852000
v 0.000000 3.519300 -0.809800
v 0.000000 3.306500 -0.808700
v 0.000000 3.017400 -0.796200
v 0.000000 2.715700 -0.778800
v 0.000000 2.447300 -0.783500
v 0.000000 2.263800 -0.783900
v 0.000000 2.029800 -0.777600
v -0.000300 1.731700 -0.760000
v -0.000100 1.455500 -0.759700
v 0.000000 1.284700 -0.753000
v 0.000000 1.089600 -0.769000
v 0.000000 1.020000 -0.784100
v 0.000000 7.721700 -0.254600
v -0.536600 2.074300 -0.740500
v -0.524600 1.769000 -0.722600
v -0.548700 5.604500 -0.657100
v -0.563500 5.447900 -0.692700
v -0.367500 7.533200 -0.277400
v -0.415600 7.371700 -0.347800
v -0.621000 4.462700 -0.825200
v -0.622800 4.273500 -0.844100
v -0.504200 6.073500 -0.529300
v -0.518800 5.883500 -0.583800
v -0.577600 2.779200 -0.745400
v -0.572600 2.523100 -0.748300
v -0.587300 5.019800 -0.776300
v -0.598600 4.843500 -0.816500
v -0.493200 1.158595 -0.725500
v -0.491700 1.157753 -0.752500
v -0.474600 6.700900 -0.425300
v -0.487400 6.490300 -0.456600
v -0.616600 3.577600 -0.800200
v -0.607700 3.381800 -0.792000
v -0.575000 5.301500 -0.726100
v -0.519200 1.509700 -0.715700
v -0.444300 7.168700 -0.393800
v -0.620300 4.042900 -0.840900
v -0.553700 2.321700 -0.743600
v -0.534000 5.745800 -0.619100
v -0.068600 7.854900 -0.016500
v -0.222100 7.780900 -0.088400
v -0.296600 7.666100 -0.185600
v -0.609400 4.667900 -0.845400
v -0.499000 6.275900 -0.496600
v -0.594800 3.071600 -0.773900
v -0.582200 5.161600 -0.750000
v -0.507900 1.333700 -0.707400
v -0.461100 6.914600 -0.420400
v -0.615000 3.805500 -0.832400
v -0.807800 2.096100 -0.739500
v -0.831600 5.648600 -0.599000
v -0.536300 7.561500 -0.130800
v -0.933800 4.502500 -0.833400
v -0.765900 6.087800 -0.449200
v -0.869000 2.810500 -0.746200
v -0.883400 5.074500 -0.754900
v -0.742900 1.334458 -0.721100
v -0.722900 6.741500 -0.323700
v -0.927000 3.606600 -0.812100
v -0.085300 7.897000 0.087600
v -0.790000 1.785600 -0.720700
v -0.852400 5.497700 -0.648100
v -0.607200 7.386900 -0.190800
v -0.936400 4.304000 -0.846000
v -0.786600 5.913600 -0.507400
v -0.861600 2.561000 -0.748100
v -0.900200 4.885900 -0.788400
v -0.740100 1.332092 -0.754000
v -0.742100 6.515200 -0.346900
v -0.913700 3.419500 -0.800700
v -0.866800 5.359500 -0.697700
v -0.782000 1.535500 -0.711100
v -0.660700 7.177900 -0.233400
v -0.932800 4.071300 -0.846300
v -0.833400 2.350400 -0.740900
v -0.808800 5.768300 -0.556100
v -0.312200 7.821600 0.021000
v -0.427400 7.709400 -0.056600
v -0.916400 4.712000 -0.815800
v -0.758900 6.280700 -0.395300
v -0.894600 3.098000 -0.780100
v -0.876100 5.219500 -0.728900
v -0.765200 1.358000 -0.702200
v -0.703300 6.932200 -0.283500
v -0.924700 3.828700 -0.838600
v -0.279700 1.758500 -0.781400
v -0.299300 5.398700 -0.685600
v -0.215100 7.365000 -0.450900
v -0.328500 4.250900 -0.891000
v -0.276600 5.871000 -0.614800
v -0.303600 2.491900 -0.804700
v -0.316600 4.812800 -0.831200
v -0.263500 1.059561 -0.807700
v -0.261000 6.479200 -0.547900
v -0.321000 3.350200 -0.838700
v -0.305100 5.247400 -0.727400
v -0.276900 1.489800 -0.777200
v -0.231300 7.163900 -0.502100
v -0.327300 4.021700 -0.885600
v -0.294100 2.299600 -0.802800
v -0.283900 5.724100 -0.636000
v -0.098500 7.747200 -0.191400
v -0.155700 7.639400 -0.305100
v -0.321900 4.635000 -0.859700
v -0.266800 6.261400 -0.582100
v -0.314600 3.050800 -0.823600
v -0.308300 5.114200 -0.755600
v -0.271300 1.316200 -0.769600
v -0.247800 6.912800 -0.528300
v -0.324700 3.788800 -0.878100
v -0.285600 2.059100 -0.798300
v -0.291300 5.559800 -0.655600
v -0.191000 7.514200 -0.389700
v -0.327700 4.432600 -0.874700
v -0.269400 6.061700 -0.597000
v -0.306100 2.754000 -0.800800
v -0.310900 4.977200 -0.787900
v -0.264000 1.110100 -0.786600
v -0.254600 6.703800 -0.521000
v -0.325500 3.554600 -0.842600
v -0.041900 7.819700 -0.121000
v 0.000800 7.429000 1.315900
v 0.000000 7.873300 0.093500
v -0.123000 7.346000 1.315300
v -0.261400 7.282800 1.294100
v -0.343300 7.221300 1.260400
v -0.420000 7.133900 1.225700
v -0.502500 6.980500 1.156100
v -0.554300 6.797900 1.041500
v -0.591900 6.601400 0.987000
v -0.585300 6.358300 0.891400
v -0.553400 6.153800 0.782300
v -0.520300 5.979000 0.648500
v -0.495200 5.841900 0.516700
v -0.483100 5.688700 0.311300
v -0.505600 5.557300 0.102600
v -0.521100 5.435000 -0.148300
v -0.513800 5.304200 -0.282500
v -0.508100 5.166500 -0.388100
v -0.537200 5.044300 -0.471500
v -0.605000 4.862200 -0.553200
v -0.666200 4.660800 -0.591300
v -0.712600 4.488800 -0.612300
v -0.741100 4.267000 -0.617100
v -0.775700 4.103700 -0.612400
v -0.769100 3.869500 -0.575100
v -0.755700 3.596300 -0.537700
v -0.734500 3.388900 -0.514200
v -0.724300 3.058500 -0.484000
v -0.703000 2.828300 -0.476800
v -0.682400 2.591000 -0.472300
v -0.659700 2.318000 -0.458600
v -0.633700 2.055500 -0.458700
v -0.619200 1.784200 -0.470900
v -0.603300 1.501800 -0.482100
v -0.579000 1.256200 -0.518400
v -0.580200 1.211804 -0.556400
v -0.588000 1.216996 -0.609900
v -0.203500 7.321400 1.302200
v 0.003500 7.347600 1.332900
v -0.187500 7.660600 1.182800
v -0.425700 7.497400 1.116000
v -0.534800 7.393500 1.072400
v -0.608400 7.254400 1.021800
v -0.701600 7.059500 0.958300
v -0.743300 6.845900 0.892300
v -0.778900 6.643400 0.839500
v -0.775100 6.390700 0.742400
v -0.744900 6.195400 0.648300
v -0.714600 6.014200 0.528000
v -0.694200 5.864300 0.387800
v -0.684600 5.705800 0.200500
v -0.701100 5.572600 0.021200
v -0.710800 5.439700 -0.169000
v -0.711700 5.319300 -0.289300
v -0.712100 5.199600 -0.373700
v -0.734700 5.071700 -0.449000
v -0.777300 4.887000 -0.512800
v -0.827100 4.687100 -0.540300
v -0.869500 4.507400 -0.563600
v -0.898400 4.292900 -0.558500
v -0.939900 4.113600 -0.555000
v -0.946700 3.885000 -0.533100
v -0.935500 3.617400 -0.513500
v -0.920500 3.410900 -0.477200
v -0.915000 3.083000 -0.445900
v -0.894800 2.848500 -0.438000
v -0.872700 2.610900 -0.431100
v -0.849000 2.341100 -0.415100
v -0.822500 2.078800 -0.406800
v -0.804500 1.805500 -0.428800
v -0.791500 1.537200 -0.436700
v -0.772700 1.360192 -0.457400
v -0.765300 1.353707 -0.489500
v -0.769200 1.357117 -0.545300
v -0.325700 7.585200 1.152500
v 0.000000 7.628500 1.203000
v -0.368800 7.781500 0.765600
v -0.173200 7.873400 0.827700
v -0.503800 7.653100 0.697300
v -1.075600 3.620800 -0.594200
v -1.095300 3.877200 -0.600900
v -0.881900 6.696400 0.410000
v -0.855100 6.905800 0.469200
v -0.930100 1.560200 -0.501000
v -0.938900 1.810300 -0.494700
v -0.932000 5.352200 -0.367000
v -0.923200 5.463900 -0.286900
v -1.085700 4.107000 -0.604700
v -0.807600 7.131000 0.546400
v -0.965900 2.105500 -0.480100
v -0.906400 5.613900 -0.194400
v -1.056300 4.315600 -0.601200
v -0.716100 7.338500 0.604200
v -0.990500 2.343600 -0.493700
v -0.890500 5.743500 -0.094900
v -1.036200 4.512700 -0.606100
v -0.624200 7.503600 0.648900
v -1.012000 2.599000 -0.509000
v -0.887600 5.909100 0.032700
v -1.006200 4.710300 -0.582700
v -0.884500 6.070900 0.159300
v -1.036000 2.839300 -0.521000
v -0.978600 4.904100 -0.555300
v -1.056800 3.089600 -0.535900
v -0.891100 6.255000 0.258900
v -0.908600 1.490378 -0.580400
v -0.909100 1.490896 -0.526500
v -0.955900 5.090000 -0.506500
v -1.071500 3.410000 -0.559300
v -0.895300 6.447400 0.332600
v -0.921000 1.503305 -0.501000
v -0.944900 5.241400 -0.424000
v -1.128900 5.264700 -0.555800
v -1.109300 5.393100 -0.513200
v -1.000300 1.670115 -0.574300
v -1.015800 1.687920 -0.581500
v -0.902100 6.931900 0.087300
v -0.837900 7.168700 0.163600
v -1.213900 3.860300 -0.708700
v -1.219900 4.102300 -0.714100
v -1.062500 5.664700 -0.392400
v -1.033300 5.776400 -0.332400
v -1.051800 2.120600 -0.594000
v -1.079100 2.357500 -0.598000
v -0.663800 7.550300 0.261500
v -0.531100 7.710000 0.310000
v -1.210300 4.527200 -0.704100
v -1.186200 4.738100 -0.684700
v -1.124100 2.832900 -0.614800
v -1.154500 3.105600 -0.645900
v -0.987700 6.094000 -0.160500
v -0.971000 6.274000 -0.082900
v -1.139200 5.107500 -0.612000
v -0.982100 1.569558 -0.599600
v -0.922600 6.736600 0.045600
v -1.199200 3.625900 -0.689200
v -1.092600 5.514900 -0.454000
v -1.025700 1.806400 -0.583300
v -0.758000 7.375800 0.216000
v -1.217300 4.330100 -0.709300
v -1.011400 5.935300 -0.247300
v -1.107000 2.589300 -0.608000
v -1.165500 4.917000 -0.652600
v -0.980900 1.568215 -0.644100
v -1.186300 3.427500 -0.667800
v -0.947000 6.500800 -0.016700
v -0.386400 7.833800 0.374100
v -0.134300 7.929700 0.450500
v 0.085300 1.737000 -0.764400
v 0.092300 5.361200 -0.715200
v 0.066100 7.357400 -0.465300
v 0.101000 4.225800 -0.876800
v 0.085100 5.873500 -0.627400
v 0.093400 2.461000 -0.790000
v 0.097300 4.783900 -0.829700
v 0.081000 1.023738 -0.791400
v 0.080300 6.458200 -0.548000
v 0.098700 3.319900 -0.817900
v 0.093800 5.207900 -0.744100
v 0.084900 1.464600 -0.764100
v 0.071100 7.154400 -0.524600
v 0.100600 3.997900 -0.868400
v 0.090400 2.274600 -0.789600
v 0.087600 5.719500 -0.650300
v 0.030300 7.728900 -0.233300
v 0.047900 7.616800 -0.338900
v 0.099000 4.603300 -0.854200
v 0.082200 6.237300 -0.569000
v 0.096700 3.027700 -0.804600
v 0.094800 5.076100 -0.757900
v 0.083300 1.293800 -0.757700
v 0.076200 6.897300 -0.546400
v 0.099800 3.768500 -0.860000
v 0.087600 2.037700 -0.783200
v 0.090200 5.530300 -0.682400
v 0.058700 7.495200 -0.415200
v 0.100800 4.402100 -0.863000
v 0.082800 6.053600 -0.606700
v 0.094100 2.727500 -0.785600
v 0.095600 4.941000 -0.786600
v 0.081200 1.095900 -0.774400
v 0.078300 6.692800 -0.539600
v 0.100100 3.530200 -0.819800
v 0.012900 7.800400 -0.144100
v 0.026200 7.880300 0.092600
v 0.021100 7.844800 -0.012400
v 0.033300 7.894500 0.228700
v 0.048700 7.901800 0.664400
v 0.057100 7.761100 1.060900
v 0.056300 7.479000 1.323600
v 0.058800 7.362200 1.319700
v 0.057600 7.634900 1.230400
v 0.053300 7.849800 0.870600
v 0.041300 7.907300 0.426200
v -0.095900 1.741800 -0.768000
v -0.102600 5.361400 -0.713600
v -0.073700 7.359300 -0.469100
v -0.112600 4.227100 -0.877500
v -0.094800 5.874500 -0.625300
v -0.104100 2.462600 -0.790700
v -0.108500 4.784300 -0.829900
v -0.090300 1.024646 -0.792200
v -0.089400 6.461500 -0.553500
v -0.110000 3.321500 -0.819000
v -0.104600 5.208500 -0.746300
v -0.094900 1.467500 -0.765900
v -0.079300 7.156100 -0.527200
v -0.112200 3.999100 -0.869200
v -0.100800 2.276100 -0.790300
v -0.097300 5.721300 -0.650800
v -0.033700 7.730400 -0.233000
v -0.053400 7.619000 -0.340500
v -0.110300 4.604600 -0.854400
v -0.091400 6.241600 -0.580500
v -0.107800 3.028900 -0.805600
v -0.105700 5.076200 -0.759600
v -0.093000 1.295500 -0.758700
v -0.084900 6.899300 -0.544800
v -0.111300 3.769600 -0.860900
v -0.097900 2.039900 -0.784800
v -0.099800 5.533900 -0.681400
v -0.065500 7.497600 -0.418200
v -0.112300 4.403700 -0.863600
v -0.092300 6.056300 -0.610000
v -0.104900 2.728900 -0.786300
v -0.106600 4.941300 -0.787600
v -0.090500 1.096600 -0.775000
v -0.087200 6.694400 -0.535800
v -0.111600 3.531400 -0.821000
v -0.014400 7.801600 -0.143600
v -0.029200 7.881400 0.091400
v -0.059400 7.851000 0.871100
v -0.065000 7.477600 1.323900
v -0.062200 7.362200 1.319300
v -0.064200 7.635300 1.230600
v -0.046000 7.908500 0.427100
v -0.023500 7.845600 -0.013500
v -0.037100 7.896100 0.229500
v -0.063700 7.762800 1.061200
v -0.054300 7.902600 0.665300
v 1.173400 5.273000 -0.475000
v 1.163000 5.390800 -0.424300
v 1.006100 1.676745 -0.574300
v 1.021700 1.694769 -0.581500
v 0.920500 6.919800 0.083000
v 0.847600 7.164000 0.162600
v 1.220900 3.860300 -0.708700
v 1.226900 4.103000 -0.714200
v 1.108300 5.645800 -0.290800
v 1.074400 5.748900 -0.243600
v 1.057800 2.120600 -0.594000
v 1.085400 2.357500 -0.598000
v 0.667700 7.548100 0.268200
v 0.534100 7.707800 0.316600
v 1.217300 4.546200 -0.686600
v 1.193100 4.768800 -0.642200
v 1.130500 2.832900 -0.614800
v 1.161200 3.105600 -0.645900
v 1.031600 6.056700 -0.146800
v 1.012300 6.241300 -0.093900
v 1.166400 5.134200 -0.527000
v 0.987800 1.575955 -0.599600
v 0.948700 6.717500 0.038900
v 1.206200 3.625900 -0.689200
v 1.145700 5.505900 -0.351600
v 1.031600 1.806400 -0.583300
v 0.762900 7.373900 0.220200
v 1.224300 4.338800 -0.706800
v 1.053500 5.899100 -0.191500
v 1.113400 2.589300 -0.608000
v 1.175200 4.953100 -0.586000
v 0.986600 1.574605 -0.644100
v 1.193200 3.427500 -0.667800
v 0.982000 6.473700 -0.026200
v 0.388700 7.832400 0.378300
v 0.135100 7.929400 0.451600
v 0.000000 7.897500 0.414900
v -1.185500 5.255700 -0.563100
v -1.168900 5.380800 -0.524200
v -1.006100 1.676745 -0.574300
v -1.021700 1.694769 -0.581500
v -0.940900 6.917000 0.069300
v -0.857900 7.161600 0.154500
v -1.220900 3.860300 -0.708700
v -1.226900 4.102300 -0.714100
v -1.118900 5.645200 -0.412400
v -1.097100 5.752900 -0.356900
v -1.057800 2.120600 -0.594000
v -1.085400 2.357500 -0.598000
v -0.668100 7.550100 0.261300
v -0.534100 7.710000 0.310000
v -1.217300 4.527200 -0.704100
v -1.193000 4.738100 -0.684700
v -1.130500 2.832900 -0.614800
v -1.161200 3.105600 -0.645900
v -1.071600 6.061900 -0.194600
v -1.055300 6.241300 -0.118300
v -1.178600 5.102900 -0.615200
v -0.987800 1.575955 -0.599600
v -0.978300 6.714800 0.020500
v -1.206200 3.625900 -0.689200
v -1.149900 5.499500 -0.468900
v -1.031600 1.806400 -0.583300
v -0.767600 7.373400 0.212900
v -1.224300 4.330100 -0.709300
v -1.087700 5.906500 -0.277400
v -1.113400 2.589300 -0.608000
v -1.181100 4.916000 -0.653200
v -0.986600 1.574605 -0.644100
v -1.193200 3.427500 -0.667800
v -1.021200 6.471800 -0.049000
v -0.388700 7.833800 0.374100
v -0.135100 7.929700 0.450500
v 0.041500 7.907300 0.426200
v -0.046300 7.908500 0.427100
v 1.168600 5.392800 -0.437900
v 1.176200 5.405300 -0.489500
v 1.181600 5.407200 -0.502900
v 1.175500 5.420600 -0.518600
v 1.181200 5.422600 -0.532300
v 1.026500 1.700371 -0.589100
v 1.068300 1.750262 -0.580200
v 1.073100 1.756118 -0.587800
v 1.107700 1.799111 -0.623500
v 1.112500 1.805183 -0.631100
v 0.846900 7.164400 0.140600
v 0.850200 7.166800 0.092300
v 0.849700 7.167300 0.070200
v 0.838000 7.171700 0.032500
v 0.837200 7.172300 0.010600
v 1.230800 4.102300 -0.724100
v 1.238700 4.100900 -0.744100
v 1.242600 4.100200 -0.754000
v 1.255100 4.100000 -0.786200
v 1.259000 4.099300 -0.796100
v 1.079200 5.749900 -0.261500
v 1.127800 5.757900 -0.335200
v 1.132100 5.759000 -0.353100
v 1.101800 5.767500 -0.351800
v 1.106300 5.768600 -0.369900
v 1.090400 2.360000 -0.607500
v 1.116200 2.361300 -0.614600
v 1.121100 2.363800 -0.624200
v 1.144800 2.362600 -0.664200
v 1.149700 2.365200 -0.673700
v 0.534200 7.709100 0.293600
v 0.534500 7.711600 0.247400
v 0.534600 7.712800 0.224300
v 0.534900 7.715400 0.178200
v 0.535000 7.716600 0.155100
v 1.198200 4.769900 -0.652500
v 1.209100 4.771900 -0.673500
v 1.214200 4.772900 -0.683800
v 1.241900 4.780800 -0.725900
v 1.247000 4.781900 -0.736200
v 1.167100 3.108000 -0.655500
v 1.179700 3.112400 -0.674000
v 1.185500 3.114800 -0.683600
v 1.200200 3.119100 -0.721800
v 1.206000 3.121400 -0.731400
v 1.011400 6.239700 -0.114000
v 1.055300 6.243000 -0.194200
v 1.054600 6.241400 -0.214500
v 1.007400 6.244000 -0.210600
v 1.006500 6.242400 -0.230800
v 0.131800 7.928300 0.427900
v 0.125200 7.926100 0.380600
v 0.122000 7.925000 0.356900
v 0.115400 7.922800 0.309600
v 0.112100 7.921700 0.285900
v 0.000000 7.895700 0.389800
v 0.000000 7.892000 0.339500
v 0.000000 7.890200 0.314300
v 0.000000 7.886500 0.264100
v 0.000000 7.884700 0.238900
v 1.192600 5.295900 -0.581400
v 1.187700 5.295100 -0.568400
v 1.186700 5.283300 -0.544700
v 1.182100 5.282400 -0.532000
v 1.177900 5.274000 -0.487900
v 1.092100 1.779558 -0.621600
v 1.088200 1.774713 -0.614300
v 1.054900 1.734051 -0.578600
v 1.050900 1.729252 -0.571300
v 1.010000 1.681225 -0.581600
v 0.896600 6.916900 -0.069700
v 0.899000 6.918500 -0.047500
v 0.926900 6.915900 -0.020200
v 0.929000 6.917600 0.002300
v 0.918100 6.918000 0.060700
v 1.247000 3.852200 -0.787500
v 1.243500 3.853400 -0.777800
v 1.234900 3.855600 -0.747400
v 1.231400 3.856800 -0.737700
v 1.224400 3.859100 -0.718400
v 1.137500 5.678300 -0.412100
v 1.132400 5.675600 -0.395200
v 1.156300 5.663100 -0.392700
v 1.151400 5.660500 -0.376000
v 1.113900 5.648300 -0.307600
v 1.126500 2.104700 -0.668800
v 1.122500 2.105000 -0.658700
v 1.096100 2.114300 -0.617900
v 1.092100 2.114600 -0.607800
v 1.061900 2.120300 -0.604100
v 0.671000 7.556800 0.108600
v 0.670500 7.555600 0.131400
v 0.669600 7.553100 0.177000
v 0.669100 7.551800 0.199800
v 0.668100 7.549300 0.245400
v 1.267200 4.557300 -0.776500
v 1.262100 4.556400 -0.766400
v 1.237800 4.550000 -0.727100
v 1.232600 4.549100 -0.716900
v 1.222400 4.547100 -0.696700
v 1.181100 2.836700 -0.691000
v 1.175500 2.835700 -0.682500
v 1.158100 2.835700 -0.645100
v 1.152500 2.834700 -0.636600
v 1.136200 2.833900 -0.623300
v 1.043100 6.064000 -0.282800
v 1.041800 6.064700 -0.262800
v 1.085500 6.060600 -0.268800
v 1.084100 6.061200 -0.248800
v 1.032900 6.056000 -0.166800
v 1.202800 5.157500 -0.624000
v 1.197500 5.156100 -0.612700
v 1.186500 5.143300 -0.582900
v 1.181400 5.141800 -0.571900
v 1.171400 5.135700 -0.538200
v 1.064600 1.665765 -0.646900
v 1.061600 1.662131 -0.640000
v 1.031200 1.625881 -0.603500
v 1.028300 1.622478 -0.596500
v 0.990700 1.579224 -0.606500
v 0.924100 6.739500 -0.092600
v 0.926700 6.738000 -0.073300
v 0.963400 6.728100 -0.060600
v 0.965800 6.726600 -0.041100
v 0.946000 6.719000 0.019600
v 1.248800 3.633500 -0.766300
v 1.242900 3.632400 -0.757300
v 1.229600 3.630200 -0.725700
v 1.223800 3.629100 -0.716600
v 1.212000 3.626900 -0.698400
v 1.164700 5.543700 -0.462100
v 1.159500 5.540600 -0.447300
v 1.175000 5.526200 -0.439700
v 1.170000 5.523300 -0.425200
v 1.151400 5.508800 -0.366200
v 1.116100 1.786500 -0.644600
v 1.111400 1.786700 -0.635700
v 1.079200 1.798600 -0.597500
v 1.074500 1.798900 -0.588500
v 1.036300 1.806100 -0.592300
v 0.762100 7.379400 0.062000
v 0.762100 7.378700 0.084600
v 0.763100 7.376900 0.129400
v 0.763100 7.376200 0.152100
v 0.762900 7.374500 0.197600
v 1.266500 4.340700 -0.796000
v 1.261800 4.340900 -0.785500
v 1.243000 4.338200 -0.748900
v 1.238300 4.338400 -0.738400
v 1.229000 4.338600 -0.717300
v 1.076900 5.910500 -0.321900
v 1.073900 5.910500 -0.302800
v 1.112400 5.905000 -0.308400
v 1.109600 5.905000 -0.289400
v 1.056400 5.899100 -0.210500
v 1.176800 2.589600 -0.687400
v 1.170700 2.588600 -0.677900
v 1.148400 2.590800 -0.638100
v 1.142200 2.589800 -0.628600
v 1.119600 2.590300 -0.617400
v 1.226000 4.960000 -0.686400
v 1.221000 4.960200 -0.675100
v 1.198900 4.952500 -0.634900
v 1.194100 4.952700 -0.623800
v 1.180000 4.953000 -0.597300
v 1.058300 1.658145 -0.690600
v 1.055400 1.654652 -0.684400
v 1.026900 1.620839 -0.647600
v 1.024000 1.617450 -0.641400
v 0.989500 1.577870 -0.650400
v 1.230900 3.450900 -0.751800
v 1.225800 3.447600 -0.742100
v 1.213700 3.440900 -0.707000
v 1.208600 3.437500 -0.697200
v 1.198300 3.430800 -0.677600
v 0.966200 6.498100 -0.162900
v 0.968000 6.496400 -0.142800
v 1.011800 6.486400 -0.139200
v 1.013400 6.484700 -0.118900
v 0.980100 6.475500 -0.046300
v 0.386900 7.831500 0.212300
v 0.387100 7.831700 0.236000
v 0.387600 7.831900 0.283500
v 0.387900 7.832000 0.307200
v 0.388400 7.832300 0.354600
v -1.174600 5.382200 -0.538100
v -1.141400 5.392800 -0.560200
v -1.146900 5.394100 -0.574100
v -1.186800 5.398500 -0.599600
v -1.192700 5.399700 -0.613600
v -1.026500 1.700371 -0.589100
v -1.084000 1.769515 -0.582100
v -1.088800 1.775457 -0.589700
v -1.012300 1.683875 -0.658200
v -1.017100 1.689426 -0.665800
v -0.857300 7.162300 0.131900
v -0.849200 7.166600 0.090700
v -0.848500 7.167300 0.068100
v -0.837900 7.173300 0.028600
v -0.837100 7.174100 0.006100
v -1.230800 4.101700 -0.724100
v -1.238700 4.100400 -0.744000
v -1.242600 4.099800 -0.754000
v -1.250500 4.098500 -0.773900
v -1.254400 4.097900 -0.783900
v -1.101100 5.753700 -0.372800
v -1.075000 5.767400 -0.394100
v -1.079300 5.768100 -0.410100
v -1.105800 5.770400 -0.440600
v -1.109700 5.771300 -0.456500
v -1.090400 2.360000 -0.607500
v -1.123900 2.331100 -0.615600
v -1.128800 2.333700 -0.625100
v -1.091500 2.350500 -0.671400
v -1.096600 2.353200 -0.680800
v -0.534200 7.711500 0.286200
v -0.534500 7.714500 0.238500
v -0.534600 7.716100 0.214700
v -0.534900 7.719100 0.167000
v -0.535000 7.720600 0.143200
v -1.198200 4.739600 -0.694500
v -1.208600 4.742400 -0.714000
v -1.213700 4.743800 -0.723800
v -1.224100 4.746600 -0.743300
v -1.229200 4.748000 -0.753100
v -1.167100 3.108000 -0.655500
v -1.180100 3.110700 -0.674000
v -1.186000 3.113100 -0.683700
v -1.195600 3.119400 -0.704000
v -1.201500 3.121800 -0.713600
v -1.054500 6.239700 -0.138400
v -1.005500 6.254000 -0.162600
v -1.004500 6.252400 -0.182800
v -1.038400 6.234800 -0.230400
v -1.037700 6.233300 -0.250600
v -0.131800 7.928700 0.426700
v -0.125200 7.926600 0.379000
v -0.122000 7.925500 0.355100
v -0.115400 7.923400 0.307400
v -0.112100 7.922400 0.283600
v -1.209200 5.261100 -0.653200
v -1.204300 5.261100 -0.639700
v -1.160000 5.262500 -0.612800
v -1.155100 5.262400 -0.599300
v -1.190200 5.255800 -0.576600
v -0.997700 1.587155 -0.655900
v -0.993800 1.582730 -0.648600
v -1.071000 1.673553 -0.580600
v -1.067100 1.668802 -0.573300
v -1.010000 1.681225 -0.581600
v -0.900600 6.917000 -0.072200
v -0.902800 6.918700 -0.049900
v -0.914400 6.917200 -0.012100
v -0.916800 6.918900 0.010200
v -0.938800 6.915200 0.046900
v -1.245300 3.852100 -0.776400
v -1.241900 3.853200 -0.766700
v -1.234900 3.855600 -0.747400
v -1.231400 3.856800 -0.737700
v -1.224400 3.859100 -0.718400
v -1.134500 5.676900 -0.505600
v -1.129700 5.674400 -0.490500
v -1.107200 5.665300 -0.464000
v -1.102200 5.662900 -0.448900
v -1.123900 5.647700 -0.427500
v -1.054800 2.078300 -0.687500
v -1.050700 2.078500 -0.677400
v -1.106900 2.072200 -0.619200
v -1.102800 2.072500 -0.609100
v -1.061900 2.120300 -0.604100
v -0.671000 7.561000 0.096100
v -0.670500 7.559500 0.119800
v -0.669900 7.556200 0.166800
v -0.669400 7.554700 0.190500
v -0.668600 7.551600 0.237600
v -1.253100 4.535900 -0.772300
v -1.248000 4.534700 -0.762500
v -1.237800 4.532200 -0.743000
v -1.232600 4.530900 -0.733300
v -1.222400 4.528400 -0.713800
v -1.162400 2.837600 -0.679000
v -1.156700 2.836600 -0.670500
v -1.160500 2.826400 -0.645400
v -1.154800 2.825300 -0.636900
v -1.136200 2.833900 -0.623300
v -1.069100 6.062600 -0.320800
v -1.068000 6.063100 -0.301500
v -1.029700 6.076000 -0.256700
v -1.028300 6.076800 -0.237300
v -1.072900 6.061200 -0.213900
v -1.211000 5.112800 -0.689100
v -1.205800 5.111600 -0.678300
v -1.168400 5.111600 -0.655900
v -1.163200 5.110400 -0.645200
v -1.183600 5.104200 -0.625900
v -0.979400 1.566540 -0.675500
v -0.976500 1.563308 -0.668500
v -1.046700 1.644232 -0.605400
v -1.043800 1.640778 -0.598500
v -0.990700 1.579224 -0.606500
v -0.936700 6.736000 -0.100300
v -0.939000 6.734500 -0.080900
v -0.940300 6.731900 -0.045700
v -0.943000 6.730300 -0.026300
v -0.975800 6.716300 0.001100
v -1.247200 3.633500 -0.753100
v -1.241400 3.632400 -0.744000
v -1.229600 3.630200 -0.725700
v -1.223800 3.629100 -0.716600
v -1.212000 3.626900 -0.698400
v -1.165600 5.532400 -0.556800
v -1.160300 5.529700 -0.542600
v -1.132600 5.519200 -0.518500
v -1.127500 5.516500 -0.504400
v -1.155100 5.502300 -0.483000
v -1.026900 1.739900 -0.674800
v -1.022200 1.740200 -0.665800
v -1.093300 1.743600 -0.599200
v -1.088600 1.743800 -0.590300
v -1.036300 1.806100 -0.592300
v -0.762100 7.382900 0.051700
v -0.762100 7.381900 0.075100
v -0.765500 7.378300 0.120100
v -0.765400 7.377300 0.143700
v -0.767700 7.374300 0.189300
v -1.257000 4.330900 -0.781600
v -1.252300 4.330800 -0.771300
v -1.243000 4.330600 -0.750600
v -1.238300 4.330400 -0.740300
v -1.229000 4.330200 -0.719600
v -1.092900 5.913700 -0.386700
v -1.090400 5.913900 -0.369600
v -1.056400 5.920100 -0.332700
v -1.053500 5.920600 -0.315500
v -1.090300 5.906100 -0.294500
v -1.140800 2.586500 -0.684500
v -1.134500 2.585400 -0.675100
v -1.153300 2.571500 -0.638700
v -1.147200 2.570400 -0.629300
v -1.119600 2.590300 -0.617400
v -1.214800 4.917400 -0.725200
v -1.210000 4.917200 -0.714900
v -1.192200 4.917800 -0.693800
v -1.187200 4.917600 -0.683500
v -1.185900 4.916200 -0.663400
v -0.985700 1.573594 -0.711000
v -0.982800 1.570341 -0.704700
v -1.040900 1.637333 -0.649400
v -1.038000 1.633898 -0.643100
v -0.989500 1.577870 -0.650400
v -1.229100 3.450900 -0.736400
v -1.224000 3.447600 -0.726600
v -1.213700 3.440900 -0.707000
v -1.208600 3.437500 -0.697200
v -1.198300 3.430800 -0.677600
v -0.991600 6.489100 -0.178400
v -0.993200 6.487500 -0.158200
v -0.974200 6.493800 -0.114800
v -0.976000 6.492000 -0.094600
v -1.019500 6.473500 -0.069100
v -0.386900 7.834400 0.203600
v -0.387100 7.834400 0.227900
v -0.387600 7.834200 0.276700
v -0.387900 7.834100 0.301000
v -0.388400 7.833900 0.349700
v 0.034500 7.896100 0.253400
v 0.035500 7.897700 0.278100
v 0.037500 7.900900 0.327400
v 0.038500 7.902500 0.352100
v 0.040500 7.905700 0.401500
v -0.045200 7.907000 0.402400
v -0.042900 7.903900 0.353000
v -0.041800 7.902300 0.328300
v -0.039600 7.899200 0.278900
v -0.038400 7.897600 0.254200
v 0.822200 4.112200 -0.574800
v 0.787200 4.280100 -0.580400
v 0.560600 6.998400 1.122700
v 0.461000 7.182400 1.179300
v 0.673400 2.024900 -0.394700
v 0.700700 2.296400 -0.401000
v 0.556100 5.620500 0.257000
v 0.538200 5.732700 0.472700
v 0.380100 7.278300 1.231400
v 0.759000 4.511700 -0.568100
v 0.155500 7.437200 1.297100
v -0.001600 7.409300 1.311800
v 0.558000 5.868900 0.636400
v 0.725300 2.580400 -0.423000
v 0.712100 4.690100 -0.535700
v 0.313000 7.351600 1.274200
v 0.747300 2.826300 -0.433800
v 0.584000 6.001800 0.728600
v 0.244900 7.406600 1.286700
v 0.650500 4.893600 -0.475100
v 0.769900 3.064300 -0.446100
v 0.613900 6.168200 0.829400
v 0.630900 1.246789 -0.564000
v 0.622000 1.240436 -0.505500
v 0.581800 5.071500 -0.384100
v 0.780600 3.396800 -0.476800
v 0.638700 6.366500 0.927400
v 0.619800 1.238879 -0.462100
v 0.552300 5.190500 -0.313200
v 0.802200 3.603900 -0.500100
v 0.626500 6.606700 1.012700
v 0.643100 1.472000 -0.418500
v 0.560500 5.322600 -0.214800
v 0.815500 3.877200 -0.537600
v 0.591800 6.800400 1.066200
v 0.572600 5.461700 -0.058200
v 0.657900 1.745900 -0.400700
v -0.822200 4.111300 -0.574700
v -0.787200 4.274500 -0.580300
v -0.563400 7.004700 1.128000
v -0.446700 7.168700 1.188500
v -0.679300 2.063000 -0.422700
v -0.705300 2.325900 -0.422800
v -0.549200 5.561900 0.129500
v -0.527100 5.693400 0.346400
v -0.388200 7.252500 1.226100
v -0.759000 4.496400 -0.577900
v -0.150100 7.419700 1.291500
v -0.542800 5.847000 0.555000
v -0.728100 2.598800 -0.436600
v -0.712100 4.668400 -0.558400
v -0.312600 7.321000 1.264100
v -0.748800 2.836000 -0.440900
v -0.569900 5.984500 0.685800
v -0.248600 7.383600 1.276800
v -0.650700 4.869600 -0.524000
v -0.770200 3.066300 -0.447600
v -0.602600 6.160100 0.817100
v -0.632900 1.248230 -0.573300
v -0.625100 1.242639 -0.520100
v -0.582500 5.051000 -0.445600
v -0.780600 3.396800 -0.476800
v -0.632700 6.365400 0.923400
v -0.624000 1.262900 -0.482200
v -0.553200 5.173000 -0.367600
v -0.802200 3.603900 -0.500100
v -0.636400 6.608800 1.017700
v -0.648900 1.509000 -0.445700
v -0.559100 5.310300 -0.265700
v -0.815500 3.877200 -0.537600
v -0.598800 6.805300 1.072100
v -0.566400 5.440000 -0.131500
v -0.665000 1.791500 -0.434300
v 0.052300 7.434600 1.304500
v -0.068800 7.433900 1.304500
v 0.191200 7.809400 1.022900
v 0.492300 7.615300 0.911800
v 0.177500 7.493300 1.340100
v 0.379400 7.376600 1.322300
v 0.603900 7.473400 0.864900
v 0.463600 7.301800 1.290800
v 0.687300 7.303200 0.821400
v 0.532300 7.182400 1.261200
v 0.785700 7.079900 0.771300
v 0.624400 7.000900 1.207200
v 0.835300 6.839800 0.697700
v 0.655800 6.799300 1.157900
v 0.880000 6.620400 0.642900
v 0.696300 6.604500 1.097300
v 0.910500 6.348500 0.541900
v 0.722100 6.361900 0.991600
v 0.900800 6.159800 0.475200
v 0.709800 6.160100 0.876700
v 0.882300 5.976100 0.410000
v 0.684200 5.991500 0.769600
v 0.863500 5.820000 0.316000
v 0.655800 5.857000 0.677300
v 0.842100 5.680400 0.179800
v 0.624800 5.714500 0.517300
v 0.835400 5.559200 0.030200
v 0.629000 5.606000 0.299400
v 0.824300 5.425100 -0.125900
v 0.628600 5.455000 -0.027200
v 0.823900 5.334000 -0.246300
v 0.611400 5.318500 -0.186600
v 0.824500 5.243100 -0.314500
v 0.602500 5.191000 -0.279100
v 0.838600 5.113700 -0.378200
v 0.631200 5.074400 -0.340100
v 0.854100 4.923900 -0.444100
v 0.699600 4.898200 -0.419900
v 0.890800 4.721200 -0.503500
v 0.761500 4.696800 -0.480700
v 0.927200 4.527100 -0.551500
v 0.809400 4.519900 -0.513500
v 0.956700 4.311300 -0.556600
v 0.837500 4.289400 -0.525900
v 1.005800 4.109400 -0.559600
v 0.873500 4.122000 -0.520100
v 1.026400 3.885800 -0.553600
v 0.868600 3.886600 -0.483600
v 1.017900 3.624900 -0.551900
v 0.856400 3.613100 -0.446500
v 1.011700 3.419400 -0.503900
v 0.833500 3.406100 -0.423000
v 1.015600 3.089000 -0.460600
v 0.822100 3.074700 -0.394300
v 0.999200 2.845600 -0.438400
v 0.800100 2.843700 -0.388100
v 0.976300 2.602900 -0.416300
v 0.779100 2.606900 -0.383800
v 0.953400 2.332500 -0.387100
v 0.755600 2.333900 -0.369700
v 0.925800 2.069000 -0.365900
v 0.729400 2.069700 -0.369500
v 0.902800 1.795100 -0.401600
v 0.715800 1.797700 -0.380700
v 0.892500 1.546000 -0.416000
v 0.698800 1.514400 -0.392200
v 0.879800 1.461032 -0.436200
v 0.671600 1.276994 -0.428700
v 0.863600 1.444939 -0.471700
v 0.671500 1.276918 -0.466400
v 0.863100 1.444448 -0.538100
v 0.678900 1.282611 -0.519600
v 0.360700 7.729600 0.975400
v 0.305200 7.442700 1.332600
v 0.162500 7.935300 0.633800
v 0.525200 7.695600 0.494500
v 0.653500 7.535100 0.445100
v 0.750500 7.364700 0.402300
v 0.838100 7.152900 0.349000
v 0.901000 6.908700 0.279300
v 0.940600 6.674600 0.215400
v 0.985400 6.411500 0.153500
v 1.024100 6.194200 0.085400
v 1.040100 6.000900 0.032100
v 1.044700 5.840700 -0.026900
v 1.040000 5.690200 -0.096800
v 1.049700 5.584500 -0.161600
v 1.062800 5.457800 -0.235700
v 1.062900 5.363500 -0.309500
v 1.081100 5.261800 -0.359400
v 1.088600 5.119200 -0.427900
v 1.118600 4.950000 -0.486500
v 1.138400 4.755400 -0.550900
v 1.163400 4.536200 -0.596100
v 1.174400 4.339600 -0.612300
v 1.185500 4.109200 -0.625000
v 1.185600 3.870300 -0.624800
v 1.154500 3.618600 -0.612600
v 1.150100 3.401700 -0.587900
v 1.116600 3.080600 -0.564500
v 1.092500 2.811000 -0.535600
v 1.070400 2.562100 -0.513600
v 1.052500 2.312500 -0.496000
v 1.031900 2.095400 -0.484300
v 1.000600 1.782700 -0.485400
v 0.989800 1.658209 -0.500300
v 0.979000 1.566094 -0.501600
v 0.967500 1.553339 -0.534600
v 0.965200 1.550807 -0.589000
v 0.386600 7.833800 0.564100
v 0.108100 7.938400 0.261500
v 0.544900 7.730300 0.132700
v 0.682600 7.567700 0.086500
v 0.774100 7.387300 0.039500
v 0.848800 7.176400 -0.010600
v 0.902000 6.913100 -0.084000
v 0.923800 6.736100 -0.097000
v 0.957800 6.492100 -0.157300
v 0.991600 6.231400 -0.216100
v 1.028000 6.054700 -0.265200
v 1.063600 5.902000 -0.302700
v 1.095000 5.762600 -0.350600
v 1.127600 5.673800 -0.392400
v 1.156600 5.538100 -0.442100
v 1.175100 5.416000 -0.513500
v 1.187100 5.288700 -0.563600
v 1.198600 5.151300 -0.605200
v 1.221400 4.953400 -0.668000
v 1.243400 4.777200 -0.716900
v 1.267100 4.553700 -0.759700
v 1.270700 4.337500 -0.783700
v 1.267700 4.097100 -0.787300
v 1.258000 3.850900 -0.778900
v 1.261700 3.634600 -0.753900
v 1.242700 3.453700 -0.737500
v 1.216600 3.123700 -0.713800
v 1.184200 2.840100 -0.673000
v 1.171700 2.595600 -0.674100
v 1.134700 2.375600 -0.665900
v 1.100400 2.116800 -0.667500
v 1.079100 1.803600 -0.646700
v 1.069800 1.752089 -0.633500
v 1.047400 1.725067 -0.624400
v 1.021700 1.614769 -0.648200
v 1.020400 1.613257 -0.687600
v 0.393500 7.846700 0.188400
v 0.537000 2.071900 -0.785800
v 0.525000 1.767800 -0.828400
v 0.557600 5.570300 -0.627300
v 0.571100 5.436100 -0.660000
v 0.375400 7.535300 -0.268700
v 0.425500 7.370800 -0.338300
v 0.621500 4.468900 -0.876300
v 0.624200 4.274700 -0.903500
v 0.512600 6.029000 -0.549300
v 0.528900 5.866400 -0.599100
v 0.579300 2.774600 -0.783600
v 0.572700 2.522900 -0.850900
v 0.590300 5.044200 -0.737700
v 0.599300 4.867800 -0.790400
v 0.473900 1.147960 -0.777000
v 0.499000 1.161874 -0.827900
v 0.483800 6.678700 -0.448300
v 0.497400 6.481500 -0.495900
v 0.604500 3.571200 -0.859700
v 0.607700 3.380200 -0.860700
v 0.579100 5.314200 -0.678700
v 0.521700 1.500300 -0.814900
v 0.454100 7.166400 -0.389000
v 0.621800 4.042500 -0.908800
v 0.553800 2.321400 -0.850300
v 0.544300 5.728800 -0.614400
v 0.069100 7.870200 -0.020500
v 0.227400 7.791400 -0.086500
v 0.303900 7.672400 -0.179700
v 0.610200 4.686100 -0.831100
v 0.509800 6.261800 -0.534400
v 0.594600 3.070100 -0.856900
v 0.584200 5.170100 -0.716500
v 0.512500 1.316900 -0.800500
v 0.470300 6.910600 -0.432400
v 0.616400 3.804000 -0.910600
v 0.805600 2.097700 -0.813700
v 0.847100 5.651000 -0.539800
v 0.548300 7.564700 -0.118200
v 0.935900 4.518800 -0.851400
v 0.790700 6.070800 -0.464200
v 0.868000 2.811300 -0.806600
v 0.887700 5.111400 -0.709700
v 0.739600 1.331670 -0.805700
v 0.743000 6.736100 -0.344100
v 0.927200 3.606000 -0.855100
v 0.085300 7.913600 0.087900
v 0.790200 1.784800 -0.824900
v 0.858500 5.510800 -0.587400
v 0.617100 7.386600 -0.182800
v 0.937900 4.309500 -0.871200
v 0.796800 5.899400 -0.509500
v 0.861600 2.560900 -0.845800
v 0.901000 4.920400 -0.762600
v 0.746100 1.337173 -0.825600
v 0.752800 6.504900 -0.386200
v 0.913800 3.417700 -0.861700
v 0.870800 5.383100 -0.635900
v 0.783100 1.531800 -0.808200
v 0.670800 7.175700 -0.232800
v 0.934300 4.071000 -0.878700
v 0.833600 2.350000 -0.844600
v 0.818100 5.760300 -0.527900
v 0.317500 7.831800 0.023400
v 0.434500 7.715700 -0.050300
v 0.917300 4.739000 -0.807800
v 0.770200 6.267200 -0.440700
v 0.894400 3.096500 -0.856200
v 0.878900 5.250400 -0.670900
v 0.768100 1.436153 -0.792700
v 0.713200 6.928200 -0.299900
v 0.926100 3.827300 -0.880700
v 0.276100 1.765600 -0.830100
v 0.305600 5.381200 -0.708600
v 0.223300 7.366000 -0.450000
v 0.319600 4.249000 -0.915100
v 0.285200 5.820300 -0.647300
v 0.305200 2.487200 -0.846900
v 0.319100 4.819900 -0.850100
v 0.238800 1.052492 -0.859700
v 0.270100 6.433200 -0.554200
v 0.312100 3.344500 -0.871900
v 0.309500 5.238800 -0.738200
v 0.266000 1.492000 -0.827600
v 0.240000 7.159600 -0.505200
v 0.311300 4.017300 -0.911800
v 0.295300 2.295500 -0.846800
v 0.292400 5.677600 -0.658200
v 0.104500 7.758800 -0.195000
v 0.162900 7.647300 -0.305100
v 0.323500 4.638600 -0.880500
v 0.275800 6.204300 -0.572500
v 0.314500 3.045700 -0.859900
v 0.312000 5.113800 -0.769300
v 0.254600 1.311600 -0.820800
v 0.257500 6.895500 -0.549400
v 0.305300 3.782300 -0.906700
v 0.285200 2.058900 -0.844600
v 0.299300 5.520700 -0.679100
v 0.198900 7.518400 -0.387900
v 0.324700 4.433200 -0.897100
v 0.278200 6.004800 -0.611900
v 0.307700 2.749300 -0.840300
v 0.314000 4.982500 -0.803600
v 0.241500 1.098100 -0.838400
v 0.264300 6.674000 -0.552600
v 0.309700 3.547500 -0.873600
v 0.042000 7.835500 -0.125500
v -0.000100 7.760000 1.044300
v 0.000000 7.911700 0.642000
v 0.000100 7.900700 0.212700
v 0.000300 7.857800 -0.017200
v 0.192000 7.674200 1.193400
v 0.435100 7.507000 1.127000
v 0.543500 7.398200 1.088600
v 0.618200 7.252100 1.048700
v 0.713000 7.051000 1.001100
v 0.756200 6.835500 0.939200
v 0.802000 6.633300 0.880100
v 0.826800 6.380500 0.768800
v 0.810600 6.189000 0.675600
v 0.785400 6.013400 0.591100
v 0.759000 5.864300 0.502500
v 0.733400 5.724300 0.344200
v 0.731600 5.594400 0.157500
v 0.723300 5.442400 -0.087000
v 0.717200 5.328000 -0.226000
v 0.715800 5.217600 -0.302000
v 0.738000 5.094700 -0.360700
v 0.780400 4.912400 -0.430100
v 0.830600 4.710800 -0.490300
v 0.873600 4.525000 -0.531300
v 0.902600 4.301600 -0.539900
v 0.944800 4.116900 -0.538100
v 0.953400 3.886700 -0.516700
v 0.943300 3.618900 -0.497500
v 0.927500 3.412400 -0.460900
v 0.921000 3.083700 -0.429100
v 0.900400 2.848400 -0.421100
v 0.878000 2.611100 -0.414000
v 0.853700 2.341300 -0.397900
v 0.827000 2.078100 -0.389600
v 0.809500 1.804400 -0.411700
v 0.796100 1.535700 -0.419500
v 0.775400 1.362573 -0.440000
v 0.766700 1.354929 -0.472300
v 0.770400 1.358169 -0.528300
v 0.334800 7.595400 1.163900
v 0.379900 7.794600 0.770600
v 0.176000 7.890600 0.831100
v 0.517400 7.663800 0.701600
v 1.083000 3.622100 -0.578000
v 1.102800 3.877300 -0.584700
v 0.916700 6.656400 0.439800
v 0.875100 6.890600 0.486800
v 0.945900 1.532100 -0.457900
v 0.955800 1.784800 -0.453400
v 0.943900 5.353500 -0.280800
v 0.953600 5.431000 -0.180000
v 1.092100 4.108500 -0.588200
v 0.824300 7.130600 0.559100
v 0.984300 2.077200 -0.436200
v 0.956600 5.554200 -0.069100
v 1.061300 4.325100 -0.580900
v 0.731900 7.343800 0.611900
v 1.008900 2.317800 -0.452400
v 0.959000 5.665700 0.038800
v 1.040300 4.531500 -0.570100
v 0.639000 7.512500 0.652900
v 1.029100 2.578600 -0.473700
v 0.973800 5.815900 0.146600
v 1.010100 4.738100 -0.523900
v 0.976800 5.980100 0.228400
v 1.051800 2.825400 -0.493300
v 0.982200 4.936900 -0.461500
v 1.070500 3.082800 -0.515200
v 0.974400 6.173300 0.286500
v 0.917900 1.500057 -0.562000
v 0.920600 1.502885 -0.505000
v 0.960300 5.113300 -0.400600
v 1.081700 3.410200 -0.543700
v 0.950600 6.385900 0.351000
v 0.934100 1.517151 -0.473400
v 0.952800 5.246300 -0.338400
v -0.000100 7.856600 0.848900
v 1.145700 5.282300 -0.455600
v 1.129800 5.398800 -0.402100
v 1.018900 1.611514 -0.559500
v 1.031300 1.705999 -0.572700
v 0.923300 6.924900 0.101100
v 0.855500 7.171900 0.165300
v 1.229100 3.859900 -0.699300
v 1.236500 4.102700 -0.707600
v 1.085700 5.651400 -0.246100
v 1.059800 5.752000 -0.204200
v 1.076200 2.074300 -0.575300
v 1.095000 2.355600 -0.590200
v 0.678900 7.557200 0.271300
v 0.543500 7.720600 0.317100
v 1.225100 4.545800 -0.676700
v 1.202300 4.768800 -0.634400
v 1.142200 2.809600 -0.598400
v 1.169800 3.105000 -0.636700
v 1.019400 6.057300 -0.089600
v 0.999800 6.243200 -0.055300
v 1.154800 5.140300 -0.513100
v 0.999400 1.589089 -0.588000
v 0.947000 6.720600 0.068900
v 1.213600 3.625700 -0.678600
v 1.112900 5.513500 -0.316800
v 1.048500 1.765600 -0.564900
v 0.774200 7.381200 0.223100
v 1.232500 4.338600 -0.697400
v 1.041200 5.900000 -0.135800
v 1.127600 2.554900 -0.589600
v 1.180400 4.954200 -0.575600
v 0.996800 1.586132 -0.634100
v 1.200500 3.426500 -0.656500
v 0.975100 6.475400 0.018100
v 0.397000 7.846700 0.380000
v 0.135300 7.947200 0.450800
v 0.000000 7.915300 0.413800
v -0.191300 7.809400 1.022900
v -0.492100 7.615600 0.911600
v -0.180400 7.489700 1.339100
v -0.381000 7.368200 1.311800
v -0.604900 7.477300 0.862300
v -0.467000 7.294000 1.273800
v -0.689700 7.313000 0.814700
v -0.530200 7.180200 1.231600
v -0.786100 7.092300 0.758400
v -0.627200 6.995700 1.169500
v -0.830000 6.851200 0.680800
v -0.663800 6.775400 1.116100
v -0.867000 6.622000 0.628800
v -0.708500 6.555900 1.064400
v -0.886100 6.334200 0.534100
v -0.720500 6.285300 0.973600
v -0.867300 6.139800 0.457700
v -0.702200 6.066400 0.870500
v -0.846500 5.956900 0.350000
v -0.673300 5.893000 0.740900
v -0.832100 5.811200 0.208000
v -0.642300 5.766700 0.609300
v -0.817900 5.670300 0.050500
v -0.612300 5.637900 0.394700
v -0.819300 5.554100 -0.081100
v -0.620400 5.531900 0.167000
v -0.818800 5.419800 -0.200200
v -0.623100 5.428700 -0.104900
v -0.823800 5.314900 -0.306000
v -0.610000 5.304900 -0.236100
v -0.826400 5.214000 -0.379100
v -0.603600 5.170500 -0.332600
v -0.840500 5.079900 -0.461700
v -0.632800 5.051000 -0.403900
v -0.855300 4.892200 -0.515100
v -0.700900 4.873600 -0.477800
v -0.891400 4.694400 -0.539800
v -0.762300 4.674900 -0.508200
v -0.927600 4.508900 -0.567900
v -0.809900 4.503900 -0.526300
v -0.956900 4.303000 -0.558700
v -0.837700 4.283100 -0.526300
v -1.005800 4.108000 -0.559400
v -0.873500 4.120800 -0.519900
v -1.026400 3.885800 -0.553600
v -0.868600 3.886600 -0.483600
v -1.017900 3.624900 -0.551900
v -0.856400 3.613100 -0.446500
v -1.011700 3.419400 -0.504600
v -0.833500 3.406100 -0.423000
v -1.016500 3.088300 -0.468100
v -0.822100 3.074700 -0.394300
v -1.001300 2.843700 -0.452900
v -0.799600 2.843700 -0.385900
v -0.979700 2.599400 -0.437900
v -0.776500 2.606900 -0.372300
v -0.958200 2.327300 -0.414800
v -0.749700 2.333900 -0.343300
v -0.931200 2.063100 -0.395900
v -0.720600 2.069700 -0.330000
v -0.907700 1.789500 -0.428600
v -0.705700 1.797700 -0.335300
v -0.896300 1.541700 -0.436900
v -0.690100 1.514400 -0.353200
v -0.882100 1.463341 -0.448800
v -0.665700 1.272499 -0.402100
v -0.864800 1.446121 -0.478600
v -0.668000 1.274246 -0.450800
v -0.863500 1.444841 -0.540400
v -0.677400 1.281452 -0.513000
v -0.360600 7.729600 0.975400
v -0.303200 7.438600 1.326300
v -0.162500 7.935300 0.635200
v -0.525200 7.695800 0.493800
v -0.653600 7.535800 0.443100
v -0.750900 7.365500 0.397800
v -0.838700 7.152800 0.341300
v -0.898900 6.912800 0.271300
v -0.926900 6.688100 0.211300
v -0.948900 6.438500 0.157100
v -0.965700 6.235600 0.089700
v -0.971300 6.056500 0.003700
v -0.982200 5.902600 -0.103200
v -0.991600 5.745100 -0.203300
v -1.014200 5.626200 -0.274600
v -1.042400 5.480900 -0.341100
v -1.052300 5.373500 -0.395600
v -1.076600 5.257400 -0.435900
v -1.087500 5.091800 -0.516600
v -1.118500 4.912600 -0.562200
v -1.138500 4.725100 -0.595600
v -1.163400 4.517200 -0.615300
v -1.174400 4.330200 -0.616100
v -1.185500 4.108100 -0.624800
v -1.185600 3.870300 -0.624800
v -1.154500 3.618600 -0.612600
v -1.150300 3.401900 -0.587700
v -1.118400 3.082700 -0.562800
v -1.096200 2.815500 -0.532100
v -1.075800 2.568700 -0.508300
v -1.059300 2.320800 -0.489400
v -1.039200 2.104300 -0.477200
v -1.007100 1.790700 -0.479000
v -0.994800 1.663863 -0.495400
v -0.982300 1.569781 -0.498400
v -0.969400 1.555436 -0.532800
v -0.965800 1.551467 -0.588400
v -0.386600 7.833800 0.564100
v -0.108100 7.939200 0.259100
v -0.544900 7.734500 0.120000
v -0.682600 7.572100 0.073200
v -0.774100 7.389700 0.027400
v -0.848300 7.173000 -0.022500
v -0.899100 6.905600 -0.105300
v -0.918800 6.728400 -0.129000
v -0.949800 6.485900 -0.203200
v -0.981300 6.230300 -0.270600
v -1.017500 6.059000 -0.338500
v -1.053900 5.907300 -0.401800
v -1.086900 5.764100 -0.470800
v -1.120600 5.670800 -0.518800
v -1.151400 5.527900 -0.567800
v -1.171700 5.399400 -0.621400
v -1.185100 5.263300 -0.658300
v -1.197500 5.117100 -0.690700
v -1.221200 4.919100 -0.727100
v -1.243100 4.750200 -0.754600
v -1.266900 4.537800 -0.773900
v -1.270700 4.331000 -0.784600
v -1.267700 4.097000 -0.787300
v -1.258000 3.850900 -0.778900
v -1.261700 3.634600 -0.753900
v -1.242700 3.453700 -0.737500
v -1.216600 3.123700 -0.713800
v -1.184200 2.840100 -0.673000
v -1.171700 2.595600 -0.674100
v -1.134700 2.375600 -0.665900
v -1.100400 2.116800 -0.667500
v -1.079100 1.803600 -0.646700
v -1.069800 1.752089 -0.633500
v -1.047400 1.725067 -0.624400
v -1.021700 1.614769 -0.648200
v -1.020400 1.613257 -0.687600
v -0.393500 7.849900 0.179200
v 0.000300 7.809000 -0.161000
v -0.518500 2.066400 -0.779900
v -0.524900 1.768200 -0.740400
v -0.540500 5.597600 -0.715300
v -0.561600 5.441500 -0.732600
v -0.374900 7.542700 -0.290500
v -0.425600 7.378200 -0.361000
v -0.612900 4.464000 -0.856900
v -0.625100 4.274900 -0.872400
v -0.496300 6.060200 -0.610200
v -0.516400 5.868300 -0.641900
v -0.570800 2.774500 -0.780000
v -0.572700 2.522900 -0.766100
v -0.586600 5.023100 -0.796500
v -0.599600 4.846600 -0.834300
v -0.424000 1.122431 -0.767100
v -0.491600 1.157697 -0.770200
v -0.476400 6.695300 -0.469600
v -0.488700 6.476600 -0.506600
v -0.592500 3.571300 -0.854500
v -0.609700 3.380800 -0.810700
v -0.573600 5.298000 -0.758800
v -0.519500 1.509000 -0.733500
v -0.453700 7.171200 -0.411400
v -0.625600 4.042600 -0.871600
v -0.553800 2.321400 -0.761400
v -0.531600 5.732800 -0.672800
v -0.068400 7.871300 -0.023400
v -0.227000 7.795400 -0.097600
v -0.303600 7.678300 -0.196500
v -0.611000 4.669800 -0.866300
v -0.498600 6.259000 -0.554400
v -0.594600 3.070100 -0.791700
v -0.581500 5.160500 -0.776600
v -0.508200 1.334100 -0.725300
v -0.467500 6.910900 -0.449000
v -0.622300 3.804000 -0.858300
v -0.804600 2.079000 -0.821200
v -0.833100 5.639900 -0.637100
v -0.548500 7.571700 -0.138900
v -0.935500 4.501500 -0.860500
v -0.770500 6.072200 -0.494700
v -0.867200 2.797100 -0.812200
v -0.885700 5.075400 -0.777200
v -0.738400 1.330660 -0.814500
v -0.733900 6.734100 -0.351100
v -0.926800 3.597600 -0.858400
v -0.085100 7.914600 0.085000
v -0.790200 1.784800 -0.738500
v -0.851500 5.494200 -0.682100
v -0.617200 7.393500 -0.204000
v -0.936200 4.304700 -0.864200
v -0.784900 5.900300 -0.561500
v -0.861600 2.560900 -0.765900
v -0.901300 4.889100 -0.805900
v -0.740100 1.332092 -0.771700
v -0.744500 6.505100 -0.389800
v -0.913900 3.418500 -0.818800
v -0.866300 5.358800 -0.725200
v -0.782300 1.534800 -0.728900
v -0.670400 7.181800 -0.248400
v -0.935200 4.071000 -0.867900
v -0.833600 2.350000 -0.758700
v -0.807400 5.758300 -0.603800
v -0.317100 7.836000 0.011700
v -0.434300 7.721800 -0.067500
v -0.917400 4.713500 -0.833600
v -0.759400 6.266200 -0.448100
v -0.894400 3.096500 -0.797900
v -0.876100 5.220500 -0.751100
v -0.765500 1.358200 -0.720000
v -0.710700 6.931500 -0.306200
v -0.928700 3.827300 -0.859200
v -0.238700 1.744800 -0.822300
v -0.291500 5.393800 -0.738000
v -0.222800 7.371100 -0.465800
v -0.310300 4.248100 -0.908300
v -0.266200 5.857900 -0.698300
v -0.294900 2.487000 -0.842100
v -0.315900 4.815800 -0.850800
v -0.187800 1.040095 -0.849400
v -0.257100 6.468500 -0.617700
v -0.298800 3.344400 -0.879900
v -0.299800 5.245300 -0.767900
v -0.219900 1.472300 -0.818600
v -0.238200 7.166000 -0.522700
v -0.295000 4.015800 -0.904500
v -0.281200 2.293200 -0.841400
v -0.273300 5.712800 -0.712200
v -0.103800 7.761200 -0.201000
v -0.162300 7.651400 -0.316500
v -0.321200 4.635600 -0.880000
v -0.259800 6.247400 -0.664600
v -0.305900 3.045500 -0.859600
v -0.305200 5.114200 -0.787000
v -0.205600 1.297500 -0.811200
v -0.251700 6.908900 -0.564500
v -0.286300 3.780900 -0.910600
v -0.262200 2.049700 -0.838200
v -0.281600 5.551300 -0.720700
v -0.198400 7.523600 -0.402900
v -0.320500 4.431700 -0.895300
v -0.260200 6.046900 -0.684100
v -0.298700 2.749200 -0.836000
v -0.309300 4.979500 -0.811900
v -0.190800 1.091100 -0.828200
v -0.254700 6.696000 -0.573700
v -0.293300 3.547200 -0.887900
v -0.041500 7.836200 -0.127800
v 0.000500 7.440000 1.332000
v 0.000200 7.891100 0.091900
v -0.192100 7.674200 1.193400
v -0.437300 7.506300 1.126300
v -0.548400 7.400100 1.081800
v -0.623500 7.256900 1.030700
v -0.718900 7.048300 0.968300
v -0.764600 6.813100 0.904800
v -0.810000 6.585500 0.854700
v -0.821400 6.303200 0.760100
v -0.799500 6.099500 0.666000
v -0.770800 5.924600 0.544400
v -0.744300 5.791900 0.402000
v -0.722400 5.658900 0.212300
v -0.723500 5.544500 0.030900
v -0.720700 5.424800 -0.158300
v -0.717300 5.308200 -0.276300
v -0.717200 5.190700 -0.359100
v -0.739600 5.065500 -0.433000
v -0.781700 4.884000 -0.495700
v -0.831400 4.686000 -0.523000
v -0.874000 4.507500 -0.546400
v -0.902700 4.294100 -0.541200
v -0.944800 4.115500 -0.537900
v -0.953400 3.886700 -0.516700
v -0.943300 3.618900 -0.497500
v -0.927500 3.412400 -0.460900
v -0.921000 3.083700 -0.429100
v -0.900100 2.848400 -0.419600
v -0.875700 2.611100 -0.403800
v -0.848100 2.341300 -0.373000
v -0.818400 2.078100 -0.351300
v -0.799500 1.804400 -0.367200
v -0.787300 1.535700 -0.380200
v -0.769500 1.357380 -0.413700
v -0.763300 1.351965 -0.457100
v -0.769100 1.357029 -0.522300
v -0.334800 7.595100 1.164200
v -0.000300 7.643000 1.213400
v -0.379900 7.794600 0.770600
v -0.176000 7.890600 0.831500
v -0.517300 7.663900 0.701600
v -1.083000 3.622100 -0.578000
v -1.102800 3.877300 -0.584700
v -0.913900 6.676600 0.446500
v -0.875800 6.885400 0.479300
v -0.939600 1.559600 -0.485800
v -0.962300 1.792800 -0.447000
v -0.939800 5.342700 -0.352500
v -0.935000 5.448900 -0.270600
v -1.092100 4.107200 -0.588000
v -0.826000 7.125800 0.552000
v -0.991600 2.086100 -0.429000
v -0.922100 5.591500 -0.177000
v -1.061300 4.315900 -0.584100
v -0.732400 7.344100 0.607000
v -1.015700 2.326100 -0.445800
v -0.909200 5.712300 -0.076900
v -1.040300 4.512200 -0.588800
v -0.639100 7.513200 0.651000
v -1.034500 2.585200 -0.468400
v -0.908800 5.867600 0.052700
v -1.010100 4.708500 -0.565400
v -0.907500 6.022400 0.180700
v -1.055400 2.829800 -0.489700
v -0.982300 4.901000 -0.538100
v -1.072300 3.085000 -0.513500
v -0.915100 6.204800 0.280200
v -0.917200 1.499325 -0.565300
v -0.922300 1.504670 -0.503300
v -0.959900 5.084100 -0.490100
v -1.081900 3.410500 -0.543500
v -0.919200 6.401800 0.351600
v -0.937300 1.520563 -0.470300
v -0.950200 5.233800 -0.408000
v -1.144200 5.262100 -0.546600
v -1.126000 5.387100 -0.511200
v -1.014500 1.686416 -0.563600
v -1.031300 1.705999 -0.572700
v -0.922100 6.910800 0.091400
v -0.855000 7.166800 0.157400
v -1.229100 3.859900 -0.699300
v -1.236400 4.102100 -0.707500
v -1.079600 5.646200 -0.381900
v -1.050800 5.755900 -0.344700
v -1.066700 2.119400 -0.584300
v -1.095000 2.355600 -0.590200
v -0.678900 7.559400 0.264700
v -0.543500 7.722800 0.310700
v -1.224900 4.527800 -0.693900
v -1.202000 4.738900 -0.676500
v -1.137400 2.832500 -0.603000
v -1.169800 3.105000 -0.636700
v -1.009300 6.050400 -0.152100
v -0.989100 6.241000 -0.110600
v -1.154100 5.106100 -0.602300
v -0.997100 1.586473 -0.590100
v -0.943900 6.703400 0.050700
v -1.213600 3.625700 -0.678600
v -1.108700 5.503700 -0.444000
v -1.040100 1.805500 -0.572800
v -0.774400 7.380800 0.218900
v -1.232400 4.330400 -0.699700
v -1.031400 5.898900 -0.237800
v -1.120500 2.588700 -0.596300
v -1.180100 4.916800 -0.642400
v -0.996000 1.585224 -0.634800
v -1.200300 3.427600 -0.656700
v -0.969500 6.456900 -0.010500
v -0.397000 7.848100 0.375900
v -0.135200 7.947500 0.449900
v 0.008600 7.816900 -0.149400
v 0.022300 7.896800 0.087100
v 0.017100 7.861300 -0.017800
v 0.028300 7.911500 0.227100
v 0.045300 7.918700 0.668700
v 0.054100 7.775100 1.071500
v 0.053000 7.488700 1.338200
v 0.054200 7.649000 1.240800
v 0.049900 7.866800 0.874900
v 0.036600 7.924500 0.425400
v -0.009600 7.817900 -0.148900
v -0.024100 7.898400 0.089900
v -0.055500 7.866800 0.878400
v -0.062600 7.487300 1.338700
v -0.062500 7.645100 1.245400
v -0.041300 7.925700 0.426400
v -0.018700 7.862000 -0.018500
v -0.032400 7.913200 0.228700
v -0.059600 7.778600 1.068500
v -0.050900 7.920100 0.666000
v 0.360600 7.732000 0.971300
v 0.492700 7.616900 0.908200
v 0.602700 7.476500 0.861900
v 0.683200 7.309400 0.819100
v 0.777800 7.090800 0.770800
v 0.824100 6.854200 0.701800
v 0.867700 6.631800 0.652400
v 0.900500 6.350200 0.558700
v 0.893700 6.154600 0.496200
v 0.876400 5.966100 0.432900
v 0.860500 5.808100 0.338100
v 0.841600 5.667200 0.198400
v 0.839700 5.548000 0.044100
v 0.831000 5.417300 -0.117500
v 0.829000 5.328600 -0.241900
v 0.826800 5.239900 -0.312200
v 0.838500 5.113000 -0.377700
v 0.853200 4.923600 -0.444000
v 0.889300 4.720500 -0.503300
v 0.925000 4.526300 -0.551000
v 0.955200 4.310700 -0.556100
v 1.004700 4.108600 -0.559100
v 1.024500 3.885400 -0.552700
v 1.015900 3.625000 -0.550900
v 1.012500 3.418800 -0.504500
v 1.020300 3.083600 -0.465900
v 1.005800 2.835500 -0.447300
v 0.984000 2.587600 -0.428100
v 0.962600 2.312500 -0.401800
v 0.935100 2.047200 -0.381300
v 0.910400 1.775900 -0.415000
v 0.899000 1.531400 -0.426400
v 0.886900 1.468179 -0.443600
v 0.870800 1.452055 -0.476700
v 0.869800 1.451063 -0.540900
v 0.189200 7.812200 1.019200
v 0.384900 7.835200 0.562700
v 0.524800 7.696000 0.494800
v 0.653400 7.535600 0.444800
v 0.750700 7.366500 0.398200
v 0.838300 7.159300 0.341500
v 0.899600 6.924600 0.275800
v 0.929500 6.703200 0.221900
v 0.954000 6.456300 0.174600
v 0.977300 6.250200 0.115300
v 0.987900 6.061600 0.064200
v 0.997000 5.898800 0.003500
v 1.003100 5.740600 -0.071200
v 1.024300 5.627500 -0.142000
v 1.051800 5.490400 -0.223400
v 1.063000 5.386800 -0.303900
v 1.088700 5.277500 -0.359100
v 1.099300 5.126600 -0.432300
v 1.129700 4.954100 -0.493400
v 1.149400 4.758400 -0.558000
v 1.174100 4.537800 -0.603300
v 1.184600 4.340000 -0.620000
v 1.194600 4.109100 -0.632800
v 1.193300 3.869800 -0.631600
v 1.160400 3.617800 -0.617700
v 1.154300 3.399300 -0.592100
v 1.119400 3.074600 -0.571200
v 1.095100 2.800600 -0.546700
v 1.074200 2.547100 -0.530500
v 1.057700 2.294200 -0.518300
v 1.037800 2.076800 -0.509000
v 1.006600 1.767200 -0.508200
v 0.995100 1.664203 -0.518400
v 0.984500 1.572247 -0.515700
v 0.973000 1.559421 -0.545100
v 0.970600 1.556763 -0.596000
v 0.159900 7.936100 0.631000
v 0.391500 7.847000 0.183700
v 0.542300 7.730700 0.125100
v 0.679700 7.568100 0.077400
v 0.770700 7.387600 0.029700
v 0.844700 7.178100 -0.020300
v 0.898200 6.918600 -0.099100
v 0.920700 6.743900 -0.119100
v 0.955200 6.503700 -0.191400
v 0.988800 6.245800 -0.261400
v 1.024500 6.068700 -0.313700
v 1.058800 5.915500 -0.351500
v 1.088600 5.774700 -0.394300
v 1.119700 5.685200 -0.432500
v 1.147100 5.549900 -0.475900
v 1.164300 5.426200 -0.541800
v 1.175400 5.295900 -0.588400
v 1.186200 5.157200 -0.628400
v 1.208300 4.958600 -0.693300
v 1.230000 4.781500 -0.745100
v 1.253300 4.556800 -0.790900
v 1.256400 4.339200 -0.817700
v 1.252600 4.097700 -0.824800
v 1.242600 3.850400 -0.821500
v 1.246400 3.633800 -0.802100
v 1.227400 3.453900 -0.790000
v 1.200900 3.123900 -0.773700
v 1.168500 2.841100 -0.739900
v 1.155400 2.598300 -0.745900
v 1.117500 2.378800 -0.741000
v 1.082300 2.119800 -0.746800
v 1.060800 1.805700 -0.731800
v 1.051700 1.730210 -0.722300
v 1.028900 1.703182 -0.714500
v 1.002200 1.592283 -0.739000
v 1.000500 1.590343 -0.778500
v 0.109000 7.938200 0.259500
v 0.483800 6.694600 -0.455800
v 0.470300 6.902300 -0.429300
v 0.617500 3.575200 -0.889200
v 0.600400 3.800000 -0.889700
v 0.570900 5.420300 -0.653700
v 0.559100 5.592100 -0.637000
v 0.522500 1.773900 -0.770500
v 0.536700 2.073700 -0.849200
v 0.618700 4.273000 -0.897100
v 0.622200 4.470000 -0.878500
v 0.423700 7.370400 -0.339600
v 0.376200 7.535700 -0.267900
v 0.527200 5.835500 -0.583500
v 0.514600 6.061000 -0.566100
v 0.574200 2.518700 -0.789200
v 0.577600 2.778500 -0.840100
v 0.601200 4.867200 -0.791600
v 0.588500 5.046600 -0.737600
v 0.470100 1.145916 -0.804200
v 0.499800 1.162329 -0.809600
v 0.602600 3.376800 -0.823700
v 0.495800 6.457800 -0.484200
v 0.512600 1.516200 -0.765300
v 0.580000 5.303300 -0.674800
v 0.452700 7.165000 -0.389700
v 0.609000 4.039400 -0.895800
v 0.542500 5.701700 -0.601700
v 0.555300 2.316700 -0.786500
v 0.228000 7.791000 -0.086700
v 0.068700 7.870200 -0.020500
v 0.611400 4.685000 -0.831700
v 0.507300 6.231900 -0.518400
v 0.596100 3.067000 -0.809000
v 0.585600 5.164900 -0.715000
v 0.495800 1.335100 -0.758100
v 0.303600 7.672500 -0.179800
v 0.732700 6.735500 -0.354900
v 0.720000 6.929600 -0.293300
v 0.928000 3.604300 -0.864100
v 0.925300 3.828300 -0.877000
v 0.864200 5.513300 -0.580700
v 0.839700 5.649600 -0.550100
v 0.787400 1.787300 -0.799600
v 0.807900 2.095500 -0.845900
v 0.938100 4.310000 -0.875600
v 0.934900 4.518400 -0.845800
v 0.620200 7.387300 -0.179300
v 0.545000 7.564300 -0.121900
v 0.809000 5.898600 -0.491900
v 0.776900 6.071800 -0.483100
v 0.860200 2.562400 -0.813700
v 0.869000 2.809600 -0.834900
v 0.903100 4.921200 -0.765700
v 0.885200 5.109700 -0.707700
v 0.736600 1.329147 -0.838900
v 0.748200 1.338961 -0.801900
v 0.913600 3.419400 -0.847800
v 0.765400 6.504600 -0.370700
v 0.779300 1.537300 -0.792900
v 0.875500 5.385500 -0.632600
v 0.674300 7.177600 -0.229400
v 0.934000 4.071700 -0.879800
v 0.827600 5.761100 -0.514300
v 0.831700 2.351900 -0.810600
v 0.319200 7.833300 0.028000
v 0.085300 7.912300 0.083600
v 0.918900 4.739600 -0.812500
v 0.784300 6.266000 -0.421500
v 0.894000 3.097600 -0.834200
v 0.882400 5.252300 -0.670700
v 0.762300 1.361000 -0.785600
v 0.437500 7.716500 -0.046300
v 0.021300 7.897300 0.091000
v 0.016800 7.861300 -0.017500
v 0.000200 7.857700 -0.017400
v 0.028700 7.911700 0.227800
v 0.045300 7.919300 0.665100
v 0.052900 7.776800 1.068200
v 0.336300 7.596200 1.161600
v 0.436000 7.507700 1.123700
v 0.544400 7.399100 1.078600
v 0.620500 7.250300 1.029500
v 0.719000 7.038600 0.973300
v 0.763200 6.806200 0.911100
v 0.809100 6.591000 0.858200
v 0.835100 6.327000 0.761000
v 0.821500 6.130200 0.675600
v 0.797700 5.952400 0.592500
v 0.773100 5.806600 0.504300
v 0.748000 5.676000 0.346000
v 0.748500 5.561800 0.159500
v 0.732800 5.426800 -0.086100
v 0.719100 5.321600 -0.225600
v 0.714900 5.216300 -0.301600
v 0.737700 5.094700 -0.360700
v 0.781000 4.912500 -0.430200
v 0.831800 4.710700 -0.490600
v 0.875000 4.524800 -0.531700
v 0.904100 4.301800 -0.540400
v 0.946200 4.116500 -0.538500
v 0.955100 3.885800 -0.517400
v 0.944800 3.619000 -0.498300
v 0.929000 3.412500 -0.460500
v 0.923600 3.079500 -0.417700
v 0.904200 2.840100 -0.397600
v 0.882900 2.598400 -0.377900
v 0.859700 2.324700 -0.350300
v 0.833500 2.059700 -0.338200
v 0.815300 1.788100 -0.365500
v 0.800300 1.524200 -0.385000
v 0.778300 1.365140 -0.419300
v 0.768800 1.356766 -0.461500
v 0.771800 1.359400 -0.524700
v 0.192000 7.671300 1.196300
v 0.055200 7.644800 1.245000
v -0.000400 7.638000 1.218000
v 0.379100 7.795800 0.768500
v 0.177700 7.889400 0.833700
v 0.517200 7.664600 0.699700
v 1.084000 3.621700 -0.578400
v 1.101800 3.877600 -0.584300
v 0.910600 6.661100 0.428800
v 0.877500 6.884400 0.497000
v 0.945000 1.540900 -0.465400
v 0.957300 1.773400 -0.444100
v 0.947300 5.340300 -0.278700
v 0.946000 5.446600 -0.180500
v 1.091300 4.109100 -0.587900
v 0.824300 7.124600 0.567600
v 0.986200 2.065300 -0.426600
v 0.945100 5.569200 -0.064800
v 1.060400 4.325800 -0.580700
v 0.731800 7.341100 0.616400
v 1.010400 2.307500 -0.443900
v 0.945800 5.678200 0.048200
v 1.039600 4.531800 -0.569900
v 0.639300 7.510900 0.655200
v 1.030000 2.571000 -0.467400
v 0.958900 5.826300 0.160600
v 1.009400 4.738200 -0.523700
v 0.965000 5.986800 0.244400
v 1.052000 2.820700 -0.489300
v 0.981600 4.937000 -0.461400
v 1.070100 3.081500 -0.513400
v 0.966900 6.177600 0.301000
v 0.918900 1.501103 -0.563700
v 0.920200 1.502465 -0.501600
v 0.958900 5.118400 -0.401700
v 1.080900 3.411300 -0.543500
v 0.952100 6.385500 0.362700
v 0.934200 1.517258 -0.468100
v 0.950800 5.256500 -0.340500
v 0.049200 7.865500 0.877900
v -0.000100 7.855400 0.852100
v 1.148000 5.280700 -0.458100
v 1.127600 5.400800 -0.397900
v 1.016300 1.688499 -0.566600
v 1.036000 1.711535 -0.564200
v 0.922600 6.925900 0.093600
v 0.855700 7.171200 0.168900
v 1.230300 3.860300 -0.701600
v 1.235400 4.102900 -0.705400
v 1.086900 5.651400 -0.255200
v 1.059400 5.751800 -0.193200
v 1.068000 2.119200 -0.586700
v 1.102300 2.314600 -0.579100
v 0.678600 7.558100 0.268800
v 0.544500 7.719100 0.319400
v 1.226300 4.546100 -0.678800
v 1.201000 4.767900 -0.632200
v 1.139000 2.832200 -0.605200
v 1.170700 3.094500 -0.632600
v 1.017800 6.058400 -0.104500
v 1.001800 6.241600 -0.039500
v 1.156800 5.139200 -0.514700
v 0.998500 1.588065 -0.592600
v 0.945800 6.721700 0.058100
v 1.215000 3.625800 -0.680800
v 1.115000 5.513200 -0.323000
v 1.041500 1.805800 -0.575100
v 0.774200 7.381700 0.220600
v 1.233600 4.338500 -0.699600
v 1.040300 5.900900 -0.149100
v 1.122200 2.588000 -0.598700
v 1.181900 4.954700 -0.577500
v 0.997300 1.586700 -0.637300
v 1.201900 3.426800 -0.659100
v 0.973300 6.476700 0.004100
v 0.394600 7.848300 0.377900
v 0.135900 7.947100 0.452500
v 0.037900 7.924800 0.426800
v 0.000000 7.915300 0.415300
v -0.360600 7.732000 0.971300
v -0.492700 7.617000 0.908000
v -0.605200 7.478600 0.859500
v -0.690200 7.314100 0.814200
v -0.786800 7.098500 0.765400
v -0.831800 6.866600 0.698800
v -0.869900 6.651200 0.656800
v -0.890600 6.380700 0.571900
v -0.873200 6.190300 0.498900
v -0.853000 6.003900 0.389100
v -0.838000 5.847200 0.240400
v -0.821500 5.692300 0.073200
v -0.822300 5.567300 -0.066900
v -0.822200 5.425900 -0.193900
v -0.826100 5.316900 -0.304400
v -0.826800 5.214800 -0.378800
v -0.839600 5.079700 -0.461500
v -0.854000 4.891900 -0.514800
v -0.889700 4.693800 -0.539400
v -0.925300 4.508200 -0.567300
v -0.955300 4.302500 -0.558100
v -1.004700 4.107300 -0.558900
v -1.024500 3.885400 -0.552700
v -1.015900 3.625000 -0.550900
v -1.012300 3.419600 -0.505300
v -1.018300 3.092600 -0.475000
v -1.001700 2.853600 -0.465700
v -0.977700 2.615100 -0.456100
v -0.954300 2.348500 -0.438400
v -0.926000 2.086600 -0.421400
v -0.902200 1.811600 -0.451200
v -0.892600 1.559000 -0.454500
v -0.883000 1.464246 -0.460500
v -0.868700 1.449973 -0.485800
v -0.869100 1.450369 -0.544000
v -0.189200 7.812200 1.019100
v -0.384900 7.835200 0.562800
v -0.524800 7.696200 0.494200
v -0.653400 7.535800 0.444100
v -0.750900 7.364200 0.398300
v -0.838500 7.150900 0.339600
v -0.898400 6.910500 0.266000
v -0.926100 6.685800 0.202600
v -0.947800 6.438000 0.144900
v -0.965000 6.234700 0.076300
v -0.971100 6.054600 -0.008500
v -0.982700 5.899200 -0.112600
v -0.992800 5.741000 -0.210100
v -1.017000 5.623500 -0.280500
v -1.047600 5.480300 -0.346400
v -1.060300 5.374500 -0.401600
v -1.086900 5.260900 -0.442400
v -1.098500 5.095800 -0.523400
v -1.129400 4.915500 -0.569200
v -1.149100 4.727100 -0.602600
v -1.173900 4.518200 -0.622500
v -1.184500 4.330300 -0.623700
v -1.194600 4.108000 -0.632600
v -1.193300 3.869800 -0.631600
v -1.160400 3.617800 -0.617700
v -1.153900 3.401100 -0.592500
v -1.116800 3.086700 -0.573600
v -1.090000 2.824500 -0.551500
v -1.066900 2.581900 -0.537500
v -1.048700 2.337100 -0.526800
v -1.028300 2.122300 -0.518100
v -0.998200 1.807200 -0.516200
v -0.988700 1.656969 -0.524500
v -0.980300 1.567545 -0.519700
v -0.970800 1.556984 -0.547200
v -0.969900 1.555989 -0.596600
v -0.159800 7.936100 0.632500
v -0.391400 7.850300 0.174600
v -0.542300 7.735100 0.112600
v -0.679900 7.572600 0.064400
v -0.771000 7.391200 0.018900
v -0.844400 7.180200 -0.027100
v -0.893900 6.920100 -0.106900
v -0.912500 6.745900 -0.131200
v -0.941300 6.505800 -0.209300
v -0.970200 6.248400 -0.284300
v -1.004500 6.074200 -0.358600
v -1.039500 5.919300 -0.427500
v -1.072100 5.773300 -0.498500
v -1.105700 5.677800 -0.547600
v -1.136800 5.533800 -0.596200
v -1.157400 5.403800 -0.648900
v -1.171300 5.266500 -0.684900
v -1.184000 5.120100 -0.716800
v -1.207600 4.921300 -0.754600
v -1.229600 4.750800 -0.784400
v -1.253000 4.536800 -0.806700
v -1.256100 4.328900 -0.820100
v -1.252300 4.093200 -0.826500
v -1.242300 3.844500 -0.823900
v -1.246000 3.626400 -0.805000
v -1.227000 3.445300 -0.793400
v -1.200400 3.112800 -0.778100
v -1.167800 2.827900 -0.745100
v -1.154700 2.583500 -0.751900
v -1.116700 2.362400 -0.747500
v -1.081400 2.101800 -0.754000
v -1.059800 1.786100 -0.739600
v -1.050700 1.729012 -0.730500
v -1.027800 1.701893 -0.723000
v -1.001100 1.591027 -0.747700
v -0.999400 1.589089 -0.787300
v -0.108700 7.939000 0.257100
v -0.478000 6.691600 -0.465200
v -0.466300 6.912500 -0.449600
v -0.621800 3.576000 -0.820100
v -0.587100 3.799200 -0.880400
v -0.557100 5.444700 -0.738200
v -0.546600 5.594400 -0.704700
v -0.490400 1.757000 -0.763200
v -0.536700 2.073700 -0.758400
v -0.612700 4.272700 -0.875500
v -0.624500 4.466200 -0.859400
v -0.423300 7.377900 -0.362600
v -0.376200 7.543000 -0.289400
v -0.509500 5.871800 -0.661900
v -0.502400 6.056200 -0.590000
v -0.564600 2.518500 -0.784600
v -0.577600 2.778500 -0.763200
v -0.598300 4.846800 -0.835100
v -0.587500 5.021300 -0.797700
v -0.419700 1.120364 -0.794200
v -0.493300 1.158651 -0.743200
v -0.594200 3.377300 -0.843900
v -0.485300 6.481800 -0.517500
v -0.470200 1.494200 -0.756900
v -0.571000 5.301100 -0.760600
v -0.451900 7.171700 -0.411000
v -0.598200 4.038700 -0.875800
v -0.524700 5.736200 -0.688300
v -0.543900 2.316100 -0.781400
v -0.227400 7.795100 -0.097900
v -0.068300 7.871300 -0.023500
v -0.608000 4.669100 -0.866700
v -0.493400 6.263700 -0.572500
v -0.589700 3.067000 -0.813600
v -0.580200 5.163000 -0.776100
v -0.448900 1.316400 -0.748900
v -0.303000 7.678400 -0.196800
v -0.727500 6.736100 -0.355800
v -0.715400 6.930200 -0.303600
v -0.930000 3.605000 -0.831200
v -0.925000 3.821500 -0.879700
v -0.854000 5.492300 -0.681100
v -0.830300 5.641400 -0.640800
v -0.786400 1.767000 -0.807700
v -0.807900 2.095500 -0.757300
v -0.937800 4.301200 -0.876800
v -0.933900 4.503100 -0.851200
v -0.620600 7.394200 -0.200100
v -0.544900 7.571500 -0.142800
v -0.789700 5.899900 -0.551800
v -0.764900 6.072800 -0.505000
v -0.859400 2.546500 -0.820000
v -0.869000 2.809600 -0.764000
v -0.902400 4.888000 -0.809900
v -0.884000 5.077400 -0.773400
v -0.735500 1.328224 -0.847700
v -0.742900 1.334458 -0.738900
v -0.913100 3.409600 -0.851700
v -0.751100 6.502800 -0.382900
v -0.778200 1.516000 -0.801300
v -0.868700 5.356800 -0.726200
v -0.673700 7.182100 -0.246000
v -0.933700 4.066500 -0.881900
v -0.810900 5.757500 -0.597400
v -0.830800 2.334600 -0.817400
v -0.319100 7.837400 0.016300
v -0.084700 7.913400 0.080700
v -0.918400 4.712900 -0.839500
v -0.765600 6.265100 -0.438300
v -0.893400 3.085500 -0.839000
v -0.878300 5.218500 -0.753900
v -0.761200 1.430141 -0.794200
v -0.437600 7.722400 -0.063300
v -0.024800 7.897800 0.086000
v -0.056100 7.868000 0.875400
v -0.336300 7.596300 1.161600
v -0.438400 7.507100 1.124000
v -0.549200 7.401400 1.079300
v -0.624400 7.257400 1.028400
v -0.719600 7.049200 0.965900
v -0.763800 6.817100 0.901200
v -0.805700 6.593900 0.850000
v -0.813000 6.314700 0.754700
v -0.790500 6.106000 0.661600
v -0.763000 5.925400 0.541200
v -0.740500 5.785500 0.400300
v -0.722100 5.648600 0.212000
v -0.728100 5.536100 0.032400
v -0.724800 5.419400 -0.157100
v -0.718000 5.306900 -0.276100
v -0.716900 5.190500 -0.359100
v -0.739700 5.065100 -0.433200
v -0.782300 4.884000 -0.495900
v -0.832400 4.686000 -0.523300
v -0.875300 4.507400 -0.546800
v -0.904200 4.294400 -0.541700
v -0.946200 4.115100 -0.538400
v -0.955100 3.885800 -0.517400
v -0.944800 3.619000 -0.498300
v -0.929100 3.412400 -0.461100
v -0.924900 3.078100 -0.424600
v -0.906700 2.837300 -0.411300
v -0.886700 2.594100 -0.398700
v -0.864700 2.319000 -0.377500
v -0.839000 2.053300 -0.367300
v -0.820400 1.782100 -0.391500
v -0.804200 1.519400 -0.404000
v -0.780800 1.367361 -0.430400
v -0.770200 1.357994 -0.467000
v -0.772300 1.359839 -0.526400
v -0.192200 7.671100 1.196400
v -0.061100 7.649300 1.241100
v -0.042600 7.926000 0.427800
v -0.379200 7.795800 0.768500
v -0.177800 7.889300 0.834200
v -0.517200 7.664600 0.699700
v -1.084000 3.621700 -0.578400
v -1.101800 3.877600 -0.584300
v -0.904400 6.662700 0.424500
v -0.877600 6.895700 0.493700
v -0.950000 1.547100 -0.460500
v -0.949200 1.808900 -0.480200
v -0.940200 5.341800 -0.350900
v -0.936400 5.452100 -0.270400
v -1.091300 4.107800 -0.587700
v -0.825900 7.130200 0.558900
v -0.977300 2.104500 -0.466400
v -0.928900 5.598000 -0.171700
v -1.060600 4.316500 -0.583900
v -0.732300 7.344600 0.609400
v -1.002200 2.343300 -0.480300
v -0.923100 5.721400 -0.065600
v -1.039900 4.512400 -0.588700
v -0.639300 7.512200 0.652900
v -1.023700 2.598700 -0.495500
v -0.932500 5.879200 0.071800
v -1.009900 4.708600 -0.565400
v -0.937200 6.035700 0.207100
v -1.047900 2.838800 -0.507700
v -0.982300 4.901200 -0.538100
v -1.068100 3.090100 -0.522100
v -0.944200 6.219200 0.310100
v -0.919500 1.501732 -0.563100
v -0.918000 1.500161 -0.511400
v -0.960000 5.083900 -0.490200
v -1.080700 3.412000 -0.544200
v -0.940700 6.416500 0.380800
v -0.930200 1.513009 -0.485700
v -0.950200 5.233000 -0.409100
v -0.019100 7.862000 -0.018900
v -1.145500 5.262200 -0.550900
v -1.125000 5.387900 -0.503700
v -1.016300 1.688499 -0.566600
v -1.029600 1.704003 -0.570200
v -0.919700 6.918500 0.072600
v -0.856000 7.163400 0.166600
v -1.230300 3.860300 -0.701600
v -1.235400 4.102300 -0.705300
v -1.079500 5.649600 -0.399500
v -1.051700 5.750200 -0.322200
v -1.068000 2.119200 -0.586700
v -1.093400 2.356500 -0.587400
v -0.678600 7.560300 0.262300
v -0.544500 7.721300 0.312900
v -1.226200 4.527700 -0.696000
v -1.200700 4.738400 -0.674400
v -1.139000 2.832200 -0.605200
v -1.168400 3.105000 -0.634700
v -1.005800 6.063100 -0.185200
v -0.993500 6.226900 -0.075500
v -1.155500 5.107200 -0.604800
v -0.998500 1.588065 -0.592600
v -0.940500 6.714100 0.024600
v -1.215000 3.625800 -0.680800
v -1.109400 5.504900 -0.455600
v -1.041500 1.805800 -0.575100
v -0.774300 7.381700 0.215300
v -1.233600 4.330100 -0.701900
v -1.029300 5.908600 -0.266300
v -1.122200 2.588000 -0.598700
v -1.181500 4.917500 -0.644700
v -0.997300 1.586700 -0.637300
v -1.201900 3.426800 -0.659100
v -0.965100 6.470800 -0.043000
v -0.394500 7.849700 0.373800
v -0.135900 7.947400 0.451500
v -0.032000 7.913100 0.228000
v -0.061000 7.776900 1.071800
v -0.051000 7.919600 0.669600
v 0.000200 7.890300 0.088100
v 0.000100 7.900600 0.212300
v 0.000000 7.912300 0.637900
v -0.000200 7.761600 1.041600
vt 0.6817 0.8063
vt 0.6854 0.8219
vt 0.6828 0.8231
vt 0.6789 0.8071
vt 0.6916 0.3754
vt 0.6915 0.3957
vt 0.6885 0.3951
vt 0.6886 0.3747
vt 0.6676 0.6779
vt 0.6647 0.6939
vt 0.6625 0.6922
vt 0.6655 0.6759
vt 0.6890 0.8317
vt 0.6868 0.8333
vt 0.6895 0.5496
vt 0.6879 0.5677
vt 0.6848 0.5672
vt 0.6864 0.5492
vt 0.6638 0.7102
vt 0.6614 0.7088
vt 0.6912 0.4167
vt 0.6881 0.4160
vt 0.6848 0.5817
vt 0.6818 0.5810
vt 0.6912 0.8404
vt 0.6894 0.8425
vt 0.6911 0.4349
vt 0.6881 0.4343
vt 0.6639 0.7230
vt 0.6612 0.7219
vt 0.6932 0.8483
vt 0.6914 0.8506
vt 0.6802 0.5980
vt 0.6771 0.5970
vt 0.6913 0.4527
vt 0.6883 0.4521
vt 0.6650 0.7387
vt 0.6622 0.7379
vt 0.6981 0.2818
vt 0.6960 0.2964
vt 0.6931 0.2952
vt 0.6952 0.2807
vt 0.6750 0.6136
vt 0.6721 0.6124
vt 0.6904 0.4782
vt 0.6873 0.4777
vt 0.6676 0.7562
vt 0.6648 0.7557
vt 0.6941 0.3118
vt 0.6912 0.3108
vt 0.6724 0.6249
vt 0.6698 0.6234
vt 0.6953 0.8561
vt 0.6932 0.8571
vt 0.6911 0.4948
vt 0.6880 0.4943
vt 0.6720 0.7758
vt 0.6691 0.7756
vt 0.6939 0.3316
vt 0.6909 0.3308
vt 0.6720 0.6392
vt 0.6695 0.6374
vt 0.6914 0.5168
vt 0.6884 0.5164
vt 0.6761 0.7911
vt 0.6732 0.7914
vt 0.6710 0.6554
vt 0.6686 0.6533
vt 0.6927 0.3541
vt 0.6897 0.3533
vt 0.6916 0.5360
vt 0.6885 0.5356
vt 0.9276 0.5360
vt 0.9307 0.5356
vt 0.9328 0.5492
vt 0.9297 0.5496
vt 0.9375 0.8063
vt 0.9402 0.8071
vt 0.9363 0.8231
vt 0.9337 0.8219
vt 0.9276 0.3754
vt 0.9306 0.3747
vt 0.9307 0.3951
vt 0.9277 0.3957
vt 0.9516 0.6779
vt 0.9537 0.6759
vt 0.9567 0.6922
vt 0.9544 0.6939
vt 0.9324 0.8333
vt 0.9301 0.8317
vt 0.9343 0.5672
vt 0.9312 0.5677
vt 0.9577 0.7088
vt 0.9553 0.7102
vt 0.9311 0.4160
vt 0.9280 0.4167
vt 0.9374 0.5810
vt 0.9343 0.5817
vt 0.9298 0.8425
vt 0.9279 0.8404
vt 0.9310 0.4343
vt 0.9280 0.4349
vt 0.9579 0.7219
vt 0.9553 0.7230
vt 0.9277 0.8506
vt 0.9259 0.8483
vt 0.9421 0.5970
vt 0.9390 0.5980
vt 0.9309 0.4521
vt 0.9279 0.4527
vt 0.9570 0.7379
vt 0.9542 0.7387
vt 0.9212 0.2818
vt 0.9240 0.2807
vt 0.9261 0.2952
vt 0.9232 0.2964
vt 0.9470 0.6124
vt 0.9442 0.6136
vt 0.9318 0.4777
vt 0.9288 0.4782
vt 0.9544 0.7557
vt 0.9516 0.7562
vt 0.9280 0.3108
vt 0.9251 0.3118
vt 0.9494 0.6234
vt 0.9467 0.6249
vt 0.9259 0.8571
vt 0.9238 0.8561
vt 0.9311 0.4943
vt 0.9281 0.4948
vt 0.9500 0.7757
vt 0.9472 0.7758
vt 0.9283 0.3308
vt 0.9253 0.3316
vt 0.9497 0.6374
vt 0.9472 0.6392
vt 0.9308 0.5164
vt 0.9277 0.5168
vt 0.9459 0.7914
vt 0.9430 0.7911
vt 0.9506 0.6533
vt 0.9482 0.6554
vt 0.9295 0.3533
vt 0.9265 0.3541
vt 0.7041 0.8539
vt 0.7014 0.8435
vt 0.7061 0.8433
vt 0.7087 0.8538
vt 0.7020 0.8258
vt 0.7040 0.8351
vt 0.6994 0.8358
vt 0.6978 0.8271
vt 0.6989 0.8157
vt 0.6947 0.8175
vt 0.6952 0.8010
vt 0.6912 0.8029
vt 0.6904 0.7863
vt 0.6861 0.7884
vt 0.6863 0.7718
vt 0.6820 0.7739
vt 0.6821 0.7528
vt 0.6777 0.7550
vt 0.6792 0.7369
vt 0.6748 0.7386
vt 0.6772 0.7220
vt 0.6732 0.7236
vt 0.6761 0.7094
vt 0.6724 0.7112
vt 0.6758 0.6940
vt 0.6725 0.6957
vt 0.6774 0.6788
vt 0.6746 0.6803
vt 0.6806 0.6585
vt 0.6781 0.6590
vt 0.6822 0.6426
vt 0.6796 0.6427
vt 0.6832 0.6287
vt 0.6805 0.6283
vt 0.6859 0.6163
vt 0.6833 0.6162
vt 0.6903 0.6001
vt 0.6883 0.6000
vt 0.6942 0.5833
vt 0.6926 0.5832
vt 0.6971 0.5687
vt 0.6956 0.5687
vt 0.6986 0.5509
vt 0.6971 0.5507
vt 0.7012 0.5366
vt 0.6996 0.5367
vt 0.7015 0.5178
vt 0.6995 0.5177
vt 0.7015 0.4962
vt 0.6994 0.4960
vt 0.7008 0.4799
vt 0.6986 0.4796
vt 0.7019 0.4547
vt 0.6996 0.4543
vt 0.7019 0.4368
vt 0.6995 0.4366
vt 0.7019 0.4186
vt 0.6996 0.4183
vt 0.7020 0.3979
vt 0.6998 0.3975
vt 0.7020 0.3777
vt 0.6998 0.3773
vt 0.7033 0.3563
vt 0.7011 0.3560
vt 0.7043 0.3346
vt 0.7021 0.3340
vt 0.7046 0.3145
vt 0.7023 0.3141
vt 0.7060 0.2991
vt 0.7038 0.2989
vt 0.7081 0.2842
vt 0.7060 0.2842
vt 0.7084 0.8683
vt 0.7040 0.8684
vt 0.9151 0.8351
vt 0.9197 0.8358
vt 0.9177 0.8435
vt 0.9130 0.8433
vt 0.9150 0.8539
vt 0.9105 0.8538
vt 0.9171 0.8258
vt 0.9214 0.8271
vt 0.9202 0.8157
vt 0.9244 0.8175
vt 0.9240 0.8010
vt 0.9280 0.8029
vt 0.9287 0.7863
vt 0.9330 0.7884
vt 0.9328 0.7718
vt 0.9372 0.7739
vt 0.9370 0.7528
vt 0.9415 0.7550
vt 0.9400 0.7369
vt 0.9443 0.7386
vt 0.9420 0.7220
vt 0.9460 0.7236
vt 0.9431 0.7094
vt 0.9468 0.7112
vt 0.9434 0.6940
vt 0.9466 0.6957
vt 0.9417 0.6788
vt 0.9445 0.6803
vt 0.9385 0.6585
vt 0.9410 0.6590
vt 0.9369 0.6426
vt 0.9395 0.6427
vt 0.9360 0.6287
vt 0.9387 0.6283
vt 0.9332 0.6163
vt 0.9359 0.6162
vt 0.9288 0.6001
vt 0.9308 0.6000
vt 0.9249 0.5833
vt 0.9266 0.5832
vt 0.9220 0.5687
vt 0.9236 0.5687
vt 0.9206 0.5509
vt 0.9221 0.5507
vt 0.9180 0.5366
vt 0.9196 0.5367
vt 0.9177 0.5178
vt 0.9197 0.5177
vt 0.9176 0.4962
vt 0.9198 0.4960
vt 0.9183 0.4799
vt 0.9206 0.4796
vt 0.9173 0.4547
vt 0.9196 0.4543
vt 0.9173 0.4368
vt 0.9197 0.4365
vt 0.9173 0.4186
vt 0.9196 0.4183
vt 0.9172 0.3979
vt 0.9194 0.3975
vt 0.9172 0.3777
vt 0.9194 0.3773
vt 0.9159 0.3563
vt 0.9181 0.3560
vt 0.9149 0.3346
vt 0.9171 0.3340
vt 0.9146 0.3145
vt 0.9169 0.3141
vt 0.9133 0.2991
vt 0.9154 0.2989
vt 0.9111 0.2842
vt 0.9132 0.2842
vt 0.9151 0.8684
vt 0.9107 0.8683
vt 0.6956 0.5505
vt 0.6925 0.5500
vt 0.6948 0.5364
vt 0.6979 0.5368
vt 0.6905 0.8194
vt 0.6880 0.8206
vt 0.6844 0.8056
vt 0.6872 0.8048
vt 0.6975 0.3971
vt 0.6945 0.3964
vt 0.6946 0.3762
vt 0.6976 0.3769
vt 0.6693 0.6974
vt 0.6670 0.6957
vt 0.6697 0.6799
vt 0.6718 0.6819
vt 0.6935 0.8285
vt 0.6913 0.8301
vt 0.6941 0.5687
vt 0.6910 0.5682
vt 0.6687 0.7130
vt 0.6663 0.7116
vt 0.6972 0.4180
vt 0.6942 0.4174
vt 0.6910 0.5830
vt 0.6879 0.5824
vt 0.6948 0.8364
vt 0.6930 0.8384
vt 0.6972 0.4363
vt 0.6942 0.4356
vt 0.6692 0.7252
vt 0.6665 0.7241
vt 0.6968 0.8438
vt 0.6950 0.8460
vt 0.6864 0.5999
vt 0.6833 0.5989
vt 0.6973 0.4540
vt 0.6943 0.4533
vt 0.6705 0.7403
vt 0.6677 0.7395
vt 0.7017 0.2986
vt 0.6988 0.2975
vt 0.7010 0.2830
vt 0.7039 0.2842
vt 0.6806 0.6161
vt 0.6778 0.6149
vt 0.6964 0.4794
vt 0.6934 0.4788
vt 0.6732 0.7571
vt 0.6704 0.7566
vt 0.7000 0.3137
vt 0.6970 0.3128
vt 0.6777 0.6279
vt 0.6751 0.6264
vt 0.6995 0.8540
vt 0.6974 0.8551
vt 0.6972 0.4958
vt 0.6941 0.4953
vt 0.6776 0.7760
vt 0.6748 0.7759
vt 0.6999 0.3333
vt 0.6969 0.3325
vt 0.6770 0.6428
vt 0.6745 0.6410
vt 0.6975 0.5177
vt 0.6945 0.5172
vt 0.6818 0.7906
vt 0.6789 0.7909
vt 0.6757 0.6595
vt 0.6733 0.6574
vt 0.6988 0.3556
vt 0.6958 0.3549
vt 0.9213 0.5368
vt 0.9244 0.5364
vt 0.9266 0.5500
vt 0.9235 0.5505
vt 0.9319 0.8048
vt 0.9347 0.8056
vt 0.9312 0.8206
vt 0.9286 0.8194
vt 0.9216 0.3769
vt 0.9246 0.3762
vt 0.9247 0.3964
vt 0.9217 0.3971
vt 0.9473 0.6819
vt 0.9495 0.6799
vt 0.9522 0.6957
vt 0.9499 0.6974
vt 0.9279 0.8301
vt 0.9256 0.8285
vt 0.9282 0.5682
vt 0.9251 0.5687
vt 0.9529 0.7116
vt 0.9504 0.7130
vt 0.9250 0.4174
vt 0.9219 0.4180
vt 0.9313 0.5824
vt 0.9282 0.5830
vt 0.9261 0.8384
vt 0.9243 0.8364
vt 0.9250 0.4356
vt 0.9220 0.4363
vt 0.9526 0.7241
vt 0.9499 0.7252
vt 0.9241 0.8460
vt 0.9224 0.8438
vt 0.9359 0.5989
vt 0.9328 0.5999
vt 0.9249 0.4533
vt 0.9219 0.4540
vt 0.9514 0.7395
vt 0.9486 0.7403
vt 0.9154 0.2842
vt 0.9183 0.2830
vt 0.9204 0.2975
vt 0.9175 0.2986
vt 0.9414 0.6149
vt 0.9385 0.6161
vt 0.9258 0.4788
vt 0.9228 0.4794
vt 0.9487 0.7566
vt 0.9459 0.7571
vt 0.9222 0.3128
vt 0.9192 0.3137
vt 0.9441 0.6264
vt 0.9414 0.6279
vt 0.9217 0.8551
vt 0.9196 0.8540
vt 0.9250 0.4953
vt 0.9220 0.4958
vt 0.9443 0.7759
vt 0.9415 0.7760
vt 0.9223 0.3325
vt 0.9193 0.3333
vt 0.9447 0.6410
vt 0.9422 0.6428
vt 0.9247 0.5172
vt 0.9216 0.5177
vt 0.9402 0.7909
vt 0.9373 0.7906
vt 0.9458 0.6574
vt 0.9435 0.6595
vt 0.9234 0.3549
vt 0.9204 0.3556
vt 0.0970 0.9464
vt 0.0727 0.9504
vt 0.0683 0.9398
vt 0.0932 0.9318
vt 0.0932 0.9318
vt 0.0892 0.9145
vt 0.1131 0.9060
vt 0.1183 0.9243
vt 0.0837 0.8965
vt 0.1070 0.8866
vt 0.0771 0.8718
vt 0.0999 0.8616
vt 0.0700 0.8467
vt 0.0944 0.8354
vt 0.0631 0.8228
vt 0.0878 0.8115
vt 0.0564 0.7911
vt 0.0819 0.7794
vt 0.0513 0.7657
vt 0.0763 0.7561
vt 0.0471 0.7413
vt 0.0702 0.7318
vt 0.0445 0.7196
vt 0.0664 0.7087
vt 0.0430 0.6943
vt 0.0625 0.6840
vt 0.0445 0.6695
vt 0.0622 0.6611
vt 0.0491 0.6383
vt 0.0633 0.6353
vt 0.0521 0.6128
vt 0.0677 0.6125
vt 0.0540 0.5908
vt 0.0699 0.5933
vt 0.0583 0.5696
vt 0.0731 0.5701
vt 0.0640 0.5425
vt 0.0745 0.5427
vt 0.0697 0.5148
vt 0.0779 0.5152
vt 0.0742 0.4900
vt 0.0815 0.4897
vt 0.0766 0.4608
vt 0.0838 0.4617
vt 0.0813 0.4362
vt 0.0895 0.4352
vt 0.0826 0.4054
vt 0.0927 0.4056
vt 0.0832 0.3699
vt 0.0944 0.3711
vt 0.0821 0.3429
vt 0.0938 0.3443
vt 0.0839 0.3012
vt 0.0967 0.3032
vt 0.0841 0.2713
vt 0.0975 0.2730
vt 0.0841 0.2410
vt 0.0972 0.2427
vt 0.0842 0.2066
vt 0.0972 0.2088
vt 0.0840 0.1732
vt 0.0963 0.1756
vt 0.0862 0.1375
vt 0.0988 0.1395
vt 0.0878 0.1020
vt 0.1004 0.1059
vt 0.0886 0.0677
vt 0.1018 0.0698
vt 0.0904 0.0420
vt 0.1027 0.0436
vt 0.0939 0.0166
vt 0.1063 0.0170
vt 0.1010 0.9643
vt 0.0769 0.9655
vt 0.1424 0.9353
vt 0.1626 0.9274
vt 0.1689 0.9534
vt 0.1471 0.9587
vt 0.1386 0.9158
vt 0.1584 0.9072
vt 0.1036 0.3711
vt 0.1135 0.3711
vt 0.1149 0.4042
vt 0.1033 0.4048
vt 0.1107 0.8016
vt 0.1337 0.7927
vt 0.1377 0.8173
vt 0.1161 0.8259
vt 0.1078 0.1065
vt 0.1153 0.1070
vt 0.1135 0.1398
vt 0.1062 0.1396
vt 0.0870 0.6108
vt 0.1067 0.6094
vt 0.1066 0.6262
vt 0.0849 0.6305
vt 0.1137 0.4351
vt 0.1011 0.4352
vt 0.1418 0.8433
vt 0.1209 0.8521
vt 0.1136 0.1812
vt 0.1050 0.1784
vt 0.1087 0.6484
vt 0.0854 0.6544
vt 0.1126 0.4641
vt 0.0977 0.4630
vt 0.1471 0.8666
vt 0.1273 0.8763
vt 0.1136 0.2088
vt 0.1055 0.2088
vt 0.1107 0.6675
vt 0.0861 0.6752
vt 0.1128 0.4884
vt 0.0967 0.4891
vt 0.1526 0.8864
vt 0.1330 0.8961
vt 0.1130 0.2397
vt 0.1053 0.2412
vt 0.1164 0.6911
vt 0.0909 0.6995
vt 0.1124 0.5160
vt 0.0946 0.5158
vt 0.1203 0.7141
vt 0.0949 0.7227
vt 0.1136 0.2702
vt 0.1057 0.2716
vt 0.1122 0.5417
vt 0.0927 0.5423
vt 0.1140 0.3036
vt 0.1054 0.3034
vt 0.1247 0.7385
vt 0.1002 0.7470
vt 0.1133 0.0184
vt 0.1204 0.0198
vt 0.1173 0.0493
vt 0.1099 0.0464
vt 0.1098 0.5677
vt 0.0907 0.5688
vt 0.1141 0.3433
vt 0.1038 0.3439
vt 0.1279 0.7644
vt 0.1047 0.7715
vt 0.1156 0.0760
vt 0.1087 0.0729
vt 0.1076 0.5925
vt 0.0887 0.5931
vt 0.1249 0.5869
vt 0.1427 0.5816
vt 0.1445 0.5992
vt 0.1260 0.6042
vt 0.1229 0.0798
vt 0.1317 0.0836
vt 0.1327 0.1083
vt 0.1234 0.1076
vt 0.1549 0.8088
vt 0.1724 0.8005
vt 0.1751 0.8287
vt 0.1584 0.8357
vt 0.1246 0.4025
vt 0.1354 0.4008
vt 0.1358 0.4326
vt 0.1244 0.4339
vt 0.1291 0.6424
vt 0.1486 0.6359
vt 0.1502 0.6506
vt 0.1302 0.6591
vt 0.1238 0.1814
vt 0.1354 0.1815
vt 0.1344 0.2153
vt 0.1233 0.2120
vt 0.1683 0.8782
vt 0.1836 0.8702
vt 0.1893 0.8900
vt 0.1742 0.8986
vt 0.1245 0.4883
vt 0.1367 0.4880
vt 0.1376 0.5146
vt 0.1248 0.5155
vt 0.1225 0.2717
vt 0.1333 0.2732
vt 0.1349 0.3094
vt 0.1239 0.3065
vt 0.1383 0.7044
vt 0.1573 0.6949
vt 0.1606 0.7194
vt 0.1421 0.7290
vt 0.1253 0.5651
vt 0.1408 0.5625
vt 0.1242 0.0497
vt 0.1325 0.0499
vt 0.1504 0.7869
vt 0.1678 0.7818
vt 0.1236 0.3723
vt 0.1344 0.3734
vt 0.1262 0.6213
vt 0.1456 0.6167
vt 0.1229 0.1399
vt 0.1338 0.1400
vt 0.1633 0.8585
vt 0.1794 0.8509
vt 0.1242 0.4632
vt 0.1364 0.4624
vt 0.1344 0.6818
vt 0.1532 0.6726
vt 0.1231 0.2413
vt 0.1344 0.2430
vt 0.1252 0.5392
vt 0.1386 0.5364
vt 0.1267 0.0212
vt 0.1342 0.0226
vt 0.1235 0.3469
vt 0.1344 0.3506
vt 0.1460 0.7583
vt 0.1649 0.7525
vt 0.1788 0.9183
vt 0.1942 0.9088
vt 0.2058 0.9396
vt 0.1877 0.9475
vt 0.2752 0.7683
vt 0.2912 0.7683
vt 0.2894 0.7929
vt 0.2740 0.7928
vt 0.2727 0.3526
vt 0.2940 0.3491
vt 0.2955 0.3816
vt 0.2743 0.3845
vt 0.2766 0.5974
vt 0.2963 0.5946
vt 0.2958 0.6176
vt 0.2766 0.6192
vt 0.2566 0.1216
vt 0.2747 0.1184
vt 0.2781 0.1567
vt 0.2597 0.1603
vt 0.2760 0.4469
vt 0.2975 0.4441
vt 0.2979 0.4681
vt 0.2763 0.4711
vt 0.2656 0.8491
vt 0.2789 0.8517
vt 0.2736 0.8691
vt 0.2614 0.8674
vt 0.2771 0.6628
vt 0.2949 0.6638
vt 0.2944 0.6867
vt 0.2771 0.6864
vt 0.2634 0.2145
vt 0.2830 0.2100
vt 0.2861 0.2442
vt 0.2662 0.2482
vt 0.2769 0.5220
vt 0.2977 0.5195
vt 0.2975 0.5400
vt 0.2770 0.5431
vt 0.2494 0.0127
vt 0.2666 0.0106
vt 0.2682 0.0346
vt 0.2510 0.0370
vt 0.2712 0.3249
vt 0.2921 0.3208
vt 0.2761 0.7395
vt 0.2926 0.7386
vt 0.2537 0.0860
vt 0.2716 0.0823
vt 0.2767 0.5777
vt 0.2968 0.5744
vt 0.2708 0.8234
vt 0.2853 0.8247
vt 0.2753 0.4158
vt 0.2968 0.4128
vt 0.2768 0.6432
vt 0.2953 0.6435
vt 0.2619 0.1906
vt 0.2809 0.1866
vt 0.2497 0.9036
vt 0.2571 0.9039
vt 0.2474 0.9173
vt 0.2439 0.9173
vt 0.2767 0.4982
vt 0.2979 0.4953
vt 0.2766 0.7115
vt 0.2937 0.7102
vt 0.2688 0.2867
vt 0.2893 0.2830
vt 0.2769 0.5606
vt 0.2972 0.5574
vt 0.2523 0.0634
vt 0.2700 0.0601
vt 0.2667 0.8862
vt 0.2563 0.8849
vt 0.1991 0.7744
vt 0.2303 0.7682
vt 0.2308 0.7930
vt 0.2001 0.7964
vt 0.1740 0.3672
vt 0.2132 0.3613
vt 0.2150 0.3913
vt 0.1758 0.3961
vt 0.1835 0.6114
vt 0.2209 0.6055
vt 0.2222 0.6261
vt 0.1855 0.6316
vt 0.1709 0.1344
vt 0.2055 0.1289
vt 0.2078 0.1688
vt 0.1726 0.1750
vt 0.1761 0.4580
vt 0.2159 0.4536
vt 0.2162 0.4788
vt 0.1764 0.4837
vt 0.2034 0.8468
vt 0.2277 0.8450
vt 0.2264 0.8651
vt 0.2048 0.8669
vt 0.1906 0.6678
vt 0.2267 0.6639
vt 0.2284 0.6889
vt 0.1931 0.6916
vt 0.1716 0.2345
vt 0.2085 0.2263
vt 0.2106 0.2587
vt 0.1733 0.2661
vt 0.1795 0.5329
vt 0.2187 0.5287
vt 0.2196 0.5514
vt 0.1810 0.5569
vt 0.1695 0.0208
vt 0.2018 0.0177
vt 0.2028 0.0430
vt 0.1698 0.0469
vt 0.1742 0.3432
vt 0.2129 0.3359
vt 0.1956 0.7473
vt 0.2295 0.7423
vt 0.1689 0.1011
vt 0.2032 0.0948
vt 0.1824 0.5931
vt 0.2203 0.5869
vt 0.2017 0.8240
vt 0.2294 0.8217
vt 0.1759 0.4277
vt 0.2155 0.4229
vt 0.1879 0.6479
vt 0.2242 0.6451
vt 0.1724 0.2078
vt 0.2085 0.2006
vt 0.2099 0.9050
vt 0.2245 0.9026
vt 0.2303 0.9239
vt 0.2207 0.9307
vt 0.1781 0.5106
vt 0.2176 0.5058
vt 0.1936 0.7172
vt 0.2286 0.7151
vt 0.1735 0.3024
vt 0.2116 0.2960
vt 0.1816 0.5753
vt 0.2199 0.5694
vt 0.1688 0.0774
vt 0.2027 0.0716
vt 0.2258 0.8844
vt 0.2074 0.8868
vt 0.2592 0.7682
vt 0.2586 0.7926
vt 0.2513 0.3561
vt 0.2530 0.3874
vt 0.2568 0.6001
vt 0.2574 0.6208
vt 0.2384 0.1249
vt 0.2412 0.1639
vt 0.2544 0.4496
vt 0.2548 0.4741
vt 0.2524 0.8466
vt 0.2492 0.8657
vt 0.2592 0.6618
vt 0.2598 0.6860
vt 0.2438 0.2191
vt 0.2463 0.2523
vt 0.2561 0.5246
vt 0.2565 0.5461
vt 0.2323 0.0148
vt 0.2338 0.0395
vt 0.2503 0.3291
vt 0.2595 0.7404
vt 0.2358 0.0897
vt 0.2567 0.5809
vt 0.2563 0.8221
vt 0.2538 0.4187
vt 0.2583 0.6429
vt 0.2429 0.1946
vt 0.2422 0.9033
vt 0.2403 0.9174
vt 0.2556 0.5012
vt 0.2594 0.7127
vt 0.2484 0.2904
vt 0.2566 0.5638
vt 0.2347 0.0668
vt 0.2459 0.8837
vt 0.2242 0.9349
vt 0.2333 0.9271
vt 0.2364 0.9302
vt 0.2276 0.9391
vt 0.2116 0.9440
vt 0.2175 0.9483
vt 0.1931 0.9542
vt 0.1986 0.9610
vt 0.1499 0.9696
vt 0.1735 0.9623
vt 0.1781 0.9713
vt 0.1527 0.9805
vt 0.1007 0.9762
vt 0.1258 0.9740
vt 0.1264 0.9858
vt 0.1003 0.9881
vt 0.0638 0.4360
vt 0.0602 0.4586
vt 0.0525 0.4575
vt 0.0560 0.4350
vt 0.0457 0.8858
vt 0.0531 0.9133
vt 0.0477 0.9147
vt 0.0385 0.8875
vt 0.0637 0.1690
vt 0.0635 0.2027
vt 0.0560 0.2010
vt 0.0562 0.1671
vt 0.0230 0.6734
vt 0.0183 0.6999
vt 0.0127 0.6956
vt 0.0177 0.6685
vt 0.0580 0.9312
vt 0.0501 0.9350
vt 0.0576 0.4888
vt 0.0499 0.4876
vt 0.0708 0.9801
vt 0.0683 0.9873
vt 0.0599 0.9877
vt 0.0613 0.9803
vt 0.0170 0.7267
vt 0.0109 0.7232
vt 0.0630 0.2376
vt 0.0554 0.2359
vt 0.0525 0.5122
vt 0.0448 0.5106
vt 0.0621 0.9451
vt 0.0540 0.9492
vt 0.0629 0.2679
vt 0.0554 0.2663
vt 0.0172 0.7478
vt 0.0106 0.7451
vt 0.0670 0.9558
vt 0.0590 0.9602
vt 0.0447 0.5396
vt 0.0370 0.5372
vt 0.0632 0.2975
vt 0.0557 0.2959
vt 0.0191 0.7737
vt 0.0122 0.7717
vt 0.0743 0.0135
vt 0.0708 0.0377
vt 0.0637 0.0349
vt 0.0671 0.0106
vt 0.0358 0.5658
vt 0.0288 0.5627
vt 0.0616 0.3400
vt 0.0541 0.3385
vt 0.0240 0.8021
vt 0.0168 0.8007
vt 0.0678 0.0632
vt 0.0605 0.0608
vt 0.0315 0.5848
vt 0.0249 0.5811
vt 0.0703 0.9674
vt 0.0607 0.9684
vt 0.0628 0.3674
vt 0.0552 0.3662
vt 0.0305 0.8346
vt 0.0233 0.8346
vt 0.0675 0.0961
vt 0.0601 0.0941
vt 0.0306 0.6089
vt 0.0243 0.6045
vt 0.0634 0.4041
vt 0.0558 0.4030
vt 0.0366 0.8603
vt 0.0294 0.8613
vt 0.0288 0.6360
vt 0.0229 0.6309
vt 0.0656 0.1335
vt 0.0579 0.1315
vt 0.1216 0.9425
vt 0.0648 0.9261
vt 0.0593 0.9095
vt 0.0527 0.8840
vt 0.0436 0.8593
vt 0.0374 0.8345
vt 0.0311 0.8035
vt 0.0261 0.7757
vt 0.0239 0.7505
vt 0.0231 0.7302
vt 0.0240 0.7043
vt 0.0282 0.6784
vt 0.0346 0.6411
vt 0.0369 0.6133
vt 0.0381 0.5885
vt 0.0429 0.5689
vt 0.0524 0.5420
vt 0.0601 0.5139
vt 0.0653 0.4901
vt 0.0679 0.4597
vt 0.0717 0.4370
vt 0.0711 0.4051
vt 0.0705 0.3687
vt 0.0692 0.3414
vt 0.0706 0.2991
vt 0.0704 0.2696
vt 0.0706 0.2392
vt 0.0710 0.2044
vt 0.0712 0.1708
vt 0.0732 0.1354
vt 0.0750 0.0982
vt 0.0751 0.0657
vt 0.0780 0.0405
vt 0.0816 0.0165
vt 0.1252 0.9622
vt 0.0770 0.9795
vt 0.0728 0.9864
vt 0.5199 0.9464
vt 0.5237 0.9318
vt 0.5494 0.9391
vt 0.5445 0.9504
vt 0.5237 0.9318
vt 0.4986 0.9243
vt 0.5039 0.9060
vt 0.5278 0.9145
vt 0.5099 0.8866
vt 0.5332 0.8965
vt 0.5171 0.8616
vt 0.5399 0.8718
vt 0.5225 0.8354
vt 0.5469 0.8467
vt 0.5291 0.8115
vt 0.5538 0.8228
vt 0.5351 0.7794
vt 0.5605 0.7911
vt 0.5407 0.7561
vt 0.5656 0.7657
vt 0.5468 0.7318
vt 0.5699 0.7413
vt 0.5506 0.7087
vt 0.5725 0.7196
vt 0.5545 0.6840
vt 0.5740 0.6943
vt 0.5548 0.6611
vt 0.5724 0.6695
vt 0.5536 0.6353
vt 0.5679 0.6383
vt 0.5493 0.6125
vt 0.5649 0.6128
vt 0.5471 0.5933
vt 0.5630 0.5908
vt 0.5439 0.5701
vt 0.5587 0.5696
vt 0.5425 0.5427
vt 0.5530 0.5425
vt 0.5391 0.5152
vt 0.5473 0.5148
vt 0.5355 0.4897
vt 0.5428 0.4900
vt 0.5332 0.4617
vt 0.5405 0.4608
vt 0.5276 0.4352
vt 0.5357 0.4362
vt 0.5243 0.4056
vt 0.5344 0.4054
vt 0.5226 0.3711
vt 0.5339 0.3699
vt 0.5233 0.3443
vt 0.5350 0.3429
vt 0.5203 0.3032
vt 0.5331 0.3012
vt 0.5196 0.2730
vt 0.5329 0.2713
vt 0.5198 0.2427
vt 0.5330 0.2410
vt 0.5199 0.2088
vt 0.5329 0.2066
vt 0.5207 0.1756
vt 0.5331 0.1732
vt 0.5183 0.1395
vt 0.5308 0.1375
vt 0.5167 0.1059
vt 0.5292 0.1020
vt 0.5152 0.0698
vt 0.5285 0.0677
vt 0.5144 0.0436
vt 0.5267 0.0420
vt 0.5108 0.0170
vt 0.5232 0.0166
vt 0.5159 0.9643
vt 0.5404 0.9652
vt 0.4746 0.9353
vt 0.4699 0.9587
vt 0.4480 0.9533
vt 0.4544 0.9273
vt 0.4783 0.9157
vt 0.4585 0.9071
vt 0.5134 0.3711
vt 0.5137 0.4048
vt 0.5022 0.4041
vt 0.5035 0.3711
vt 0.5063 0.8016
vt 0.5008 0.8259
vt 0.4792 0.8173
vt 0.4832 0.7927
vt 0.5092 0.1064
vt 0.5109 0.1396
vt 0.5036 0.1398
vt 0.5018 0.1070
vt 0.5300 0.6108
vt 0.5320 0.6305
vt 0.5103 0.6262
vt 0.5103 0.6094
vt 0.5159 0.4352
vt 0.5033 0.4351
vt 0.4960 0.8521
vt 0.4751 0.8433
vt 0.5120 0.1784
vt 0.5034 0.1812
vt 0.5316 0.6544
vt 0.5083 0.6484
vt 0.5193 0.4630
vt 0.5044 0.4641
vt 0.4897 0.8763
vt 0.4698 0.8666
vt 0.5115 0.2088
vt 0.5034 0.2088
vt 0.5308 0.6752
vt 0.5063 0.6675
vt 0.5203 0.4891
vt 0.5042 0.4883
vt 0.4839 0.8961
vt 0.4644 0.8864
vt 0.5118 0.2412
vt 0.5041 0.2397
vt 0.5260 0.6995
vt 0.5005 0.6911
vt 0.5224 0.5158
vt 0.5046 0.5160
vt 0.5221 0.7226
vt 0.4966 0.7141
vt 0.5113 0.2716
vt 0.5035 0.2702
vt 0.5242 0.5423
vt 0.5048 0.5417
vt 0.5116 0.3034
vt 0.5030 0.3036
vt 0.5168 0.7470
vt 0.4923 0.7385
vt 0.5037 0.0184
vt 0.5071 0.0464
vt 0.4997 0.0493
vt 0.4967 0.0198
vt 0.5263 0.5688
vt 0.5071 0.5677
vt 0.5132 0.3439
vt 0.5030 0.3433
vt 0.5122 0.7715
vt 0.4891 0.7644
vt 0.5084 0.0729
vt 0.5015 0.0760
vt 0.5283 0.5931
vt 0.5094 0.5925
vt 0.4921 0.5869
vt 0.4910 0.6042
vt 0.4725 0.5992
vt 0.4743 0.5816
vt 0.4941 0.0797
vt 0.4937 0.1076
vt 0.4843 0.1083
vt 0.4854 0.0836
vt 0.4620 0.8088
vt 0.4586 0.8357
vt 0.4418 0.8286
vt 0.4446 0.8005
vt 0.4925 0.4025
vt 0.4926 0.4339
vt 0.4813 0.4326
vt 0.4816 0.4008
vt 0.4879 0.6424
vt 0.4868 0.6591
vt 0.4667 0.6505
vt 0.4684 0.6359
vt 0.4933 0.1814
vt 0.4937 0.2120
vt 0.4827 0.2153
vt 0.4816 0.1815
vt 0.4486 0.8781
vt 0.4428 0.8986
vt 0.4276 0.8900
vt 0.4334 0.8702
vt 0.4925 0.4883
vt 0.4922 0.5154
vt 0.4794 0.5146
vt 0.4803 0.4880
vt 0.4945 0.2717
vt 0.4932 0.3065
vt 0.4822 0.3094
vt 0.4838 0.2732
vt 0.4787 0.7044
vt 0.4749 0.7290
vt 0.4564 0.7194
vt 0.4597 0.6948
vt 0.4917 0.5651
vt 0.4762 0.5625
vt 0.4929 0.0496
vt 0.4846 0.0499
vt 0.4665 0.7869
vt 0.4492 0.7818
vt 0.4934 0.3723
vt 0.4826 0.3733
vt 0.4908 0.6213
vt 0.4713 0.6166
vt 0.4942 0.1399
vt 0.4833 0.1400
vt 0.4536 0.8585
vt 0.4375 0.8509
vt 0.4928 0.4632
vt 0.4806 0.4624
vt 0.4826 0.6818
vt 0.4638 0.6726
vt 0.4939 0.2413
vt 0.4826 0.2430
vt 0.4918 0.5392
vt 0.4784 0.5364
vt 0.4904 0.0212
vt 0.4829 0.0225
vt 0.4935 0.3469
vt 0.4827 0.3506
vt 0.4710 0.7583
vt 0.4521 0.7525
vt 0.4381 0.9183
vt 0.4292 0.9474
vt 0.4112 0.9396
vt 0.4227 0.9087
vt 0.3418 0.7682
vt 0.3429 0.7927
vt 0.3275 0.7929
vt 0.3258 0.7683
vt 0.3444 0.3526
vt 0.3428 0.3845
vt 0.3215 0.3815
vt 0.3230 0.3490
vt 0.3404 0.5973
vt 0.3404 0.6192
vt 0.3212 0.6176
vt 0.3206 0.5946
vt 0.3605 0.1216
vt 0.3574 0.1603
vt 0.3390 0.1567
vt 0.3424 0.1184
vt 0.3411 0.4468
vt 0.3407 0.4711
vt 0.3191 0.4680
vt 0.3195 0.4441
vt 0.3513 0.8491
vt 0.3556 0.8674
vt 0.3434 0.8691
vt 0.3381 0.8517
vt 0.3399 0.6628
vt 0.3399 0.6863
vt 0.3226 0.6867
vt 0.3221 0.6638
vt 0.3536 0.2145
vt 0.3508 0.2482
vt 0.3310 0.2441
vt 0.3340 0.2099
vt 0.3401 0.5220
vt 0.3400 0.5430
vt 0.3195 0.5400
vt 0.3193 0.5195
vt 0.3676 0.0127
vt 0.3661 0.0370
vt 0.3489 0.0346
vt 0.3505 0.0106
vt 0.3458 0.3249
vt 0.3249 0.3207
vt 0.3409 0.7395
vt 0.3243 0.7385
vt 0.3633 0.0859
vt 0.3454 0.0823
vt 0.3403 0.5776
vt 0.3202 0.5744
vt 0.3462 0.8234
vt 0.3317 0.8247
vt 0.3417 0.4158
vt 0.3202 0.4128
vt 0.3402 0.6431
vt 0.3217 0.6434
vt 0.3552 0.1906
vt 0.3362 0.1866
vt 0.3673 0.9036
vt 0.3731 0.9173
vt 0.3696 0.9173
vt 0.3598 0.9039
vt 0.3403 0.4982
vt 0.3191 0.4953
vt 0.3404 0.7114
vt 0.3233 0.7102
vt 0.3482 0.2866
vt 0.3278 0.2829
vt 0.3401 0.5606
vt 0.3198 0.5574
vt 0.3647 0.0634
vt 0.3471 0.0601
vt 0.3607 0.8849
vt 0.3503 0.8861
vt 0.4179 0.7743
vt 0.4168 0.7964
vt 0.3861 0.7929
vt 0.3867 0.7681
vt 0.4430 0.3672
vt 0.4412 0.3961
vt 0.4020 0.3913
vt 0.4038 0.3613
vt 0.4335 0.6114
vt 0.4314 0.6316
vt 0.3948 0.6261
vt 0.3961 0.6055
vt 0.4462 0.1344
vt 0.4445 0.1750
vt 0.4093 0.1688
vt 0.4116 0.1289
vt 0.4409 0.4580
vt 0.4406 0.4837
vt 0.4008 0.4788
vt 0.4011 0.4536
vt 0.4136 0.8468
vt 0.4122 0.8669
vt 0.3905 0.8651
vt 0.3893 0.8450
vt 0.4264 0.6678
vt 0.4239 0.6915
vt 0.3886 0.6889
vt 0.3903 0.6639
vt 0.4455 0.2344
vt 0.4437 0.2660
vt 0.4065 0.2587
vt 0.4086 0.2263
vt 0.4375 0.5329
vt 0.4360 0.5569
vt 0.3974 0.5514
vt 0.3983 0.5287
vt 0.4476 0.0208
vt 0.4472 0.0469
vt 0.4142 0.0430
vt 0.4152 0.0177
vt 0.4428 0.3432
vt 0.4041 0.3358
vt 0.4213 0.7473
vt 0.3875 0.7423
vt 0.4482 0.1011
vt 0.4139 0.0948
vt 0.4346 0.5930
vt 0.3967 0.5869
vt 0.4153 0.8240
vt 0.3876 0.8217
vt 0.4411 0.4277
vt 0.4016 0.4229
vt 0.4290 0.6479
vt 0.3928 0.6451
vt 0.4446 0.2077
vt 0.4086 0.2006
vt 0.4071 0.9050
vt 0.3962 0.9307
vt 0.3867 0.9239
vt 0.3925 0.9026
vt 0.4389 0.5106
vt 0.3994 0.5058
vt 0.4234 0.7172
vt 0.3884 0.7150
vt 0.4435 0.3024
vt 0.4054 0.2959
vt 0.4354 0.5753
vt 0.3971 0.5694
vt 0.4483 0.0774
vt 0.4144 0.0715
vt 0.4096 0.8868
vt 0.3912 0.8844
vt 0.3583 0.7926
vt 0.3578 0.7681
vt 0.3640 0.3874
vt 0.3658 0.3561
vt 0.3596 0.6208
vt 0.3602 0.6001
vt 0.3758 0.1639
vt 0.3786 0.1248
vt 0.3623 0.4741
vt 0.3626 0.4496
vt 0.3677 0.8657
vt 0.3645 0.8465
vt 0.3572 0.6860
vt 0.3577 0.6618
vt 0.3707 0.2523
vt 0.3732 0.2190
vt 0.3605 0.5461
vt 0.3609 0.5245
vt 0.3833 0.0394
vt 0.3848 0.0148
vt 0.3668 0.3291
vt 0.3575 0.7404
vt 0.3812 0.0896
vt 0.3603 0.5809
vt 0.3607 0.8221
vt 0.3632 0.4187
vt 0.3587 0.6428
vt 0.3742 0.1946
vt 0.3766 0.9174
vt 0.3747 0.9033
vt 0.3614 0.5011
vt 0.3575 0.7127
vt 0.3687 0.2904
vt 0.3604 0.5638
vt 0.3824 0.0667
vt 0.3710 0.8836
vt 0.3836 0.9271
vt 0.3806 0.9302
vt 0.4238 0.9542
vt 0.4184 0.9610
vt 0.3994 0.9483
vt 0.4053 0.9439
vt 0.3893 0.9391
vt 0.3928 0.9349
vt 0.4911 0.9740
vt 0.4905 0.9858
vt 0.4642 0.9805
vt 0.4670 0.9696
vt 0.5532 0.4360
vt 0.5611 0.4350
vt 0.5646 0.4575
vt 0.5569 0.4586
vt 0.5712 0.8860
vt 0.5784 0.8878
vt 0.5713 0.9186
vt 0.5636 0.9138
vt 0.5534 0.1690
vt 0.5608 0.1671
vt 0.5610 0.2010
vt 0.5535 0.2027
vt 0.5940 0.6735
vt 0.5993 0.6685
vt 0.6043 0.6956
vt 0.5987 0.6999
vt 0.5690 0.9336
vt 0.5591 0.9288
vt 0.5671 0.4876
vt 0.5594 0.4888
vt 0.5467 0.9780
vt 0.5563 0.9792
vt 0.5581 0.9881
vt 0.5495 0.9869
vt 0.6060 0.7232
vt 0.6000 0.7267
vt 0.5616 0.2359
vt 0.5541 0.2376
vt 0.5722 0.5106
vt 0.5645 0.5122
vt 0.5651 0.9494
vt 0.5554 0.9434
vt 0.5616 0.2663
vt 0.5541 0.2679
vt 0.6064 0.7451
vt 0.5997 0.7478
vt 0.5613 0.9591
vt 0.5510 0.9539
vt 0.5800 0.5372
vt 0.5723 0.5396
vt 0.5614 0.2959
vt 0.5539 0.2975
vt 0.6035 0.7714
vt 0.5967 0.7744
vt 0.5427 0.0135
vt 0.5500 0.0106
vt 0.5534 0.0349
vt 0.5462 0.0377
vt 0.5882 0.5628
vt 0.5811 0.5658
vt 0.5630 0.3385
vt 0.5554 0.3400
vt 0.5991 0.8009
vt 0.5921 0.8026
vt 0.5566 0.0608
vt 0.5493 0.0632
vt 0.5921 0.5811
vt 0.5855 0.5848
vt 0.5586 0.9709
vt 0.5476 0.9672
vt 0.5618 0.3662
vt 0.5542 0.3674
vt 0.5921 0.8341
vt 0.5852 0.8344
vt 0.5570 0.0941
vt 0.5496 0.0961
vt 0.5927 0.6045
vt 0.5864 0.6089
vt 0.5612 0.4030
vt 0.5536 0.4041
vt 0.5870 0.8610
vt 0.5799 0.8602
vt 0.5941 0.6309
vt 0.5882 0.6360
vt 0.5591 0.1315
vt 0.5515 0.1335
vt 0.4953 0.9425
vt 0.5527 0.9253
vt 0.5585 0.9096
vt 0.5642 0.8841
vt 0.5730 0.8592
vt 0.5784 0.8346
vt 0.5852 0.8041
vt 0.5900 0.7772
vt 0.5931 0.7505
vt 0.5939 0.7302
vt 0.5930 0.7043
vt 0.5887 0.6784
vt 0.5823 0.6411
vt 0.5801 0.6133
vt 0.5789 0.5885
vt 0.5741 0.5689
vt 0.5646 0.5420
vt 0.5569 0.5139
vt 0.5517 0.4901
vt 0.5491 0.4597
vt 0.5453 0.4370
vt 0.5460 0.4051
vt 0.5466 0.3687
vt 0.5478 0.3414
vt 0.5464 0.2991
vt 0.5466 0.2696
vt 0.5465 0.2392
vt 0.5460 0.2044
vt 0.5459 0.1708
vt 0.5439 0.1354
vt 0.5421 0.0982
vt 0.5420 0.0657
vt 0.5391 0.0405
vt 0.5355 0.0165
vt 0.4917 0.9622
vt 0.5405 0.9786
vt 0.5449 0.9875
vt 0.5166 0.9881
vt 0.5163 0.9762
vt 0.4434 0.9623
vt 0.4388 0.9713
vt 0.7006 0.6307
vt 0.7019 0.6304
vt 0.7026 0.6406
vt 0.7013 0.6410
vt 0.7045 0.6296
vt 0.7058 0.6292
vt 0.7067 0.6395
vt 0.7054 0.6398
vt 0.7084 0.6284
vt 0.7097 0.6280
vt 0.7108 0.6384
vt 0.7094 0.6387
vt 0.6995 0.3328
vt 0.7001 0.3331
vt 0.7004 0.3492
vt 0.6997 0.3492
vt 0.7014 0.3336
vt 0.7020 0.3339
vt 0.7025 0.3494
vt 0.7018 0.3493
vt 0.7033 0.3345
vt 0.7040 0.3348
vt 0.7045 0.3495
vt 0.7038 0.3495
vt 0.7182 0.7612
vt 0.7195 0.7605
vt 0.7215 0.7764
vt 0.7203 0.7770
vt 0.7221 0.7593
vt 0.7234 0.7587
vt 0.7252 0.7749
vt 0.7240 0.7754
vt 0.7259 0.7575
vt 0.7272 0.7569
vt 0.7289 0.7733
vt 0.7277 0.7739
vt 0.7004 0.5224
vt 0.7012 0.5223
vt 0.7011 0.5408
vt 0.7003 0.5409
vt 0.7028 0.5220
vt 0.7036 0.5219
vt 0.7037 0.5405
vt 0.7028 0.5406
vt 0.7052 0.5217
vt 0.7060 0.5215
vt 0.7062 0.5402
vt 0.7053 0.5403
vt 0.7031 0.6634
vt 0.7045 0.6629
vt 0.7052 0.6725
vt 0.7037 0.6732
vt 0.7074 0.6619
vt 0.7088 0.6615
vt 0.7096 0.6707
vt 0.7081 0.6713
vt 0.7117 0.6605
vt 0.7131 0.6600
vt 0.7140 0.6688
vt 0.7126 0.6694
vt 0.7000 0.3925
vt 0.7008 0.3925
vt 0.7005 0.4107
vt 0.6997 0.4105
vt 0.7025 0.3925
vt 0.7034 0.3925
vt 0.7029 0.4115
vt 0.7021 0.4112
vt 0.7051 0.3926
vt 0.7059 0.3926
vt 0.7054 0.4122
vt 0.7046 0.4120
vt 0.7261 0.8019
vt 0.7273 0.8013
vt 0.7307 0.8133
vt 0.7296 0.8139
vt 0.7295 0.8002
vt 0.7306 0.7996
vt 0.7340 0.8114
vt 0.7329 0.8120
vt 0.7329 0.7984
vt 0.7340 0.7978
vt 0.7374 0.8095
vt 0.7363 0.8101
vt 0.7004 0.5728
vt 0.7013 0.5728
vt 0.7015 0.5887
vt 0.7006 0.5888
vt 0.7031 0.5728
vt 0.7040 0.5727
vt 0.7043 0.5885
vt 0.7034 0.5886
vt 0.7058 0.5727
vt 0.7066 0.5727
vt 0.7071 0.5883
vt 0.7062 0.5884
vt 0.6992 0.4456
vt 0.7000 0.4457
vt 0.7008 0.4662
vt 0.7000 0.4660
vt 0.7016 0.4459
vt 0.7024 0.4460
vt 0.7032 0.4669
vt 0.7024 0.4667
vt 0.7040 0.4462
vt 0.7047 0.4463
vt 0.7057 0.4675
vt 0.7049 0.4673
vt 0.7085 0.6998
vt 0.7099 0.6991
vt 0.7121 0.7135
vt 0.7107 0.7142
vt 0.7127 0.6977
vt 0.7141 0.6970
vt 0.7162 0.7114
vt 0.7148 0.7121
vt 0.7168 0.6956
vt 0.7182 0.6949
vt 0.7202 0.7093
vt 0.7189 0.7100
vt 0.7008 0.6180
vt 0.7020 0.6178
vt 0.7043 0.6174
vt 0.7054 0.6172
vt 0.7077 0.6168
vt 0.7088 0.6166
vt 0.7002 0.3151
vt 0.7008 0.3151
vt 0.7020 0.3152
vt 0.7026 0.3152
vt 0.7039 0.3152
vt 0.7045 0.3152
vt 0.7156 0.7483
vt 0.7169 0.7479
vt 0.7194 0.7471
vt 0.7207 0.7468
vt 0.7233 0.7460
vt 0.7245 0.7457
vt 0.6999 0.5047
vt 0.7007 0.5047
vt 0.7022 0.5049
vt 0.7030 0.5050
vt 0.7046 0.5051
vt 0.7054 0.5052
vt 0.7014 0.6510
vt 0.7028 0.6507
vt 0.7057 0.6500
vt 0.7071 0.6496
vt 0.7100 0.6489
vt 0.7114 0.6486
vt 0.6994 0.3681
vt 0.7002 0.3681
vt 0.7018 0.3682
vt 0.7026 0.3682
vt 0.7042 0.3682
vt 0.7050 0.3682
vt 0.7232 0.7903
vt 0.7244 0.7898
vt 0.7267 0.7887
vt 0.7279 0.7881
vt 0.7303 0.7870
vt 0.7315 0.7864
vt 0.7002 0.5581
vt 0.7011 0.5580
vt 0.7029 0.5579
vt 0.7038 0.5579
vt 0.7056 0.5577
vt 0.7065 0.5577
vt 0.7062 0.6865
vt 0.7076 0.6859
vt 0.7103 0.6845
vt 0.7117 0.6838
vt 0.7145 0.6825
vt 0.7158 0.6818
vt 0.6996 0.4277
vt 0.7004 0.4278
vt 0.7021 0.4281
vt 0.7029 0.4282
vt 0.7045 0.4285
vt 0.7054 0.4286
vt 0.7008 0.6027
vt 0.7018 0.6025
vt 0.7038 0.6021
vt 0.7047 0.6019
vt 0.7067 0.6015
vt 0.7077 0.6013
vt 0.7017 0.2984
vt 0.7022 0.2985
vt 0.7033 0.2987
vt 0.7039 0.2988
vt 0.7050 0.2990
vt 0.7055 0.2991
vt 0.6998 0.4898
vt 0.7006 0.4900
vt 0.7022 0.4906
vt 0.7030 0.4908
vt 0.7046 0.4914
vt 0.7054 0.4917
vt 0.7130 0.7315
vt 0.7144 0.7310
vt 0.7172 0.7302
vt 0.7186 0.7298
vt 0.7213 0.7289
vt 0.7227 0.7285
vt 0.7323 0.8255
vt 0.7334 0.8248
vt 0.7388 0.8420
vt 0.7375 0.8426
vt 0.7357 0.8234
vt 0.7368 0.8227
vt 0.7428 0.8403
vt 0.7415 0.8409
vt 0.7391 0.8213
vt 0.7402 0.8206
vt 0.7468 0.8386
vt 0.7455 0.8392
vt 0.7407 0.8466
vt 0.7421 0.8458
vt 0.7453 0.8497
vt 0.7439 0.8506
vt 0.7448 0.8443
vt 0.7462 0.8436
vt 0.7495 0.8468
vt 0.7481 0.8478
vt 0.7489 0.8421
vt 0.7502 0.8413
vt 0.7537 0.8440
vt 0.7523 0.8450
vt 0.9164 0.6307
vt 0.9157 0.6409
vt 0.9143 0.6406
vt 0.9151 0.6304
vt 0.9125 0.6296
vt 0.9116 0.6398
vt 0.9103 0.6395
vt 0.9112 0.6292
vt 0.9085 0.6284
vt 0.9075 0.6387
vt 0.9062 0.6383
vt 0.9072 0.6280
vt 0.9176 0.3328
vt 0.9173 0.3492
vt 0.9166 0.3492
vt 0.9169 0.3331
vt 0.9156 0.3336
vt 0.9152 0.3493
vt 0.9146 0.3494
vt 0.9150 0.3339
vt 0.9137 0.3345
vt 0.9132 0.3495
vt 0.9125 0.3495
vt 0.9130 0.3348
vt 0.8987 0.7611
vt 0.8967 0.7770
vt 0.8954 0.7764
vt 0.8974 0.7605
vt 0.8949 0.7593
vt 0.8930 0.7754
vt 0.8918 0.7749
vt 0.8936 0.7587
vt 0.8910 0.7575
vt 0.8893 0.7738
vt 0.8881 0.7733
vt 0.8897 0.7569
vt 0.9166 0.5224
vt 0.9167 0.5409
vt 0.9159 0.5408
vt 0.9158 0.5223
vt 0.9142 0.5220
vt 0.9142 0.5406
vt 0.9133 0.5405
vt 0.9134 0.5219
vt 0.9118 0.5217
vt 0.9117 0.5403
vt 0.9108 0.5402
vt 0.9110 0.5215
vt 0.9139 0.6633
vt 0.9133 0.6732
vt 0.9118 0.6725
vt 0.9125 0.6629
vt 0.9096 0.6619
vt 0.9088 0.6713
vt 0.9074 0.6707
vt 0.9082 0.6615
vt 0.9053 0.6605
vt 0.9044 0.6694
vt 0.9029 0.6688
vt 0.9039 0.6600
vt 0.9170 0.3925
vt 0.9173 0.4105
vt 0.9165 0.4107
vt 0.9162 0.3925
vt 0.9145 0.3925
vt 0.9149 0.4112
vt 0.9141 0.4115
vt 0.9136 0.3925
vt 0.9119 0.3926
vt 0.9124 0.4120
vt 0.9116 0.4122
vt 0.9111 0.3926
vt 0.8908 0.8019
vt 0.8874 0.8139
vt 0.8863 0.8133
vt 0.8897 0.8013
vt 0.8875 0.8001
vt 0.8840 0.8120
vt 0.8829 0.8114
vt 0.8863 0.7996
vt 0.8841 0.7984
vt 0.8807 0.8101
vt 0.8796 0.8095
vt 0.8830 0.7978
vt 0.9166 0.5728
vt 0.9164 0.5888
vt 0.9155 0.5887
vt 0.9157 0.5728
vt 0.9139 0.5728
vt 0.9136 0.5886
vt 0.9127 0.5885
vt 0.9130 0.5727
vt 0.9112 0.5727
vt 0.9108 0.5884
vt 0.9099 0.5883
vt 0.9103 0.5727
vt 0.9178 0.4456
vt 0.9170 0.4660
vt 0.9162 0.4662
vt 0.9170 0.4457
vt 0.9154 0.4459
vt 0.9146 0.4667
vt 0.9138 0.4669
vt 0.9146 0.4460
vt 0.9131 0.4462
vt 0.9122 0.4673
vt 0.9113 0.4675
vt 0.9123 0.4463
vt 0.9085 0.6998
vt 0.9063 0.7142
vt 0.9049 0.7135
vt 0.9071 0.6991
vt 0.9043 0.6977
vt 0.9022 0.7121
vt 0.9008 0.7114
vt 0.9029 0.6970
vt 0.9001 0.6956
vt 0.8981 0.7100
vt 0.8967 0.7093
vt 0.8987 0.6949
vt 0.9161 0.6180
vt 0.9150 0.6178
vt 0.9127 0.6174
vt 0.9116 0.6172
vt 0.9093 0.6168
vt 0.9082 0.6166
vt 0.9168 0.3151
vt 0.9162 0.3151
vt 0.9150 0.3152
vt 0.9144 0.3152
vt 0.9132 0.3152
vt 0.9126 0.3152
vt 0.9014 0.7483
vt 0.9001 0.7479
vt 0.8975 0.7471
vt 0.8963 0.7468
vt 0.8937 0.7460
vt 0.8924 0.7456
vt 0.9171 0.5047
vt 0.9163 0.5047
vt 0.9148 0.5049
vt 0.9140 0.5050
vt 0.9124 0.5051
vt 0.9116 0.5052
vt 0.9156 0.6510
vt 0.9142 0.6506
vt 0.9113 0.6500
vt 0.9099 0.6496
vt 0.9070 0.6489
vt 0.9056 0.6486
vt 0.9176 0.3681
vt 0.9168 0.3681
vt 0.9152 0.3681
vt 0.9144 0.3682
vt 0.9128 0.3682
vt 0.9120 0.3682
vt 0.8938 0.7903
vt 0.8926 0.7898
vt 0.8902 0.7887
vt 0.8890 0.7881
vt 0.8867 0.7870
vt 0.8855 0.7864
vt 0.9168 0.5581
vt 0.9159 0.5580
vt 0.9141 0.5579
vt 0.9132 0.5579
vt 0.9114 0.5577
vt 0.9105 0.5577
vt 0.9108 0.6865
vt 0.9094 0.6859
vt 0.9066 0.6845
vt 0.9053 0.6838
vt 0.9025 0.6825
vt 0.9011 0.6818
vt 0.9174 0.4277
vt 0.9166 0.4278
vt 0.9150 0.4281
vt 0.9141 0.4282
vt 0.9125 0.4284
vt 0.9116 0.4286
vt 0.9162 0.6027
vt 0.9152 0.6025
vt 0.9132 0.6021
vt 0.9122 0.6019
vt 0.9103 0.6015
vt 0.9093 0.6013
vt 0.9154 0.2984
vt 0.9148 0.2985
vt 0.9137 0.2987
vt 0.9132 0.2988
vt 0.9120 0.2990
vt 0.9115 0.2991
vt 0.9172 0.4898
vt 0.9164 0.4900
vt 0.9148 0.4906
vt 0.9140 0.4908
vt 0.9124 0.4914
vt 0.9116 0.4916
vt 0.9040 0.7315
vt 0.9026 0.7310
vt 0.8998 0.7302
vt 0.8984 0.7298
vt 0.8956 0.7289
vt 0.8943 0.7285
vt 0.8846 0.8255
vt 0.8794 0.8426
vt 0.8781 0.8420
vt 0.8835 0.8248
vt 0.8813 0.8234
vt 0.8755 0.8409
vt 0.8741 0.8403
vt 0.8801 0.8227
vt 0.8779 0.8213
vt 0.8715 0.8392
vt 0.8702 0.8386
vt 0.8767 0.8206
vt 0.8762 0.8466
vt 0.8730 0.8506
vt 0.8716 0.8496
vt 0.8749 0.8458
vt 0.8722 0.8443
vt 0.8689 0.8478
vt 0.8675 0.8468
vt 0.8708 0.8436
vt 0.8681 0.8421
vt 0.8647 0.8450
vt 0.8633 0.8440
vt 0.8667 0.8413
vt 0.6842 0.8420
vt 0.6700 0.8443
vt 0.6673 0.8381
vt 0.6820 0.8334
vt 0.6820 0.8334
vt 0.6796 0.8232
vt 0.6937 0.8183
vt 0.6967 0.8290
vt 0.6764 0.8127
vt 0.6901 0.8069
vt 0.6725 0.7982
vt 0.6859 0.7922
vt 0.6684 0.7834
vt 0.6827 0.7768
vt 0.6643 0.7693
vt 0.6788 0.7627
vt 0.6604 0.7508
vt 0.6754 0.7439
vt 0.6574 0.7358
vt 0.6720 0.7302
vt 0.6549 0.7215
vt 0.6685 0.7159
vt 0.6534 0.7087
vt 0.6663 0.7023
vt 0.6525 0.6938
vt 0.6640 0.6878
vt 0.6534 0.6793
vt 0.6638 0.6744
vt 0.6561 0.6610
vt 0.6644 0.6592
vt 0.6579 0.6460
vt 0.6670 0.6458
vt 0.6590 0.6331
vt 0.6683 0.6345
vt 0.6615 0.6206
vt 0.6702 0.6209
vt 0.6648 0.6047
vt 0.6710 0.6048
vt 0.6682 0.5884
vt 0.6730 0.5887
vt 0.6708 0.5738
vt 0.6751 0.5736
vt 0.6722 0.5567
vt 0.6764 0.5572
vt 0.6750 0.5422
vt 0.6798 0.5416
vt 0.6758 0.5241
vt 0.6817 0.5242
vt 0.6761 0.5033
vt 0.6827 0.5040
vt 0.6754 0.4874
vt 0.6823 0.4882
vt 0.6766 0.4629
vt 0.6841 0.4641
vt 0.6767 0.4453
vt 0.6845 0.4463
vt 0.6766 0.4275
vt 0.6843 0.4285
vt 0.6767 0.4073
vt 0.6843 0.4086
vt 0.6766 0.3877
vt 0.6838 0.3891
vt 0.6779 0.3667
vt 0.6853 0.3679
vt 0.6788 0.3459
vt 0.6862 0.3482
vt 0.6793 0.3257
vt 0.6871 0.3270
vt 0.6803 0.3106
vt 0.6876 0.3115
vt 0.6824 0.2957
vt 0.6897 0.2959
vt 0.6866 0.8525
vt 0.6724 0.8532
vt 0.7109 0.8355
vt 0.7228 0.8308
vt 0.7265 0.8461
vt 0.7136 0.8492
vt 0.7087 0.8240
vt 0.7203 0.8189
vt 0.6881 0.5040
vt 0.6939 0.5040
vt 0.6947 0.5234
vt 0.6879 0.5238
vt 0.6923 0.7569
vt 0.7058 0.7517
vt 0.7081 0.7661
vt 0.6955 0.7712
vt 0.6906 0.3485
vt 0.6950 0.3488
vt 0.6939 0.3681
vt 0.6896 0.3680
vt 0.6784 0.6448
vt 0.6899 0.6440
vt 0.6899 0.6538
vt 0.6771 0.6564
vt 0.6941 0.5416
vt 0.6866 0.5416
vt 0.7106 0.7814
vt 0.6983 0.7866
vt 0.6940 0.3924
vt 0.6889 0.3907
vt 0.6911 0.6669
vt 0.6774 0.6704
vt 0.6934 0.5586
vt 0.6846 0.5579
vt 0.7137 0.7951
vt 0.7020 0.8008
vt 0.6940 0.4086
vt 0.6892 0.4086
vt 0.6922 0.6781
vt 0.6778 0.6827
vt 0.6935 0.5729
vt 0.6840 0.5733
vt 0.7169 0.8068
vt 0.7054 0.8124
vt 0.6936 0.4268
vt 0.6891 0.4276
vt 0.6956 0.6920
vt 0.6807 0.6969
vt 0.6933 0.5891
vt 0.6828 0.5890
vt 0.6979 0.7055
vt 0.6830 0.7105
vt 0.6939 0.4447
vt 0.6894 0.4455
vt 0.6931 0.6042
vt 0.6817 0.6046
vt 0.6942 0.4643
vt 0.6892 0.4642
vt 0.7005 0.7199
vt 0.6861 0.7248
vt 0.6938 0.2967
vt 0.6980 0.2976
vt 0.6962 0.3149
vt 0.6918 0.3132
vt 0.6918 0.6195
vt 0.6805 0.6201
vt 0.6943 0.4877
vt 0.6882 0.4880
vt 0.7024 0.7350
vt 0.6888 0.7392
vt 0.6951 0.3306
vt 0.6911 0.3288
vt 0.6905 0.6340
vt 0.6793 0.6344
vt 0.7006 0.6307
vt 0.7110 0.6277
vt 0.7122 0.6380
vt 0.7013 0.6410
vt 0.6995 0.3328
vt 0.7046 0.3351
vt 0.7052 0.3496
vt 0.6997 0.3492
vt 0.7182 0.7612
vt 0.7285 0.7563
vt 0.7301 0.7728
vt 0.7203 0.7770
vt 0.7004 0.5224
vt 0.7068 0.5214
vt 0.7070 0.5401
vt 0.7003 0.5409
vt 0.7031 0.6634
vt 0.7145 0.6596
vt 0.7155 0.6682
vt 0.7037 0.6732
vt 0.7000 0.3925
vt 0.7068 0.3926
vt 0.7062 0.4124
vt 0.6997 0.4105
vt 0.7261 0.8019
vt 0.7351 0.7972
vt 0.7385 0.8089
vt 0.7296 0.8139
vt 0.7004 0.5728
vt 0.7075 0.5727
vt 0.7081 0.5883
vt 0.7006 0.5888
vt 0.6992 0.4456
vt 0.7055 0.4464
vt 0.7065 0.4677
vt 0.7000 0.4660
vt 0.7085 0.6998
vt 0.7196 0.6942
vt 0.7216 0.7086
vt 0.7107 0.7142
vt 0.7008 0.6180
vt 0.7100 0.6164
vt 0.7002 0.3151
vt 0.7051 0.3153
vt 0.7156 0.7483
vt 0.7258 0.7453
vt 0.6999 0.5047
vt 0.7062 0.5053
vt 0.7014 0.6510
vt 0.7128 0.6482
vt 0.6994 0.3681
vt 0.7058 0.3682
vt 0.7232 0.7903
vt 0.7327 0.7859
vt 0.7002 0.5581
vt 0.7074 0.5576
vt 0.7062 0.6865
vt 0.7172 0.6811
vt 0.6996 0.4277
vt 0.7062 0.4287
vt 0.7008 0.6027
vt 0.7087 0.6011
vt 0.7017 0.2984
vt 0.7061 0.2992
vt 0.6998 0.4898
vt 0.7062 0.4919
vt 0.7130 0.7315
vt 0.7241 0.7281
vt 0.7323 0.8255
vt 0.7414 0.8199
vt 0.7481 0.8380
vt 0.7375 0.8426
vt 0.7442 0.7409
vt 0.7625 0.7373
vt 0.7629 0.7518
vt 0.7448 0.7539
vt 0.7295 0.5017
vt 0.7525 0.4982
vt 0.7536 0.5158
vt 0.7305 0.5187
vt 0.7350 0.6452
vt 0.7570 0.6417
vt 0.7578 0.6538
vt 0.7362 0.6570
vt 0.7276 0.3649
vt 0.7480 0.3617
vt 0.7493 0.3851
vt 0.7286 0.3888
vt 0.7307 0.5550
vt 0.7541 0.5525
vt 0.7543 0.5673
vt 0.7309 0.5701
vt 0.7467 0.7835
vt 0.7610 0.7824
vt 0.7603 0.7942
vt 0.7475 0.7953
vt 0.7392 0.6783
vt 0.7604 0.6760
vt 0.7614 0.6907
vt 0.7407 0.6923
vt 0.7280 0.4237
vt 0.7497 0.4189
vt 0.7510 0.4379
vt 0.7291 0.4423
vt 0.7327 0.5990
vt 0.7557 0.5966
vt 0.7563 0.6099
vt 0.7336 0.6131
vt 0.7268 0.2981
vt 0.7458 0.2964
vt 0.7464 0.3112
vt 0.7270 0.3135
vt 0.7296 0.4876
vt 0.7523 0.4833
vt 0.7422 0.7250
vt 0.7621 0.7221
vt 0.7264 0.3454
vt 0.7466 0.3416
vt 0.7344 0.6344
vt 0.7567 0.6308
vt 0.7457 0.7701
vt 0.7620 0.7688
vt 0.7306 0.5373
vt 0.7538 0.5344
vt 0.7377 0.6666
vt 0.7589 0.6650
vt 0.7285 0.4080
vt 0.7497 0.4038
vt 0.7505 0.8177
vt 0.7591 0.8163
vt 0.7625 0.8288
vt 0.7569 0.8328
vt 0.7319 0.5860
vt 0.7551 0.5831
vt 0.7410 0.7073
vt 0.7616 0.7061
vt 0.7292 0.4636
vt 0.7516 0.4598
vt 0.7339 0.6239
vt 0.7564 0.6205
vt 0.7264 0.3314
vt 0.7463 0.3280
vt 0.7599 0.8056
vt 0.7491 0.8070
vt 0.7258 0.7453
vt 0.7442 0.7409
vt 0.7448 0.7539
vt 0.7285 0.7563
vt 0.7062 0.5053
vt 0.7295 0.5017
vt 0.7305 0.5187
vt 0.7068 0.5214
vt 0.7128 0.6482
vt 0.7350 0.6452
vt 0.7362 0.6570
vt 0.7145 0.6596
vt 0.7058 0.3682
vt 0.7276 0.3649
vt 0.7286 0.3888
vt 0.7068 0.3926
vt 0.7074 0.5576
vt 0.7307 0.5550
vt 0.7309 0.5701
vt 0.7075 0.5727
vt 0.7327 0.7859
vt 0.7467 0.7835
vt 0.7475 0.7953
vt 0.7351 0.7972
vt 0.7172 0.6811
vt 0.7392 0.6783
vt 0.7407 0.6923
vt 0.7196 0.6942
vt 0.7062 0.4287
vt 0.7280 0.4237
vt 0.7291 0.4423
vt 0.7055 0.4464
vt 0.7087 0.6011
vt 0.7327 0.5990
vt 0.7336 0.6131
vt 0.7100 0.6164
vt 0.7061 0.2992
vt 0.7268 0.2981
vt 0.7270 0.3135
vt 0.7051 0.3153
vt 0.7062 0.4919
vt 0.7296 0.4876
vt 0.7241 0.7281
vt 0.7422 0.7250
vt 0.7052 0.3496
vt 0.7264 0.3454
vt 0.7122 0.6380
vt 0.7344 0.6344
vt 0.7301 0.7728
vt 0.7457 0.7701
vt 0.7070 0.5401
vt 0.7306 0.5373
vt 0.7155 0.6682
vt 0.7377 0.6666
vt 0.7062 0.4124
vt 0.7285 0.4080
vt 0.7414 0.8199
vt 0.7505 0.8177
vt 0.7569 0.8328
vt 0.7481 0.8380
vt 0.7081 0.5883
vt 0.7319 0.5860
vt 0.7216 0.7086
vt 0.7410 0.7073
vt 0.7065 0.4677
vt 0.7292 0.4636
vt 0.7110 0.6277
vt 0.7339 0.6239
vt 0.7046 0.3351
vt 0.7264 0.3314
vt 0.7491 0.8070
vt 0.7385 0.8089
vt 0.7625 0.7373
vt 0.7795 0.7373
vt 0.7792 0.7516
vt 0.7629 0.7518
vt 0.7525 0.4982
vt 0.7749 0.4952
vt 0.7759 0.5136
vt 0.7536 0.5158
vt 0.7570 0.6417
vt 0.7781 0.6385
vt 0.7785 0.6507
vt 0.7578 0.6538
vt 0.7480 0.3617
vt 0.7673 0.3593
vt 0.7690 0.3822
vt 0.7493 0.3851
vt 0.7541 0.5525
vt 0.7767 0.5501
vt 0.7769 0.5645
vt 0.7543 0.5673
vt 0.7610 0.7824
vt 0.7755 0.7833
vt 0.7737 0.7946
vt 0.7603 0.7942
vt 0.7604 0.6760
vt 0.7795 0.6748
vt 0.7799 0.6890
vt 0.7614 0.6907
vt 0.7497 0.4189
vt 0.7705 0.4146
vt 0.7720 0.4342
vt 0.7510 0.4379
vt 0.7557 0.5966
vt 0.7777 0.5941
vt 0.7779 0.6068
vt 0.7563 0.6099
vt 0.7458 0.2964
vt 0.7637 0.2946
vt 0.7646 0.3091
vt 0.7464 0.3112
vt 0.7523 0.4833
vt 0.7743 0.4793
vt 0.7621 0.7221
vt 0.7797 0.7210
vt 0.7466 0.3416
vt 0.7658 0.3386
vt 0.7567 0.6308
vt 0.7781 0.6272
vt 0.7620 0.7688
vt 0.7778 0.7690
vt 0.7538 0.5344
vt 0.7764 0.5320
vt 0.7589 0.6650
vt 0.7790 0.6637
vt 0.7497 0.4038
vt 0.7699 0.4003
vt 0.7591 0.8163
vt 0.7695 0.8167
vt 0.7684 0.8250
vt 0.7625 0.8288
vt 0.7551 0.5831
vt 0.7774 0.5804
vt 0.7616 0.7061
vt 0.7797 0.7047
vt 0.7516 0.4598
vt 0.7732 0.4566
vt 0.7564 0.6205
vt 0.7780 0.6172
vt 0.7463 0.3280
vt 0.7651 0.3252
vt 0.7717 0.8051
vt 0.7599 0.8056
vt 0.7589 0.8352
vt 0.7643 0.8306
vt 0.7661 0.8325
vt 0.7610 0.8377
vt 0.7516 0.8406
vt 0.7589 0.8352
vt 0.7610 0.8377
vt 0.7550 0.8431
vt 0.7407 0.8466
vt 0.7516 0.8406
vt 0.7550 0.8431
vt 0.7439 0.8506
vt 0.7153 0.8556
vt 0.7292 0.8513
vt 0.7319 0.8566
vt 0.7170 0.8620
vt 0.6864 0.8595
vt 0.7012 0.8582
vt 0.7015 0.8652
vt 0.6862 0.8665
vt 0.7643 0.8306
vt 0.7705 0.8249
vt 0.7726 0.8249
vt 0.7661 0.8325
vt 0.6987 0.8397
vt 0.6842 0.8420
vt 0.6653 0.8300
vt 0.6796 0.8232
vt 0.6621 0.8203
vt 0.6764 0.8127
vt 0.6582 0.8053
vt 0.6725 0.7982
vt 0.6529 0.7908
vt 0.6684 0.7834
vt 0.6492 0.7763
vt 0.6643 0.7693
vt 0.6455 0.7580
vt 0.6604 0.7508
vt 0.6425 0.7417
vt 0.6574 0.7358
vt 0.6413 0.7269
vt 0.6549 0.7215
vt 0.6408 0.7150
vt 0.6534 0.7087
vt 0.6413 0.6997
vt 0.6525 0.6938
vt 0.6438 0.6845
vt 0.6534 0.6793
vt 0.6476 0.6626
vt 0.6561 0.6610
vt 0.6489 0.6463
vt 0.6579 0.6460
vt 0.6496 0.6317
vt 0.6590 0.6331
vt 0.6525 0.6202
vt 0.6615 0.6206
vt 0.6580 0.6044
vt 0.6648 0.6047
vt 0.6626 0.5879
vt 0.6682 0.5884
vt 0.6656 0.5739
vt 0.6708 0.5738
vt 0.6671 0.5560
vt 0.6722 0.5567
vt 0.6693 0.5427
vt 0.6750 0.5422
vt 0.6690 0.5239
vt 0.6758 0.5241
vt 0.6686 0.5026
vt 0.6761 0.5033
vt 0.6679 0.4865
vt 0.6754 0.4874
vt 0.6687 0.4617
vt 0.6766 0.4629
vt 0.6686 0.4443
vt 0.6767 0.4453
vt 0.6687 0.4265
vt 0.6766 0.4275
vt 0.6690 0.4061
vt 0.6767 0.4073
vt 0.6690 0.3863
vt 0.6766 0.3877
vt 0.6702 0.3655
vt 0.6779 0.3667
vt 0.6713 0.3437
vt 0.6788 0.3459
vt 0.6714 0.3245
vt 0.6793 0.3257
vt 0.6731 0.3097
vt 0.6803 0.3106
vt 0.6752 0.2956
vt 0.6824 0.2957
vt 0.7008 0.8513
vt 0.6866 0.8525
vt 0.6725 0.8614
vt 0.6864 0.8595
vt 0.6862 0.8665
vt 0.6700 0.8655
vt 0.6987 0.8397
vt 0.7109 0.8355
vt 0.7136 0.8492
vt 0.7008 0.8513
vt 0.6967 0.8290
vt 0.7087 0.8240
vt 0.6827 0.5040
vt 0.6881 0.5040
vt 0.6879 0.5238
vt 0.6817 0.5242
vt 0.6788 0.7627
vt 0.6923 0.7569
vt 0.6955 0.7712
vt 0.6827 0.7768
vt 0.6862 0.3482
vt 0.6906 0.3485
vt 0.6896 0.3680
vt 0.6853 0.3679
vt 0.6670 0.6458
vt 0.6784 0.6448
vt 0.6771 0.6564
vt 0.6644 0.6592
vt 0.6866 0.5416
vt 0.6798 0.5416
vt 0.6983 0.7866
vt 0.6859 0.7922
vt 0.6889 0.3907
vt 0.6838 0.3891
vt 0.6774 0.6704
vt 0.6638 0.6744
vt 0.6846 0.5579
vt 0.6764 0.5572
vt 0.7020 0.8008
vt 0.6901 0.8069
vt 0.6892 0.4086
vt 0.6843 0.4086
vt 0.6778 0.6827
vt 0.6640 0.6878
vt 0.6840 0.5733
vt 0.6751 0.5736
vt 0.7054 0.8124
vt 0.6937 0.8183
vt 0.6891 0.4276
vt 0.6843 0.4285
vt 0.6807 0.6969
vt 0.6663 0.7023
vt 0.6828 0.5890
vt 0.6730 0.5887
vt 0.6830 0.7105
vt 0.6685 0.7159
vt 0.6894 0.4455
vt 0.6845 0.4463
vt 0.6817 0.6046
vt 0.6710 0.6048
vt 0.6892 0.4642
vt 0.6841 0.4641
vt 0.6861 0.7248
vt 0.6720 0.7302
vt 0.6897 0.2959
vt 0.6938 0.2967
vt 0.6918 0.3132
vt 0.6876 0.3115
vt 0.6805 0.6201
vt 0.6702 0.6209
vt 0.6882 0.4880
vt 0.6823 0.4882
vt 0.6888 0.7392
vt 0.6754 0.7439
vt 0.6911 0.3288
vt 0.6871 0.3270
vt 0.6793 0.6344
vt 0.6683 0.6345
vt 0.7012 0.8582
vt 0.7153 0.8556
vt 0.7170 0.8620
vt 0.7015 0.8652
vt 0.6905 0.6340
vt 0.7006 0.6307
vt 0.7013 0.6410
vt 0.6899 0.6440
vt 0.6951 0.3306
vt 0.6995 0.3328
vt 0.6997 0.3492
vt 0.6950 0.3488
vt 0.7081 0.7661
vt 0.7182 0.7612
vt 0.7203 0.7770
vt 0.7106 0.7814
vt 0.6947 0.5234
vt 0.7004 0.5224
vt 0.7003 0.5409
vt 0.6941 0.5416
vt 0.6911 0.6669
vt 0.7031 0.6634
vt 0.7037 0.6732
vt 0.6922 0.6781
vt 0.6940 0.3924
vt 0.7000 0.3925
vt 0.6997 0.4105
vt 0.6940 0.4086
vt 0.7169 0.8068
vt 0.7261 0.8019
vt 0.7296 0.8139
vt 0.7203 0.8189
vt 0.6935 0.5729
vt 0.7004 0.5728
vt 0.7006 0.5888
vt 0.6933 0.5891
vt 0.6939 0.4447
vt 0.6992 0.4456
vt 0.7000 0.4660
vt 0.6942 0.4643
vt 0.6979 0.7055
vt 0.7085 0.6998
vt 0.7107 0.7142
vt 0.7005 0.7199
vt 0.6918 0.6195
vt 0.7008 0.6180
vt 0.6962 0.3149
vt 0.7002 0.3151
vt 0.7058 0.7517
vt 0.7156 0.7483
vt 0.6939 0.5040
vt 0.6999 0.5047
vt 0.6899 0.6538
vt 0.7014 0.6510
vt 0.6939 0.3681
vt 0.6994 0.3681
vt 0.7137 0.7951
vt 0.7232 0.7903
vt 0.6934 0.5586
vt 0.7002 0.5581
vt 0.6956 0.6920
vt 0.7062 0.6865
vt 0.6936 0.4268
vt 0.6996 0.4277
vt 0.6931 0.6042
vt 0.7008 0.6027
vt 0.6980 0.2976
vt 0.7017 0.2984
vt 0.6943 0.4877
vt 0.6998 0.4898
vt 0.7024 0.7350
vt 0.7130 0.7315
vt 0.7228 0.8308
vt 0.7323 0.8255
vt 0.7375 0.8426
vt 0.7265 0.8461
vt 0.7292 0.8513
vt 0.7407 0.8466
vt 0.7439 0.8506
vt 0.7319 0.8566
vt 0.9327 0.8420
vt 0.9349 0.8334
vt 0.9500 0.8377
vt 0.9472 0.8443
vt 0.9349 0.8334
vt 0.9202 0.8290
vt 0.9233 0.8183
vt 0.9373 0.8232
vt 0.9269 0.8069
vt 0.9405 0.8127
vt 0.9310 0.7922
vt 0.9444 0.7982
vt 0.9343 0.7768
vt 0.9486 0.7834
vt 0.9381 0.7627
vt 0.9526 0.7693
vt 0.9416 0.7439
vt 0.9566 0.7508
vt 0.9449 0.7302
vt 0.9596 0.7358
vt 0.9485 0.7159
vt 0.9621 0.7215
vt 0.9507 0.7023
vt 0.9636 0.7087
vt 0.9530 0.6878
vt 0.9645 0.6938
vt 0.9532 0.6744
vt 0.9636 0.6793
vt 0.9525 0.6592
vt 0.9609 0.6610
vt 0.9500 0.6458
vt 0.9591 0.6460
vt 0.9487 0.6345
vt 0.9580 0.6331
vt 0.9468 0.6209
vt 0.9555 0.6206
vt 0.9460 0.6048
vt 0.9522 0.6047
vt 0.9440 0.5887
vt 0.9488 0.5884
vt 0.9419 0.5736
vt 0.9462 0.5738
vt 0.9405 0.5572
vt 0.9448 0.5567
vt 0.9372 0.5416
vt 0.9420 0.5422
vt 0.9353 0.5242
vt 0.9412 0.5241
vt 0.9343 0.5040
vt 0.9409 0.5033
vt 0.9347 0.4882
vt 0.9416 0.4874
vt 0.9329 0.4641
vt 0.9405 0.4629
vt 0.9325 0.4463
vt 0.9403 0.4453
vt 0.9327 0.4285
vt 0.9404 0.4275
vt 0.9327 0.4086
vt 0.9403 0.4073
vt 0.9332 0.3891
vt 0.9404 0.3877
vt 0.9318 0.3679
vt 0.9391 0.3667
vt 0.9308 0.3482
vt 0.9382 0.3459
vt 0.9300 0.3270
vt 0.9378 0.3257
vt 0.9295 0.3115
vt 0.9367 0.3106
vt 0.9273 0.2959
vt 0.9346 0.2957
vt 0.9303 0.8525
vt 0.9448 0.8530
vt 0.9061 0.8354
vt 0.9033 0.8492
vt 0.8905 0.8461
vt 0.8942 0.8308
vt 0.9083 0.8240
vt 0.8966 0.8189
vt 0.9289 0.5040
vt 0.9291 0.5238
vt 0.9223 0.5234
vt 0.9231 0.5040
vt 0.9247 0.7569
vt 0.9215 0.7712
vt 0.9088 0.7661
vt 0.9112 0.7517
vt 0.9264 0.3485
vt 0.9274 0.3680
vt 0.9231 0.3681
vt 0.9220 0.3488
vt 0.9386 0.6448
vt 0.9398 0.6564
vt 0.9271 0.6538
vt 0.9271 0.6440
vt 0.9304 0.5416
vt 0.9229 0.5416
vt 0.9187 0.7866
vt 0.9064 0.7814
vt 0.9281 0.3907
vt 0.9230 0.3924
vt 0.9396 0.6704
vt 0.9259 0.6669
vt 0.9324 0.5579
vt 0.9236 0.5586
vt 0.9150 0.8008
vt 0.9033 0.7951
vt 0.9278 0.4086
vt 0.9230 0.4086
vt 0.9391 0.6827
vt 0.9247 0.6781
vt 0.9330 0.5733
vt 0.9235 0.5729
vt 0.9116 0.8124
vt 0.9001 0.8067
vt 0.9279 0.4276
vt 0.9234 0.4268
vt 0.9363 0.6969
vt 0.9213 0.6920
vt 0.9342 0.5890
vt 0.9237 0.5891
vt 0.9340 0.7105
vt 0.9190 0.7055
vt 0.9277 0.4455
vt 0.9231 0.4447
vt 0.9353 0.6046
vt 0.9239 0.6042
vt 0.9278 0.4642
vt 0.9228 0.4643
vt 0.9309 0.7248
vt 0.9165 0.7198
vt 0.9232 0.2967
vt 0.9252 0.3132
vt 0.9209 0.3149
vt 0.9191 0.2975
vt 0.9364 0.6201
vt 0.9252 0.6195
vt 0.9288 0.4880
vt 0.9227 0.4876
vt 0.9282 0.7392
vt 0.9146 0.7350
vt 0.9259 0.3288
vt 0.9219 0.3306
vt 0.9376 0.6344
vt 0.9265 0.6340
vt 0.9164 0.6307
vt 0.9157 0.6409
vt 0.9048 0.6380
vt 0.9059 0.6277
vt 0.9176 0.3328
vt 0.9173 0.3492
vt 0.9118 0.3495
vt 0.9124 0.3350
vt 0.8987 0.7611
vt 0.8967 0.7770
vt 0.8868 0.7728
vt 0.8885 0.7563
vt 0.9166 0.5224
vt 0.9167 0.5409
vt 0.9100 0.5401
vt 0.9102 0.5214
vt 0.9139 0.6633
vt 0.9133 0.6732
vt 0.9015 0.6682
vt 0.9024 0.6596
vt 0.9170 0.3925
vt 0.9173 0.4105
vt 0.9108 0.4124
vt 0.9102 0.3926
vt 0.8908 0.8019
vt 0.8874 0.8139
vt 0.8785 0.8089
vt 0.8819 0.7972
vt 0.9166 0.5728
vt 0.9164 0.5888
vt 0.9089 0.5883
vt 0.9095 0.5727
vt 0.9178 0.4456
vt 0.9170 0.4660
vt 0.9105 0.4677
vt 0.9115 0.4464
vt 0.9085 0.6998
vt 0.9063 0.7142
vt 0.8954 0.7086
vt 0.8973 0.6942
vt 0.9161 0.6180
vt 0.9070 0.6164
vt 0.9168 0.3151
vt 0.9120 0.3153
vt 0.9014 0.7483
vt 0.8911 0.7453
vt 0.9171 0.5047
vt 0.9108 0.5053
vt 0.9156 0.6510
vt 0.9042 0.6482
vt 0.9176 0.3681
vt 0.9112 0.3682
vt 0.8938 0.7903
vt 0.8843 0.7859
vt 0.9168 0.5581
vt 0.9096 0.5576
vt 0.9108 0.6865
vt 0.8998 0.6811
vt 0.9174 0.4277
vt 0.9108 0.4287
vt 0.9162 0.6027
vt 0.9083 0.6011
vt 0.9154 0.2984
vt 0.9109 0.2992
vt 0.9172 0.4898
vt 0.9108 0.4919
vt 0.9040 0.7315
vt 0.8929 0.7281
vt 0.8846 0.8255
vt 0.8794 0.8426
vt 0.8688 0.8380
vt 0.8756 0.8199
vt 0.8727 0.7409
vt 0.8722 0.7539
vt 0.8541 0.7518
vt 0.8544 0.7373
vt 0.8875 0.5017
vt 0.8865 0.5187
vt 0.8634 0.5158
vt 0.8645 0.4982
vt 0.8819 0.6452
vt 0.8807 0.6570
vt 0.8592 0.6538
vt 0.8600 0.6417
vt 0.8894 0.3649
vt 0.8884 0.3888
vt 0.8677 0.3851
vt 0.8690 0.3617
vt 0.8863 0.5550
vt 0.8861 0.5701
vt 0.8627 0.5672
vt 0.8629 0.5524
vt 0.8702 0.7835
vt 0.8694 0.7953
vt 0.8567 0.7942
vt 0.8559 0.7824
vt 0.8778 0.6783
vt 0.8763 0.6922
vt 0.8556 0.6907
vt 0.8566 0.6760
vt 0.8890 0.4237
vt 0.8880 0.4422
vt 0.8661 0.4379
vt 0.8673 0.4189
vt 0.8843 0.5990
vt 0.8834 0.6131
vt 0.8607 0.6099
vt 0.8613 0.5966
vt 0.8902 0.2981
vt 0.8900 0.3135
vt 0.8706 0.3112
vt 0.8712 0.2963
vt 0.8874 0.4876
vt 0.8647 0.4833
vt 0.8748 0.7250
vt 0.8549 0.7221
vt 0.8906 0.3453
vt 0.8704 0.3416
vt 0.8826 0.6344
vt 0.8603 0.6307
vt 0.8712 0.7701
vt 0.8549 0.7687
vt 0.8864 0.5372
vt 0.8632 0.5344
vt 0.8793 0.6666
vt 0.8580 0.6649
vt 0.8885 0.4080
vt 0.8673 0.4038
vt 0.8664 0.8176
vt 0.8600 0.8328
vt 0.8544 0.8288
vt 0.8578 0.8163
vt 0.8851 0.5859
vt 0.8619 0.5831
vt 0.8760 0.7073
vt 0.8554 0.7060
vt 0.8878 0.4636
vt 0.8654 0.4598
vt 0.8831 0.6239
vt 0.8606 0.6205
vt 0.8906 0.3314
vt 0.8707 0.3280
vt 0.8679 0.8070
vt 0.8571 0.8056
vt 0.8911 0.7453
vt 0.8885 0.7563
vt 0.8722 0.7539
vt 0.8727 0.7409
vt 0.9108 0.5053
vt 0.9102 0.5214
vt 0.8865 0.5187
vt 0.8875 0.5017
vt 0.9042 0.6482
vt 0.9024 0.6596
vt 0.8807 0.6570
vt 0.8819 0.6452
vt 0.9112 0.3682
vt 0.9102 0.3926
vt 0.8884 0.3888
vt 0.8894 0.3649
vt 0.9096 0.5576
vt 0.9095 0.5727
vt 0.8861 0.5701
vt 0.8863 0.5550
vt 0.8843 0.7859
vt 0.8819 0.7972
vt 0.8694 0.7953
vt 0.8702 0.7835
vt 0.8998 0.6811
vt 0.8973 0.6942
vt 0.8763 0.6922
vt 0.8778 0.6783
vt 0.9108 0.4287
vt 0.9115 0.4464
vt 0.8880 0.4422
vt 0.8890 0.4237
vt 0.9083 0.6011
vt 0.9070 0.6164
vt 0.8834 0.6131
vt 0.8843 0.5990
vt 0.9109 0.2992
vt 0.9120 0.3153
vt 0.8900 0.3135
vt 0.8902 0.2981
vt 0.9108 0.4919
vt 0.8874 0.4876
vt 0.8929 0.7281
vt 0.8748 0.7250
vt 0.9118 0.3495
vt 0.8906 0.3453
vt 0.9048 0.6380
vt 0.8826 0.6344
vt 0.8868 0.7728
vt 0.8712 0.7701
vt 0.9100 0.5401
vt 0.8864 0.5372
vt 0.9015 0.6682
vt 0.8793 0.6666
vt 0.9108 0.4124
vt 0.8885 0.4080
vt 0.8756 0.8199
vt 0.8688 0.8380
vt 0.8600 0.8328
vt 0.8664 0.8176
vt 0.9089 0.5883
vt 0.8851 0.5859
vt 0.8954 0.7086
vt 0.8760 0.7073
vt 0.9105 0.4677
vt 0.8878 0.4636
vt 0.9059 0.6277
vt 0.8831 0.6239
vt 0.9124 0.3350
vt 0.8906 0.3314
vt 0.8785 0.8089
vt 0.8679 0.8070
vt 0.8544 0.7373
vt 0.8541 0.7518
vt 0.8378 0.7516
vt 0.8374 0.7373
vt 0.8645 0.4982
vt 0.8634 0.5158
vt 0.8411 0.5135
vt 0.8421 0.4951
vt 0.8600 0.6417
vt 0.8592 0.6538
vt 0.8385 0.6507
vt 0.8389 0.6385
vt 0.8690 0.3617
vt 0.8677 0.3851
vt 0.8480 0.3822
vt 0.8497 0.3593
vt 0.8629 0.5524
vt 0.8627 0.5672
vt 0.8401 0.5645
vt 0.8403 0.5501
vt 0.8559 0.7824
vt 0.8567 0.7942
vt 0.8433 0.7946
vt 0.8414 0.7833
vt 0.8566 0.6760
vt 0.8556 0.6907
vt 0.8371 0.6890
vt 0.8374 0.6747
vt 0.8673 0.4189
vt 0.8661 0.4379
vt 0.8450 0.4342
vt 0.8465 0.4146
vt 0.8613 0.5966
vt 0.8607 0.6099
vt 0.8391 0.6068
vt 0.8393 0.5941
vt 0.8712 0.2963
vt 0.8706 0.3112
vt 0.8525 0.3091
vt 0.8533 0.2946
vt 0.8647 0.4833
vt 0.8427 0.4793
vt 0.8549 0.7221
vt 0.8373 0.7210
vt 0.8704 0.3416
vt 0.8512 0.3386
vt 0.8603 0.6307
vt 0.8389 0.6272
vt 0.8549 0.7687
vt 0.8392 0.7690
vt 0.8632 0.5344
vt 0.8406 0.5319
vt 0.8580 0.6649
vt 0.8380 0.6636
vt 0.8673 0.4038
vt 0.8471 0.4003
vt 0.8578 0.8163
vt 0.8544 0.8288
vt 0.8485 0.8249
vt 0.8474 0.8167
vt 0.8619 0.5831
vt 0.8396 0.5804
vt 0.8554 0.7060
vt 0.8373 0.7047
vt 0.8654 0.4598
vt 0.8438 0.4565
vt 0.8606 0.6205
vt 0.8390 0.6172
vt 0.8707 0.3280
vt 0.8519 0.3251
vt 0.8571 0.8056
vt 0.8452 0.8051
vt 0.8526 0.8306
vt 0.8508 0.8325
vt 0.8444 0.8249
vt 0.8464 0.8249
vt 0.8762 0.8466
vt 0.8730 0.8506
vt 0.8619 0.8431
vt 0.8654 0.8405
vt 0.8654 0.8405
vt 0.8619 0.8431
vt 0.8560 0.8377
vt 0.8580 0.8352
vt 0.9158 0.8582
vt 0.9155 0.8651
vt 0.9000 0.8620
vt 0.9016 0.8556
vt 0.9183 0.8397
vt 0.9327 0.8420
vt 0.9373 0.8232
vt 0.9520 0.8296
vt 0.9405 0.8127
vt 0.9554 0.8204
vt 0.9444 0.7982
vt 0.9588 0.8054
vt 0.9486 0.7834
vt 0.9639 0.7908
vt 0.9526 0.7693
vt 0.9671 0.7763
vt 0.9566 0.7508
vt 0.9711 0.7584
vt 0.9596 0.7358
vt 0.9739 0.7426
vt 0.9621 0.7215
vt 0.9757 0.7269
vt 0.9636 0.7087
vt 0.9762 0.7150
vt 0.9645 0.6938
vt 0.9756 0.6997
vt 0.9636 0.6793
vt 0.9732 0.6845
vt 0.9609 0.6610
vt 0.9694 0.6626
vt 0.9591 0.6460
vt 0.9681 0.6463
vt 0.9580 0.6331
vt 0.9674 0.6317
vt 0.9555 0.6206
vt 0.9645 0.6202
vt 0.9522 0.6047
vt 0.9589 0.6044
vt 0.9488 0.5884
vt 0.9544 0.5879
vt 0.9462 0.5738
vt 0.9514 0.5739
vt 0.9448 0.5567
vt 0.9499 0.5560
vt 0.9420 0.5422
vt 0.9477 0.5427
vt 0.9412 0.5241
vt 0.9480 0.5239
vt 0.9409 0.5033
vt 0.9484 0.5026
vt 0.9416 0.4874
vt 0.9491 0.4865
vt 0.9405 0.4629
vt 0.9483 0.4617
vt 0.9403 0.4453
vt 0.9484 0.4443
vt 0.9404 0.4275
vt 0.9483 0.4265
vt 0.9403 0.4073
vt 0.9480 0.4061
vt 0.9404 0.3877
vt 0.9480 0.3863
vt 0.9391 0.3667
vt 0.9468 0.3655
vt 0.9382 0.3459
vt 0.9458 0.3436
vt 0.9378 0.3257
vt 0.9457 0.3245
vt 0.9367 0.3106
vt 0.9440 0.3097
vt 0.9346 0.2957
vt 0.9419 0.2956
vt 0.9161 0.8513
vt 0.9303 0.8525
vt 0.9448 0.8609
vt 0.9474 0.8662
vt 0.9308 0.8665
vt 0.9306 0.8595
vt 0.9183 0.8397
vt 0.9161 0.8513
vt 0.9033 0.8492
vt 0.9061 0.8354
vt 0.9202 0.8290
vt 0.9083 0.8240
vt 0.9343 0.5040
vt 0.9353 0.5242
vt 0.9291 0.5238
vt 0.9289 0.5040
vt 0.9381 0.7627
vt 0.9343 0.7768
vt 0.9215 0.7712
vt 0.9247 0.7569
vt 0.9308 0.3482
vt 0.9318 0.3679
vt 0.9274 0.3680
vt 0.9264 0.3485
vt 0.9500 0.6458
vt 0.9525 0.6592
vt 0.9398 0.6564
vt 0.9386 0.6448
vt 0.9372 0.5416
vt 0.9304 0.5416
vt 0.9310 0.7922
vt 0.9187 0.7866
vt 0.9332 0.3891
vt 0.9281 0.3907
vt 0.9532 0.6744
vt 0.9396 0.6704
vt 0.9405 0.5572
vt 0.9324 0.5579
vt 0.9269 0.8069
vt 0.9150 0.8008
vt 0.9327 0.4086
vt 0.9278 0.4086
vt 0.9530 0.6878
vt 0.9391 0.6827
vt 0.9419 0.5736
vt 0.9330 0.5733
vt 0.9233 0.8183
vt 0.9116 0.8124
vt 0.9327 0.4285
vt 0.9279 0.4276
vt 0.9507 0.7023
vt 0.9363 0.6969
vt 0.9440 0.5887
vt 0.9342 0.5890
vt 0.9485 0.7159
vt 0.9340 0.7105
vt 0.9325 0.4463
vt 0.9277 0.4455
vt 0.9460 0.6048
vt 0.9353 0.6046
vt 0.9329 0.4641
vt 0.9278 0.4642
vt 0.9449 0.7302
vt 0.9309 0.7248
vt 0.9273 0.2959
vt 0.9295 0.3115
vt 0.9252 0.3132
vt 0.9232 0.2967
vt 0.9468 0.6209
vt 0.9364 0.6201
vt 0.9347 0.4882
vt 0.9288 0.4880
vt 0.9416 0.7439
vt 0.9282 0.7392
vt 0.9300 0.3270
vt 0.9259 0.3288
vt 0.9487 0.6345
vt 0.9376 0.6344
vt 0.8878 0.8513
vt 0.8851 0.8566
vt 0.8730 0.8506
vt 0.8762 0.8466
vt 0.9265 0.6340
vt 0.9271 0.6440
vt 0.9157 0.6409
vt 0.9164 0.6307
vt 0.9219 0.3306
vt 0.9220 0.3488
vt 0.9173 0.3492
vt 0.9176 0.3328
vt 0.9088 0.7661
vt 0.9064 0.7814
vt 0.8967 0.7770
vt 0.8987 0.7611
vt 0.9223 0.5234
vt 0.9229 0.5416
vt 0.9167 0.5409
vt 0.9166 0.5224
vt 0.9259 0.6669
vt 0.9247 0.6781
vt 0.9133 0.6732
vt 0.9139 0.6633
vt 0.9230 0.3924
vt 0.9230 0.4086
vt 0.9173 0.4105
vt 0.9170 0.3925
vt 0.9001 0.8067
vt 0.8966 0.8189
vt 0.8874 0.8139
vt 0.8908 0.8019
vt 0.9235 0.5729
vt 0.9237 0.5891
vt 0.9164 0.5888
vt 0.9166 0.5728
vt 0.9231 0.4447
vt 0.9228 0.4643
vt 0.9170 0.4660
vt 0.9178 0.4456
vt 0.9190 0.7055
vt 0.9165 0.7198
vt 0.9063 0.7142
vt 0.9085 0.6998
vt 0.9252 0.6195
vt 0.9161 0.6180
vt 0.9209 0.3149
vt 0.9168 0.3151
vt 0.9112 0.7517
vt 0.9014 0.7483
vt 0.9231 0.5040
vt 0.9171 0.5047
vt 0.9271 0.6538
vt 0.9156 0.6510
vt 0.9231 0.3681
vt 0.9176 0.3681
vt 0.9033 0.7951
vt 0.8938 0.7903
vt 0.9236 0.5586
vt 0.9168 0.5581
vt 0.9213 0.6920
vt 0.9108 0.6865
vt 0.9234 0.4268
vt 0.9174 0.4277
vt 0.9239 0.6042
vt 0.9162 0.6027
vt 0.9191 0.2975
vt 0.9154 0.2984
vt 0.9227 0.4876
vt 0.9172 0.4898
vt 0.9146 0.7350
vt 0.9040 0.7315
vt 0.8942 0.8308
vt 0.8905 0.8461
vt 0.8794 0.8426
vt 0.8846 0.8255
vt 0.8580 0.8352
vt 0.8560 0.8377
vt 0.8508 0.8325
vt 0.8526 0.8306
vt 0.9306 0.8595
vt 0.9308 0.8665
vt 0.9155 0.8651
vt 0.9158 0.8582
vt 0.9016 0.8556
vt 0.9000 0.8620
vt 0.8851 0.8566
vt 0.8878 0.8513
f 295/1 298/2 40/3 41/4
f 299/5 302/6 65/7 66/8
f 303/9 306/10 48/11 49/12
f 298/2 308/13 39/14 40/3
f 294/15 310/16 56/17 57/18
f 306/10 314/19 47/20 48/11
f 302/6 316/21 64/22 65/7
f 310/16 318/23 55/24 56/17
f 308/13 320/25 38/26 39/14
f 316/21 322/27 63/28 64/22
f 314/19 324/29 46/30 47/20
f 320/25 326/31 72/32 38/26
f 318/23 328/33 54/34 55/24
f 322/27 330/35 62/36 63/28
f 324/29 332/37 45/38 46/30
f 333/39 336/40 70/41 71/42
f 328/33 338/43 53/44 54/34
f 330/35 340/45 61/46 62/36
f 332/37 342/47 44/48 45/38
f 336/40 344/49 69/50 70/41
f 338/43 346/51 52/52 53/44
f 326/31 311/53 37/54 72/32
f 340/45 348/55 60/56 61/46
f 342/47 350/57 43/58 44/48
f 344/49 352/59 68/60 69/50
f 346/51 354/61 51/62 52/52
f 348/55 356/63 59/64 60/56
f 350/57 358/65 42/66 43/58
f 354/61 360/67 50/68 51/62
f 352/59 362/69 67/70 68/60
f 356/63 291/71 58/72 59/64
f 358/65 295/1 41/4 42/66
f 362/69 299/5 66/8 67/70
f 360/67 303/9 49/12 50/68
f 363/73 130/74 129/75 366/76
f 367/77 113/78 112/79 370/80
f 371/81 138/82 137/83 374/84
f 375/85 121/86 120/87 378/88
f 370/80 112/79 111/89 380/90
f 366/76 129/75 128/91 382/92
f 378/88 120/87 119/93 386/94
f 374/84 137/83 136/95 388/96
f 382/92 128/91 127/97 390/98
f 380/90 111/89 110/99 392/100
f 388/96 136/95 135/101 394/102
f 386/94 119/93 118/103 396/104
f 392/100 110/99 144/105 398/106
f 390/98 127/97 126/107 400/108
f 394/102 135/101 134/109 402/110
f 396/104 118/103 117/111 404/112
f 405/113 143/114 142/115 408/116
f 400/108 126/107 125/117 410/118
f 402/110 134/109 133/119 412/120
f 404/112 117/111 116/121 414/122
f 408/116 142/115 141/123 416/124
f 410/118 125/117 124/125 418/126
f 398/106 144/105 109/127 383/128
f 412/120 133/119 132/129 420/130
f 414/122 116/121 115/131 422/132
f 416/124 141/123 140/133 424/134
f 418/126 124/125 123/135 426/136
f 420/130 132/129 131/137 428/138
f 422/132 115/131 114/139 430/140
f 426/136 123/135 122/141 432/142
f 424/134 140/133 139/143 434/144
f 428/138 131/137 130/74 363/73
f 430/140 114/139 113/78 367/77
f 434/144 139/143 138/82 371/81
f 432/142 122/141 121/86 375/85
f 215/145 214/146 213/147 216/148
f 147/149 145/150 146/151 148/152
f 149/153 147/149 148/152 150/154
f 151/155 149/153 150/154 152/156
f 153/157 151/155 152/156 154/158
f 155/159 153/157 154/158 156/160
f 157/161 155/159 156/160 158/162
f 159/163 157/161 158/162 160/164
f 161/165 159/163 160/164 162/166
f 163/167 161/165 162/166 164/168
f 165/169 163/167 164/168 166/170
f 167/171 165/169 166/170 168/172
f 169/173 167/171 168/172 170/174
f 171/175 169/173 170/174 172/176
f 173/177 171/175 172/176 174/178
f 175/179 173/177 174/178 176/180
f 177/181 175/179 176/180 178/182
f 179/183 177/181 178/182 180/184
f 181/185 179/183 180/184 182/186
f 183/187 181/185 182/186 184/188
f 185/189 183/187 184/188 186/190
f 187/191 185/189 186/190 188/192
f 189/193 187/191 188/192 190/194
f 191/195 189/193 190/194 192/196
f 193/197 191/195 192/196 194/198
f 195/199 193/197 194/198 196/200
f 197/201 195/199 196/200 198/202
f 199/203 197/201 198/202 200/204
f 201/205 199/203 200/204 202/206
f 203/207 201/205 202/206 204/208
f 205/209 203/207 204/208 206/210
f 207/211 205/209 206/210 208/212
f 209/213 207/211 208/212 210/214
f 211/215 209/213 210/214 212/216
f 215/145 216/148 218/217 217/218
f 219/219 220/220 288/221 287/222
f 287/222 288/221 289/223 290/224
f 219/219 221/225 222/226 220/220
f 221/225 223/227 224/228 222/226
f 223/227 225/229 226/230 224/228
f 225/229 227/231 228/232 226/230
f 227/231 229/233 230/234 228/232
f 229/233 231/235 232/236 230/234
f 231/235 233/237 234/238 232/236
f 233/237 235/239 236/240 234/238
f 235/239 237/241 238/242 236/240
f 237/241 239/243 240/244 238/242
f 239/243 241/245 242/246 240/244
f 241/245 243/247 244/248 242/246
f 243/247 245/249 246/250 244/248
f 245/249 247/251 248/252 246/250
f 247/251 249/253 250/254 248/252
f 249/253 251/255 252/256 250/254
f 251/255 253/257 254/258 252/256
f 253/257 255/259 256/260 254/258
f 255/259 257/261 258/262 256/260
f 257/261 259/263 260/264 258/262
f 259/263 261/265 262/266 260/264
f 261/265 263/267 264/268 262/266
f 263/267 265/269 266/270 264/268
f 265/269 267/271 268/272 266/270
f 267/271 269/273 270/274 268/272
f 269/273 271/275 272/276 270/274
f 271/275 273/277 274/278 272/276
f 273/277 275/279 276/280 274/278
f 275/279 277/281 278/282 276/280
f 277/281 279/283 280/284 278/282
f 279/283 281/285 282/286 280/284
f 281/285 283/287 284/288 282/286
f 283/287 285/289 286/290 284/288
f 217/291 218/292 290/224 289/223
f 21/293 293/294 292/295 22/296
f 4/297 297/298 296/299 5/300
f 29/301 301/302 300/303 30/304
f 12/305 305/306 304/307 13/308
f 3/309 307/310 297/298 4/297
f 20/311 309/312 293/294 21/293
f 11/313 313/314 305/306 12/305
f 28/315 315/316 301/302 29/301
f 19/317 317/318 309/312 20/311
f 2/319 319/320 307/310 3/309
f 27/321 321/322 315/316 28/315
f 10/323 323/324 313/314 11/313
f 36/325 325/326 319/320 2/319
f 18/327 327/328 317/318 19/317
f 26/329 329/330 321/322 27/321
f 9/331 331/332 323/324 10/323
f 34/333 335/334 334/335 35/336
f 17/337 337/338 327/328 18/327
f 25/339 339/340 329/330 26/329
f 8/341 341/342 331/332 9/331
f 33/343 343/344 335/334 34/333
f 16/345 345/346 337/338 17/337
f 1/347 312/348 325/326 36/325
f 24/349 347/350 339/340 25/339
f 7/351 349/352 341/342 8/341
f 32/353 351/354 343/344 33/343
f 15/355 353/356 345/346 16/345
f 23/357 355/358 347/350 24/349
f 6/359 357/360 349/352 7/351
f 14/361 359/362 353/356 15/355
f 31/363 361/364 351/354 32/353
f 22/296 292/295 355/358 23/357
f 5/300 296/299 357/360 6/359
f 30/304 300/303 361/364 31/363
f 13/308 304/307 359/362 14/361
f 94/365 364/366 365/367 93/368
f 77/369 368/370 369/371 76/372
f 102/373 372/374 373/375 101/376
f 85/377 376/378 377/379 84/380
f 76/372 369/371 379/381 75/382
f 93/368 365/367 381/383 92/384
f 84/380 377/379 385/385 83/386
f 101/376 373/375 387/387 100/388
f 92/384 381/383 389/389 91/390
f 75/382 379/381 391/391 74/392
f 100/388 387/387 393/393 99/394
f 83/386 385/385 395/395 82/396
f 74/392 391/391 397/397 108/398
f 91/390 389/389 399/399 90/400
f 99/394 393/393 401/401 98/402
f 82/396 395/395 403/403 81/404
f 107/405 406/406 407/407 106/408
f 90/400 399/399 409/409 89/410
f 98/402 401/401 411/411 97/412
f 81/404 403/403 413/413 80/414
f 106/408 407/407 415/415 105/416
f 89/410 409/409 417/417 88/418
f 108/398 397/397 384/419 73/420
f 97/412 411/411 419/421 96/422
f 80/414 413/413 421/423 79/424
f 105/416 415/415 423/425 104/426
f 88/418 417/417 425/427 87/428
f 96/422 419/421 427/429 95/430
f 79/424 421/423 429/431 78/432
f 87/428 425/427 431/433 86/434
f 104/426 423/425 433/435 103/436
f 95/430 427/429 364/366 94/365
f 78/432 429/431 368/370 77/369
f 103/436 433/435 372/374 102/373
f 86/434 431/433 376/378 85/377
f 291/71 294/15 57/18 58/72
f 762/437 506/438 438/439 728/440
f 728/441 729/442 439/443 436/444
f 729/442 730/445 441/446 439/443
f 730/445 731/447 443/448 441/446
f 731/447 732/449 445/450 443/448
f 732/449 733/451 447/452 445/450
f 733/451 734/453 449/454 447/452
f 734/453 735/455 451/456 449/454
f 735/455 736/457 453/458 451/456
f 736/457 737/459 455/460 453/458
f 737/459 738/461 457/462 455/460
f 738/461 739/463 459/464 457/462
f 739/463 740/465 461/466 459/464
f 740/465 741/467 463/468 461/466
f 741/467 742/469 465/470 463/468
f 742/469 743/471 467/472 465/470
f 743/471 744/473 469/474 467/472
f 744/473 745/475 471/476 469/474
f 745/475 746/477 473/478 471/476
f 746/477 747/479 475/480 473/478
f 747/479 748/481 477/482 475/480
f 748/481 749/483 479/484 477/482
f 749/483 750/485 481/486 479/484
f 750/485 751/487 483/488 481/486
f 751/487 752/489 485/490 483/488
f 752/489 753/491 487/492 485/490
f 753/491 754/493 489/494 487/492
f 754/493 755/495 491/496 489/494
f 755/495 756/497 493/498 491/496
f 756/497 757/499 495/500 493/498
f 757/499 758/501 497/502 495/500
f 758/501 759/503 499/504 497/502
f 759/503 760/505 501/506 499/504
f 760/505 761/507 503/508 501/506
f 727/509 437/510 506/438 762/437
f 763/511 542/512 507/513 764/514
f 765/515 508/516 542/512 763/511
f 766/517 530/518 529/519 767/520
f 768/521 513/522 512/523 769/524
f 770/525 538/526 537/527 771/528
f 772/529 521/530 520/531 773/532
f 767/520 529/519 528/533 774/534
f 769/524 512/523 511/535 775/536
f 771/528 537/527 536/537 776/538
f 773/532 520/531 519/539 777/540
f 774/534 528/533 527/541 778/542
f 775/536 511/535 510/543 779/544
f 776/538 536/537 535/545 780/546
f 777/540 519/539 518/547 781/548
f 778/542 527/541 526/549 782/550
f 779/544 510/543 509/551 783/552
f 780/546 535/545 534/553 784/554
f 781/548 518/547 517/555 785/556
f 782/550 526/549 525/557 786/558
f 783/552 509/551 508/516 765/515
f 785/556 517/555 516/559 787/560
f 784/554 534/553 533/561 788/562
f 786/558 525/557 524/563 789/564
f 788/562 533/561 532/565 790/566
f 787/560 516/559 515/567 791/568
f 792/569 541/570 540/571 793/572
f 789/564 524/563 523/573 794/574
f 790/566 532/565 531/575 795/576
f 791/568 515/567 514/577 796/578
f 793/572 540/571 539/579 797/580
f 794/574 523/573 522/581 798/582
f 796/578 514/577 513/522 768/521
f 795/576 531/575 530/518 766/517
f 797/580 539/579 538/526 770/525
f 798/582 522/581 521/530 772/529
f 800/583 558/584 557/585 801/586
f 802/587 575/588 574/589 803/590
f 804/591 548/592 547/593 805/594
f 806/595 565/596 564/597 807/598
f 808/599 555/600 554/601 809/602
f 810/603 572/604 571/605 811/606
f 812/607 545/608 544/609 813/610
f 814/611 562/612 561/613 815/614
f 816/615 569/616 568/617 817/618
f 818/619 552/620 551/621 819/622
f 820/623 559/624 558/584 800/583
f 821/625 576/626 575/588 802/587
f 822/627 549/628 548/592 804/591
f 823/629 566/630 565/596 806/595
f 824/631 556/632 555/600 808/599
f 825/633 573/634 572/604 810/603
f 826/635 546/636 545/608 812/607
f 827/637 563/638 562/612 814/611
f 828/639 553/640 552/620 818/619
f 829/641 570/642 569/616 816/615
f 830/643 560/644 559/624 820/623
f 831/645 577/646 576/626 821/625
f 832/647 567/648 566/630 823/629
f 833/649 550/650 549/628 822/627
f 801/586 557/585 556/632 824/631
f 803/590 574/589 573/634 825/633
f 805/594 547/593 546/636 826/635
f 807/598 564/597 563/638 827/637
f 811/606 571/605 570/642 829/641
f 809/602 554/601 553/640 828/639
f 834/651 578/652 543/653 835/654
f 813/610 544/609 578/652 834/651
f 815/614 561/613 560/644 830/643
f 819/622 551/621 550/650 833/649
f 817/618 568/617 567/648 832/647
f 1306/655 987/656 986/657 1296/658
f 1307/659 1004/660 1003/661 1297/662
f 1274/663 994/664 993/665 1299/666
f 1273/667 1011/668 1010/669 1298/670
f 1276/671 1001/672 1000/673 1301/674
f 1275/675 984/676 983/677 1300/678
f 1277/679 991/680 990/681 1302/682
f 1278/683 1008/684 1007/685 1303/686
f 1279/687 998/688 997/689 1304/690
f 1280/691 1015/692 1014/693 1305/694
f 1282/695 1005/696 1004/660 1307/659
f 1281/697 988/698 987/656 1306/655
f 1284/699 1012/700 1011/668 1273/667
f 1283/701 995/702 994/664 1274/663
f 1285/703 985/704 984/676 1275/675
f 1286/705 1002/706 1001/672 1276/671
f 1288/707 992/708 991/680 1277/679
f 1287/709 1009/710 1008/684 1278/683
f 1289/711 1016/712 981/713 1308/714
f 1291/715 999/716 998/688 1279/687
f 1292/717 989/718 988/698 1281/697
f 1293/719 1006/720 1005/696 1282/695
f 1294/721 996/722 995/702 1283/701
f 1295/723 1013/724 1012/700 1284/699
f 1297/662 1003/661 1002/706 1286/705
f 1296/658 986/657 985/704 1285/703
f 1299/666 993/665 992/708 1288/707
f 1298/670 1010/669 1009/710 1287/709
f 1300/678 983/677 982/725 1290/726
f 1301/674 1000/673 999/716 1291/715
f 1302/682 990/681 989/718 1292/717
f 1303/686 1007/685 1006/720 1293/719
f 1305/694 1014/693 1013/724 1295/723
f 1304/690 997/689 996/722 1294/721
f 1290/726 982/725 1016/712 1289/711
f 623/727 595/728 613/729 649/730
f 624/731 597/732 614/733 650/734
f 627/735 582/736 581/737 616/738
f 626/739 580/740 579/741 615/742
f 629/743 586/744 585/745 618/746
f 628/747 584/748 583/749 617/750
f 630/751 588/752 587/753 619/754
f 631/755 590/756 589/757 620/758
f 632/759 592/760 591/761 621/762
f 633/763 594/764 593/765 622/766
f 635/767 598/768 597/732 624/731
f 634/769 596/770 595/728 623/727
f 637/771 600/772 580/740 626/739
f 636/773 599/774 582/736 627/735
f 638/775 601/776 584/748 628/747
f 639/777 602/778 586/744 629/743
f 641/779 604/780 588/752 630/751
f 640/781 603/782 590/756 631/755
f 642/783 606/784 605/785 625/786
f 644/787 608/788 592/760 632/759
f 645/789 609/790 596/770 634/769
f 646/791 610/792 598/768 635/767
f 647/793 611/794 599/774 636/773
f 648/795 612/796 600/772 637/771
f 650/734 614/733 602/778 639/777
f 649/730 613/729 601/776 638/775
f 616/738 581/737 604/780 641/779
f 615/742 579/741 603/782 640/781
f 617/750 583/749 607/797 643/798
f 618/746 585/745 608/788 644/787
f 619/754 587/753 609/790 645/789
f 620/758 589/757 610/792 646/791
f 622/766 593/765 612/796 648/795
f 621/762 591/761 611/794 647/793
f 643/798 607/797 606/784 642/783
f 549/628 623/727 649/730 548/592
f 566/630 624/731 650/734 565/596
f 556/632 627/735 616/738 555/600
f 573/634 626/739 615/742 572/604
f 563/638 629/743 618/746 562/612
f 546/636 628/747 617/750 545/608
f 553/640 630/751 619/754 552/620
f 570/642 631/755 620/758 569/616
f 560/644 632/759 621/762 559/624
f 577/646 633/763 622/766 576/626
f 567/648 635/767 624/731 566/630
f 550/650 634/769 623/727 549/628
f 574/589 637/771 626/739 573/634
f 557/585 636/773 627/735 556/632
f 547/593 638/775 628/747 546/636
f 564/597 639/777 629/743 563/638
f 554/601 641/779 630/751 553/640
f 571/605 640/781 631/755 570/642
f 578/652 642/783 625/786 543/653
f 561/613 644/787 632/759 560/644
f 551/621 645/789 634/769 550/650
f 568/617 646/791 635/767 567/648
f 558/584 647/793 636/773 557/585
f 575/588 648/795 637/771 574/589
f 565/596 650/734 639/777 564/597
f 548/592 649/730 638/775 547/593
f 555/600 616/738 641/779 554/601
f 572/604 615/742 640/781 571/605
f 545/608 617/750 643/798 544/609
f 562/612 618/746 644/787 561/613
f 552/620 619/754 645/789 551/621
f 569/616 620/758 646/791 568/617
f 576/626 622/766 648/795 575/588
f 559/624 621/762 647/793 558/584
f 544/609 643/798 642/783 578/652
f 595/728 684/799 674/800 613/729
f 597/732 685/801 675/802 614/733
f 582/736 652/803 677/804 581/737
f 580/740 651/805 676/806 579/741
f 586/744 654/807 679/808 585/745
f 584/748 653/809 678/810 583/749
f 588/752 655/811 680/812 587/753
f 590/756 656/813 681/814 589/757
f 592/760 657/815 682/816 591/761
f 594/764 658/817 683/818 593/765
f 598/768 660/819 685/801 597/732
f 596/770 659/820 684/799 595/728
f 600/772 662/821 651/805 580/740
f 599/774 661/822 652/803 582/736
f 601/776 663/823 653/809 584/748
f 602/778 664/824 654/807 586/744
f 604/780 666/825 655/811 588/752
f 603/782 665/826 656/813 590/756
f 606/784 667/827 686/828 605/785
f 608/788 669/829 657/815 592/760
f 609/790 670/830 659/820 596/770
f 610/792 671/831 660/819 598/768
f 611/794 672/832 661/822 599/774
f 612/796 673/833 662/821 600/772
f 614/733 675/802 664/824 602/778
f 613/729 674/800 663/823 601/776
f 581/737 677/804 666/825 604/780
f 579/741 676/806 665/826 603/782
f 583/749 678/810 668/834 607/797
f 585/745 679/808 669/829 608/788
f 587/753 680/812 670/830 609/790
f 589/757 681/814 671/831 610/792
f 593/765 683/818 673/833 612/796
f 591/761 682/816 672/832 611/794
f 607/797 668/834 667/827 606/784
f 1309/835 1310/836 690/837 1126/838
f 1311/839 1309/835 1126/838 689/840
f 1318/841 1311/839 689/840 836/842
f 1317/843 1312/844 688/845 799/846
f 1316/847 1313/848 687/849 1200/850
f 1310/836 1308/714 981/713 690/837
f 1815/851 1816/852 711/853 712/854
f 1817/855 1818/856 694/857 695/858
f 1819/859 1820/860 719/861 720/862
f 1821/863 1822/864 702/865 703/866
f 1818/856 1823/867 693/868 694/857
f 1816/852 1824/869 710/870 711/853
f 1888/871 1826/872 1163/873 1315/874
f 1822/864 1827/875 701/876 702/865
f 1820/860 1828/877 718/878 719/861
f 1824/869 1829/879 709/880 710/870
f 1823/867 1830/881 692/882 693/868
f 1828/877 1831/883 717/884 718/878
f 1827/875 1832/885 700/886 701/876
f 1830/881 1833/887 726/888 692/882
f 1829/879 1834/889 708/890 709/880
f 1831/883 1835/891 716/892 717/884
f 1832/885 1836/893 699/894 700/886
f 1837/895 1838/896 724/897 725/898
f 1834/889 1839/899 707/900 708/890
f 1835/891 1840/901 715/902 716/892
f 1836/893 1841/903 698/904 699/894
f 1838/896 1842/905 723/906 724/897
f 1839/899 1843/907 706/908 707/900
f 1833/887 1825/909 691/910 726/888
f 1840/901 1844/911 714/912 715/902
f 1841/903 1845/913 697/914 698/904
f 1842/905 1846/915 722/916 723/906
f 1843/907 1847/917 705/918 706/908
f 1844/911 1848/919 713/920 714/912
f 1845/913 1849/921 696/922 697/914
f 1847/917 1850/923 704/924 705/918
f 1846/915 1851/925 721/926 722/916
f 1848/919 1815/851 712/854 713/920
f 1849/921 1817/855 695/858 696/922
f 1851/925 1819/859 720/862 721/926
f 1850/923 1821/863 703/866 704/924
f 505/927 762/437 728/440 436/444
f 438/439 440/928 729/442 728/440
f 440/928 442/929 730/445 729/442
f 442/929 444/930 731/447 730/445
f 444/930 446/931 732/449 731/447
f 446/931 448/932 733/451 732/449
f 448/932 450/933 734/453 733/451
f 450/933 452/934 735/455 734/453
f 452/934 454/935 736/457 735/455
f 454/935 456/936 737/459 736/457
f 456/936 458/937 738/461 737/459
f 458/937 460/938 739/463 738/461
f 460/938 462/939 740/465 739/463
f 462/939 464/940 741/467 740/465
f 464/940 466/941 742/469 741/467
f 466/941 468/942 743/471 742/469
f 468/942 470/943 744/473 743/471
f 470/943 472/944 745/475 744/473
f 472/944 474/945 746/477 745/475
f 474/945 476/946 747/479 746/477
f 476/946 478/947 748/481 747/479
f 478/947 480/948 749/483 748/481
f 480/948 482/949 750/485 749/483
f 482/949 484/950 751/487 750/485
f 484/950 486/951 752/489 751/487
f 486/951 488/952 753/491 752/489
f 488/952 490/953 754/493 753/491
f 490/953 492/954 755/495 754/493
f 492/954 494/955 756/497 755/495
f 494/955 496/956 757/499 756/497
f 496/956 498/957 758/501 757/499
f 498/957 500/958 759/503 758/501
f 500/958 502/959 760/505 759/503
f 502/959 504/960 761/507 760/505
f 435/961 727/509 762/437 505/927
f 1314/962 1316/847 1200/850 1125/963
f 505/927 763/511 764/514 435/961
f 436/444 765/515 763/511 505/927
f 481/486 766/517 767/520 479/484
f 447/452 768/521 769/524 445/450
f 497/502 770/525 771/528 495/500
f 463/468 772/529 773/532 461/466
f 479/484 767/520 774/534 477/482
f 445/450 769/524 775/536 443/448
f 495/500 771/528 776/538 493/498
f 461/466 773/532 777/540 459/464
f 477/482 774/534 778/542 475/480
f 443/448 775/536 779/544 441/446
f 493/498 776/538 780/546 491/496
f 459/464 777/540 781/548 457/462
f 475/480 778/542 782/550 473/478
f 441/446 779/544 783/552 439/443
f 491/496 780/546 784/554 489/494
f 457/462 781/548 785/556 455/460
f 473/478 782/550 786/558 471/476
f 439/443 783/552 765/515 436/444
f 455/460 785/556 787/560 453/458
f 489/494 784/554 788/562 487/492
f 471/476 786/558 789/564 469/474
f 487/492 788/562 790/566 485/490
f 453/458 787/560 791/568 451/456
f 503/508 792/569 793/572 501/506
f 469/474 789/564 794/574 467/472
f 485/490 790/566 795/576 483/488
f 451/456 791/568 796/578 449/454
f 501/506 793/572 797/580 499/504
f 467/472 794/574 798/582 465/470
f 449/454 796/578 768/521 447/452
f 483/488 795/576 766/517 481/486
f 499/504 797/580 770/525 497/502
f 465/470 798/582 772/529 463/468
f 1313/848 1317/843 799/846 687/849
f 522/581 800/583 801/586 521/530
f 539/579 802/587 803/590 538/526
f 512/523 804/591 805/594 511/535
f 529/519 806/595 807/598 528/533
f 519/539 808/599 809/602 518/547
f 536/537 810/603 811/606 535/545
f 509/551 812/607 813/610 508/516
f 526/549 814/611 815/614 525/557
f 533/561 816/615 817/618 532/565
f 516/559 818/619 819/622 515/567
f 523/573 820/623 800/583 522/581
f 540/571 821/625 802/587 539/579
f 513/522 822/627 804/591 512/523
f 530/518 823/629 806/595 529/519
f 520/531 824/631 808/599 519/539
f 537/527 825/633 810/603 536/537
f 510/543 826/635 812/607 509/551
f 527/541 827/637 814/611 526/549
f 517/555 828/639 818/619 516/559
f 534/553 829/641 816/615 533/561
f 524/563 830/643 820/623 523/573
f 541/570 831/645 821/625 540/571
f 531/575 832/647 823/629 530/518
f 514/577 833/649 822/627 513/522
f 521/530 801/586 824/631 520/531
f 538/526 803/590 825/633 537/527
f 511/535 805/594 826/635 510/543
f 528/533 807/598 827/637 527/541
f 535/545 811/606 829/641 534/553
f 518/547 809/602 828/639 517/555
f 542/512 834/651 835/654 507/513
f 508/516 813/610 834/651 542/512
f 525/557 815/614 830/643 524/563
f 515/567 819/622 833/649 514/577
f 532/565 817/618 832/647 531/575
f 1312/844 1318/841 836/842 688/845
f 1199/964 1165/965 840/966 908/967
f 1165/968 838/969 841/970 1166/971
f 1166/971 841/970 843/972 1167/973
f 1167/973 843/972 845/974 1168/975
f 1168/975 845/974 847/976 1169/977
f 1169/977 847/976 849/978 1170/979
f 1170/979 849/978 851/980 1171/981
f 1171/981 851/980 853/982 1172/983
f 1172/983 853/982 855/984 1173/985
f 1173/985 855/984 857/986 1174/987
f 1174/987 857/986 859/988 1175/989
f 1175/989 859/988 861/990 1176/991
f 1176/991 861/990 863/992 1177/993
f 1177/993 863/992 865/994 1178/995
f 1178/995 865/994 867/996 1179/997
f 1179/997 867/996 869/998 1180/999
f 1180/999 869/998 871/1000 1181/1001
f 1181/1001 871/1000 873/1002 1182/1003
f 1182/1003 873/1002 875/1004 1183/1005
f 1183/1005 875/1004 877/1006 1184/1007
f 1184/1007 877/1006 879/1008 1185/1009
f 1185/1009 879/1008 881/1010 1186/1011
f 1186/1011 881/1010 883/1012 1187/1013
f 1187/1013 883/1012 885/1014 1188/1015
f 1188/1015 885/1014 887/1016 1189/1017
f 1189/1017 887/1016 889/1018 1190/1019
f 1190/1019 889/1018 891/1020 1191/1021
f 1191/1021 891/1020 893/1022 1192/1023
f 1192/1023 893/1022 895/1024 1193/1025
f 1193/1025 895/1024 897/1026 1194/1027
f 1194/1027 897/1026 899/1028 1195/1029
f 1195/1029 899/1028 901/1030 1196/1031
f 1196/1031 901/1030 903/1032 1197/1033
f 1197/1033 903/1032 905/1034 1198/1035
f 1164/1036 1199/964 908/967 839/1037
f 1201/1038 1202/1039 909/1040 944/1041
f 1203/1042 1201/1038 944/1041 910/1043
f 1204/1044 1205/1045 931/1046 932/1047
f 1206/1048 1207/1049 914/1050 915/1051
f 1208/1052 1209/1053 939/1054 940/1055
f 1210/1056 1211/1057 922/1058 923/1059
f 1205/1045 1212/1060 930/1061 931/1046
f 1207/1049 1213/1062 913/1063 914/1050
f 1209/1053 1214/1064 938/1065 939/1054
f 1211/1057 1215/1066 921/1067 922/1058
f 1212/1060 1216/1068 929/1069 930/1061
f 1213/1062 1217/1070 912/1071 913/1063
f 1214/1064 1218/1072 937/1073 938/1065
f 1215/1066 1219/1074 920/1075 921/1067
f 1216/1068 1220/1076 928/1077 929/1069
f 1217/1070 1221/1078 911/1079 912/1071
f 1218/1072 1222/1080 936/1081 937/1073
f 1219/1074 1223/1082 919/1083 920/1075
f 1220/1076 1224/1084 927/1085 928/1077
f 1221/1078 1203/1042 910/1043 911/1079
f 1223/1082 1225/1086 918/1087 919/1083
f 1222/1080 1226/1088 935/1089 936/1081
f 1224/1084 1227/1090 926/1091 927/1085
f 1226/1088 1228/1092 934/1093 935/1089
f 1225/1086 1229/1094 917/1095 918/1087
f 1230/1096 1231/1097 942/1098 943/1099
f 1227/1090 1232/1100 925/1101 926/1091
f 1228/1092 1233/1102 933/1103 934/1093
f 1229/1094 1234/1104 916/1105 917/1095
f 1231/1097 1235/1106 941/1107 942/1098
f 1232/1100 1236/1108 924/1109 925/1101
f 1234/1104 1206/1048 915/1051 916/1105
f 1233/1102 1204/1044 932/1047 933/1103
f 1235/1106 1208/1052 940/1055 941/1107
f 1236/1108 1210/1056 923/1059 924/1109
f 1237/1110 1238/1111 959/1112 960/1113
f 1239/1114 1240/1115 976/1116 977/1117
f 1241/1118 1242/1119 949/1120 950/1121
f 1243/1122 1244/1123 966/1124 967/1125
f 1245/1126 1246/1127 956/1128 957/1129
f 1247/1130 1248/1131 973/1132 974/1133
f 1249/1134 1250/1135 946/1136 947/1137
f 1251/1138 1252/1139 963/1140 964/1141
f 1253/1142 1254/1143 970/1144 971/1145
f 1255/1146 1256/1147 953/1148 954/1149
f 1257/1150 1237/1110 960/1113 961/1151
f 1258/1152 1239/1114 977/1117 978/1153
f 1259/1154 1241/1118 950/1121 951/1155
f 1260/1156 1243/1122 967/1125 968/1157
f 1261/1158 1245/1126 957/1129 958/1159
f 1262/1160 1247/1130 974/1133 975/1161
f 1263/1162 1249/1134 947/1137 948/1163
f 1264/1164 1251/1138 964/1141 965/1165
f 1265/1166 1255/1146 954/1149 955/1167
f 1266/1168 1253/1142 971/1145 972/1169
f 1267/1170 1257/1150 961/1151 962/1171
f 1268/1172 1258/1152 978/1153 979/1173
f 1269/1174 1260/1156 968/1157 969/1175
f 1270/1176 1259/1154 951/1155 952/1177
f 1238/1111 1261/1158 958/1159 959/1112
f 1240/1115 1262/1160 975/1161 976/1116
f 1242/1119 1263/1162 948/1163 949/1120
f 1244/1123 1264/1164 965/1165 966/1124
f 1248/1131 1266/1168 972/1169 973/1132
f 1246/1127 1265/1166 955/1167 956/1128
f 1271/1178 1272/1179 945/1180 980/1181
f 1250/1135 1271/1178 980/1181 946/1136
f 1252/1139 1267/1170 962/1171 963/1140
f 1256/1147 1270/1176 952/1177 953/1148
f 1254/1143 1269/1174 969/1175 970/1144
f 1352/1182 1342/1183 986/1184 987/1185
f 1353/1186 1343/1187 1003/1188 1004/1189
f 1320/1190 1345/1191 993/1192 994/1193
f 1319/1194 1344/1195 1010/1196 1011/1197
f 1322/1198 1347/1199 1000/1200 1001/1201
f 1321/1202 1346/1203 983/1204 984/1205
f 1323/1206 1348/1207 990/1208 991/1209
f 1324/1210 1349/1211 1007/1212 1008/1213
f 1325/1214 1350/1215 997/1216 998/1217
f 1326/1218 1351/1219 1014/1220 1015/1221
f 1328/1222 1353/1186 1004/1189 1005/1223
f 1327/1224 1352/1182 987/1185 988/1225
f 1330/1226 1319/1194 1011/1197 1012/1227
f 1329/1228 1320/1190 994/1193 995/1229
f 1331/1230 1321/1202 984/1205 985/1231
f 1332/1232 1322/1198 1001/1201 1002/1233
f 1334/1234 1323/1206 991/1209 992/1235
f 1333/1236 1324/1210 1008/1213 1009/1237
f 1335/1238 1354/1239 981/1240 1016/1241
f 1337/1242 1325/1214 998/1217 999/1243
f 1338/1244 1327/1224 988/1225 989/1245
f 1339/1246 1328/1222 1005/1223 1006/1247
f 1340/1248 1329/1228 995/1229 996/1249
f 1341/1250 1330/1226 1012/1227 1013/1251
f 1343/1187 1332/1232 1002/1233 1003/1188
f 1342/1183 1331/1230 985/1231 986/1184
f 1345/1191 1334/1234 992/1235 993/1192
f 1344/1195 1333/1236 1009/1237 1010/1196
f 1346/1203 1336/1252 982/1253 983/1204
f 1347/1199 1337/1242 999/1243 1000/1200
f 1348/1207 1338/1244 989/1245 990/1208
f 1349/1211 1339/1246 1006/1247 1007/1212
f 1351/1219 1341/1250 1013/1251 1014/1220
f 1350/1215 1340/1248 996/1249 997/1216
f 1336/1252 1335/1238 1016/1241 982/1253
f 1061/1254 1087/1255 1051/1256 1033/1257
f 1062/1258 1088/1259 1052/1260 1035/1261
f 1065/1262 1054/1263 1019/1264 1020/1265
f 1064/1266 1053/1267 1017/1268 1018/1269
f 1067/1270 1056/1271 1023/1272 1024/1273
f 1066/1274 1055/1275 1021/1276 1022/1277
f 1068/1278 1057/1279 1025/1280 1026/1281
f 1069/1282 1058/1283 1027/1284 1028/1285
f 1070/1286 1059/1287 1029/1288 1030/1289
f 1071/1290 1060/1291 1031/1292 1032/1293
f 1073/1294 1062/1258 1035/1261 1036/1295
f 1072/1296 1061/1254 1033/1257 1034/1297
f 1075/1298 1064/1266 1018/1269 1038/1299
f 1074/1300 1065/1262 1020/1265 1037/1301
f 1076/1302 1066/1274 1022/1277 1039/1303
f 1077/1304 1067/1270 1024/1273 1040/1305
f 1079/1306 1068/1278 1026/1281 1042/1307
f 1078/1308 1069/1282 1028/1285 1041/1309
f 1080/1310 1063/1311 1043/1312 1044/1313
f 1082/1314 1070/1286 1030/1289 1046/1315
f 1083/1316 1072/1296 1034/1297 1047/1317
f 1084/1318 1073/1294 1036/1295 1048/1319
f 1085/1320 1074/1300 1037/1301 1049/1321
f 1086/1322 1075/1298 1038/1299 1050/1323
f 1088/1259 1077/1304 1040/1305 1052/1260
f 1087/1255 1076/1302 1039/1303 1051/1256
f 1054/1263 1079/1306 1042/1307 1019/1264
f 1053/1267 1078/1308 1041/1309 1017/1268
f 1055/1275 1081/1324 1045/1325 1021/1276
f 1056/1271 1082/1314 1046/1315 1023/1272
f 1057/1279 1083/1316 1047/1317 1025/1280
f 1058/1283 1084/1318 1048/1319 1027/1284
f 1060/1291 1086/1322 1050/1323 1031/1292
f 1059/1287 1085/1320 1049/1321 1029/1288
f 1081/1324 1080/1310 1044/1313 1045/1325
f 951/1155 950/1121 1087/1255 1061/1254
f 968/1157 967/1125 1088/1259 1062/1258
f 958/1159 957/1129 1054/1263 1065/1262
f 975/1161 974/1133 1053/1267 1064/1266
f 965/1165 964/1141 1056/1271 1067/1270
f 948/1163 947/1137 1055/1275 1066/1274
f 955/1167 954/1149 1057/1279 1068/1278
f 972/1169 971/1145 1058/1283 1069/1282
f 962/1171 961/1151 1059/1287 1070/1286
f 979/1173 978/1153 1060/1291 1071/1290
f 969/1175 968/1157 1062/1258 1073/1294
f 952/1177 951/1155 1061/1254 1072/1296
f 976/1116 975/1161 1064/1266 1075/1298
f 959/1112 958/1159 1065/1262 1074/1300
f 949/1120 948/1163 1066/1274 1076/1302
f 966/1124 965/1165 1067/1270 1077/1304
f 956/1128 955/1167 1068/1278 1079/1306
f 973/1132 972/1169 1069/1282 1078/1308
f 980/1181 945/1180 1063/1311 1080/1310
f 963/1140 962/1171 1070/1286 1082/1314
f 953/1148 952/1177 1072/1296 1083/1316
f 970/1144 969/1175 1073/1294 1084/1318
f 960/1113 959/1112 1074/1300 1085/1320
f 977/1117 976/1116 1075/1298 1086/1322
f 967/1125 966/1124 1077/1304 1088/1259
f 950/1121 949/1120 1076/1302 1087/1255
f 957/1129 956/1128 1079/1306 1054/1263
f 974/1133 973/1132 1078/1308 1053/1267
f 947/1137 946/1136 1081/1324 1055/1275
f 964/1141 963/1140 1082/1314 1056/1271
f 954/1149 953/1148 1083/1316 1057/1279
f 971/1145 970/1144 1084/1318 1058/1283
f 978/1153 977/1117 1086/1322 1060/1291
f 961/1151 960/1113 1085/1320 1059/1287
f 946/1136 980/1181 1080/1310 1081/1324
f 1033/1257 1051/1256 1112/1326 1122/1327
f 1035/1261 1052/1260 1113/1328 1123/1329
f 1020/1265 1019/1264 1115/1330 1090/1331
f 1018/1269 1017/1268 1114/1332 1089/1333
f 1024/1273 1023/1272 1117/1334 1092/1335
f 1022/1277 1021/1276 1116/1336 1091/1337
f 1026/1281 1025/1280 1118/1338 1093/1339
f 1028/1285 1027/1284 1119/1340 1094/1341
f 1030/1289 1029/1288 1120/1342 1095/1343
f 1032/1293 1031/1292 1121/1344 1096/1345
f 1036/1295 1035/1261 1123/1329 1098/1346
f 1034/1297 1033/1257 1122/1327 1097/1347
f 1038/1299 1018/1269 1089/1333 1100/1348
f 1037/1301 1020/1265 1090/1331 1099/1349
f 1039/1303 1022/1277 1091/1337 1101/1350
f 1040/1305 1024/1273 1092/1335 1102/1351
f 1042/1307 1026/1281 1093/1339 1104/1352
f 1041/1309 1028/1285 1094/1341 1103/1353
f 1044/1313 1043/1312 1124/1354 1105/1355
f 1046/1315 1030/1289 1095/1343 1107/1356
f 1047/1317 1034/1297 1097/1347 1108/1357
f 1048/1319 1036/1295 1098/1346 1109/1358
f 1049/1321 1037/1301 1099/1349 1110/1359
f 1050/1323 1038/1299 1100/1348 1111/1360
f 1052/1260 1040/1305 1102/1351 1113/1328
f 1051/1256 1039/1303 1101/1350 1112/1326
f 1019/1264 1042/1307 1104/1352 1115/1330
f 1017/1268 1041/1309 1103/1353 1114/1332
f 1021/1276 1045/1325 1106/1361 1116/1336
f 1023/1272 1046/1315 1107/1356 1117/1334
f 1025/1280 1047/1317 1108/1357 1118/1338
f 1027/1284 1048/1319 1109/1358 1119/1340
f 1031/1292 1050/1323 1111/1360 1121/1344
f 1029/1288 1049/1321 1110/1359 1120/1342
f 1045/1325 1044/1313 1105/1355 1106/1361
f 1361/1362 690/1363 981/1240 1354/1239
f 1360/1364 836/1365 689/1366 1362/1367
f 1362/1367 689/1366 1126/1368 1355/1369
f 1363/1370 687/1371 799/1372 1356/1373
f 1852/1374 1148/1375 1147/1376 1853/1377
f 1854/1378 1131/1379 1130/1380 1855/1381
f 1856/1382 1156/1383 1155/1384 1857/1385
f 1858/1386 1139/1387 1138/1388 1859/1389
f 1855/1381 1130/1380 1129/1390 1860/1391
f 1853/1377 1147/1376 1146/1392 1861/1393
f 1889/1394 1358/1395 1163/1396 1826/1397
f 1859/1389 1138/1388 1137/1398 1863/1399
f 1857/1385 1155/1384 1154/1400 1864/1401
f 1861/1393 1146/1392 1145/1402 1865/1403
f 1860/1391 1129/1390 1128/1404 1866/1405
f 1864/1401 1154/1400 1153/1406 1867/1407
f 1863/1399 1137/1398 1136/1408 1868/1409
f 1866/1405 1128/1404 1162/1410 1869/1411
f 1865/1403 1145/1402 1144/1412 1870/1413
f 1867/1407 1153/1406 1152/1414 1871/1415
f 1868/1409 1136/1408 1135/1416 1872/1417
f 1873/1418 1161/1419 1160/1420 1874/1421
f 1870/1413 1144/1412 1143/1422 1875/1423
f 1871/1415 1152/1414 1151/1424 1876/1425
f 1872/1417 1135/1416 1134/1426 1877/1427
f 1874/1421 1160/1420 1159/1428 1878/1429
f 1875/1423 1143/1422 1142/1430 1879/1431
f 1869/1411 1162/1410 1127/1432 1862/1433
f 1876/1425 1151/1424 1150/1434 1880/1435
f 1877/1427 1134/1426 1133/1436 1881/1437
f 1878/1429 1159/1428 1158/1438 1882/1439
f 1879/1431 1142/1430 1141/1440 1883/1441
f 1880/1435 1150/1434 1149/1442 1884/1443
f 1881/1437 1133/1436 1132/1444 1885/1445
f 1883/1441 1141/1440 1140/1446 1886/1447
f 1882/1439 1158/1438 1157/1448 1887/1449
f 1884/1443 1149/1442 1148/1375 1852/1374
f 1885/1445 1132/1444 1131/1379 1854/1378
f 1887/1449 1157/1448 1156/1383 1856/1382
f 1886/1447 1140/1446 1139/1387 1858/1386
f 907/1450 838/969 1165/968 1199/964
f 840/966 1165/965 1166/971 842/1451
f 842/1451 1166/971 1167/973 844/1452
f 844/1452 1167/973 1168/975 846/1453
f 846/1453 1168/975 1169/977 848/1454
f 848/1454 1169/977 1170/979 850/1455
f 850/1455 1170/979 1171/981 852/1456
f 852/1456 1171/981 1172/983 854/1457
f 854/1457 1172/983 1173/985 856/1458
f 856/1458 1173/985 1174/987 858/1459
f 858/1459 1174/987 1175/989 860/1460
f 860/1460 1175/989 1176/991 862/1461
f 862/1461 1176/991 1177/993 864/1462
f 864/1462 1177/993 1178/995 866/1463
f 866/1463 1178/995 1179/997 868/1464
f 868/1464 1179/997 1180/999 870/1465
f 870/1465 1180/999 1181/1001 872/1466
f 872/1466 1181/1001 1182/1003 874/1467
f 874/1467 1182/1003 1183/1005 876/1468
f 876/1468 1183/1005 1184/1007 878/1469
f 878/1469 1184/1007 1185/1009 880/1470
f 880/1470 1185/1009 1186/1011 882/1471
f 882/1471 1186/1011 1187/1013 884/1472
f 884/1472 1187/1013 1188/1015 886/1473
f 886/1473 1188/1015 1189/1017 888/1474
f 888/1474 1189/1017 1190/1019 890/1475
f 890/1475 1190/1019 1191/1021 892/1476
f 892/1476 1191/1021 1192/1023 894/1477
f 894/1477 1192/1023 1193/1025 896/1478
f 896/1478 1193/1025 1194/1027 898/1479
f 898/1479 1194/1027 1195/1029 900/1480
f 900/1480 1195/1029 1196/1031 902/1481
f 902/1481 1196/1031 1197/1033 904/1482
f 904/1482 1197/1033 1198/1035 906/1483
f 837/1484 907/1450 1199/964 1164/1036
f 1357/1485 1125/1486 1200/1487 1359/1488
f 907/1450 837/1484 1202/1039 1201/1038
f 838/969 907/1450 1201/1038 1203/1042
f 883/1012 881/1010 1205/1045 1204/1044
f 849/978 847/976 1207/1049 1206/1048
f 899/1028 897/1026 1209/1053 1208/1052
f 865/994 863/992 1211/1057 1210/1056
f 881/1010 879/1008 1212/1060 1205/1045
f 847/976 845/974 1213/1062 1207/1049
f 897/1026 895/1024 1214/1064 1209/1053
f 863/992 861/990 1215/1066 1211/1057
f 879/1008 877/1006 1216/1068 1212/1060
f 845/974 843/972 1217/1070 1213/1062
f 895/1024 893/1022 1218/1072 1214/1064
f 861/990 859/988 1219/1074 1215/1066
f 877/1006 875/1004 1220/1076 1216/1068
f 843/972 841/970 1221/1078 1217/1070
f 893/1022 891/1020 1222/1080 1218/1072
f 859/988 857/986 1223/1082 1219/1074
f 875/1004 873/1002 1224/1084 1220/1076
f 841/970 838/969 1203/1042 1221/1078
f 857/986 855/984 1225/1086 1223/1082
f 891/1020 889/1018 1226/1088 1222/1080
f 873/1002 871/1000 1227/1090 1224/1084
f 889/1018 887/1016 1228/1092 1226/1088
f 855/984 853/982 1229/1094 1225/1086
f 905/1034 903/1032 1231/1097 1230/1096
f 871/1000 869/998 1232/1100 1227/1090
f 887/1016 885/1014 1233/1102 1228/1092
f 853/982 851/980 1234/1104 1229/1094
f 903/1032 901/1030 1235/1106 1231/1097
f 869/998 867/996 1236/1108 1232/1100
f 851/980 849/978 1206/1048 1234/1104
f 885/1014 883/1012 1204/1044 1233/1102
f 901/1030 899/1028 1208/1052 1235/1106
f 867/996 865/994 1210/1056 1236/1108
f 1364/1489 688/1490 836/1365 1360/1364
f 924/1109 923/1059 1238/1111 1237/1110
f 941/1107 940/1055 1240/1115 1239/1114
f 914/1050 913/1063 1242/1119 1241/1118
f 931/1046 930/1061 1244/1123 1243/1122
f 921/1067 920/1075 1246/1127 1245/1126
f 938/1065 937/1073 1248/1131 1247/1130
f 911/1079 910/1043 1250/1135 1249/1134
f 928/1077 927/1085 1252/1139 1251/1138
f 935/1089 934/1093 1254/1143 1253/1142
f 918/1087 917/1095 1256/1147 1255/1146
f 925/1101 924/1109 1237/1110 1257/1150
f 942/1098 941/1107 1239/1114 1258/1152
f 915/1051 914/1050 1241/1118 1259/1154
f 932/1047 931/1046 1243/1122 1260/1156
f 922/1058 921/1067 1245/1126 1261/1158
f 939/1054 938/1065 1247/1130 1262/1160
f 912/1071 911/1079 1249/1134 1263/1162
f 929/1069 928/1077 1251/1138 1264/1164
f 919/1083 918/1087 1255/1146 1265/1166
f 936/1081 935/1089 1253/1142 1266/1168
f 926/1091 925/1101 1257/1150 1267/1170
f 943/1099 942/1098 1258/1152 1268/1172
f 933/1103 932/1047 1260/1156 1269/1174
f 916/1105 915/1051 1259/1154 1270/1176
f 923/1059 922/1058 1261/1158 1238/1111
f 940/1055 939/1054 1262/1160 1240/1115
f 913/1063 912/1071 1263/1162 1242/1119
f 930/1061 929/1069 1264/1164 1244/1123
f 937/1073 936/1081 1266/1168 1248/1131
f 920/1075 919/1083 1265/1166 1246/1127
f 944/1041 909/1040 1272/1179 1271/1178
f 910/1043 944/1041 1271/1178 1250/1135
f 927/1085 926/1091 1267/1170 1252/1139
f 917/1095 916/1105 1270/1176 1256/1147
f 934/1093 933/1103 1269/1174 1254/1143
f 1355/1369 1126/1368 690/1363 1361/1362
f 1359/1488 1200/1487 687/1371 1363/1370
f 1356/1373 799/1372 688/1490 1364/1489
f 684/799 1306/655 1296/658 674/800
f 685/801 1307/659 1297/662 675/802
f 652/803 1274/663 1299/666 677/804
f 651/805 1273/667 1298/670 676/806
f 654/807 1276/671 1301/674 679/808
f 653/809 1275/675 1300/678 678/810
f 655/811 1277/679 1302/682 680/812
f 656/813 1278/683 1303/686 681/814
f 657/815 1279/687 1304/690 682/816
f 658/817 1280/691 1305/694 683/818
f 660/819 1282/695 1307/659 685/801
f 659/820 1281/697 1306/655 684/799
f 662/821 1284/699 1273/667 651/805
f 661/822 1283/701 1274/663 652/803
f 663/823 1285/703 1275/675 653/809
f 664/824 1286/705 1276/671 654/807
f 666/825 1288/707 1277/679 655/811
f 665/826 1287/709 1278/683 656/813
f 667/827 1289/711 1308/714 686/828
f 669/829 1291/715 1279/687 657/815
f 670/830 1292/717 1281/697 659/820
f 671/831 1293/719 1282/695 660/819
f 672/832 1294/721 1283/701 661/822
f 673/833 1295/723 1284/699 662/821
f 675/802 1297/662 1286/705 664/824
f 674/800 1296/658 1285/703 663/823
f 677/804 1299/666 1288/707 666/825
f 676/806 1298/670 1287/709 665/826
f 678/810 1300/678 1290/726 668/834
f 679/808 1301/674 1291/715 669/829
f 680/812 1302/682 1292/717 670/830
f 681/814 1303/686 1293/719 671/831
f 683/818 1305/694 1295/723 673/833
f 682/816 1304/690 1294/721 672/832
f 668/834 1290/726 1289/711 667/827
f 625/786 605/785 1310/836 1309/835
f 543/653 625/786 1309/835 1311/839
f 835/654 543/653 1311/839 1318/841
f 764/514 507/513 1312/844 1317/843
f 727/509 435/961 1313/848 1316/847
f 605/785 686/828 1308/714 1310/836
f 1825/909 1888/871 1315/874 691/910
f 437/510 727/509 1316/847 1314/962
f 435/961 764/514 1317/843 1313/848
f 507/513 835/654 1318/841 1312/844
f 1122/1327 1112/1326 1342/1183 1352/1182
f 1123/1329 1113/1328 1343/1187 1353/1186
f 1090/1331 1115/1330 1345/1191 1320/1190
f 1089/1333 1114/1332 1344/1195 1319/1194
f 1092/1335 1117/1334 1347/1199 1322/1198
f 1091/1337 1116/1336 1346/1203 1321/1202
f 1093/1339 1118/1338 1348/1207 1323/1206
f 1094/1341 1119/1340 1349/1211 1324/1210
f 1095/1343 1120/1342 1350/1215 1325/1214
f 1096/1345 1121/1344 1351/1219 1326/1218
f 1098/1346 1123/1329 1353/1186 1328/1222
f 1097/1347 1122/1327 1352/1182 1327/1224
f 1100/1348 1089/1333 1319/1194 1330/1226
f 1099/1349 1090/1331 1320/1190 1329/1228
f 1101/1350 1091/1337 1321/1202 1331/1230
f 1102/1351 1092/1335 1322/1198 1332/1232
f 1104/1352 1093/1339 1323/1206 1334/1234
f 1103/1353 1094/1341 1324/1210 1333/1236
f 1105/1355 1124/1354 1354/1239 1335/1238
f 1107/1356 1095/1343 1325/1214 1337/1242
f 1108/1357 1097/1347 1327/1224 1338/1244
f 1109/1358 1098/1346 1328/1222 1339/1246
f 1110/1359 1099/1349 1329/1228 1340/1248
f 1111/1360 1100/1348 1330/1226 1341/1250
f 1113/1328 1102/1351 1332/1232 1343/1187
f 1112/1326 1101/1350 1331/1230 1342/1183
f 1115/1330 1104/1352 1334/1234 1345/1191
f 1114/1332 1103/1353 1333/1236 1344/1195
f 1116/1336 1106/1361 1336/1252 1346/1203
f 1117/1334 1107/1356 1337/1242 1347/1199
f 1118/1338 1108/1357 1338/1244 1348/1207
f 1119/1340 1109/1358 1339/1246 1349/1211
f 1121/1344 1111/1360 1341/1250 1351/1219
f 1120/1342 1110/1359 1340/1248 1350/1215
f 1106/1361 1105/1355 1335/1238 1336/1252
f 1043/1312 1361/1362 1354/1239 1124/1354
f 1272/1179 1360/1364 1362/1367 945/1180
f 945/1180 1362/1367 1355/1369 1063/1311
f 837/1484 1363/1370 1356/1373 1202/1039
f 1862/1433 1127/1432 1358/1395 1889/1394
f 839/1037 1357/1485 1359/1488 1164/1036
f 909/1040 1364/1489 1360/1364 1272/1179
f 1063/1311 1355/1369 1361/1362 1043/1312
f 1164/1036 1359/1488 1363/1370 837/1484
f 1202/1039 1356/1373 1364/1489 909/1040
f 1365/1491 1504/1492 1440/1493 1366/1494
f 1503/1495 1502/1496 1442/1497 1441/1498
f 1501/1499 1500/1500 1444/1501 1443/1502
f 1367/1503 1509/1504 1445/1505 1368/1506
f 1508/1507 1507/1508 1447/1509 1446/1510
f 1506/1511 1505/1512 1449/1513 1448/1514
f 1369/1515 1514/1516 1450/1517 1370/1518
f 1513/1519 1512/1520 1452/1521 1451/1522
f 1511/1523 1510/1524 1454/1525 1453/1526
f 1371/1527 1519/1528 1455/1529 1372/1530
f 1518/1531 1517/1532 1457/1533 1456/1534
f 1516/1535 1515/1536 1459/1537 1458/1538
f 1373/1539 1524/1540 1460/1541 1374/1542
f 1523/1543 1522/1544 1462/1545 1461/1546
f 1521/1547 1520/1548 1464/1549 1463/1550
f 1375/1551 1529/1552 1465/1553 1376/1554
f 1528/1555 1527/1556 1467/1557 1466/1558
f 1526/1559 1525/1560 1469/1561 1468/1562
f 1377/1563 1534/1564 1470/1565 1378/1566
f 1533/1567 1532/1568 1472/1569 1471/1570
f 1531/1571 1530/1572 1474/1573 1473/1574
f 1379/1575 1539/1576 1475/1577 1380/1578
f 1538/1579 1537/1580 1477/1581 1476/1582
f 1536/1583 1535/1584 1479/1585 1478/1586
f 1381/1587 1544/1588 1480/1589 1382/1590
f 1543/1591 1542/1592 1482/1593 1481/1594
f 1541/1595 1540/1596 1484/1597 1483/1598
f 1383/1599 1549/1600 1485/1601 1384/1602
f 1548/1603 1547/1604 1487/1605 1486/1606
f 1546/1607 1545/1608 1489/1609 1488/1610
f 1385/1611 1554/1612 1504/1492 1365/1491
f 1553/1613 1552/1614 1502/1496 1503/1495
f 1551/1615 1550/1616 1500/1500 1501/1499
f 1386/1617 1559/1618 1509/1504 1367/1503
f 1558/1619 1557/1620 1507/1508 1508/1507
f 1556/1621 1555/1622 1505/1512 1506/1511
f 1387/1623 1564/1624 1514/1516 1369/1515
f 1563/1625 1562/1626 1512/1520 1513/1519
f 1561/1627 1560/1628 1510/1524 1511/1523
f 1388/1629 1569/1630 1519/1528 1371/1527
f 1568/1631 1567/1632 1517/1532 1518/1531
f 1566/1633 1565/1634 1515/1536 1516/1535
f 1389/1635 1574/1636 1524/1540 1373/1539
f 1573/1637 1572/1638 1522/1544 1523/1543
f 1571/1639 1570/1640 1520/1548 1521/1547
f 1390/1641 1579/1642 1529/1552 1375/1551
f 1578/1643 1577/1644 1527/1556 1528/1555
f 1576/1645 1575/1646 1525/1560 1526/1559
f 1391/1647 1584/1648 1534/1564 1377/1563
f 1583/1649 1582/1650 1532/1568 1533/1567
f 1581/1651 1580/1652 1530/1572 1531/1571
f 1392/1653 1589/1654 1539/1576 1379/1575
f 1588/1655 1587/1656 1537/1580 1538/1579
f 1586/1657 1585/1658 1535/1584 1536/1583
f 1393/1659 1594/1660 1549/1600 1383/1599
f 1593/1661 1592/1662 1547/1604 1548/1603
f 1591/1663 1590/1664 1545/1608 1546/1607
f 1394/1665 1599/1666 1544/1588 1381/1587
f 1598/1667 1597/1668 1542/1592 1543/1591
f 1596/1669 1595/1670 1540/1596 1541/1595
f 1395/1671 1604/1672 1554/1612 1385/1611
f 1603/1673 1602/1674 1552/1614 1553/1613
f 1601/1675 1600/1676 1550/1616 1551/1615
f 1396/1677 1609/1678 1559/1618 1386/1617
f 1608/1679 1607/1680 1557/1620 1558/1619
f 1606/1681 1605/1682 1555/1622 1556/1621
f 1397/1683 1614/1684 1569/1630 1388/1629
f 1613/1685 1612/1686 1567/1632 1568/1631
f 1611/1687 1610/1688 1565/1634 1566/1633
f 1398/1689 1619/1690 1564/1624 1387/1623
f 1618/1691 1617/1692 1562/1626 1563/1625
f 1616/1693 1615/1694 1560/1628 1561/1627
f 1366/1494 1440/1493 1574/1636 1389/1635
f 1441/1498 1442/1497 1572/1638 1573/1637
f 1443/1502 1444/1501 1570/1640 1571/1639
f 1368/1506 1445/1505 1579/1642 1390/1641
f 1446/1510 1447/1509 1577/1644 1578/1643
f 1448/1514 1449/1513 1575/1646 1576/1645
f 1370/1518 1450/1517 1584/1648 1391/1647
f 1451/1522 1452/1521 1582/1650 1583/1649
f 1453/1526 1454/1525 1580/1652 1581/1651
f 1372/1530 1455/1529 1589/1654 1392/1653
f 1456/1534 1457/1533 1587/1656 1588/1655
f 1458/1538 1459/1537 1585/1658 1586/1657
f 1376/1554 1465/1553 1599/1666 1394/1665
f 1466/1558 1467/1557 1597/1668 1598/1667
f 1468/1562 1469/1561 1595/1670 1596/1669
f 1374/1542 1460/1541 1594/1660 1393/1659
f 1461/1546 1462/1545 1592/1662 1593/1661
f 1463/1550 1464/1549 1590/1664 1591/1663
f 1399/1695 1624/1696 1490/1697 1400/1698
f 1623/1699 1622/1700 1492/1701 1491/1702
f 1621/1703 1620/1704 1494/1705 1493/1706
f 1378/1566 1470/1565 1624/1696 1399/1695
f 1471/1570 1472/1569 1622/1700 1623/1699
f 1473/1574 1474/1573 1620/1704 1621/1703
f 1380/1578 1475/1577 1604/1672 1395/1671
f 1476/1582 1477/1581 1602/1674 1603/1673
f 1478/1586 1479/1585 1600/1676 1601/1675
f 1384/1602 1485/1601 1619/1690 1398/1689
f 1486/1606 1487/1605 1617/1692 1618/1691
f 1488/1610 1489/1609 1615/1694 1616/1693
f 1382/1590 1480/1589 1614/1684 1397/1683
f 1481/1594 1482/1593 1612/1686 1613/1685
f 1483/1598 1484/1597 1610/1688 1611/1687
f 1438/1707 1809/1708 1495/1709 1401/1710
f 1808/1711 1807/1712 1497/1713 1496/1714
f 1806/1715 1805/1716 1499/1717 1498/1718
f 1402/1719 1403/1720 1625/1721 1684/1722
f 1683/1723 1626/1724 1627/1725 1682/1726
f 1681/1727 1628/1728 1629/1729 1680/1730
f 1404/1731 1405/1732 1630/1733 1689/1734
f 1688/1735 1631/1736 1632/1737 1687/1738
f 1686/1739 1633/1740 1634/1741 1685/1742
f 1406/1743 1407/1744 1635/1745 1694/1746
f 1693/1747 1636/1748 1637/1749 1692/1750
f 1691/1751 1638/1752 1639/1753 1690/1754
f 1408/1755 1409/1756 1640/1757 1699/1758
f 1698/1759 1641/1760 1642/1761 1697/1762
f 1696/1763 1643/1764 1644/1765 1695/1766
f 1410/1767 1411/1768 1645/1769 1704/1770
f 1703/1771 1646/1772 1647/1773 1702/1774
f 1701/1775 1648/1776 1649/1777 1700/1778
f 1412/1779 1413/1780 1650/1781 1709/1782
f 1708/1783 1651/1784 1652/1785 1707/1786
f 1706/1787 1653/1788 1654/1789 1705/1790
f 1414/1791 1415/1792 1655/1793 1714/1794
f 1713/1795 1656/1796 1657/1797 1712/1798
f 1711/1799 1658/1800 1659/1801 1710/1802
f 1416/1803 1417/1804 1660/1805 1719/1806
f 1718/1807 1661/1808 1662/1809 1717/1810
f 1716/1811 1663/1812 1664/1813 1715/1814
f 1418/1815 1419/1816 1665/1817 1724/1818
f 1723/1819 1666/1820 1667/1821 1722/1822
f 1721/1823 1668/1824 1669/1825 1720/1826
f 1420/1827 1421/1828 1670/1829 1729/1830
f 1728/1831 1671/1832 1672/1833 1727/1834
f 1726/1835 1673/1836 1674/1837 1725/1838
f 1422/1839 1402/1719 1684/1722 1734/1840
f 1733/1841 1683/1723 1682/1726 1732/1842
f 1731/1843 1681/1727 1680/1730 1730/1844
f 1423/1845 1404/1731 1689/1734 1739/1846
f 1738/1847 1688/1735 1687/1738 1737/1848
f 1736/1849 1686/1739 1685/1742 1735/1850
f 1424/1851 1406/1743 1694/1746 1744/1852
f 1743/1853 1693/1747 1692/1750 1742/1854
f 1741/1855 1691/1751 1690/1754 1740/1856
f 1425/1857 1408/1755 1699/1758 1749/1858
f 1748/1859 1698/1759 1697/1762 1747/1860
f 1746/1861 1696/1763 1695/1766 1745/1862
f 1426/1863 1410/1767 1704/1770 1754/1864
f 1753/1865 1703/1771 1702/1774 1752/1866
f 1751/1867 1701/1775 1700/1778 1750/1868
f 1427/1869 1412/1779 1709/1782 1759/1870
f 1758/1871 1708/1783 1707/1786 1757/1872
f 1756/1873 1706/1787 1705/1790 1755/1874
f 1428/1875 1414/1791 1714/1794 1764/1876
f 1763/1877 1713/1795 1712/1798 1762/1878
f 1761/1879 1711/1799 1710/1802 1760/1880
f 1429/1881 1416/1803 1719/1806 1769/1882
f 1768/1883 1718/1807 1717/1810 1767/1884
f 1766/1885 1716/1811 1715/1814 1765/1886
f 1430/1887 1420/1827 1729/1830 1774/1888
f 1773/1889 1728/1831 1727/1834 1772/1890
f 1771/1891 1726/1835 1725/1838 1770/1892
f 1431/1893 1418/1815 1724/1818 1779/1894
f 1778/1895 1723/1819 1722/1822 1777/1896
f 1776/1897 1721/1823 1720/1826 1775/1898
f 1432/1899 1422/1839 1734/1840 1784/1900
f 1783/1901 1733/1841 1732/1842 1782/1902
f 1781/1903 1731/1843 1730/1844 1780/1904
f 1433/1905 1423/1845 1739/1846 1789/1906
f 1788/1907 1738/1847 1737/1848 1787/1908
f 1786/1909 1736/1849 1735/1850 1785/1910
f 1434/1911 1425/1857 1749/1858 1794/1912
f 1793/1913 1748/1859 1747/1860 1792/1914
f 1791/1915 1746/1861 1745/1862 1790/1916
f 1435/1917 1424/1851 1744/1852 1799/1918
f 1798/1919 1743/1853 1742/1854 1797/1920
f 1796/1921 1741/1855 1740/1856 1795/1922
f 1403/1720 1426/1863 1754/1864 1625/1721
f 1626/1724 1753/1865 1752/1866 1627/1725
f 1628/1728 1751/1867 1750/1868 1629/1729
f 1405/1732 1427/1869 1759/1870 1630/1733
f 1631/1736 1758/1871 1757/1872 1632/1737
f 1633/1740 1756/1873 1755/1874 1634/1741
f 1407/1744 1428/1875 1764/1876 1635/1745
f 1636/1748 1763/1877 1762/1878 1637/1749
f 1638/1752 1761/1879 1760/1880 1639/1753
f 1409/1756 1429/1881 1769/1882 1640/1757
f 1641/1760 1768/1883 1767/1884 1642/1761
f 1643/1764 1766/1885 1765/1886 1644/1765
f 1413/1780 1431/1893 1779/1894 1650/1781
f 1651/1784 1778/1895 1777/1896 1652/1785
f 1653/1788 1776/1897 1775/1898 1654/1789
f 1411/1768 1430/1887 1774/1888 1645/1769
f 1646/1772 1773/1889 1772/1890 1647/1773
f 1648/1776 1771/1891 1770/1892 1649/1777
f 1436/1923 1437/1924 1675/1925 1804/1926
f 1803/1927 1676/1928 1677/1929 1802/1930
f 1801/1931 1678/1932 1679/1933 1800/1934
f 1415/1792 1436/1923 1804/1926 1655/1793
f 1656/1796 1803/1927 1802/1930 1657/1797
f 1658/1800 1801/1931 1800/1934 1659/1801
f 1417/1804 1432/1899 1784/1900 1660/1805
f 1661/1808 1783/1901 1782/1902 1662/1809
f 1663/1812 1781/1903 1780/1904 1664/1813
f 1421/1828 1435/1917 1799/1918 1670/1829
f 1671/1832 1798/1919 1797/1920 1672/1833
f 1673/1836 1796/1921 1795/1922 1674/1837
f 1419/1816 1434/1911 1794/1912 1665/1817
f 1666/1820 1793/1913 1792/1914 1667/1821
f 1668/1824 1791/1915 1790/1916 1669/1825
f 1439/1935 1401/1936 1495/1937 1810/1938
f 1811/1939 1496/1940 1497/1941 1812/1942
f 1813/1943 1498/1944 1499/1945 1814/1946
f 1400/1698 1490/1697 1809/1708 1438/1707
f 1491/1702 1492/1701 1807/1712 1808/1711
f 1493/1706 1494/1705 1805/1716 1806/1715
f 1437/1924 1439/1935 1810/1938 1675/1925
f 1676/1928 1811/1939 1812/1942 1677/1929
f 1678/1932 1813/1943 1814/1946 1679/1933
f 213/147 214/146 146/151 145/150
f 478/947 476/946 1816/852 1815/851
f 444/930 442/929 1818/856 1817/855
f 494/955 492/954 1820/860 1819/859
f 460/938 458/937 1822/864 1821/863
f 442/929 440/928 1823/867 1818/856
f 476/946 474/945 1824/869 1816/852
f 1314/962 1125/963 1826/872 1888/871
f 458/937 456/936 1827/875 1822/864
f 492/954 490/953 1828/877 1820/860
f 474/945 472/944 1829/879 1824/869
f 440/928 438/439 1830/881 1823/867
f 490/953 488/952 1831/883 1828/877
f 456/936 454/935 1832/885 1827/875
f 438/439 506/438 1833/887 1830/881
f 472/944 470/943 1834/889 1829/879
f 488/952 486/951 1835/891 1831/883
f 454/935 452/934 1836/893 1832/885
f 504/960 502/959 1838/896 1837/895
f 470/943 468/942 1839/899 1834/889
f 486/951 484/950 1840/901 1835/891
f 452/934 450/933 1841/903 1836/893
f 502/959 500/958 1842/905 1838/896
f 468/942 466/941 1843/907 1839/899
f 506/438 437/510 1825/909 1833/887
f 484/950 482/949 1844/911 1840/901
f 450/933 448/932 1845/913 1841/903
f 500/958 498/957 1846/915 1842/905
f 466/941 464/940 1847/917 1843/907
f 482/949 480/948 1848/919 1844/911
f 448/932 446/931 1849/921 1845/913
f 464/940 462/939 1850/923 1847/917
f 498/957 496/956 1851/925 1846/915
f 480/948 478/947 1815/851 1848/919
f 446/931 444/930 1817/855 1849/921
f 496/956 494/955 1819/859 1851/925
f 462/939 460/938 1821/863 1850/923
f 880/1470 1852/1374 1853/1377 878/1469
f 846/1453 1854/1378 1855/1381 844/1452
f 896/1478 1856/1382 1857/1385 894/1477
f 862/1461 1858/1386 1859/1389 860/1460
f 844/1452 1855/1381 1860/1391 842/1451
f 878/1469 1853/1377 1861/1393 876/1468
f 1357/1485 1889/1394 1826/1397 1125/1486
f 860/1460 1859/1389 1863/1399 858/1459
f 894/1477 1857/1385 1864/1401 892/1476
f 876/1468 1861/1393 1865/1403 874/1467
f 842/1451 1860/1391 1866/1405 840/966
f 892/1476 1864/1401 1867/1407 890/1475
f 858/1459 1863/1399 1868/1409 856/1458
f 840/966 1866/1405 1869/1411 908/967
f 874/1467 1865/1403 1870/1413 872/1466
f 890/1475 1867/1407 1871/1415 888/1474
f 856/1458 1868/1409 1872/1417 854/1457
f 906/1483 1873/1418 1874/1421 904/1482
f 872/1466 1870/1413 1875/1423 870/1465
f 888/1474 1871/1415 1876/1425 886/1473
f 854/1457 1872/1417 1877/1427 852/1456
f 904/1482 1874/1421 1878/1429 902/1481
f 870/1465 1875/1423 1879/1431 868/1464
f 908/967 1869/1411 1862/1433 839/1037
f 886/1473 1876/1425 1880/1435 884/1472
f 852/1456 1877/1427 1881/1437 850/1455
f 902/1481 1878/1429 1882/1439 900/1480
f 868/1464 1879/1431 1883/1441 866/1463
f 884/1472 1880/1435 1884/1443 882/1471
f 850/1455 1881/1437 1885/1445 848/1454
f 866/1463 1883/1441 1886/1447 864/1462
f 900/1480 1882/1439 1887/1449 898/1479
f 882/1471 1884/1443 1852/1374 880/1470
f 848/1454 1885/1445 1854/1378 846/1453
f 898/1479 1887/1449 1856/1382 896/1478
f 864/1462 1886/1447 1858/1386 862/1461
f 437/510 1314/962 1888/871 1825/909
f 839/1037 1862/1433 1889/1394 1357/1485
f 2181/1947 1961/1948 1893/1949 2147/1950
f 2827/1951 2828/1952 1894/1953 1891/1954
f 2828/1952 2829/1955 1896/1956 1894/1953
f 2829/1955 2830/1957 1898/1958 1896/1956
f 2830/1957 2831/1959 1900/1960 1898/1958
f 2831/1959 2832/1961 1902/1962 1900/1960
f 2832/1961 2833/1963 1904/1964 1902/1962
f 2833/1963 2834/1965 1906/1966 1904/1964
f 2834/1965 2835/1967 1908/1968 1906/1966
f 2835/1967 2836/1969 1910/1970 1908/1968
f 2836/1969 2837/1971 1912/1972 1910/1970
f 2837/1971 2838/1973 1914/1974 1912/1972
f 2838/1973 2839/1975 1916/1976 1914/1974
f 2839/1975 2840/1977 1918/1978 1916/1976
f 2840/1977 2841/1979 1920/1980 1918/1978
f 2841/1979 2842/1981 1922/1982 1920/1980
f 2842/1981 2843/1983 1924/1984 1922/1982
f 2843/1983 2844/1985 1926/1986 1924/1984
f 2844/1985 2845/1987 1928/1988 1926/1986
f 2845/1987 2846/1989 1930/1990 1928/1988
f 2846/1989 2847/1991 1932/1992 1930/1990
f 2847/1991 2848/1993 1934/1994 1932/1992
f 2848/1993 2849/1995 1936/1996 1934/1994
f 2849/1995 2850/1997 1938/1998 1936/1996
f 2850/1997 2851/1999 1940/2000 1938/1998
f 2851/1999 2852/2001 1942/2002 1940/2000
f 2852/2001 2853/2003 1944/2004 1942/2002
f 2853/2003 2854/2005 1946/2006 1944/2004
f 2854/2005 2855/2007 1948/2008 1946/2006
f 2855/2007 2856/2009 1950/2010 1948/2008
f 2856/2009 2857/2011 1952/2012 1950/2010
f 2857/2011 2858/2013 1954/2014 1952/2012
f 2858/2013 2859/2015 1956/2016 1954/2014
f 2859/2015 2860/2017 1958/2018 1956/2016
f 2861/2019 1892/2020 1961/1948 2181/1947
f 2864/2021 1997/2022 1962/2023 2183/2024
f 2866/2025 1963/2026 1997/2022 2864/2021
f 2867/2027 1985/2028 1984/2029 2186/2030
f 2869/2031 1968/2032 1967/2033 2188/2034
f 2871/2035 1993/2036 1992/2037 2190/2038
f 2873/2039 1976/2040 1975/2041 2192/2042
f 2186/2030 1984/2029 1983/2043 2193/2044
f 2188/2034 1967/2033 1966/2045 2194/2046
f 2190/2038 1992/2037 1991/2047 2195/2048
f 2192/2042 1975/2041 1974/2049 2196/2050
f 2193/2044 1983/2043 1982/2051 2197/2052
f 2194/2046 1966/2045 1965/2053 2198/2054
f 2195/2048 1991/2047 1990/2055 2199/2056
f 2196/2050 1974/2049 1973/2057 2200/2058
f 2197/2052 1982/2051 1981/2059 2201/2060
f 2198/2054 1965/2053 1964/2061 2202/2062
f 2199/2056 1990/2055 1989/2063 2203/2064
f 2200/2058 1973/2057 1972/2065 2204/2066
f 2201/2060 1981/2059 1980/2067 2205/2068
f 2202/2062 1964/2061 1963/2026 2866/2025
f 2204/2066 1972/2065 1971/2069 2206/2070
f 2203/2064 1989/2063 1988/2071 2207/2072
f 2205/2068 1980/2067 1979/2073 2208/2074
f 2207/2072 1988/2071 1987/2075 2209/2076
f 2206/2070 1971/2069 1970/2077 2210/2078
f 2893/2079 1996/2080 1995/2081 2212/2082
f 2208/2074 1979/2073 1978/2083 2213/2084
f 2209/2076 1987/2075 1986/2085 2214/2086
f 2210/2078 1970/2077 1969/2087 2215/2088
f 2212/2082 1995/2081 1994/2089 2216/2090
f 2213/2084 1978/2083 1977/2091 2217/2092
f 2215/2088 1969/2087 1968/2032 2869/2031
f 2214/2086 1986/2085 1985/2028 2867/2027
f 2216/2090 1994/2089 1993/2036 2871/2035
f 2217/2092 1977/2091 1976/2040 2873/2039
f 2902/2093 2013/2094 2012/2095 2220/2096
f 2904/2097 2030/2098 2029/2099 2222/2100
f 2906/2101 2003/2102 2002/2103 2224/2104
f 2908/2105 2020/2106 2019/2107 2226/2108
f 2910/2109 2010/2110 2009/2111 2228/2112
f 2912/2113 2027/2114 2026/2115 2230/2116
f 2914/2117 2000/2118 1999/2119 2232/2120
f 2916/2121 2017/2122 2016/2123 2234/2124
f 2918/2125 2024/2126 2023/2127 2236/2128
f 2920/2129 2007/2130 2006/2131 2238/2132
f 2922/2133 2014/2134 2013/2094 2902/2093
f 2923/2135 2031/2136 2030/2098 2904/2097
f 2924/2137 2004/2138 2003/2102 2906/2101
f 2925/2139 2021/2140 2020/2106 2908/2105
f 2926/2141 2011/2142 2010/2110 2910/2109
f 2927/2143 2028/2144 2027/2114 2912/2113
f 2928/2145 2001/2146 2000/2118 2914/2117
f 2929/2147 2018/2148 2017/2122 2916/2121
f 2930/2149 2008/2150 2007/2130 2920/2129
f 2931/2151 2025/2152 2024/2126 2918/2125
f 2932/2153 2015/2154 2014/2134 2922/2133
f 2933/2155 2032/2156 2031/2136 2923/2135
f 2934/2157 2022/2158 2021/2140 2925/2139
f 2935/2159 2005/2160 2004/2138 2924/2137
f 2220/2096 2012/2095 2011/2142 2926/2141
f 2222/2100 2029/2099 2028/2144 2927/2143
f 2224/2104 2002/2103 2001/2146 2928/2145
f 2226/2108 2019/2107 2018/2148 2929/2147
f 2230/2116 2026/2115 2025/2152 2931/2151
f 2228/2112 2009/2111 2008/2150 2930/2149
f 2936/2161 2033/2162 1998/2163 2254/2164
f 2232/2120 1999/2119 2033/2162 2936/2161
f 2234/2124 2016/2123 2015/2154 2932/2153
f 2238/2132 2006/2131 2005/2160 2935/2159
f 2236/2128 2023/2127 2022/2158 2934/2157
f 2784/2165 2748/2166 2068/2167 2104/2168
f 2786/2169 2750/2170 2069/2171 2105/2172
f 2082/2173 2037/2174 2753/2175 2789/2176
f 2081/2177 2035/2178 2755/2179 2791/2180
f 2084/2181 2041/2182 2757/2183 2793/2184
f 2083/2185 2039/2186 2759/2187 2795/2188
f 2085/2189 2043/2190 2761/2191 2797/2192
f 2086/2193 2045/2194 2763/2195 2799/2196
f 2087/2197 2047/2198 2765/2199 2801/2200
f 2088/2201 2049/2202 2767/2203 2803/2204
f 2090/2205 2053/2206 2750/2170 2786/2169
f 2089/2207 2051/2208 2748/2166 2784/2165
f 2092/2209 2055/2210 2035/2178 2081/2177
f 2091/2211 2054/2212 2037/2174 2082/2173
f 2093/2213 2056/2214 2039/2186 2083/2185
f 2094/2215 2057/2216 2041/2182 2084/2181
f 2096/2217 2059/2218 2043/2190 2085/2189
f 2095/2219 2058/2220 2045/2194 2086/2193
f 2097/2221 2061/2222 2777/2223 2813/2224
f 2099/2225 2063/2226 2047/2198 2087/2197
f 2100/2227 2064/2228 2051/2208 2089/2207
f 2101/2229 2065/2230 2053/2206 2090/2205
f 2102/2231 2066/2232 2054/2212 2091/2211
f 2103/2233 2067/2234 2055/2210 2092/2209
f 2105/2172 2069/2171 2057/2216 2094/2215
f 2104/2168 2068/2167 2056/2214 2093/2213
f 2789/2176 2753/2175 2059/2218 2096/2217
f 2791/2180 2755/2179 2058/2220 2095/2219
f 2795/2188 2759/2187 2062/2235 2098/2236
f 2793/2184 2757/2183 2063/2226 2099/2225
f 2797/2192 2761/2191 2064/2228 2100/2227
f 2799/2196 2763/2195 2065/2230 2101/2229
f 2803/2204 2767/2203 2067/2234 2103/2233
f 2801/2200 2765/2199 2066/2232 2102/2231
f 2098/2236 2062/2235 2061/2222 2097/2221
f 2718/2237 2078/2238 2785/2239 2717/2240
f 2735/2241 2079/2242 2787/2243 2734/2244
f 2725/2245 2788/2246 2071/2247 2724/2248
f 2742/2249 2790/2250 2070/2251 2741/2252
f 2732/2253 2792/2254 2073/2255 2731/2256
f 2715/2257 2794/2258 2072/2259 2714/2260
f 2722/2261 2796/2262 2074/2263 2721/2264
f 2739/2265 2798/2266 2075/2267 2738/2268
f 2729/2269 2800/2270 2076/2271 2728/2272
f 2746/2273 2802/2274 2077/2275 2745/2276
f 2736/2277 2804/2278 2079/2242 2735/2241
f 2719/2279 2805/2280 2078/2238 2718/2237
f 2743/2281 2806/2282 2790/2250 2742/2249
f 2726/2283 2807/2284 2788/2246 2725/2245
f 2716/2285 2808/2286 2794/2258 2715/2257
f 2733/2287 2809/2288 2792/2254 2732/2253
f 2723/2289 2810/2290 2796/2262 2722/2261
f 2740/2291 2811/2292 2798/2266 2739/2265
f 2712/2293 2812/2294 2080/2295 2747/2296
f 2730/2297 2814/2298 2800/2270 2729/2269
f 2720/2299 2815/2300 2805/2280 2719/2279
f 2737/2301 2816/2302 2804/2278 2736/2277
f 2727/2303 2817/2304 2807/2284 2726/2283
f 2744/2305 2818/2306 2806/2282 2743/2281
f 2734/2244 2787/2243 2809/2288 2733/2287
f 2717/2240 2785/2239 2808/2286 2716/2285
f 2724/2248 2071/2247 2810/2290 2723/2289
f 2741/2252 2070/2251 2811/2292 2740/2291
f 2714/2260 2072/2259 2819/2307 2713/2308
f 2731/2256 2073/2255 2814/2298 2730/2297
f 2721/2264 2074/2263 2815/2300 2720/2299
f 2738/2268 2075/2267 2816/2302 2737/2301
f 2745/2276 2077/2275 2818/2306 2744/2305
f 2728/2272 2076/2271 2817/2304 2727/2303
f 2713/2308 2819/2307 2812/2294 2712/2293
f 2050/2309 2139/2310 2129/2311 2749/2312
f 2052/2313 2140/2314 2130/2315 2751/2316
f 2752/2317 2107/2318 2132/2319 2036/2320
f 2754/2321 2106/2322 2131/2323 2034/2324
f 2756/2325 2109/2326 2134/2327 2040/2328
f 2758/2329 2108/2330 2133/2331 2038/2332
f 2760/2333 2110/2334 2135/2335 2042/2336
f 2762/2337 2111/2338 2136/2339 2044/2340
f 2764/2341 2112/2342 2137/2343 2046/2344
f 2766/2345 2113/2346 2138/2347 2048/2348
f 2768/2349 2115/2350 2140/2314 2052/2313
f 2769/2351 2114/2352 2139/2310 2050/2309
f 2770/2353 2117/2354 2106/2322 2754/2321
f 2771/2355 2116/2356 2107/2318 2752/2317
f 2772/2357 2118/2358 2108/2330 2758/2329
f 2773/2359 2119/2360 2109/2326 2756/2325
f 2774/2361 2121/2362 2110/2334 2760/2333
f 2775/2363 2120/2364 2111/2338 2762/2337
f 2776/2365 2122/2366 2141/2367 2060/2368
f 2778/2369 2124/2370 2112/2342 2764/2341
f 2779/2371 2125/2372 2114/2352 2769/2351
f 2780/2373 2126/2374 2115/2350 2768/2349
f 2781/2375 2127/2376 2116/2356 2771/2355
f 2782/2377 2128/2378 2117/2354 2770/2353
f 2751/2316 2130/2315 2119/2360 2773/2359
f 2749/2312 2129/2311 2118/2358 2772/2357
f 2036/2320 2132/2319 2121/2362 2774/2361
f 2034/2324 2131/2323 2120/2364 2775/2363
f 2038/2332 2133/2331 2123/2379 2783/2380
f 2040/2328 2134/2327 2124/2370 2778/2369
f 2042/2336 2135/2335 2125/2372 2779/2371
f 2044/2340 2136/2339 2126/2374 2780/2373
f 2048/2348 2138/2347 2128/2378 2782/2377
f 2046/2344 2137/2343 2127/2376 2781/2375
f 2783/2380 2123/2379 2122/2366 2776/2365
f 2621/2381 2622/2382 2145/2383 3236/2384
f 2623/2385 2820/2386 2510/2387 3237/2388
f 2629/2389 2823/2390 2144/2391 2255/2392
f 2628/2393 2624/2394 2143/2395 2218/2396
f 2627/2397 2625/2398 2142/2399 2547/2400
f 2821/2401 2620/2402 2400/2403 2822/2404
f 1960/2405 2826/2406 2827/1951 1891/1954
f 1893/1949 1895/2407 2148/2408 2147/1950
f 1895/2407 1897/2409 2149/2410 2148/2408
f 1897/2409 1899/2411 2150/2412 2149/2410
f 1899/2411 1901/2413 2151/2414 2150/2412
f 1901/2413 1903/2415 2152/2416 2151/2414
f 1903/2415 1905/2417 2153/2418 2152/2416
f 1905/2417 1907/2419 2154/2420 2153/2418
f 1907/2419 1909/2421 2155/2422 2154/2420
f 1909/2421 1911/2423 2156/2424 2155/2422
f 1911/2423 1913/2425 2157/2426 2156/2424
f 1913/2425 1915/2427 2158/2428 2157/2426
f 1915/2427 1917/2429 2159/2430 2158/2428
f 1917/2429 1919/2431 2160/2432 2159/2430
f 1919/2431 1921/2433 2161/2434 2160/2432
f 1921/2433 1923/2435 2162/2436 2161/2434
f 1923/2435 1925/2437 2163/2438 2162/2436
f 1925/2437 1927/2439 2164/2440 2163/2438
f 1927/2439 1929/2441 2165/2442 2164/2440
f 1929/2441 1931/2443 2166/2444 2165/2442
f 1931/2443 1933/2445 2167/2446 2166/2444
f 1933/2445 1935/2447 2168/2448 2167/2446
f 1935/2447 1937/2449 2169/2450 2168/2448
f 1937/2449 1939/2451 2170/2452 2169/2450
f 1939/2451 1941/2453 2171/2454 2170/2452
f 1941/2453 1943/2455 2172/2456 2171/2454
f 1943/2455 1945/2457 2173/2458 2172/2456
f 1945/2457 1947/2459 2174/2460 2173/2458
f 1947/2459 1949/2461 2175/2462 2174/2460
f 1949/2461 1951/2463 2176/2464 2175/2462
f 1951/2463 1953/2465 2177/2466 2176/2464
f 1953/2465 1955/2467 2178/2468 2177/2466
f 1955/2467 1957/2469 2179/2470 2178/2468
f 1957/2469 1959/2471 2180/2472 2179/2470
f 1890/2473 2146/2474 2826/2406 1960/2405
f 2626/2475 2862/2476 2863/2477 2509/2478
f 2640/2479 2182/2480 2865/2481 2675/2482
f 2641/2483 2184/2484 2182/2480 2640/2479
f 2663/2485 2185/2486 2868/2487 2662/2488
f 2646/2489 2187/2490 2870/2491 2645/2492
f 2671/2493 2189/2494 2872/2495 2670/2496
f 2654/2497 2191/2498 2874/2499 2653/2500
f 2662/2488 2868/2487 2875/2501 2661/2502
f 2645/2492 2870/2491 2876/2503 2644/2504
f 2670/2496 2872/2495 2877/2505 2669/2506
f 2653/2500 2874/2499 2878/2507 2652/2508
f 2661/2502 2875/2501 2879/2509 2660/2510
f 2644/2504 2876/2503 2880/2511 2643/2512
f 2669/2506 2877/2505 2881/2513 2668/2514
f 2652/2508 2878/2507 2882/2515 2651/2516
f 2660/2510 2879/2509 2883/2517 2659/2518
f 2643/2512 2880/2511 2884/2519 2642/2520
f 2668/2514 2881/2513 2885/2521 2667/2522
f 2651/2516 2882/2515 2886/2523 2650/2524
f 2659/2518 2883/2517 2887/2525 2658/2526
f 2642/2520 2884/2519 2184/2484 2641/2483
f 2650/2524 2886/2523 2888/2527 2649/2528
f 2667/2522 2885/2521 2889/2529 2666/2530
f 2658/2526 2887/2525 2890/2531 2657/2532
f 2666/2530 2889/2529 2891/2533 2665/2534
f 2649/2528 2888/2527 2892/2535 2648/2536
f 2674/2537 2211/2538 2894/2539 2673/2540
f 2657/2532 2890/2531 2895/2541 2656/2542
f 2665/2534 2891/2533 2896/2543 2664/2544
f 2648/2536 2892/2535 2897/2545 2647/2546
f 2673/2540 2894/2539 2898/2547 2672/2548
f 2656/2542 2895/2541 2899/2549 2655/2550
f 2647/2546 2897/2545 2187/2490 2646/2489
f 2664/2544 2896/2543 2185/2486 2663/2485
f 2672/2548 2898/2547 2189/2494 2671/2493
f 2655/2550 2899/2549 2191/2498 2654/2497
f 2825/2551 2900/2552 2901/2553 3239/2554
f 2691/2555 2219/2556 2903/2557 2690/2558
f 2708/2559 2221/2560 2905/2561 2707/2562
f 2681/2563 2223/2564 2907/2565 2680/2566
f 2698/2567 2225/2568 2909/2569 2697/2570
f 2688/2571 2227/2572 2911/2573 2687/2574
f 2705/2575 2229/2576 2913/2577 2704/2578
f 2678/2579 2231/2580 2915/2581 2677/2582
f 2695/2583 2233/2584 2917/2585 2694/2586
f 2702/2587 2235/2588 2919/2589 2701/2590
f 2685/2591 2237/2592 2921/2593 2684/2594
f 2692/2595 2239/2596 2219/2556 2691/2555
f 2709/2597 2240/2598 2221/2560 2708/2559
f 2682/2599 2241/2600 2223/2564 2681/2563
f 2699/2601 2242/2602 2225/2568 2698/2567
f 2689/2603 2243/2604 2227/2572 2688/2571
f 2706/2605 2244/2606 2229/2576 2705/2575
f 2679/2607 2245/2608 2231/2580 2678/2579
f 2696/2609 2246/2610 2233/2584 2695/2583
f 2686/2611 2247/2612 2237/2592 2685/2591
f 2703/2613 2248/2614 2235/2588 2702/2587
f 2693/2615 2249/2616 2239/2596 2692/2595
f 2710/2617 2250/2618 2240/2598 2709/2597
f 2700/2619 2251/2620 2242/2602 2699/2601
f 2683/2621 2252/2622 2241/2600 2682/2599
f 2690/2558 2903/2557 2243/2604 2689/2603
f 2707/2562 2905/2561 2244/2606 2706/2605
f 2680/2566 2907/2565 2245/2608 2679/2607
f 2697/2570 2909/2569 2246/2610 2696/2609
f 2704/2578 2913/2577 2248/2614 2703/2613
f 2687/2574 2911/2573 2247/2612 2686/2611
f 2676/2623 2253/2624 2937/2625 2711/2626
f 2677/2582 2915/2581 2253/2624 2676/2623
f 2694/2586 2917/2585 2249/2616 2693/2615
f 2684/2594 2921/2593 2252/2622 2683/2621
f 2701/2590 2919/2589 2251/2620 2700/2619
f 2824/2627 2938/2628 2939/2629 3238/2630
f 2546/2631 2512/2632 2259/2633 2327/2634
f 3123/2635 2257/2636 2260/2637 3124/2638
f 3124/2638 2260/2637 2262/2639 3125/2640
f 3125/2640 2262/2639 2264/2641 3126/2642
f 3126/2642 2264/2641 2266/2643 3127/2644
f 3127/2644 2266/2643 2268/2645 3128/2646
f 3128/2646 2268/2645 2270/2647 3129/2648
f 3129/2648 2270/2647 2272/2649 3130/2650
f 3130/2650 2272/2649 2274/2651 3131/2652
f 3131/2652 2274/2651 2276/2653 3132/2654
f 3132/2654 2276/2653 2278/2655 3133/2656
f 3133/2656 2278/2655 2280/2657 3134/2658
f 3134/2658 2280/2657 2282/2659 3135/2660
f 3135/2660 2282/2659 2284/2661 3136/2662
f 3136/2662 2284/2661 2286/2663 3137/2664
f 3137/2664 2286/2663 2288/2665 3138/2666
f 3138/2666 2288/2665 2290/2667 3139/2668
f 3139/2668 2290/2667 2292/2669 3140/2670
f 3140/2670 2292/2669 2294/2671 3141/2672
f 3141/2672 2294/2671 2296/2673 3142/2674
f 3142/2674 2296/2673 2298/2675 3143/2676
f 3143/2676 2298/2675 2300/2677 3144/2678
f 3144/2678 2300/2677 2302/2679 3145/2680
f 3145/2680 2302/2679 2304/2681 3146/2682
f 3146/2682 2304/2681 2306/2683 3147/2684
f 3147/2684 2306/2683 2308/2685 3148/2686
f 3148/2686 2308/2685 2310/2687 3149/2688
f 3149/2688 2310/2687 2312/2689 3150/2690
f 3150/2690 2312/2689 2314/2691 3151/2692
f 3151/2692 2314/2691 2316/2693 3152/2694
f 3152/2694 2316/2693 2318/2695 3153/2696
f 3153/2696 2318/2695 2320/2697 3154/2698
f 3154/2698 2320/2697 2322/2699 3155/2700
f 3155/2700 2322/2699 2324/2701 3156/2702
f 3157/2703 2546/2631 2327/2634 2258/2704
f 3160/2705 2549/2706 2328/2707 2363/2708
f 3162/2709 3160/2705 2363/2708 2329/2710
f 3163/2711 2552/2712 2350/2713 2351/2714
f 3165/2715 2554/2716 2333/2717 2334/2718
f 3167/2719 2556/2720 2358/2721 2359/2722
f 3169/2723 2558/2724 2341/2725 2342/2726
f 2552/2712 2559/2727 2349/2728 2350/2713
f 2554/2716 2560/2729 2332/2730 2333/2717
f 2556/2720 2561/2731 2357/2732 2358/2721
f 2558/2724 2562/2733 2340/2734 2341/2725
f 2559/2727 2563/2735 2348/2736 2349/2728
f 2560/2729 2564/2737 2331/2738 2332/2730
f 2561/2731 2565/2739 2356/2740 2357/2732
f 2562/2733 2566/2741 2339/2742 2340/2734
f 2563/2735 2567/2743 2347/2744 2348/2736
f 2564/2737 2568/2745 2330/2746 2331/2738
f 2565/2739 2569/2747 2355/2748 2356/2740
f 2566/2741 2570/2749 2338/2750 2339/2742
f 2567/2743 2571/2751 2346/2752 2347/2744
f 2568/2745 3162/2709 2329/2710 2330/2746
f 2570/2749 2572/2753 2337/2754 2338/2750
f 2569/2747 2573/2755 2354/2756 2355/2748
f 2571/2751 2574/2757 2345/2758 2346/2752
f 2573/2755 2575/2759 2353/2760 2354/2756
f 2572/2753 2576/2761 2336/2762 2337/2754
f 3189/2763 2578/2764 2361/2765 2362/2766
f 2574/2757 2579/2767 2344/2768 2345/2758
f 2575/2759 2580/2769 2352/2770 2353/2760
f 2576/2761 2581/2771 2335/2772 2336/2762
f 2578/2764 2582/2773 2360/2774 2361/2765
f 2579/2767 2583/2775 2343/2776 2344/2768
f 2581/2771 3165/2715 2334/2718 2335/2772
f 2580/2769 3163/2711 2351/2714 2352/2770
f 2582/2773 3167/2719 2359/2722 2360/2774
f 2583/2775 3169/2723 2342/2726 2343/2776
f 3197/2777 2585/2778 2378/2779 2379/2780
f 3199/2781 2587/2782 2395/2783 2396/2784
f 3201/2785 2589/2786 2368/2787 2369/2788
f 3203/2789 2591/2790 2385/2791 2386/2792
f 3205/2793 2593/2794 2375/2795 2376/2796
f 3207/2797 2595/2798 2392/2799 2393/2800
f 3209/2801 2597/2802 2365/2803 2366/2804
f 3211/2805 2599/2806 2382/2807 2383/2808
f 3213/2809 2601/2810 2389/2811 2390/2812
f 3215/2813 2603/2814 2372/2815 2373/2816
f 3217/2817 3197/2777 2379/2780 2380/2818
f 3218/2819 3199/2781 2396/2784 2397/2820
f 3219/2821 3201/2785 2369/2788 2370/2822
f 3220/2823 3203/2789 2386/2792 2387/2824
f 3221/2825 3205/2793 2376/2796 2377/2826
f 3222/2827 3207/2797 2393/2800 2394/2828
f 3223/2829 3209/2801 2366/2804 2367/2830
f 3224/2831 3211/2805 2383/2808 2384/2832
f 3225/2833 3215/2813 2373/2816 2374/2834
f 3226/2835 3213/2809 2390/2812 2391/2836
f 3227/2837 3217/2817 2380/2818 2381/2838
f 3228/2839 3218/2819 2397/2820 2398/2840
f 3229/2841 3220/2823 2387/2824 2388/2842
f 3230/2843 3219/2821 2370/2822 2371/2844
f 2585/2778 3221/2825 2377/2826 2378/2779
f 2587/2782 3222/2827 2394/2828 2395/2783
f 2589/2786 3223/2829 2367/2830 2368/2787
f 2591/2790 3224/2831 2384/2832 2385/2791
f 2595/2798 3226/2835 2391/2836 2392/2799
f 2593/2794 3225/2833 2374/2834 2375/2795
f 3231/2845 2619/2846 2364/2847 2399/2848
f 2597/2802 3231/2845 2399/2848 2365/2803
f 2599/2806 3227/2837 2381/2838 2382/2807
f 2603/2814 3230/2843 2371/2844 2372/2815
f 2601/2810 3229/2841 2388/2842 2389/2811
f 3084/2849 2471/2850 2435/2851 3048/2852
f 3086/2853 2472/2854 2436/2855 3050/2856
f 2449/2857 3089/2858 3053/2859 2404/2860
f 2448/2861 3091/2862 3055/2863 2402/2864
f 2451/2865 3093/2866 3057/2867 2408/2868
f 2450/2869 3095/2870 3059/2871 2406/2872
f 2452/2873 3097/2874 3061/2875 2410/2876
f 2453/2877 3099/2878 3063/2879 2412/2880
f 2454/2881 3101/2882 3065/2883 2414/2884
f 2455/2885 3103/2886 3067/2887 2416/2888
f 2457/2889 3086/2853 3050/2856 2420/2890
f 2456/2891 3084/2849 3048/2852 2418/2892
f 2459/2893 2448/2861 2402/2864 2422/2894
f 2458/2895 2449/2857 2404/2860 2421/2896
f 2460/2897 2450/2869 2406/2872 2423/2898
f 2461/2899 2451/2865 2408/2868 2424/2900
f 2463/2901 2452/2873 2410/2876 2426/2902
f 2462/2903 2453/2877 2412/2880 2425/2904
f 2464/2905 3113/2906 3077/2907 2428/2908
f 2466/2909 2454/2881 2414/2884 2430/2910
f 2467/2911 2456/2891 2418/2892 2431/2912
f 2468/2913 2457/2889 2420/2890 2432/2914
f 2469/2915 2458/2895 2421/2896 2433/2916
f 2470/2917 2459/2893 2422/2894 2434/2918
f 2472/2854 2461/2899 2424/2900 2436/2855
f 2471/2850 2460/2897 2423/2898 2435/2851
f 3089/2858 2463/2901 2426/2902 3053/2859
f 3091/2862 2462/2903 2425/2904 3055/2863
f 3095/2870 2465/2919 2429/2920 3059/2871
f 3093/2866 2466/2909 2430/2910 3057/2867
f 3097/2874 2467/2911 2431/2912 3061/2875
f 3099/2878 2468/2913 2432/2914 3063/2879
f 3103/2886 2470/2917 2434/2918 3067/2887
f 3101/2882 2469/2915 2433/2916 3065/2883
f 2465/2919 2464/2905 2428/2908 2429/2920
f 3018/2921 3017/2922 3085/2923 2445/2924
f 3035/2925 3034/2926 3087/2927 2446/2928
f 3025/2929 3024/2930 2438/2931 3088/2932
f 3042/2933 3041/2934 2437/2935 3090/2936
f 3032/2937 3031/2938 2440/2939 3092/2940
f 3015/2941 3014/2942 2439/2943 3094/2944
f 3022/2945 3021/2946 2441/2947 3096/2948
f 3039/2949 3038/2950 2442/2951 3098/2952
f 3029/2953 3028/2954 2443/2955 3100/2956
f 3046/2957 3045/2958 2444/2959 3102/2960
f 3036/2961 3035/2925 2446/2928 3104/2962
f 3019/2963 3018/2921 2445/2924 3105/2964
f 3043/2965 3042/2933 3090/2936 3106/2966
f 3026/2967 3025/2929 3088/2932 3107/2968
f 3016/2969 3015/2941 3094/2944 3108/2970
f 3033/2971 3032/2937 3092/2940 3109/2972
f 3023/2973 3022/2945 3096/2948 3110/2974
f 3040/2975 3039/2949 3098/2952 3111/2976
f 3012/2977 3047/2978 2447/2979 3112/2980
f 3030/2981 3029/2953 3100/2956 3114/2982
f 3020/2983 3019/2963 3105/2964 3115/2984
f 3037/2985 3036/2961 3104/2962 3116/2986
f 3027/2987 3026/2967 3107/2968 3117/2988
f 3044/2989 3043/2965 3106/2966 3118/2990
f 3034/2926 3033/2971 3109/2972 3087/2927
f 3017/2922 3016/2969 3108/2970 3085/2923
f 3024/2930 3023/2973 3110/2974 2438/2931
f 3041/2934 3040/2975 3111/2976 2437/2935
f 3014/2942 3013/2991 3119/2992 2439/2943
f 3031/2938 3030/2981 3114/2982 2440/2939
f 3021/2946 3020/2983 3115/2984 2441/2947
f 3038/2950 3037/2985 3116/2986 2442/2951
f 3045/2958 3044/2989 3118/2990 2444/2959
f 3028/2954 3027/2987 3117/2988 2443/2955
f 3013/2991 3012/2977 3112/2980 3119/2992
f 2417/2993 3049/2994 2496/2995 2506/2996
f 2419/2997 3051/2998 2497/2999 2507/3000
f 3052/3001 2403/3002 2499/3003 2474/3004
f 3054/3005 2401/3006 2498/3007 2473/3008
f 3056/3009 2407/3010 2501/3011 2476/3012
f 3058/3013 2405/3014 2500/3015 2475/3016
f 3060/3017 2409/3018 2502/3019 2477/3020
f 3062/3021 2411/3022 2503/3023 2478/3024
f 3064/3025 2413/3026 2504/3027 2479/3028
f 3066/3029 2415/3030 2505/3031 2480/3032
f 3068/3033 2419/2997 2507/3000 2482/3034
f 3069/3035 2417/2993 2506/2996 2481/3036
f 3070/3037 3054/3005 2473/3008 2484/3038
f 3071/3039 3052/3001 2474/3004 2483/3040
f 3072/3041 3058/3013 2475/3016 2485/3042
f 3073/3043 3056/3009 2476/3012 2486/3044
f 3074/3045 3060/3017 2477/3020 2488/3046
f 3075/3047 3062/3021 2478/3024 2487/3048
f 3076/3049 2427/3050 2508/3051 2489/3052
f 3078/3053 3064/3025 2479/3028 2491/3054
f 3079/3055 3069/3035 2481/3036 2492/3056
f 3080/3057 3068/3033 2482/3034 2493/3058
f 3081/3059 3071/3039 2483/3040 2494/3060
f 3082/3061 3070/3037 2484/3038 2495/3062
f 3051/2998 3073/3043 2486/3044 2497/2999
f 3049/2994 3072/3041 2485/3042 2496/2995
f 2403/3002 3074/3045 2488/3046 2499/3003
f 2401/3006 3075/3047 2487/3048 2498/3007
f 2405/3014 3083/3063 2490/3064 2500/3015
f 2407/3010 3078/3053 2491/3054 2501/3011
f 2409/3018 3079/3055 2492/3056 2502/3019
f 2411/3022 3080/3057 2493/3058 2503/3023
f 2415/3030 3082/3061 2495/3062 2505/3031
f 2413/3026 3081/3059 2494/3060 2504/3027
f 3083/3063 3076/3049 2489/3052 2490/3064
f 2636/3065 2822/3066 2400/3067 2630/3068
f 2635/3069 2255/3070 2144/3071 2637/3072
f 3233/3073 3237/3074 2510/3075 2631/3076
f 2638/3077 3239/3078 2901/3079 2632/3080
f 2326/3081 2257/2636 3123/2635 3122/3082
f 2259/2633 2512/2632 2513/3083 2261/3084
f 2261/3084 2513/3083 2514/3085 2263/3086
f 2263/3086 2514/3085 2515/3087 2265/3088
f 2265/3088 2515/3087 2516/3089 2267/3090
f 2267/3090 2516/3089 2517/3091 2269/3092
f 2269/3092 2517/3091 2518/3093 2271/3094
f 2271/3094 2518/3093 2519/3095 2273/3096
f 2273/3096 2519/3095 2520/3097 2275/3098
f 2275/3098 2520/3097 2521/3099 2277/3100
f 2277/3100 2521/3099 2522/3101 2279/3102
f 2279/3102 2522/3101 2523/3103 2281/3104
f 2281/3104 2523/3103 2524/3105 2283/3106
f 2283/3106 2524/3105 2525/3107 2285/3108
f 2285/3108 2525/3107 2526/3109 2287/3110
f 2287/3110 2526/3109 2527/3111 2289/3112
f 2289/3112 2527/3111 2528/3113 2291/3114
f 2291/3114 2528/3113 2529/3115 2293/3116
f 2293/3116 2529/3115 2530/3117 2295/3118
f 2295/3118 2530/3117 2531/3119 2297/3120
f 2297/3120 2531/3119 2532/3121 2299/3122
f 2299/3122 2532/3121 2533/3123 2301/3124
f 2301/3124 2533/3123 2534/3125 2303/3126
f 2303/3126 2534/3125 2535/3127 2305/3128
f 2305/3128 2535/3127 2536/3129 2307/3130
f 2307/3130 2536/3129 2537/3131 2309/3132
f 2309/3132 2537/3131 2538/3133 2311/3134
f 2311/3134 2538/3133 2539/3135 2313/3136
f 2313/3136 2539/3135 2540/3137 2315/3138
f 2315/3138 2540/3137 2541/3139 2317/3140
f 2317/3140 2541/3139 2542/3141 2319/3142
f 2319/3142 2542/3141 2543/3143 2321/3144
f 2321/3144 2543/3143 2544/3145 2323/3146
f 2323/3146 2544/3145 2545/3147 2325/3148
f 2256/3149 2326/3081 3122/3082 2511/3150
f 2633/3151 2509/3152 2863/3153 2634/3154
f 2940/3155 2975/3156 3161/3157 2548/3158
f 2941/3159 2940/3155 2548/3158 2550/3160
f 2963/3161 2962/3162 3164/3163 2551/3164
f 2946/3165 2945/3166 3166/3167 2553/3168
f 2971/3169 2970/3170 3168/3171 2555/3172
f 2954/3173 2953/3174 3170/3175 2557/3176
f 2962/3162 2961/3177 3171/3178 3164/3163
f 2945/3166 2944/3179 3172/3180 3166/3167
f 2970/3170 2969/3181 3173/3182 3168/3171
f 2953/3174 2952/3183 3174/3184 3170/3175
f 2961/3177 2960/3185 3175/3186 3171/3178
f 2944/3179 2943/3187 3176/3188 3172/3180
f 2969/3181 2968/3189 3177/3190 3173/3182
f 2952/3183 2951/3191 3178/3192 3174/3184
f 2960/3185 2959/3193 3179/3194 3175/3186
f 2943/3187 2942/3195 3180/3196 3176/3188
f 2968/3189 2967/3197 3181/3198 3177/3190
f 2951/3191 2950/3199 3182/3200 3178/3192
f 2959/3193 2958/3201 3183/3202 3179/3194
f 2942/3195 2941/3159 2550/3160 3180/3196
f 2950/3199 2949/3203 3184/3204 3182/3200
f 2967/3197 2966/3205 3185/3206 3181/3198
f 2958/3201 2957/3207 3186/3208 3183/3202
f 2966/3205 2965/3209 3187/3210 3185/3206
f 2949/3203 2948/3211 3188/3212 3184/3204
f 2974/3213 2973/3214 3190/3215 2577/3216
f 2957/3207 2956/3217 3191/3218 3186/3208
f 2965/3209 2964/3219 3192/3220 3187/3210
f 2948/3211 2947/3221 3193/3222 3188/3212
f 2973/3214 2972/3223 3194/3224 3190/3215
f 2956/3217 2955/3225 3195/3226 3191/3218
f 2947/3221 2946/3165 2553/3168 3193/3222
f 2964/3219 2963/3161 2551/3164 3192/3220
f 2972/3223 2971/3169 2555/3172 3194/3224
f 2955/3225 2954/3173 2557/3176 3195/3226
f 2639/3227 3238/3228 2939/3229 3159/3230
f 2991/3231 2990/3232 3198/3233 2584/3234
f 3008/3235 3007/3236 3200/3237 2586/3238
f 2981/3239 2980/3240 3202/3241 2588/3242
f 2998/3243 2997/3244 3204/3245 2590/3246
f 2988/3247 2987/3248 3206/3249 2592/3250
f 3005/3251 3004/3252 3208/3253 2594/3254
f 2978/3255 2977/3256 3210/3257 2596/3258
f 2995/3259 2994/3260 3212/3261 2598/3262
f 3002/3263 3001/3264 3214/3265 2600/3266
f 2985/3267 2984/3268 3216/3269 2602/3270
f 2992/3271 2991/3231 2584/3234 2604/3272
f 3009/3273 3008/3235 2586/3238 2605/3274
f 2982/3275 2981/3239 2588/3242 2606/3276
f 2999/3277 2998/3243 2590/3246 2607/3278
f 2989/3279 2988/3247 2592/3250 2608/3280
f 3006/3281 3005/3251 2594/3254 2609/3282
f 2979/3283 2978/3255 2596/3258 2610/3284
f 2996/3285 2995/3259 2598/3262 2611/3286
f 2986/3287 2985/3267 2602/3270 2612/3288
f 3003/3289 3002/3263 2600/3266 2613/3290
f 2993/3291 2992/3271 2604/3272 2614/3292
f 3010/3293 3009/3273 2605/3274 2615/3294
f 3000/3295 2999/3277 2607/3278 2616/3296
f 2983/3297 2982/3275 2606/3276 2617/3298
f 2990/3232 2989/3279 2608/3280 3198/3233
f 3007/3236 3006/3281 2609/3282 3200/3237
f 2980/3240 2979/3283 2610/3284 3202/3241
f 2997/3244 2996/3285 2611/3286 3204/3245
f 3004/3252 3003/3289 2613/3290 3208/3253
f 2987/3248 2986/3287 2612/3288 3206/3249
f 2976/3299 3011/3300 3232/3301 2618/3302
f 2977/3256 2976/3299 2618/3302 3210/3257
f 2994/3260 2993/3291 2614/3292 3212/3261
f 2984/3268 2983/3297 2617/3298 3216/3269
f 3001/3264 3000/3295 2616/3296 3214/3265
f 3120/3303 3236/3304 2145/3305 3196/3306
f 3158/3307 2547/3308 2142/3309 3234/3310
f 3121/3311 2218/3312 2143/3313 3235/3314
f 2813/2224 2777/2223 2622/2382 2621/2381
f 2747/2296 2080/2295 2820/2386 2623/2385
f 2254/2164 1998/2163 2823/2390 2629/2389
f 2183/2024 1962/2023 2624/2394 2628/2393
f 2146/2474 1890/2473 2625/2398 2627/2397
f 2060/2368 2141/2367 2620/2402 2821/2401
f 1892/2020 2861/2019 2862/2476 2626/2475
f 2675/2482 2865/2481 2900/2552 2825/2551
f 2711/2626 2937/2625 2938/2628 2824/2627
f 2427/3050 2636/3065 2630/3068 2508/3051
f 2619/2846 2635/3069 2637/3072 2364/2847
f 3047/2978 3233/3073 2631/3076 2447/2979
f 2975/3156 2638/3077 2632/3080 3161/3157
f 2258/2704 2633/3151 2634/3154 3157/2703
f 3011/3300 2639/3227 3159/3230 3232/3301
f 3113/2906 3120/3303 3196/3306 3077/2907
f 2511/3150 3158/3307 3234/3310 2256/3149
f 2549/2706 3121/3311 3235/3314 2328/2707
